Waste_Version	1.0
Num_X_Squares	58
Num_Y_Squares	58
Square_Width	115200
Square_Height	115200
Grid_Boundary	0	0	6620800	6595200
Start_Grid
   0   0   0   0   0   0   0   0   0   0   0   0   0   0   0   0   0   0   0   0   0   0   0   0   0   0   0   0   0   0   0   0   0   0   0   0   0   0   0   0   0   0   0   0   0   0   0   0   0   0   0   0   0   0   0   0   0   0
   0   0   0   0   0   0   0   0   0   0   0   0   0   0   0   0   0   0   0   0   0   0   0   0   0   0   0   0   0   0   0   0   0   0   0   0   0   0   0   0   0   0   0   0   0   0   0   0   0   0   0   0   0   0   0   0   0   0
   0   0   0   0   0   0   0   0   0   0   0   0   0   0   0   0   0   0   0   0   0   0   0   0   0   0   0   0   0   0   0   0   0   0   0   0   0   0   0   0   0   0   0   0   0   0   0   0   0   0   0   0   0   0   0   0   0   0
   0   0   0   0   0   0   0   0   0   0   0   0   0   0   0   0   0   0   0   0   0   0   0   0   0   0   0   0   0   0   0   0   0   0   0   0   0   0   0   0   0   0   0   0   0   0   0   0   0   0   0   0   0   0   0   0   0   0
   0   0   0   0   0   0   0   0   0   0   0   0   0   0   0   0   0   0   0   0   0   0   0   0   0   0   0   0   0   0   0   0   0   0   0   0   0   0   0   0   0   0   0   0   0   0   0   0   0   0   0   0   0   0   0   0   0   0
   0   0   0   0   0   0   0   0   0   0   0   0   0   0   0   0   0   0   0   0   0   0   0   0   0   0   0   0   0   0   0   0   0   0   0   0   0   0   0   0   0   0   0   0   0   0   0   0   0   0   0   0   0   0   0   0   0   0
   0   0   0   0   0   0   0   0   0   0   0   0   0   0   0   0   0   0   0   0   0   0   0   0   0   0   0   0   0   0   0   0   0   0   0   0   0   0   0   0   0   0   0   0   0   0   0   0   0   0   0   0   0   0   0   0   0   0
   0   0   0   0   0   0   0   0   0   0   0   0   0   0   0   0   0   0   0   0   0   0   0   0   0   0   0   0   0   0   0   0   0   0   0   0   0   0   0   0   0   0   0   0   0   0   0   0   0   0   0   0   0   0   0   0   0   0
   0   0   0   0   0   0   0   0   0   0   0   0   0   0   0   0   0   0   0   0   0   0   0   0   0   0   0   0   0   0   0   0   0   0   0   0   0   0   0   0   0   0   0   0   0   0   0   0   0   0   0   0   0   0   0   0   0   0
   0   0   0   0   0   0   0   0   0   0   0   0   0   0   0   0   0   0   0   0   0   0   0   0   0   0   0   0   0   0   0   0   0   0   0   0   0   0   0   0   0   0   0   0   0   0   0   0   0   0   0   0   0   0   0   0   0   0
   0   0   0   0   0   0   0   0   0   0   0   0   0   0   0   0   0   0   0   0   0   0   0   0   0   0   0   0   0   0   0   0   0   0   0   0   0   0   0   0   0   0   0   0   0   0   0   0   0   0   0   0   0   0   0   0   0   0
   0   0   0   0   0   0   0   0   0   0   0   0   0   0   0   0   0   0   0   0   0   0   0   0   0   0   0   0   0   0   0   0   0   0   0   0   0   0   0   0   0   0   0   0   0   0   0   0   0   0   0   0   0   0   0   0   0   0
   0   0   0   0   0   0   0   0   0   0   0   0   0   0   0   0   0   0   0   0   0   0   0   0   0   0   0   0   0   0   0   0   0   0   0   0   0   0   0   0   0   0   0   0   0   0   0   0   0   0   0   0   0   0   0   0   0   0
   0   0   0   0   0   0   0   0   0   0   0   0   0   0   0   0   0   0   0   0   0   0   0   0   0   0   0   0   0   0   0   0   0   0   0   0   0   0   0   0   0   0   0   0   0   0   0   0   0   0   0   0   0   0   0   0   0   0
   0   0   0   0   0   0   0   0   0   0   0   0   0   0   0   0   0   0   0   0   0   0   0   0   0   0   0   0   0   0   0   0   0   0   0   0   0   0   0   0   0   0   0   0   0   0   0   0   0   0   0   0   0   0   0   0   0   0
   0   0   0   0   0   0   0   0   0   0   0   0   0   0   0   0   0   0   0   0   0   0   0   0   0   0   0   0   0   0   0   0   0   0   0   0   0   0   0   0   0   0   0   0   0   0   0   0   0   0   0   0   0   0   0   0   0   0
   0   0   0   0   0   0   0   0   0   0   0   0   0   0   0   0   0   0   0   0   0   0   0   0   0   0   0   0   0   0   0   0   0   0   0   0   0   0   0   0   0   0   0   0   0   0   0   0   0   0   0   0   0   0   0   0   0   0
   0   0   0   0   0   0   0   0   0   0   0   0   0   0   0   0   0   0   0   0   0   0   0   0   0   0   0   0   0   0   0   0   0   0   0   0   0   0   0   0   0   0   0   0   0   0   0   0   0   0   0   0   0   0   0   0   0   0
   0   0   0   0   0   0   0   0   0   0   0   0   0   0   0   0   0   0   0   0   0   0   0   0   0   0   0   0   0   0   0   0   0   0   0   0   0   0   0   0   0   0   0   0   0   0   0   0   0   0   0   0   0   0   0   0   0   0
   0   0   0   0   0   0   0   0   0   0   0   0   0   0   0   0   0   0   0   0   0   0   0   0   0   0   0   0   0   0   0   0   0   0   0   0   0   0   0   0   0   0   0   0   0   0   0   0   0   0   0   0   0   0   0   0   0   0
   0   0   0   0   0   0   0   0   0   0   0   0   0   0   0   0   0   0   0   0   0   0   0   0   0   0   0   0   0   0   0   0   0   0   0   0   0   0   0   0   0   0   0   0   0   0   0   0   0   0   0   0   0   0   0   0   0   0
   0   0   0   0   0   0   0   0   0   0   0   0   0   0   0   0   0   0   0   0   0   0   0   0   0   0   0   0   0   0   0   0   0   0   0   0   0   0   0   0   0   0   0   0   0   0   0   0   0   0   0   0   0   0   0   0   0   0
   0   0   0   0   0   0   0   0   0   0   0   0   0   0   0   0   0   0   0   0   0   0   0   0   0   0   0   0   0   0   0   0   0   0   0   0   0   0   0   0   0   0   0   0   0   0   0   0   0   0   0   0   0   0   0   0   0   0
   0   0   0   0   0   0   0   0   0   0   0   0   0   0   0   0   0   0   0   0   0   0   0   0   0   0   0   0   0   0   0   0   0   0   0   0   0   0   0   0   0   0   0   0   0   0   0   0   0   0   0   0   0   0   0   0   0   0
   0   0   0   0   0   0   0   0   0   0   0   0   0   0   0   0   0   0   0   0   0   0   0   0   0   0   0   0   0   0   0   0   0   0   0   0   0   0   0   0   0   0   0   0   0   0   0   0   0   0   0   0   0   0   0   0   0   0
   0   0   0   0   0   0   0   0   0   0   0   0   0   0   0   0   0   0   0   0   0   0   0   0   0   0   0   0   0   0   0   0   0   0   0   0   0   0   0   0   0   0   0   0   0   0   0   0   0   0   0   0   0   0   0   0   0   0
   0   0   0   0   0   0   0   0   0   0   0   0   0   0   0   0   0   0   0   0   0   0   0   0   0   0   0   0   0   0   0   0   0   0   0   0   0   0   0   0   0   0   0   0   0   0   0   0   0   0   0   0   0   0   0   0   0   0
   0   0   0   0   0   0   0   0   0   0   0   0   0   0   0   0   0   0   0   0   0   0   0   0   0   0   0   0   0   0   0   0   0   0   0   0   0   0   0   0   0   0   0   0   0   0   0   0   0   0   0   0   0   0   0   0   0   0
   0   0   0   0   0   0   0   0   0   0   0   0   0   0   0   0   0   0   0   0   0   0   0   0   0   0   0   0   0   0   0   0   0   0   0   0   0   0   0   0   0   0   0   0   0   0   0   0   0   0   0   0   0   0   0   0   0   0
   0   0   0   0   0   0   0   0   0   0   0   0   0   0   0   0   0   0   0   0   0   0   0   0   0   0   0   0   0   0   0   0   0   0   0   0   0   0   0   0   0   0   0   0   0   0   0   0   0   0   0   0   0   0   0   0   0   0
   0   0   0   0   0   0   0   0   0   0   0   0   0   0   0   0   0   0   0   0   0   0   0   0   0   0   0   0   0   0   0   0   0   0   0   0   0   0   0   0   0   0   0   0   0   0   0   0   0   0   0   0   0   0   0   0   0   0
   0   0   0   0   0   0   0   0   0   0   0   0   0   0   0   0   0   0   0   0   0   0   0   0   0   0   0   0   0   0   0   0   0   0   0   0   0   0   0   0   0   0   0   0   0   0   0   0   0   0   0   0   0   0   0   0   0   0
   0   0   0   0   0   0   0   0   0   0   0   0   0   0   0   0   0   0   0   0   0   0   0   0   0   0   0   0   0   0   0   0   0   0   0   0   0   0   0   0   0   0   0   0   0   0   0   0   0   0   0   0   0   0   0   0   0   0
   0   0   0   0   0   0   0   0   0   0   0   0   0   0   0   0   0   0   0   0   0   0   0   0   0   0   0   0   0   0   0   0   0   0   0   0   0   0   0   0   0   0   0   0   0   0   0   0   0   0   0   0   0   0   0   0   0   0
   0   0   0   0   0   0   0   0   0   0   0   0   0   0   0   0   0   0   0   0   0   0   0   0   0   0   0   0   0   0   0   0   0   0   0   0   0   0   0   0   0   0   0   0   0   0   0   0   0   0   0   0   0   0   0   0   0   0
   0   0   0   0   0   0   0   0   0   0   0   0   0   0   0   0   0   0   0   0   0   0   0   0   0   0   0   0   0   0   0   0   0   0   0   0   0   0   0   0   0   0   0   0   0   0   0   0   0   0   0   0   0   0   0   0   0   0
   0   0   0   0   0   0   0   0   0   0   0   0   0   0   0   0   0   0   0   0   0   0   0   0   0   0   0   0   0   0   0   0   0   0   0   0   0   0   0   0   0   0   0   0   0   0   0   0   0   0   0   0   0   0   0   0   0   0
   0   0   0   0   0   0   0   0   0   0   0   0   0   0   0   0   0   0   0   0   0   0   0   0   0   0   0   0   0   0   0   0   0   0   0   0   0   0   0   0   0   0   0   0   0   0   0   0   0   0   0   0   0   0   0   0   0   0
   0   0   0   0   0   0   0   0   0   0   0   0   0   0   0   0   0   0   0   0   0   0   0   0   0   0   0   0   0   0   0   0   0   0   0   0   0   0   0   0   0   0   0   0   0   0   0   0   0   0   0   0   0   0   0   0   0   0
   0   0   0   0   0   0   0   0   0   0   0   0   0   0   0   0   0   0   0   0   0   0   0   0   0   0   0   0   0   0   0   0   0   0   0   0   0   0   0   0   0   0   0   0   0   0   0   0   0   0   0   0   0   0   0   0   0   0
   0   0   0   0   0   0   0   0   0   0   0   0   0   0   0   0   0   0   0   0   0   0   0   0   0   0   0   0   0   0   0   0   0   0   0   0   0   0   0   0   0   0   0   0   0   0   0   0   0   0   0   0   0   0   0   0   0   0
   0   0   0   0   0   0   0   0   0   0   0   0   0   0   0   0   0   0   0   0   0   0   0   0   0   0   0   0   0   0   0   0   0   0   0   0   0   0   0   0   0   0   0   0   0   0   0   0   0   0   0   0   0   0   0   0   0   0
   0   0   0   0   0   0   0   0   0   0   0   0   0   0   0   0   0   0   0   0   0   0   0   0   0   0   0   0   0   0   0   0   0   0   0   0   0   0   0   0   0   0   0   0   0   0   0   0   0   0   0   0   0   0   0   0   0   0
   0   0   0   0   0   0   0   0   0   0   0   0   0   0   0   0   0   0   0   0   0   0   0   0   0   0   0   0   0   0   0   0   0   0   0   0   0   0   0   0   0   0   0   0   0   0   0   0   0   0   0   0   0   0   0   0   0   0
   0   0   0   0   0   0   0   0   0   0   0   0   0   0   0   0   0   0   0   0   0   0   0   0   0   0   0   0   0   0   0   0   0   0   0   0   0   0   0   0   0   0   0   0   0   0   0   0   0   0   0   0   0   0   0   0   0   0
   0   0   0   0   0   0   0   0   0   0   0   0   0   0   0   0   0   0   0   0   0   0   0   0   0   0   0   0   0   0   0   0   0   0   0   0   0   0   0   0   0   0   0   0   0   0   0   0   0   0   0   0   0   0   0   0   0   0
   0   0   0   0   0   0   0   0   0   0   0   0   0   0   0   0   0   0   0   0   0   0   0   0   0   0   0   0   0   0   0   0   0   0   0   0   0   0   0   0   0   0   0   0   0   0   0   0   0   0   0   0   0   0   0   0   0   0
   0   0   0   0   0   0   0   0   0   0   0   0   0   0   0   0   0   0   0   0   0   0   0   0   0   0   0   0   0   0   0   0   0   0   0   0   0   0   0   0   0   0   0   0   0   0   0   0   0   0   0   0   0   0   0   0   0   0
   0   0   0   0   0   0   0   0   0   0   0   0   0   0   0   0   0   0   0   0   0   0   0   0   0   0   0   0   0   0   0   0   0   0   0   0   0   0   0   0   0   0   0   0   0   0   0   0   0   0   0   0   0   0   0   0   0   0
   0   0   0   0   0   0   0   0   0   0   0   0   0   0   0   0   0   0   0   0   0   0   0   0   0   0   0   0   0   0   0   0   0   0   0   0   0   0   0   0   0   0   0   0   0   0   0   0   0   0   0   0   0   0   0   0   0   0
   0   0   0   0   0   0   0   0   0   0   0   0   0   0   0   0   0   0   0   0   0   0   0   0   0   0   0   0   0   0   0   0   0   0   0   0   0   0   0   0   0   0   0   0   0   0   0   0   0   0   0   0   0   0   0   0   0   0
   0   0   0   0   0   0   0   0   0   0   0   0   0   0   0   0   0   0   0   0   0   0   0   0   0   0   0   0   0   0   0   0   0   0   0   0   0   0   0   0   0   0   0   0   0   0   0   0   0   0   0   0   0   0   0   0   0   0
   0   0   0   0   0   0   0   0   0   0   0   0   0   0   0   0   0   0   0   0   0   0   0   0   0   0   0   0   0   0   0   0   0   0   0   0   0   0   0   0   0   0   0   0   0   0   0   0   0   0   0   0   0   0   0   0   0   0
   0   0   0   0   0   0   0   0   0   0   0   0   0   0   0   0   0   0   0   0   0   0   0   0   0   0   0   0   0   0   0   0   0   0   0   0   0   0   0   0   0   0   0   0   0   0   0   0   0   0   0   0   0   0   0   0   0   0
   0   0   0   0   0   0   0   0   0   0   0   0   0   0   0   0   0   0   0   0   0   0   0   0   0   0   0   0   0   0   0   0   0   0   0   0   0   0   0   0   0   0   0   0   0   0   0   0   0   0   0   0   0   0   0   0   0   0
   0   0   0   0   0   0   0   0   0   0   0   0   0   0   0   0   0   0   0   0   0   0   0   0   0   0   0   0   0   0   0   0   0   0   0   0   0   0   0   0   0   0   0   0   0   0   0   0   0   0   0   0   0   0   0   0   0   0
   0   0   0   0   0   0   0   0   0   0   0   0   0   0   0   0   0   0   0   0   0   0   0   0   0   0   0   0   0   0   0   0   0   0   0   0   0   0   0   0   0   0   0   0   0   0   0   0   0   0   0   0   0   0   0   0   0   0
   0   0   0   0   0   0   0   0   0   0   0   0   0   0   0   0   0   0   0   0   0   0   0   0   0   0   0   0   0   0   0   0   0   0   0   0   0   0   0   0   0   0   0   0   0   0   0   0   0   0   0   0   0   0   0   0   0   0
End_Grid
Total_Grid_Waste	0
Start_Cell_Waste	21488
alu_unit/U4	0	0.370494
datamem/U16	0	0.181084
datamem/U10	0	0.0421258
datamem/U2933	0	0.13282
datamem/U3058	0	0.0129591
datamem/U3085	0	0.434209
datamem/U57	0	0.425841
datamem/U3008	0	0.433133
datamem/U11	0	0.201744
datamem/U65	0	1.13167
datamem/U26	0	0.441501
datamem/U3049	0	2.29487
datamem/U3059	0	0.467299
datamem/U2667	0	0.0328897
datamem/ram_reg_162__5_	0	0.499159
datamem/ram_reg_3__6_	0	0.184576
datamem/U3044	0	0.2199
datamem/U330	0	0.0546026
datamem/U3005	0	1.82321
datamem/U2661	0	2.382
datamem/U70	0	1.68852
datamem/U12	0	0.183746
datamem/U20	0	2.35604
datamem/U59	0	2.40788
datamem/U2956	0	0.326022
datamem/U51	0	0.185046
datamem/U43	0	0.343002
datamem/U3046	0	2.22211
datamem/U9	0	1.21995
datamem/U66	0	0.548164
datamem/U64	0	2.20404
PLACE_optlc_6229	0	1.01235
PLACE_optlc_3488	0	0.0123457
PLACE_optlc_1505	0	1.01235
PLACE_optlc_1972	0	1.01235
PLACE_optlc_1474	0	1.01235
PLACE_optlc_2003	0	1.01235
PLACE_optlc_574	0	1.01235
PLACE_optlc_1848	0	0.0123457
PLACE_optlc_7227	0	0.0123457
PLACE_optlc_1241	0	1.01235
PLACE_optlc_7408	0	1.01235
PLACE_optlc_4818	0	1.01235
PLACE_optlc_5959	0	0.0123457
PLACE_optlc_7343	0	1.01235
PLACE_optlc_2996	0	1.01235
PLACE_optlc_6076	0	1.01235
PLACE_optlc_3163	0	0.0123457
PLACE_optlc_3388	0	1.01235
PLACE_optlc_375	0	1.01235
PLACE_optlc_921	0	2.01235
PLACE_optlc_7864	0	0.0123457
PLACE_optlc_674	0	1.01235
datamem/U3028	0	0.232986
datamem/U3103	0	0.95588
datamem/U3011	0	2.33123
datamem/U3025	0	2.54826
datamem/U3007	0	2.02348
datamem/U3050	0	1.81033
datamem/U3053	0	0.474745
datamem/ram_reg_2__7_	0	0.839491
datamem/U68	0	1.03748
datamem/ram_reg_1__15_	0	0.50985
datamem/U3104	0	1.9834
datamem/U3108	0	0.360131
PLACE_optlc_7701	0	0.0246914
PLACE_optlc_5442	0	1.02469
PLACE_optlc_349	0	1.02469
PLACE_optlc_3131	0	2.03704
PLACE_optlc_7688	0	1.02469
PLACE_optlc_7955	0	1.02469
PLACE_optlc_1522	0	1.02469
PLACE_optlc_3546	0	1.02469
PLACE_optlc_785	0	1.02469
PLACE_optlc_5772	0	0.0246914
PLACE_optlc_227	0	0.0246914
PLACE_optlc_3102	0	1.02469
datamem/ram_reg_0__7_	0	1.25995
datamem/U2938	0	0.355725
datamem/ram_reg_3__4_	0	1.7365
datamem/U4	0	2.19733
datamem/U8	0	2.04061
datamem/U3080	0	0.275478
datamem/U7	0	2.131
datamem/ram_reg_0__15_	0	0.724614
datamem/U2664	0	2.09965
datamem/U2951	0	1.53615
datamem/U35	0	0.50848
PLACE_optlc_5520	0	0.037037
PLACE_optlc_2590	0	1.03704
PLACE_optlc_4542	0	2.03704
PLACE_optlc_60	0	0.037037
PLACE_optlc_12002	0	0.037037
PLACE_optlc_4661	0	0.0246914
PLACE_optlc_4569	0	0.037037
PLACE_optlc_431	0	1.03704
PLACE_optlc_1912	0	0.037037
PLACE_optlc_1384	0	0.0246914
PLACE_optlc_2634	0	1.02469
PLACE_optlc_6128	0	0.037037
PLACE_optlc_4403	0	2.03704
PLACE_optlc_7807	0	1.03704
PLACE_optlc_8073	0	2.03704
PLACE_optlc_2792	0	1.03704
PLACE_optlc_352	0	1.03704
PLACE_optlc_7781	0	3.02469
PLACE_optlc_331	0	0.037037
PLACE_optlc_2518	0	0.037037
PLACE_optlc_4722	0	1.03704
PLACE_optlc_7767	0	1.03704
PLACE_optlc_6107	0	1.02469
PLACE_optlc_4809	0	1.02469
PLACE_optlc_8283	0	2.02469
PLACE_optlc_4315	0	1.03704
PLACE_optlc_5675	0	1.03704
PLACE_optlc_6640	0	1.02469
PLACE_optlc_6859	0	1.03704
PLACE_optlc_700	0	0.0246914
PLACE_optlc_7277	0	1.02469
PLACE_optlc_5620	0	0.037037
PLACE_optlc_7686	0	1.03704
PLACE_optlc_4089	0	0.037037
PLACE_optlc_2795	0	2.03704
PLACE_optlc_3619	0	0.037037
datamem/U2903	0	0.110679
datamem/U2974	0	0.0549576
datamem/ram_reg_3__10_	0	0.431975
datamem/U3094	0	0.495876
datamem/U3088	0	1.99635
datamem/U2516	0	2.70837
datamem/U17	0	1.25952
datamem/U14	0	0.48
datamem/U3089	0	1.67099
datamem/ram_reg_3__14_	0	1.48507
datamem/U3062	0	1.58887
datamem/ram_reg_0__1_	0	2.15808
datamem/U2953	0	1.90785
datamem/U2971	0	2.54609
datamem/U3083	0	1.37794
datamem/ram_reg_2__0_	0	2.65265
datamem/ram_reg_170__7_	0	1.37948
datamem/ram_reg_0__2_	0	0.381987
datamem/U2954	0	0.393171
PLACE_optlc_7232	0	0.0493827
PLACE_optlc_1585	0	0.0493827
PLACE_optlc_7536	0	0.0493827
PLACE_optlc_4711	0	0.0493827
PLACE_optlc_5969	0	1.04938
PLACE_optlc_1988	0	0.0493827
PLACE_optlc_5553	0	0.0493827
PLACE_optlc_1362	0	1.04938
PLACE_optlc_4058	0	0.0493827
PLACE_optlc_6271	0	1.04938
PLACE_optlc_1911	0	0.0493827
PLACE_optlc_2140	0	2.04938
PLACE_optlc_2180	0	0.0493827
PLACE_optlc_3282	0	1.01235
PLACE_optlc_397	0	1.04938
PLACE_optlc_7163	0	1.04938
PLACE_optlc_6966	0	2.01235
PLACE_optlc_8183	0	1.04938
PLACE_optlc_4418	0	0.0123457
PLACE_optlc_282	0	1.04938
PLACE_optlc_6518	0	1.04938
datamem/ram_reg_0__5_	0	0.828904
datamem/ram_reg_169__5_	0	0.399722
datamem/ram_reg_164__4_	0	0.153279
datamem/U3	0	0.587631
datamem/ram_reg_163__4_	0	1.45346
datamem/U2918	0	2.29967
datamem/ram_reg_170__8_	0	0.921779
datamem/ram_reg_170__14_	0	1.24434
datamem/ram_reg_147__4_	0	1.81821
datamem/ram_reg_171__1_	0	0.981107
datamem/ram_reg_0__12_	0	0.989649
datamem/ram_reg_170__13_	0	0.634645
datamem/ram_reg_0__6_	0	0.806535
datamem/U60	0	0.541431
PLACE_optlc_3241	0	0.0617284
PLACE_optlc_866	0	1.06173
PLACE_optlc_2139	0	1.06173
PLACE_optlc_7151	0	0
PLACE_optlc_6183	0	2
PLACE_optlc_3394	0	0.0617284
PLACE_optlc_552	0	2
PLACE_optlc_82	0	2.06173
PLACE_optlc_2224	0	1.06173
PLACE_optlc_2356	0	1.06173
PLACE_optlc_7338	0	1.06173
PLACE_optlc_8262	0	0.0617284
PLACE_optlc_6817	0	1.06173
PLACE_optlc_8396	0	0.0617284
PLACE_optlc_7428	0	1.06173
datamem/ram_reg_164__7_	0	0.62718
datamem/U38	0	1.32566
datamem/U3082	0	0.143129
datamem/U45	0	0.283557
datamem/ram_reg_139__1_	0	0.731161
datamem/ram_reg_171__15_	0	3.31967
datamem/ram_reg_170__5_	0	0.86858
datamem/ram_reg_3__3_	0	2.36535
datamem/ram_reg_171__11_	0	0.974711
datamem/ram_reg_171__10_	0	1.47262
datamem/ram_reg_166__8_	0	0.225891
PLACE_optlc_4584	0	1.07407
PLACE_optlc_7194	0	1.01235
PLACE_optlc_613	0	2.07407
PLACE_optlc_10855	0	4.07407
PLACE_optlc_9486	0	2.01235
PLACE_optlc_9666	0	2.07407
PLACE_optlc_10714	0	1.01235
PLACE_optlc_9139	0	1.07407
PLACE_optlc_7905	0	1.07407
PLACE_optlc_10914	0	2.01235
PLACE_optlc_7734	0	2.07407
PLACE_optlc_11493	0	0.0123457
PLACE_optlc_671	0	2.01235
PLACE_optlc_951	0	0.0740741
PLACE_optlc_7850	0	2.01235
PLACE_optlc_3567	0	2.07407
PLACE_optlc_9061	0	2.01235
PLACE_optlc_9158	0	3.01235
PLACE_optlc_2289	0	0.0740741
PLACE_optlc_7677	0	1.07407
PLACE_optlc_11030	0	2.07407
PLACE_optlc_5020	0	1.07407
PLACE_optlc_11909	0	4.07407
PLACE_optlc_8422	0	3.07407
PLACE_optlc_2016	0	2.07407
PLACE_optlc_6746	0	0.0740741
PLACE_optlc_2741	0	1.07407
PLACE_optlc_11580	0	2.01235
PLACE_optlc_11270	0	0.0123457
PLACE_optlc_9824	0	1.01235
datamem/ram_reg_168__14_	0	3.16188
datamem/ram_reg_162__7_	0	1.40456
datamem/ram_reg_166__4_	0	0.703013
datamem/ram_reg_168__11_	0	1.60132
datamem/ram_reg_2__13_	0	2.23373
datamem/ram_reg_3__12_	0	1.43645
datamem/ram_reg_167__4_	0	1.66578
datamem/ram_reg_18__3_	0	1.73906
datamem/ram_reg_1__6_	0	3.63157
datamem/ram_reg_1__0_	0	2.04385
datamem/ram_reg_167__7_	0	3.06594
datamem/ram_reg_147__1_	0	0.0638387
datamem/ram_reg_168__7_	0	1.03976
datamem/ram_reg_163__7_	0	0.973985
datamem/ram_reg_170__10_	0	1.30786
datamem/ram_reg_168__10_	0	2.28568
datamem/ram_reg_166__2_	0	1.46341
PLACE_optlc_12067	0	2.02469
PLACE_optlc_10478	0	0.0246914
PLACE_optlc_12517	0	1.02469
PLACE_optlc_295	0	0.0864198
PLACE_optlc_11294	0	0.0246914
PLACE_optlc_12097	0	1.02469
PLACE_optlc_11766	0	0.0246914
PLACE_optlc_9942	0	0.0246914
PLACE_optlc_12533	0	1.08642
PLACE_optlc_11543	0	3.02469
PLACE_optlc_9214	0	1.02469
PLACE_optlc_8948	0	0.037037
PLACE_optlc_12458	0	1.02469
PLACE_optlc_8124	0	2.02469
PLACE_optlc_9989	0	2.02469
PLACE_optlc_11559	0	0.0246914
PLACE_optlc_11422	0	1.08642
PLACE_optlc_8530	0	2.02469
PLACE_optlc_5479	0	1.08642
PLACE_optlc_10831	0	0.0246914
PLACE_optlc_9379	0	1.02469
PLACE_optlc_11523	0	1.02469
datamem/ram_reg_169__1_	0	1.65037
datamem/ram_reg_166__5_	0	1.2403
datamem/ram_reg_0__8_	0	3.43617
datamem/ram_reg_168__5_	0	2.48397
datamem/ram_reg_169__2_	0	2.21662
datamem/ram_reg_147__7_	0	2.74083
datamem/ram_reg_162__2_	0	2.71195
PLACE_optlc_3711	0	2.09877
PLACE_optlc_10453	0	1.03704
PLACE_optlc_10626	0	3.03704
PLACE_optlc_8634	0	1.03704
PLACE_optlc_1010	0	2.09877
PLACE_optlc_10276	0	0.0246914
PLACE_optlc_12191	0	1.03704
PLACE_optlc_4254	0	2.03704
PLACE_optlc_2184	0	1.09877
PLACE_optlc_8938	0	0.037037
datamem/ram_reg_3__8_	0	1.4671
datamem/ram_reg_163__5_	0	0.426076
datamem/ram_reg_161__5_	0	0.249761
PLACE_optlc_9820	0	2.04938
PLACE_optlc_9787	0	1.04938
PLACE_optlc_9986	0	1.04938
PLACE_optlc_9327	0	0.0493827
PLACE_optlc_11085	0	3.11111
PLACE_optlc_9374	0	3.04938
PLACE_optlc_11558	0	0.0493827
PLACE_optlc_9017	0	0.0123457
PLACE_optlc_11480	0	0.111111
PLACE_optlc_12133	0	0.0493827
PLACE_optlc_11458	0	0.0493827
PLACE_optlc_10119	0	2.04938
datamem/ram_reg_160__8_	0	2.4848
datamem/ram_reg_130__4_	0	1.635
datamem/ram_reg_163__2_	0	0.178897
PLACE_optlc_11859	0	0
PLACE_optlc_12396	0	0.0617284
PLACE_optlc_9189	0	1.06173
PLACE_optlc_11928	0	1.06173
PLACE_optlc_8790	0	3
PLACE_optlc_9244	0	0.0617284
PLACE_optlc_12378	0	2.06173
PLACE_optlc_9200	0	1.06173
PLACE_optlc_8241	0	1.06173
datamem/ram_reg_0__9_	0	0.400907
PLACE_optlc_9508	0	1.07407
PLACE_optlc_10617	0	1.07407
PLACE_optlc_10203	0	2.01235
PLACE_optlc_8582	0	1.08642
PLACE_optlc_886	0	2.08642
PLACE_optlc_11991	0	0.0864198
PLACE_optlc_9140	0	1.01235
datamem/ram_reg_0__14_	0	0.850031
datamem/U62	0	1.71489
PLACE_optlc_7758	0	2.11111
datamem/ram_reg_0__4_	0	2.95805
datamem/ram_reg_3__9_	0	1.54817
PLACE_optlc_2898	0	3.1358
datamem/ram_reg_2__5_	0	1.49883
datamem/ram_reg_0__10_	0	4.27774
datamem/ram_reg_3__1_	0	3.28321
datamem/U2936	0	1.96165
PLACE_optlc_8791	0	1.07407
PLACE_optlc_1893	0	2.18519
PLACE_optlc_6586	0	2.14815
datamem/U2357	0	2.55056
PLACE_optlc_1030	0	1.23457
PLACE_optlc_9451	0	1.14815
datamem/U69	0	0.593191
PLACE_optlc_7405	0	0.259259
PLACE_optlc_2146	0	1.2716
PLACE_optlc_4612	0	2.28395
datamem/U6	0	3.06272
datamem/U71	0	0.901362
PLACE_optlc_1366	0	1.17284
datamem/ram_reg_3__7_	0	1.34503
datamem/ram_reg_18__0_	0	1.65419
PLACE_optlc_12007	0	1.30864
PLACE_optlc_2033	0	1.30864
datamem/ram_reg_163__1_	0	0.995571
datamem/ram_reg_2__4_	0	1.45016
datamem/ram_reg_168__4_	0	0.780965
PLACE_optlc_5080	0	2.22222
PLACE_optlc_7705	0	1.25926
datamem/ram_reg_146__1_	0	0.2989
datamem/U53	0	1.04133
datamem/ram_reg_170__11_	0	0.547859
datamem/ram_reg_162__4_	0	1.02298
datamem/ram_reg_2__8_	0	1.34511
datamem/U13	0	0.41341
datamem/ram_reg_162__1_	0	1.0047
datamem/ram_reg_3__0_	0	0.353515
datamem/ram_reg_171__7_	0	1.73318
datamem/ram_reg_171__2_	0	2.19362
PLACE_optlc_11804	0	1.2716
PLACE_optlc_5070	0	2.2716
datamem/ram_reg_3__15_	0	1.62928
datamem/U28	0	0.783009
datamem/ram_reg_169__8_	0	1.04788
datamem/ram_reg_171__4_	0	0.363735
datamem/ram_reg_2__12_	0	1.90942
datamem/ram_reg_1__3_	0	0.369406
datamem/ram_reg_164__10_	0	0.815174
datamem/U3040	0	0.300748
datamem/U2	0	2.40004
datamem/U15	0	0.31794
datamem/U3064	0	0.533113
datamem/U2975	0	2.38414
PLACE_optlc_5261	0	2.28395
PLACE_optlc_1969	0	0.246914
datamem/U3076	0	0.70777
datamem/ram_reg_168__8_	0	2.29489
datamem/U3061	0	1.29091
datamem/ram_reg_3__11_	0	0.904425
datamem/U3098	0	0.8125
datamem/ram_reg_2__6_	0	2.84375
datamem/U3013	0	0.767832
datamem/U44	0	1.34801
datamem/U3067	0	0.958931
datamem/U3041	0	2.23352
datamem/ram_reg_3__2_	0	2.0839
datamem/U3107	0	0.373175
datamem/U41	0	0.959441
datamem/U67	0	1.98082
PLACE_optlc_3423	0	3.35802
PLACE_optlc_7967	0	2.2963
PLACE_optlc_7049	0	2.2963
PLACE_optlc_7901	0	1.25926
PLACE_optlc_7831	0	1.25926
PLACE_optlc_2748	0	0.296296
PLACE_optlc_2239	0	1.2963
PLACE_optlc_8228	0	2.19753
PLACE_optlc_2740	0	1.2963
PLACE_optlc_1561	0	2.23457
PLACE_optlc_5642	0	1.2963
PLACE_optlc_2099	0	2.2963
PLACE_optlc_4757	0	0.259259
PLACE_optlc_328	0	1.2963
datamem/U3068	0	0.902647
datamem/U32	0	1.56595
datamem/ram_reg_3__5_	0	0.555177
datamem/U2649	0	0.410625
datamem/U3029	0	1.26905
datamem/U3052	0	2.10931
datamem/U58	0	1.21471
datamem/U348	0	3.64735
datamem/ram_reg_171__13_	0	3.1456
datamem/ram_reg_168__15_	0	2.01536
datamem/U3031	0	2.13475
datamem/ram_reg_2__15_	0	1.21932
datamem/U40	0	0.339753
datamem/ram_reg_3__13_	0	2.3092
datamem/U2939	0	1.80861
PLACE_optlc_3979	0	2.30864
PLACE_optlc_253	0	0.0987654
PLACE_optlc_7821	0	1.30864
PLACE_optlc_3460	0	0.308642
PLACE_optlc_7007	0	0.271605
PLACE_optlc_5184	0	0.148148
PLACE_optlc_5745	0	2.30864
PLACE_optlc_3272	0	2.2716
PLACE_optlc_2574	0	0.148148
PLACE_optlc_1453	0	3.24691
PLACE_optlc_3551	0	2.2716
PLACE_optlc_4408	0	1.2716
PLACE_optlc_11930	0	1.18519
PLACE_optlc_3700	0	2.24691
PLACE_optlc_5864	0	2.20988
PLACE_optlc_8476	0	1.24691
datamem/ram_reg_2__2_	0	1.00965
datamem/ram_reg_170__4_	0	2.84758
datamem/ram_reg_164__1_	0	2.10157
datamem/U2957	0	1.52299
datamem/U3079	0	0.520841
datamem/U3106	0	0.54282
datamem/U3054	0	3.32941
datamem/ram_reg_171__8_	0	0.870509
datamem/ram_reg_0__13_	0	0.279367
datamem/U3101	0	0.947079
datamem/ram_reg_146__7_	0	0.852303
PLACE_optlc_5633	0	3.22222
PLACE_optlc_3583	0	0.283951
PLACE_optlc_5610	0	2.32099
PLACE_optlc_4236	0	1.28395
PLACE_optlc_6490	0	0.283951
PLACE_optlc_7715	0	0.259259
PLACE_optlc_1375	0	3.32099
PLACE_optlc_5828	0	1.28395
PLACE_optlc_4440	0	2.28395
PLACE_optlc_6274	0	4.32099
PLACE_optlc_5228	0	0.283951
PLACE_optlc_4639	0	1.25926
PLACE_optlc_3006	0	1.32099
PLACE_optlc_5030	0	1.32099
PLACE_optlc_7462	0	1.16049
PLACE_optlc_4715	0	2.32099
PLACE_optlc_3798	0	3.32099
PLACE_optlc_3869	0	2.22222
PLACE_optlc_487	0	1.22222
datamem/U46	0	1.38223
datamem/ram_reg_169__11_	0	2.38186
datamem/ram_reg_19__3_	0	0.839668
datamem/ram_reg_167__10_	0	1.07465
datamem/ram_reg_171__14_	0	1.58148
datamem/ram_reg_170__1_	0	1.34915
datamem/U2968	0	1.2622
datamem/ram_reg_1__12_	0	2.50612
PLACE_optlc_1347	0	1.17284
PLACE_optlc_1658	0	1.2716
PLACE_optlc_1149	0	1.1358
PLACE_optlc_945	0	2.17284
PLACE_optlc_906	0	2.2716
PLACE_optlc_6862	0	1.12346
PLACE_optlc_7225	0	1.23457
PLACE_optlc_3712	0	2.2716
PLACE_optlc_7195	0	1.39506
PLACE_optlc_1182	0	2.2963
PLACE_optlc_2052	0	2.2963
PLACE_optlc_12085	0	1.17284
PLACE_optlc_91	0	1.2716
datamem/ram_reg_167__8_	0	0.406188
datamem/U3095	0	2.00911
datamem/ram_reg_168__13_	0	2.30506
datamem/ram_reg_163__8_	0	1.28761
datamem/U2897	0	0.831566
datamem/ram_reg_166__10_	0	1.38644
PLACE_optlc_5937	0	1.30864
PLACE_optlc_8185	0	2.28395
PLACE_optlc_3085	0	1.1358
PLACE_optlc_1337	0	0.148148
PLACE_optlc_396	0	0.246914
PLACE_optlc_4742	0	1.24691
PLACE_optlc_1002	0	1.34568
PLACE_optlc_11097	0	0.185185
PLACE_optlc_10442	0	0.246914
PLACE_optlc_1919	0	1.34568
datamem/U2977	0	1.40709
datamem/U21	0	3.12395
datamem/ram_reg_2__3_	0	1.17965
datamem/ram_reg_169__4_	0	0.983627
datamem/ram_reg_169__10_	0	2.66419
datamem/ram_reg_168__1_	0	1.43767
datamem/ram_reg_171__5_	0	2.44839
datamem/U3047	0	1.6136
PLACE_optlc_8660	0	1.19753
PLACE_optlc_10371	0	1.32099
PLACE_optlc_7897	0	3.32099
PLACE_optlc_11120	0	1.19753
PLACE_optlc_8529	0	1.19753
PLACE_optlc_684	0	2.25926
PLACE_optlc_1158	0	2.25926
PLACE_optlc_8566	0	0.296296
PLACE_optlc_11645	0	1.23457
PLACE_optlc_11905	0	1.2963
datamem/ram_reg_0__0_	0	1.7266
datamem/ram_reg_164__8_	0	2.47915
datamem/ram_reg_169__7_	0	1.17061
datamem/ram_reg_162__8_	0	1.58378
datamem/U42	0	0.793935
datamem/ram_reg_160__5_	0	0.454603
PLACE_optlc_10295	0	1.16049
PLACE_optlc_9406	0	3.33333
PLACE_optlc_11532	0	2.20988
PLACE_optlc_2924	0	0.271605
PLACE_optlc_8853	0	2.20988
PLACE_optlc_3545	0	2.24691
PLACE_optlc_8821	0	1.2716
PLACE_optlc_10349	0	3.30864
PLACE_optlc_4656	0	1.33333
PLACE_optlc_12512	0	1.18519
PLACE_optlc_2205	0	2.33333
PLACE_optlc_12615	0	1.16049
PLACE_optlc_10502	0	1.2716
PLACE_optlc_11230	0	0.160494
PLACE_optlc_1581	0	1.20988
PLACE_optlc_10646	0	2.2716
datamem/ram_reg_168__2_	0	1.00469
datamem/U29	0	1.54132
datamem/U63	0	2.33839
datamem/U3100	0	1.71645
datamem/ram_reg_0__11_	0	1.26815
PLACE_optlc_3531	0	1.34568
PLACE_optlc_12079	0	2.25926
PLACE_optlc_11004	0	3.34568
PLACE_optlc_9846	0	0.17284
PLACE_optlc_5364	0	2.22222
PLACE_optlc_8532	0	3.28395
PLACE_optlc_11850	0	0.222222
PLACE_optlc_4821	0	0.17284
PLACE_optlc_8969	0	1.18519
PLACE_optlc_12472	0	1.22222
PLACE_optlc_10541	0	2.34568
PLACE_optlc_8966	0	2.19753
PLACE_optlc_7414	0	3.32099
PLACE_optlc_2101	0	1.28395
PLACE_optlc_336	0	2.38272
datamem/U56	0	1.64949
datamem/ram_reg_2__9_	0	0.879811
datamem/ram_reg_1__8_	0	0.602481
datamem/U23	0	0.405532
PLACE_optlc_8774	0	2.18519
PLACE_optlc_8592	0	2.23457
PLACE_optlc_4248	0	1.2963
PLACE_optlc_11382	0	1.2716
PLACE_optlc_1081	0	2.19753
datamem/ram_reg_1__1_	0	2.78353
PLACE_optlc_7887	0	1.24691
PLACE_optlc_12500	0	2.19753
PLACE_optlc_7838	0	0.283951
PLACE_optlc_5248	0	2.40741
PLACE_optlc_5434	0	0.407407
PLACE_optlc_9524	0	2.30864
PLACE_optlc_12037	0	1.19753
datamem/U2932	0	1.05296
datamem/ram_reg_2__10_	0	1.10868
PLACE_optlc_5597	0	0.419753
PLACE_optlc_11005	0	2.23457
PLACE_optlc_9101	0	1.35802
PLACE_optlc_2998	0	1.41975
PLACE_optlc_7284	0	1.14815
PLACE_optlc_8796	0	2.20988
PLACE_optlc_12561	0	2.33333
datamem/ram_reg_1__9_	0	3.31319
PLACE_optlc_11317	0	1.28395
PLACE_optlc_1790	0	0.382716
PLACE_optlc_12474	0	1.34568
datamem/U3097	0	0.655992
datamem/ram_reg_160__2_	0	2.33677
datamem/U5	0	1.8686
datamem/ram_reg_0__3_	0	0.81233
datamem/ram_reg_131__4_	0	1.63734
PLACE_optlc_9391	0	2.2963
PLACE_optlc_12122	0	2.39506
PLACE_optlc_2046	0	2.23457
datamem/U39	0	0.33184
PLACE_optlc_9950	0	1.40741
PLACE_optlc_5779	0	2.46914
PLACE_optlc_12355	0	0.197531
datamem/U2935	0	1.29234
datamem/ram_reg_2__11_	0	2.54038
PLACE_optlc_1088	0	2.41975
PLACE_optlc_8236	0	2.19753
PLACE_optlc_734	0	2.28395
PLACE_optlc_204	0	0.283951
PLACE_optlc_10555	0	1.38272
datamem/U3086	0	2.68075
PLACE_optlc_2058	0	3.37037
PLACE_optlc_5376	0	1.2716
datamem/U2950	0	1.27304
datamem/U3043	0	1.00844
datamem/U50	0	1.03339
PLACE_optlc_5375	0	0.246914
PLACE_optlc_2742	0	1.23457
PLACE_optlc_5993	0	1.24691
PLACE_optlc_2178	0	2.41975
PLACE_optlc_2879	0	1.45679
datamem/U327	0	1.21547
datamem/U3065	0	0.741462
datamem/U2375	0	2.03378
PLACE_optlc_10050	0	1.33333
PLACE_optlc_4915	0	2.37037
PLACE_optlc_7918	0	1.37037
PLACE_optlc_5149	0	0.320988
PLACE_optlc_12083	0	1.19753
PLACE_optlc_5117	0	1.49383
PLACE_optlc_7666	0	1.33333
datamem/U2900	0	1.11248
datamem/U2643	0	2.07813
PLACE_optlc_641	0	1.32099
PLACE_optlc_2433	0	2.38272
PLACE_optlc_10659	0	2.38272
PLACE_optlc_9905	0	2.38272
PLACE_optlc_7661	0	1.41975
PLACE_optlc_92	0	1.33333
PLACE_optlc_3061	0	1.28395
PLACE_optlc_2282	0	1.45679
PLACE_optlc_10822	0	2.2963
datamem/ram_reg_2__1_	0	0.82549
PLACE_optlc_6794	0	1.44444
PLACE_optlc_8208	0	2.34568
datamem/U61	0	2.44438
PLACE_optlc_427	0	2.37037
PLACE_optlc_12741	0	1.35802
PLACE_optlc_9492	0	0.382716
PLACE_optlc_9842	0	1.24691
datamem/U47	0	1.78584
datamem/U24	0	1.11232
PLACE_optlc_576	0	1.40741
PLACE_optlc_8363	0	1.39506
datamem/ram_reg_1__13_	0	1.41293
PLACE_optlc_7554	0	1.2716
PLACE_optlc_10669	0	1.44444
PLACE_optlc_8577	0	0.382716
PLACE_optlc_12004	0	0.333333
PLACE_optlc_10430	0	1.32099
datamem/ram_reg_18__5_	0	1.22921
datamem/U33	0	1.71375
PLACE_optlc_738	0	2.45679
PLACE_optlc_7123	0	2.39506
PLACE_optlc_9044	0	2.34568
datamem/ram_reg_170__2_	0	1.20061
datamem/ram_reg_1__14_	0	1.15356
PLACE_optlc_1406	0	1.41975
datamem/ram_reg_18__6_	0	1.09265
datamem/ram_reg_130__7_	0	0.742851
datamem/U3022	0	0.93961
datamem/ram_reg_165__10_	0	1.37836
PLACE_optlc_8055	0	0.444444
PLACE_optlc_8990	0	0.308642
datamem/U2788	0	1.64362
datamem/U30	0	0.751748
datamem/ram_reg_19__0_	0	0.958156
datamem/U331	0	1.84139
datamem/U2462	0	1.16299
datamem/ram_reg_19__12_	0	0.409541
datamem/ram_reg_160__7_	0	0.794113
PLACE_optlc_7245	0	1.32099
PLACE_optlc_4861	0	1.37037
PLACE_optlc_10344	0	1.39506
PLACE_optlc_2775	0	1.45679
PLACE_optlc_1614	0	1.38272
datamem/ram_reg_18__11_	0	2.48448
datamem/ram_reg_2__14_	0	0.770575
datamem/ram_reg_17__0_	0	2.63904
datamem/ram_reg_1__4_	0	0.585648
datamem/ram_reg_18__4_	0	1.47955
datamem/ram_reg_16__6_	0	1.71308
datamem/U2992	0	0.874853
datamem/ram_reg_139__7_	0	1.06433
datamem/ram_reg_167__11_	0	0.52282
datamem/U2519	0	0.468461
datamem/ram_reg_1__2_	0	1.75221
datamem/ram_reg_169__14_	0	1.30272
datamem/ram_reg_162__11_	0	1.69689
PLACE_optlc_1015	0	1.39506
PLACE_optlc_8673	0	1.41975
PLACE_optlc_6837	0	0.444444
PLACE_optlc_8148	0	0.506173
datamem/U3026	0	0.755216
datamem/U2791	0	1.38485
datamem/U2468	0	0.755637
datamem/U2465	0	1.80355
datamem/U3090	0	0.834981
datamem/ram_reg_139__4_	0	0.892855
datamem/U52	0	1.2506
datamem/ram_reg_165__7_	0	0.996377
datamem/U3010	0	1.6561
datamem/U297	0	1.22645
datamem/U2972	0	2.1104
datamem/ram_reg_169__13_	0	1.56694
datamem/U3023	0	1.35336
datamem/ram_reg_19__6_	0	2.30312
datamem/U3072	0	1.81306
datamem/ram_reg_154__5_	0	1.36829
datamem/U22	0	1.9801
datamem/ram_reg_169__15_	0	0.707056
PLACE_optlc_8265	0	1.40741
PLACE_optlc_4441	0	1.51852
PLACE_optlc_8107	0	1.46914
PLACE_optlc_2807	0	0.345679
PLACE_optlc_1519	0	1.40741
PLACE_optlc_956	0	1.49383
PLACE_optlc_1118	0	0.345679
PLACE_optlc_1261	0	2.49383
PLACE_optlc_2051	0	1.46914
PLACE_optlc_7133	0	1.41975
PLACE_optlc_2911	0	2.45679
PLACE_optlc_1537	0	0.45679
PLACE_optlc_5084	0	0.345679
datamem/U2480	0	0.703522
datamem/U48	0	0.786057
datamem/U2486	0	0.596319
datamem/U2960	0	0.716019
datamem/U2646	0	1.74683
datamem/ram_reg_146__4_	0	1.7473
datamem/U3004	0	0.764591
datamem/ram_reg_161__7_	0	2.14159
datamem/ram_reg_154__2_	0	1.98296
datamem/U2613	0	1.80695
datamem/U2990	0	1.68978
PLACE_optlc_5207	0	1.48148
PLACE_optlc_182	0	0.493827
PLACE_optlc_3106	0	0.493827
PLACE_optlc_8229	0	1.41975
PLACE_optlc_6670	0	2.40741
PLACE_optlc_6056	0	1.35802
PLACE_optlc_7875	0	0.419753
PLACE_optlc_4830	0	1.32099
PLACE_optlc_1481	0	0.481481
PLACE_optlc_1456	0	0.407407
PLACE_optlc_1403	0	1.41975
PLACE_optlc_1188	0	1.44444
PLACE_optlc_10962	0	1.48148
datamem/U339	0	1.20497
datamem/U31	0	1.10058
datamem/U3070	0	1.76618
datamem/U338	0	0.587897
datamem/U2607	0	1.68092
datamem/U2806	0	0.840363
PLACE_optlc_8325	0	2.4321
PLACE_optlc_3510	0	0.432099
PLACE_optlc_2657	0	1.37037
PLACE_optlc_2268	0	1.38272
PLACE_optlc_8121	0	1.4321
PLACE_optlc_6725	0	0.506173
PLACE_optlc_2640	0	2.49383
PLACE_optlc_2491	0	2.4321
PLACE_optlc_993	0	1.49383
PLACE_optlc_3317	0	1.48148
PLACE_optlc_1595	0	0.37037
PLACE_optlc_6197	0	0.333333
PLACE_optlc_3557	0	0.432099
PLACE_optlc_4001	0	1.37037
PLACE_optlc_7262	0	0.333333
PLACE_optlc_3820	0	1.2716
PLACE_optlc_8415	0	2.41975
PLACE_optlc_3946	0	2.4321
datamem/ram_reg_18__14_	0	1.00035
datamem/U2525	0	2.32227
datamem/U2995	0	1.63089
datamem/ram_reg_136__1_	0	2.1451
datamem/ram_reg_18__8_	0	2.37293
PLACE_optlc_9722	0	1.37037
PLACE_optlc_265	0	1.35802
PLACE_optlc_65	0	1.28395
PLACE_optlc_7111	0	0.444444
PLACE_optlc_3836	0	1.39506
PLACE_optlc_11654	0	1.38272
PLACE_optlc_6144	0	0.45679
PLACE_optlc_5515	0	0.444444
PLACE_optlc_3004	0	1.44444
PLACE_optlc_1373	0	0.320988
PLACE_optlc_5264	0	0.45679
PLACE_optlc_7025	0	1.38272
PLACE_optlc_4126	0	1.49383
datamem/ram_reg_167__1_	0	1.90696
datamem/U2809	0	1.22425
datamem/U25	0	0.663368
datamem/ram_reg_170__15_	0	2.19299
datamem/ram_reg_1__10_	0	1.48242
datamem/ram_reg_166__7_	0	1.20712
datamem/U333	0	0.95483
PLACE_optlc_9499	0	1.51852
PLACE_optlc_2738	0	1.44444
PLACE_optlc_3915	0	0.469136
PLACE_optlc_4658	0	1.40741
PLACE_optlc_10781	0	1.39506
PLACE_optlc_7118	0	1.35802
PLACE_optlc_6296	0	1.23457
PLACE_optlc_5467	0	1.44444
PLACE_optlc_6486	0	0.395062
PLACE_optlc_9521	0	1.44444
PLACE_optlc_805	0	0.45679
PLACE_optlc_1778	0	1.44444
datamem/ram_reg_167__5_	0	3.45262
datamem/ram_reg_166__1_	0	0.445332
datamem/U2522	0	0.922766
datamem/U2902	0	1.85623
datamem/ram_reg_167__2_	0	0.470289
datamem/U3032	0	1.31378
datamem/U2920	0	1.29294
datamem/ram_reg_139__10_	0	1.45499
datamem/ram_reg_163__11_	0	1.86598
datamem/U309	0	2.60508
datamem/U3077	0	2.29392
datamem/ram_reg_164__5_	0	0.517199
PLACE_optlc_4702	0	1.48148
PLACE_optlc_6784	0	1.51852
PLACE_optlc_11938	0	1.37037
PLACE_optlc_10713	0	1.35802
PLACE_optlc_8500	0	1.40741
PLACE_optlc_5602	0	0.407407
PLACE_optlc_9331	0	0.358025
PLACE_optlc_1231	0	0.358025
PLACE_optlc_4820	0	0.283951
PLACE_optlc_895	0	1.46914
PLACE_optlc_1032	0	1.34568
PLACE_optlc_11846	0	1.35802
datamem/ram_reg_144__1_	0	1.22963
datamem/U2896	0	1.86185
datamem/ram_reg_137__7_	0	0.945201
datamem/ram_reg_155__2_	0	0.844529
PLACE_optlc_2204	0	1.34568
PLACE_optlc_12476	0	1.44444
PLACE_optlc_10040	0	0.419753
PLACE_optlc_9971	0	1.49383
PLACE_optlc_9929	0	2.37037
PLACE_optlc_9528	0	0.419753
PLACE_optlc_11680	0	0.358025
PLACE_optlc_900	0	1.46914
PLACE_optlc_11008	0	0.419753
PLACE_optlc_5116	0	1.38272
PLACE_optlc_11641	0	2.48148
PLACE_optlc_1005	0	0.419753
PLACE_optlc_11727	0	1.38272
PLACE_optlc_10734	0	1.41975
PLACE_optlc_10754	0	0.37037
PLACE_optlc_350	0	1.4321
PLACE_optlc_12545	0	0.382716
PLACE_optlc_9334	0	1.41975
PLACE_optlc_9695	0	0.432099
PLACE_optlc_2467	0	1.40741
datamem/U49	0	0.975228
datamem/U3071	0	2.08409
datamem/ram_reg_19__9_	0	0.899703
datamem/ram_reg_165__5_	0	2.86608
datamem/ram_reg_137__1_	0	1.19698
datamem/U27	0	1.41356
datamem/ram_reg_136__7_	0	0.605367
datamem/U332	0	1.48811
datamem/U619	0	1.58958
datamem/ram_reg_136__4_	0	2.31212
PLACE_optlc_6353	0	2.39506
PLACE_optlc_12506	0	0.444444
PLACE_optlc_3784	0	1.2963
PLACE_optlc_4762	0	0.320988
PLACE_optlc_12519	0	2.41975
PLACE_optlc_4736	0	1.4321
PLACE_optlc_12578	0	1.50617
PLACE_optlc_9381	0	1.38272
PLACE_optlc_3791	0	1.37037
PLACE_optlc_1242	0	0.395062
PLACE_optlc_4901	0	0.382716
PLACE_optlc_3186	0	1.55556
PLACE_optlc_6820	0	1.39506
PLACE_optlc_8006	0	1.4321
PLACE_optlc_2329	0	0.37037
PLACE_optlc_11135	0	1.38272
datamem/ram_reg_18__12_	0	0.573106
datamem/ram_reg_161__8_	0	1.64558
datamem/ram_reg_1__7_	0	0.562948
PLACE_optlc_12563	0	1.50617
PLACE_optlc_9863	0	1.37037
PLACE_optlc_11625	0	1.34568
PLACE_optlc_2580	0	0.382716
PLACE_optlc_11729	0	1.4321
datamem/U351	0	0.798098
datamem/ram_reg_1__11_	0	1.73073
PLACE_optlc_5994	0	1.39506
PLACE_optlc_4591	0	1.49383
PLACE_optlc_8698	0	2.39506
PLACE_optlc_2604	0	0.419753
PLACE_optlc_11995	0	0.358025
PLACE_optlc_1760	0	0.518519
PLACE_optlc_1428	0	1.39506
PLACE_optlc_10010	0	2.46914
PLACE_optlc_5823	0	1.33333
datamem/ram_reg_131__1_	0	0.479144
datamem/ram_reg_155__5_	0	0.649529
PLACE_optlc_10075	0	2.54321
PLACE_optlc_9455	0	0.407407
datamem/ram_reg_18__9_	0	1.91505
datamem/ram_reg_1__5_	0	1.80944
PLACE_optlc_8268	0	1.54321
PLACE_optlc_9488	0	0.481481
PLACE_optlc_11566	0	1.44444
PLACE_optlc_11021	0	1.38272
PLACE_optlc_10836	0	1.48148
PLACE_optlc_12433	0	0.308642
PLACE_optlc_12707	0	0.382716
datamem/ram_reg_16__1_	0	1.05165
PLACE_optlc_8594	0	0.395062
PLACE_optlc_11322	0	1.4321
PLACE_optlc_11281	0	1.4321
datamem/U34	0	0.89517
datamem/U2501	0	0.912284
datamem/U2372	0	0.971366
datamem/ram_reg_144__7_	0	1.37115
PLACE_optlc_4081	0	1.49383
PLACE_optlc_11957	0	0.469136
PLACE_optlc_12660	0	0.382716
PLACE_optlc_5665	0	1.50617
PLACE_optlc_5113	0	1.46914
PLACE_optlc_9976	0	0.382716
datamem/U2360	0	0.611119
PLACE_optlc_2477	0	1.46914
PLACE_optlc_8498	0	0.530864
PLACE_optlc_3954	0	0.555556
PLACE_optlc_5829	0	1.45679
PLACE_optlc_3092	0	1.4321
datamem/U357	0	1.92052
PLACE_optlc_6651	0	1.45679
PLACE_optlc_7629	0	0.506173
datamem/ram_reg_131__10_	0	0.659545
datamem/U349	0	0.764958
PLACE_optlc_169	0	1.41975
PLACE_optlc_5314	0	1.55556
PLACE_optlc_10653	0	0.407407
datamem/U2381	0	1.54801
PLACE_optlc_2350	0	1.50617
PLACE_optlc_9005	0	0.419753
PLACE_optlc_10936	0	0.469136
PLACE_optlc_9874	0	1.55556
PLACE_optlc_7347	0	0.555556
datamem/ram_reg_16__3_	0	1.67321
datamem/U345	0	0.604591
PLACE_optlc_2232	0	2.49383
datamem/ram_reg_34__3_	0	2.06464
datamem/U335	0	1.36367
PLACE_optlc_12146	0	1.40741
PLACE_optlc_1365	0	1.55556
datamem/ram_reg_19__4_	0	1.41566
datamem/ram_reg_18__13_	0	0.644294
PLACE_optlc_7269	0	1.53086
PLACE_optlc_10857	0	1.49383
PLACE_optlc_7127	0	1.40741
datamem/ram_reg_160__1_	0	1.42726
datamem/U340	0	0.940899
datamem/U2942	0	1.56762
PLACE_optlc_7493	0	0.555556
PLACE_optlc_3841	0	1.48148
datamem/U354	0	0.674468
datamem/U329	0	1.33446
datamem/U328	0	2.08753
PLACE_optlc_11289	0	0.555556
PLACE_optlc_5626	0	1.55556
PLACE_optlc_4260	0	0.395062
PLACE_optlc_6011	0	0.45679
datamem/U2921	0	1.72322
datamem/ram_reg_161__1_	0	0.809703
datamem/ram_reg_19__11_	0	1.24473
datamem/ram_reg_18__2_	0	0.616096
datamem/ram_reg_165__4_	0	0.902512
PLACE_optlc_925	0	0.518519
PLACE_optlc_659	0	1.44444
PLACE_optlc_3983	0	1.48148
PLACE_optlc_9497	0	0.444444
datamem/ram_reg_19__2_	0	0.802905
datamem/ram_reg_17__3_	0	1.04218
datamem/U341	0	0.747647
datamem/ram_reg_155__13_	0	0.677076
datamem/ram_reg_154__8_	0	0.893546
datamem/ram_reg_16__11_	0	1.24323
datamem/U3014	0	0.598476
PLACE_optlc_6142	0	1.39506
PLACE_optlc_5875	0	0.518519
PLACE_optlc_4977	0	1.48148
datamem/U360	0	0.981655
datamem/U2978	0	1.01489
datamem/ram_reg_162__10_	0	1.44827
datamem/U2781	0	0.770633
datamem/ram_reg_155__11_	0	0.759464
datamem/ram_reg_138__4_	0	0.775737
PLACE_optlc_7071	0	0.481481
PLACE_optlc_938	0	0.555556
PLACE_optlc_7998	0	1.55556
PLACE_optlc_10636	0	1.46914
datamem/ram_reg_35__3_	0	1.07938
datamem/ram_reg_18__7_	0	0.586559
datamem/ram_reg_16__0_	0	0.574985
datamem/ram_reg_145__4_	0	1.49223
datamem/ram_reg_155__10_	0	0.802693
datamem/U2941	0	0.761902
datamem/U2986	0	0.909402
datamem/U334	0	0.653858
datamem/ram_reg_19__15_	0	0.952697
PLACE_optlc_2397	0	1.54321
PLACE_optlc_7214	0	0.506173
PLACE_optlc_1239	0	1.55556
datamem/ram_reg_155__15_	0	1.15288
datamem/ram_reg_165__8_	0	1.06353
datamem/U2815	0	1.06715
datamem/ram_reg_165__2_	0	1.9914
datamem/ram_reg_164__2_	0	1.03629
datamem/ram_reg_19__14_	0	1.03767
PLACE_optlc_12153	0	1.45679
PLACE_optlc_2698	0	1.55556
PLACE_optlc_6275	0	0.518519
PLACE_optlc_9940	0	1.55556
PLACE_optlc_1680	0	0.45679
PLACE_optlc_6833	0	1.51852
PLACE_optlc_2731	0	1.44444
PLACE_optlc_368	0	1.45679
PLACE_optlc_12731	0	1.37037
PLACE_optlc_12550	0	0.530864
datamem/ram_reg_160__11_	0	0.62956
datamem/ram_reg_16__12_	0	1.31279
datamem/U2799	0	0.614136
datamem/ram_reg_138__7_	0	0.748241
datamem/ram_reg_154__13_	0	0.894136
datamem/U2989	0	0.58809
datamem/U353	0	1.18667
datamem/U2801	0	1.08159
PLACE_optlc_4005	0	1.51852
PLACE_optlc_3783	0	1.50617
PLACE_optlc_8645	0	0.555556
PLACE_optlc_9662	0	1.53086
PLACE_optlc_5235	0	0.419753
PLACE_optlc_7717	0	1.39506
PLACE_optlc_6990	0	1.51852
datamem/ram_reg_161__2_	0	0.881952
datamem/ram_reg_164__11_	0	2.18486
datamem/ram_reg_166__11_	0	1.37463
datamem/U2969	0	0.977793
datamem/U312	0	0.743048
datamem/U292	0	0.737434
PLACE_optlc_4822	0	1.49383
PLACE_optlc_1057	0	0.555556
PLACE_optlc_1675	0	1.48148
datamem/ram_reg_130__1_	0	0.807789
datamem/U2504	0	1.01356
datamem/U2715	0	1.01274
datamem/ram_reg_153__13_	0	2.40222
PLACE_optlc_7693	0	1.46914
PLACE_optlc_1653	0	1.48148
PLACE_optlc_2002	0	0.555556
PLACE_optlc_8103	0	0.506173
PLACE_optlc_10738	0	0.469136
PLACE_optlc_11481	0	0.530864
datamem/ram_reg_130__10_	0	0.932334
datamem/U2797	0	0.7351
datamem/U2471	0	0.783279
datamem/ram_reg_161__4_	0	1.31826
datamem/U2498	0	0.820683
PLACE_optlc_2194	0	1.45679
PLACE_optlc_10088	0	1.55556
PLACE_optlc_1209	0	0.395062
PLACE_optlc_11251	0	0.444444
PLACE_optlc_12125	0	1.54321
datamem/U2805	0	1.49991
datamem/U2775	0	0.937384
datamem/U2483	0	1.64064
datamem/ram_reg_18__1_	0	0.913881
datamem/ram_reg_155__8_	0	1.1139
datamem/U2915	0	1.41827
datamem/U342	0	1.0935
datamem/ram_reg_154__15_	0	1.75959
datamem/ram_reg_150__1_	0	1.81073
datamem/ram_reg_155__1_	0	0.841844
datamem/ram_reg_19__13_	0	0.675752
PLACE_optlc_526	0	1.55556
PLACE_optlc_2007	0	0.481481
PLACE_optlc_10493	0	0.407407
PLACE_optlc_1797	0	0.555556
PLACE_optlc_4706	0	0.54321
PLACE_optlc_12242	0	1.50617
PLACE_optlc_7664	0	0.518519
PLACE_optlc_2395	0	0.555556
PLACE_optlc_10177	0	1.46914
datamem/U2814	0	1.25635
datamem/U318	0	1.77988
datamem/U616	0	0.740899
datamem/ram_reg_145__1_	0	0.556377
datamem/ram_reg_137__4_	0	0.992388
datamem/U2993	0	1.52236
datamem/U294	0	2.07189
datamem/U291	0	0.713117
datamem/U347	0	1.43103
datamem/ram_reg_19__8_	0	1.09078
PLACE_optlc_713	0	0.518519
PLACE_optlc_553	0	0.54321
PLACE_optlc_578	0	1.41975
PLACE_optlc_5821	0	0.555556
PLACE_optlc_12421	0	0.469136
PLACE_optlc_1229	0	1.55556
PLACE_optlc_7908	0	0.506173
PLACE_optlc_4181	0	0.506173
PLACE_optlc_10449	0	0.45679
datamem/U2625	0	0.985718
datamem/ram_reg_165__1_	0	1.89361
datamem/ram_reg_138__1_	0	1.33129
datamem/ram_reg_16__4_	0	1.03746
datamem/U293	0	0.688835
PLACE_optlc_651	0	1.51852
PLACE_optlc_7863	0	0.493827
PLACE_optlc_1532	0	1.53086
PLACE_optlc_11578	0	1.46914
PLACE_optlc_1918	0	0.555556
PLACE_optlc_6141	0	0.444444
PLACE_optlc_10689	0	1.55556
PLACE_optlc_615	0	0.506173
PLACE_optlc_7110	0	0.555556
PLACE_optlc_7636	0	1.51852
datamem/U313	0	1.63458
datamem/U302	0	1.18815
datamem/ram_reg_17__4_	0	0.598646
datamem/ram_reg_136__10_	0	0.640093
datamem/U2354	0	1.78972
datamem/U2628	0	1.65168
datamem/U356	0	1.20165
PLACE_optlc_6034	0	0.481481
PLACE_optlc_7573	0	0.506173
PLACE_optlc_1290	0	0.506173
PLACE_optlc_9474	0	0.469136
PLACE_optlc_12281	0	0.530864
PLACE_optlc_5657	0	0.469136
PLACE_optlc_1608	0	1.55556
datamem/ram_reg_153__7_	0	1.1506
datamem/U2924	0	0.95137
datamem/ram_reg_16__9_	0	0.74983
PLACE_optlc_3722	0	1.55556
PLACE_optlc_12587	0	1.55556
PLACE_optlc_7869	0	0.493827
PLACE_optlc_8961	0	0.518519
PLACE_optlc_6199	0	0.555556
PLACE_optlc_3733	0	0.555556
PLACE_optlc_8825	0	1.54321
PLACE_optlc_9082	0	1.46914
datamem/U2363	0	0.829915
datamem/U2987	0	1.63029
datamem/ram_reg_154__11_	0	1.91346
datamem/ram_reg_131__7_	0	1.0298
PLACE_optlc_6143	0	1.49383
PLACE_optlc_4831	0	1.45679
PLACE_optlc_5503	0	1.46914
PLACE_optlc_8747	0	0.493827
PLACE_optlc_2770	0	0.506173
PLACE_optlc_8841	0	0.407407
PLACE_optlc_3485	0	0.555556
PLACE_optlc_12186	0	0.493827
PLACE_optlc_7378	0	0.506173
datamem/U336	0	0.885328
datamem/ram_reg_17__9_	0	1.10851
datamem/U2914	0	0.90463
PLACE_optlc_9941	0	1.45679
PLACE_optlc_6422	0	1.51852
PLACE_optlc_7146	0	0.506173
PLACE_optlc_11337	0	0.481481
PLACE_optlc_10383	0	1.55556
PLACE_optlc_10503	0	1.50617
PLACE_optlc_9182	0	0.469136
PLACE_optlc_556	0	1.55556
PLACE_optlc_12185	0	1.46914
datamem/U2665	0	0.703881
datamem/ram_reg_18__15_	0	1.17426
PLACE_optlc_1648	0	1.45679
PLACE_optlc_4021	0	1.53086
PLACE_optlc_6355	0	1.49383
PLACE_optlc_9456	0	1.55556
PLACE_optlc_9706	0	0.432099
PLACE_optlc_7314	0	0.555556
PLACE_optlc_3925	0	1.55556
PLACE_optlc_9100	0	1.53086
PLACE_optlc_10523	0	0.530864
PLACE_optlc_4465	0	1.55556
PLACE_optlc_11855	0	0.555556
PLACE_optlc_7588	0	1.54321
PLACE_optlc_6904	0	1.45679
PLACE_optlc_9996	0	1.55556
PLACE_optlc_9892	0	0.481481
PLACE_optlc_11330	0	0.481481
datamem/U2378	0	1.56709
datamem/U2794	0	1.29381
datamem/U2817	0	1.49516
datamem/ram_reg_16__2_	0	1.14898
PLACE_optlc_5495	0	0.555556
PLACE_optlc_5654	0	1.49383
PLACE_optlc_3863	0	0.518519
PLACE_optlc_7704	0	1.51852
PLACE_optlc_9792	0	1.49383
PLACE_optlc_10441	0	0.555556
PLACE_optlc_9810	0	0.530864
PLACE_optlc_8548	0	1.55556
PLACE_optlc_1590	0	0.518519
PLACE_optlc_5222	0	0.54321
PLACE_optlc_9927	0	1.55556
datamem/U346	0	0.656115
PLACE_optlc_5368	0	1.51852
PLACE_optlc_2173	0	1.41975
PLACE_optlc_8665	0	1.55556
PLACE_optlc_12367	0	1.50617
PLACE_optlc_10080	0	0.45679
datamem/ram_reg_34__0_	0	0.640895
datamem/ram_reg_147__5_	0	1.57684
PLACE_optlc_2012	0	1.45679
PLACE_optlc_493	0	0.518519
PLACE_optlc_46	0	1.54321
PLACE_optlc_1152	0	0.469136
PLACE_optlc_3538	0	1.55556
PLACE_optlc_1410	0	1.53086
PLACE_optlc_6257	0	0.54321
PLACE_optlc_3911	0	0.518519
datamem/ram_reg_19__5_	0	1.82445
datamem/U359	0	1.31051
datamem/U2906	0	0.769236
PLACE_optlc_12118	0	1.49383
PLACE_optlc_1236	0	1.53086
PLACE_optlc_6861	0	1.51852
PLACE_optlc_1916	0	0.506173
PLACE_optlc_4937	0	0.555556
PLACE_optlc_1024	0	0.493827
PLACE_optlc_11982	0	0.555556
PLACE_optlc_11072	0	1.55556
datamem/U926	0	0.956836
datamem/U2819	0	0.81505
PLACE_optlc_6051	0	1.54321
PLACE_optlc_416	0	0.54321
PLACE_optlc_6949	0	1.50617
PLACE_optlc_3768	0	0.54321
datamem/U2796	0	0.877701
datamem/ram_reg_51__3_	0	1.24025
PLACE_optlc_8983	0	1.55556
PLACE_optlc_770	0	0.518519
PLACE_optlc_1359	0	0.469136
PLACE_optlc_6193	0	1.53086
PLACE_optlc_102	0	0.481481
datamem/U303	0	0.764001
datamem/U929	0	0.893912
PLACE_optlc_9926	0	1.50617
PLACE_optlc_10576	0	0.469136
PLACE_optlc_5452	0	0.506173
datamem/ram_reg_17__15_	0	1.03211
datamem/ram_reg_35__0_	0	0.567319
datamem/ram_reg_17__1_	0	1.38317
datamem/U637	0	0.858677
PLACE_optlc_3371	0	0.54321
PLACE_optlc_10760	0	1.55556
PLACE_optlc_5046	0	1.55556
datamem/ram_reg_161__11_	0	0.982751
datamem/U300	0	0.604398
PLACE_optlc_7913	0	1.55556
PLACE_optlc_6706	0	0.493827
datamem/ram_reg_148__4_	0	0.848912
datamem/U2610	0	0.748492
PLACE_optlc_9173	0	1.55556
PLACE_optlc_4268	0	1.53086
PLACE_optlc_10678	0	1.55556
PLACE_optlc_10422	0	0.54321
datamem/U2631	0	1.0226
datamem/ram_reg_16__10_	0	0.749174
datamem/ram_reg_34__6_	0	1.03886
PLACE_optlc_1069	0	0.530864
PLACE_optlc_1764	0	1.55556
PLACE_optlc_5380	0	1.50617
datamem/ram_reg_19__1_	0	1.40534
datamem/U2722	0	0.834286
datamem/ram_reg_160__4_	0	0.721385
datamem/ram_reg_16__15_	0	2.07742
PLACE_optlc_9668	0	1.54321
PLACE_optlc_8318	0	1.55556
PLACE_optlc_10708	0	1.55556
PLACE_optlc_5034	0	0.481481
datamem/U923	0	0.774576
datamem/U2719	0	0.904163
datamem/U2737	0	0.954796
datamem/ram_reg_152__2_	0	1.38628
datamem/ram_reg_146__10_	0	0.69787
datamem/U2812	0	0.643499
PLACE_optlc_10647	0	0.555556
PLACE_optlc_4906	0	0.54321
PLACE_optlc_11530	0	1.53086
PLACE_optlc_3171	0	1.55556
PLACE_optlc_4947	0	1.51852
PLACE_optlc_5402	0	0.555556
PLACE_optlc_1961	0	1.55556
datamem/ram_reg_152__8_	0	0.91718
datamem/ram_reg_50__9_	0	0.850729
datamem/ram_reg_16__14_	0	0.831196
PLACE_optlc_10959	0	0.493827
PLACE_optlc_667	0	0.530864
PLACE_optlc_2200	0	1.49383
datamem/ram_reg_16__8_	0	0.590845
datamem/ram_reg_152__11_	0	0.619047
datamem/U358	0	1.0402
datamem/ram_reg_155__7_	0	0.735883
datamem/U2611	0	1.03536
PLACE_optlc_7199	0	0.506173
PLACE_optlc_11570	0	0.530864
PLACE_optlc_6628	0	1.55556
PLACE_optlc_607	0	0.518519
PLACE_optlc_6836	0	1.55556
datamem/ram_reg_154__4_	0	1.86133
datamem/ram_reg_153__8_	0	0.627975
datamem/ram_reg_145__7_	0	1.18961
datamem/ram_reg_27__7_	0	1.97829
datamem/U337	0	0.983167
datamem/ram_reg_154__10_	0	1.44145
datamem/ram_reg_144__4_	0	2.18527
PLACE_optlc_7256	0	1.55556
PLACE_optlc_2942	0	1.55556
PLACE_optlc_10345	0	0.469136
PLACE_optlc_3470	0	1.55556
datamem/ram_reg_18__10_	0	0.591424
datamem/ram_reg_138__10_	0	0.603661
datamem/ram_reg_155__4_	0	0.962793
datamem/ram_reg_17__2_	0	0.899765
datamem/U2996	0	0.73294
datamem/U295	0	1.00888
datamem/U324	0	1.39979
datamem/ram_reg_51__6_	0	1.43218
PLACE_optlc_2063	0	0.54321
PLACE_optlc_6168	0	1.55556
PLACE_optlc_6395	0	0.518519
PLACE_optlc_11820	0	1.53086
PLACE_optlc_3685	0	0.54321
PLACE_optlc_7563	0	1.55556
datamem/ram_reg_152__15_	0	0.772558
datamem/U2763	0	0.933997
PLACE_optlc_12645	0	1.54321
PLACE_optlc_5804	0	1.51852
PLACE_optlc_11996	0	1.55556
PLACE_optlc_7179	0	1.55556
PLACE_optlc_8833	0	1.55556
PLACE_optlc_8692	0	1.55556
datamem/ram_reg_150__8_	0	1.38076
datamem/U634	0	1.00004
datamem/U2765	0	0.638252
datamem/ram_reg_34__9_	0	1.02307
datamem/ram_reg_152__10_	0	0.840756
datamem/U2917	0	0.733935
PLACE_optlc_5953	0	0.555556
PLACE_optlc_3357	0	0.518519
PLACE_optlc_2629	0	0.481481
PLACE_optlc_653	0	1.55556
datamem/ram_reg_17__12_	0	0.598322
datamem/U2764	0	0.755035
datamem/ram_reg_151__4_	0	0.704379
datamem/U2736	0	1.08581
datamem/ram_reg_150__4_	0	0.64581
datamem/ram_reg_165__11_	0	1.16651
datamem/U296	0	0.911427
datamem/ram_reg_50__0_	0	0.843283
PLACE_optlc_8435	0	0.555556
PLACE_optlc_2283	0	0.506173
PLACE_optlc_6070	0	0.555556
PLACE_optlc_9656	0	0.555556
datamem/U2818	0	0.819132
datamem/U311	0	1.02372
datamem/U2507	0	0.733322
datamem/ram_reg_151__5_	0	1.09326
PLACE_optlc_4846	0	1.54321
PLACE_optlc_4770	0	0.555556
PLACE_optlc_4302	0	1.55556
PLACE_optlc_3122	0	0.506173
PLACE_optlc_9375	0	1.55556
PLACE_optlc_8804	0	1.53086
datamem/ram_reg_144__5_	0	0.767361
datamem/U2944	0	1.58956
datamem/ram_reg_152__13_	0	1.46505
datamem/U2489	0	0.945201
datamem/U2757	0	0.981782
datamem/U2769	0	1.14201
datamem/ram_reg_22__0_	0	0.923059
datamem/ram_reg_51__0_	0	0.54091
PLACE_optlc_68	0	0.506173
PLACE_optlc_3787	0	0.518519
PLACE_optlc_5327	0	1.55556
PLACE_optlc_6943	0	0.493827
PLACE_optlc_280	0	1.55556
PLACE_optlc_10219	0	0.469136
PLACE_optlc_1808	0	0.555556
PLACE_optlc_5360	0	1.44444
datamem/U622	0	0.692145
datamem/U299	0	0.78716
datamem/ram_reg_150__5_	0	1.31054
datamem/ram_reg_152__14_	0	1.40686
datamem/U2751	0	0.937674
datamem/U2770	0	0.663314
datamem/ram_reg_155__14_	0	0.806806
datamem/ram_reg_34__12_	0	0.569035
datamem/U2899	0	1.06353
datamem/ram_reg_17__7_	0	0.650525
PLACE_optlc_918	0	0.530864
PLACE_optlc_11035	0	0.555556
PLACE_optlc_6171	0	0.506173
PLACE_optlc_4653	0	0.555556
PLACE_optlc_12245	0	0.555556
PLACE_optlc_2466	0	1.51852
PLACE_optlc_1138	0	1.55556
PLACE_optlc_3378	0	0.444444
PLACE_optlc_11324	0	1.53086
datamem/U2682	0	1.31427
datamem/ram_reg_17__11_	0	0.795282
datamem/ram_reg_137__10_	0	1.19166
datamem/U2647	0	0.959745
PLACE_optlc_6599	0	1.51852
PLACE_optlc_996	0	1.55556
PLACE_optlc_12363	0	1.55556
PLACE_optlc_1644	0	1.51852
PLACE_optlc_6557	0	0.518519
datamem/U2652	0	1.05997
datamem/U350	0	0.928083
datamem/U2773	0	0.97956
PLACE_optlc_2366	0	0.555556
PLACE_optlc_6365	0	1.51852
PLACE_optlc_12365	0	0.493827
PLACE_optlc_9222	0	1.53086
PLACE_optlc_9907	0	1.55556
PLACE_optlc_3588	0	0.493827
PLACE_optlc_4954	0	1.51852
PLACE_optlc_1746	0	0.469136
PLACE_optlc_1148	0	0.518519
datamem/ram_reg_16__5_	0	1.39026
datamem/ram_reg_128__4_	0	0.920517
datamem/U2752	0	1.45123
PLACE_optlc_11182	0	1.54321
PLACE_optlc_6563	0	0.506173
PLACE_optlc_7691	0	1.55556
PLACE_optlc_11309	0	1.55556
PLACE_optlc_11015	0	0.555556
datamem/ram_reg_162__13_	0	1.12102
datamem/ram_reg_50__12_	0	0.838005
datamem/U301	0	0.842025
datamem/ram_reg_152__7_	0	1.39919
datamem/U298	0	0.638418
datamem/ram_reg_153__1_	0	0.714599
PLACE_optlc_11416	0	1.53086
PLACE_optlc_9085	0	0.469136
PLACE_optlc_12064	0	1.49383
PLACE_optlc_2648	0	0.54321
PLACE_optlc_2504	0	1.51852
PLACE_optlc_2557	0	0.54321
PLACE_optlc_10354	0	1.46914
datamem/U2761	0	0.720675
datamem/ram_reg_148__7_	0	0.735718
datamem/U2959	0	0.820139
PLACE_optlc_10248	0	1.55556
PLACE_optlc_10844	0	0.469136
PLACE_optlc_12209	0	0.469136
PLACE_optlc_3099	0	0.469136
PLACE_optlc_3745	0	1.49383
PLACE_optlc_12199	0	1.50617
PLACE_optlc_4640	0	0.469136
datamem/ram_reg_146__5_	0	2.2191
datamem/ram_reg_152__1_	0	2.09072
datamem/U314	0	0.767805
datamem/ram_reg_153__2_	0	1.47535
datamem/U304	0	0.68211
datamem/U310	0	0.807921
PLACE_optlc_9911	0	1.55556
PLACE_optlc_3655	0	1.55556
PLACE_optlc_2934	0	0.518519
PLACE_optlc_10020	0	1.55556
PLACE_optlc_5714	0	0.518519
PLACE_optlc_6036	0	0.506173
PLACE_optlc_9881	0	0.469136
PLACE_optlc_5598	0	1.54321
PLACE_optlc_5185	0	1.55556
datamem/U316	0	0.579109
datamem/ram_reg_35__6_	0	1.25424
datamem/U2629	0	1.0295
datamem/U2758	0	1.41852
PLACE_optlc_1990	0	1.49383
PLACE_optlc_10361	0	1.55556
PLACE_optlc_7486	0	1.45679
PLACE_optlc_7624	0	0.54321
PLACE_optlc_3174	0	0.555556
PLACE_optlc_12698	0	0.54321
PLACE_optlc_10620	0	0.555556
datamem/U914	0	0.620683
PLACE_optlc_12606	0	1.54321
PLACE_optlc_4823	0	1.53086
PLACE_optlc_6782	0	1.51852
PLACE_optlc_6698	0	0.518519
PLACE_optlc_425	0	0.481481
PLACE_optlc_6562	0	0.481481
PLACE_optlc_2418	0	0.493827
PLACE_optlc_9269	0	1.55556
datamem/U2760	0	0.849865
PLACE_optlc_9299	0	1.54321
PLACE_optlc_363	0	1.55556
PLACE_optlc_612	0	0.506173
PLACE_optlc_5247	0	0.518519
PLACE_optlc_93	0	1.53086
datamem/U905	0	1.25718
datamem/U2945	0	1.02993
PLACE_optlc_9847	0	0.469136
PLACE_optlc_10352	0	0.45679
PLACE_optlc_952	0	1.55556
PLACE_optlc_3343	0	0.518519
PLACE_optlc_9441	0	0.469136
PLACE_optlc_8521	0	1.55556
datamem/U306	0	0.817593
datamem/U2776	0	1.10392
PLACE_optlc_6623	0	1.55556
PLACE_optlc_8427	0	1.51852
PLACE_optlc_1741	0	0.530864
PLACE_optlc_1191	0	0.54321
PLACE_optlc_11707	0	1.51852
datamem/U496	0	0.856559
PLACE_optlc_12564	0	0.518519
PLACE_optlc_8424	0	1.53086
PLACE_optlc_4948	0	1.55556
PLACE_optlc_1999	0	1.55556
PLACE_optlc_4727	0	1.51852
PLACE_optlc_11628	0	0.555556
PLACE_optlc_5634	0	1.54321
PLACE_optlc_4945	0	1.54321
PLACE_optlc_8895	0	0.469136
PLACE_optlc_8432	0	1.51852
datamem/ram_reg_32__6_	0	0.948198
datamem/ram_reg_153__5_	0	0.854614
datamem/U2811	0	0.867427
datamem/ram_reg_16__13_	0	1.72801
datamem/ram_reg_17__5_	0	0.844325
datamem/ram_reg_16__7_	0	1.25942
PLACE_optlc_11600	0	1.55556
PLACE_optlc_9087	0	0.530864
PLACE_optlc_1649	0	0.444444
PLACE_optlc_252	0	0.530864
datamem/U352	0	0.702677
datamem/U305	0	1.05003
datamem/ram_reg_145__5_	0	1.43755
PLACE_optlc_9179	0	1.55556
PLACE_optlc_1542	0	0.54321
PLACE_optlc_1543	0	1.51852
PLACE_optlc_9884	0	1.55556
PLACE_optlc_4744	0	0.518519
datamem/U2718	0	1.03838
datamem/U322	0	1.59062
datamem/U494	0	1.45221
PLACE_optlc_8735	0	1.50617
PLACE_optlc_4558	0	1.50617
PLACE_optlc_7541	0	1.53086
PLACE_optlc_5558	0	1.55556
PLACE_optlc_8688	0	1.49383
PLACE_optlc_6137	0	1.53086
datamem/ram_reg_147__10_	0	0.583542
PLACE_optlc_5277	0	0.54321
PLACE_optlc_10761	0	0.530864
PLACE_optlc_2889	0	0.506173
datamem/U321	0	0.891427
PLACE_optlc_8331	0	1.51852
PLACE_optlc_2827	0	1.51852
PLACE_optlc_9713	0	1.51852
PLACE_optlc_4966	0	1.54321
PLACE_optlc_6893	0	0.518519
PLACE_optlc_9430	0	1.55556
PLACE_optlc_7713	0	0.54321
datamem/ram_reg_154__7_	0	0.668993
datamem/ram_reg_163__10_	0	0.823958
datamem/ram_reg_145__10_	0	1.00121
datamem/ram_reg_149__4_	0	0.778746
PLACE_optlc_11286	0	1.54321
PLACE_optlc_2975	0	1.55556
PLACE_optlc_1528	0	1.53086
PLACE_optlc_6180	0	1.55556
datamem/ram_reg_162__14_	0	0.931316
datamem/U319	0	0.824452
PLACE_optlc_6582	0	0.518519
PLACE_optlc_268	0	1.55556
PLACE_optlc_11505	0	1.55556
datamem/U2616	0	1.02073
datamem/ram_reg_17__13_	0	1.39149
datamem/U628	0	1.37728
datamem/U917	0	1.37362
datamem/ram_reg_19__7_	0	1.42836
datamem/ram_reg_50__6_	0	0.63338
PLACE_optlc_10256	0	1.55556
PLACE_optlc_10940	0	0.555556
PLACE_optlc_4750	0	0.54321
PLACE_optlc_9502	0	1.49383
datamem/ram_reg_161__10_	0	1.00322
datamem/ram_reg_17__8_	0	0.616956
datamem/U932	0	0.768924
datamem/U320	0	1.00287
datamem/U625	0	0.830274
PLACE_optlc_10637	0	0.506173
PLACE_optlc_1096	0	0.481481
PLACE_optlc_8142	0	1.51852
PLACE_optlc_10162	0	0.518519
PLACE_optlc_5269	0	1.55556
datamem/U2808	0	0.692014
datamem/ram_reg_17__6_	0	1.06722
datamem/U491	0	0.964444
datamem/ram_reg_151__1_	0	0.625108
datamem/ram_reg_51__9_	0	1.49535
datamem/ram_reg_154__1_	0	0.814066
datamem/U2962	0	0.823426
datamem/ram_reg_27__5_	0	2.09306
datamem/U423	0	0.797743
datamem/ram_reg_153__11_	0	0.62284
datamem/ram_reg_164__14_	0	0.770409
datamem/ram_reg_153__15_	0	0.909255
datamem/ram_reg_27__4_	0	1.58259
PLACE_optlc_1422	0	1.55556
PLACE_optlc_4567	0	1.55556
PLACE_optlc_9368	0	1.53086
PLACE_optlc_2006	0	0.54321
PLACE_optlc_6669	0	0.54321
PLACE_optlc_6086	0	0.555556
PLACE_optlc_4638	0	0.555556
datamem/U2740	0	1.14075
datamem/ram_reg_23__13_	0	0.867658
datamem/ram_reg_165__14_	0	1.0078
datamem/U399	0	0.732735
PLACE_optlc_6161	0	1.50617
PLACE_optlc_3985	0	0.530864
PLACE_optlc_7236	0	0.518519
PLACE_optlc_7036	0	0.54321
PLACE_optlc_7143	0	0.518519
datamem/ram_reg_152__5_	0	0.744035
datamem/U2946	0	0.750775
datamem/U2321	0	1.37538
datamem/U2685	0	0.620486
datamem/U2755	0	0.870482
datamem/U493	0	1.26997
datamem/ram_reg_23__5_	0	0.828191
PLACE_optlc_4427	0	0.518519
PLACE_optlc_7812	0	1.55556
PLACE_optlc_834	0	0.518519
PLACE_optlc_11931	0	1.53086
PLACE_optlc_2834	0	0.518519
PLACE_optlc_831	0	0.518519
datamem/ram_reg_144__10_	0	1.2378
datamem/U640	0	1.04102
datamem/ram_reg_150__7_	0	1.01404
datamem/ram_reg_27__2_	0	1.2815
datamem/ram_reg_17__10_	0	1.39857
datamem/ram_reg_174__1_	0	0.610355
PLACE_optlc_8890	0	1.55556
PLACE_optlc_2023	0	0.555556
PLACE_optlc_12350	0	1.55556
PLACE_optlc_1932	0	0.481481
PLACE_optlc_4140	0	1.54321
PLACE_optlc_452	0	0.518519
PLACE_optlc_122	0	0.481481
datamem/U2716	0	0.761786
datamem/U2734	0	0.578395
datamem/ram_reg_150__2_	0	0.900073
datamem/U422	0	0.993943
datamem/U504	0	1.73166
datamem/U3148	0	1.26101
datamem/ram_reg_163__13_	0	1.16399
PLACE_optlc_7914	0	0.506173
PLACE_optlc_3896	0	0.530864
PLACE_optlc_8314	0	0.555556
PLACE_optlc_10977	0	0.469136
PLACE_optlc_11494	0	1.55556
PLACE_optlc_1931	0	0.481481
PLACE_optlc_4891	0	1.54321
PLACE_optlc_4554	0	1.55556
datamem/U2632	0	0.946211
datamem/U2783	0	0.84287
datamem/U419	0	1.20688
datamem/U2800	0	1.01952
datamem/U490	0	1.76249
datamem/ram_reg_128__10_	0	0.874687
PLACE_optlc_2288	0	0.530864
PLACE_optlc_6147	0	1.55556
PLACE_optlc_5543	0	1.55556
PLACE_optlc_550	0	1.49383
PLACE_optlc_3117	0	0.555556
PLACE_optlc_12272	0	1.55556
PLACE_optlc_3615	0	0.555556
PLACE_optlc_11319	0	1.55556
PLACE_optlc_10641	0	1.49383
PLACE_optlc_10668	0	1.55556
datamem/ram_reg_32__3_	0	0.688503
datamem/ram_reg_35__12_	0	0.717249
datamem/ram_reg_151__7_	0	1.42715
datamem/ram_reg_23__6_	0	0.809838
PLACE_optlc_7763	0	0.506173
PLACE_optlc_3056	0	0.555556
PLACE_optlc_11007	0	0.506173
PLACE_optlc_3016	0	0.518519
PLACE_optlc_11552	0	1.51852
PLACE_optlc_2049	0	1.50617
PLACE_optlc_6304	0	0.493827
PLACE_optlc_2729	0	1.50617
PLACE_optlc_2322	0	0.555556
PLACE_optlc_8767	0	1.55556
datamem/U2823	0	0.613048
datamem/U2790	0	0.547303
datamem/U430	0	0.748731
datamem/ram_reg_145__8_	0	0.751651
datamem/U2778	0	1.03326
PLACE_optlc_5722	0	1.45679
PLACE_optlc_492	0	1.54321
PLACE_optlc_7087	0	0.506173
PLACE_optlc_7258	0	1.55556
PLACE_optlc_170	0	0.518519
PLACE_optlc_6020	0	1.45679
PLACE_optlc_6542	0	0.506173
PLACE_optlc_4281	0	1.54321
PLACE_optlc_8364	0	0.54321
datamem/U497	0	0.670123
datamem/ram_reg_151__8_	0	1.63959
datamem/ram_reg_153__10_	0	0.651543
datamem/U586	0	1.34204
datamem/ram_reg_154__14_	0	1.50512
datamem/ram_reg_152__4_	0	1.02888
datamem/U2700	0	0.64669
datamem/ram_reg_19__10_	0	0.564757
datamem/U2793	0	1.1628
datamem/ram_reg_150__11_	0	0.674622
PLACE_optlc_12065	0	1.54321
PLACE_optlc_7491	0	1.55556
PLACE_optlc_478	0	1.53086
PLACE_optlc_9175	0	0.555556
PLACE_optlc_5015	0	0.555556
PLACE_optlc_11834	0	0.555556
PLACE_optlc_6548	0	0.518519
PLACE_optlc_10235	0	1.53086
PLACE_optlc_11666	0	0.530864
PLACE_optlc_12631	0	1.55556
PLACE_optlc_4165	0	1.53086
PLACE_optlc_4325	0	0.45679
PLACE_optlc_8203	0	1.55556
datamem/ram_reg_27__1_	0	1.06725
datamem/U317	0	0.713241
datamem/U2963	0	1.78403
datamem/U2787	0	0.9088
PLACE_optlc_4526	0	1.55556
PLACE_optlc_4798	0	0.469136
PLACE_optlc_3761	0	0.419753
PLACE_optlc_1677	0	1.54321
PLACE_optlc_7238	0	1.55556
PLACE_optlc_4697	0	1.55556
PLACE_optlc_6327	0	0.54321
PLACE_optlc_11316	0	1.55556
PLACE_optlc_8893	0	1.53086
PLACE_optlc_9009	0	0.530864
datamem/U3136	0	1.63099
datamem/ram_reg_156__1_	0	0.771871
datamem/ram_reg_162__15_	0	1.48507
datamem/U2779	0	0.565853
datamem/ram_reg_51__12_	0	0.588534
datamem/ram_reg_151__2_	0	1.36319
datamem/U2772	0	0.733241
PLACE_optlc_5356	0	1.49383
PLACE_optlc_10026	0	1.46914
PLACE_optlc_1867	0	0.518519
PLACE_optlc_140	0	1.49383
PLACE_optlc_969	0	1.55556
PLACE_optlc_3232	0	0.54321
PLACE_optlc_10435	0	1.46914
PLACE_optlc_1240	0	0.555556
PLACE_optlc_9442	0	0.469136
PLACE_optlc_2153	0	0.555556
PLACE_optlc_8352	0	1.55556
PLACE_optlc_9136	0	0.506173
PLACE_optlc_7902	0	0.54321
PLACE_optlc_12759	0	1.50617
PLACE_optlc_11712	0	0.469136
PLACE_optlc_9714	0	0.493827
PLACE_optlc_12194	0	1.55556
PLACE_optlc_6235	0	0.506173
PLACE_optlc_6805	0	0.555556
PLACE_optlc_5489	0	1.50617
datamem/U2999	0	0.952554
datamem/U2588	0	1.21608
datamem/U428	0	0.836848
datamem/ram_reg_27__8_	0	1.37176
datamem/U2324	0	1.1327
datamem/ram_reg_128__7_	0	0.618542
PLACE_optlc_973	0	0.54321
PLACE_optlc_5977	0	0.518519
PLACE_optlc_3580	0	0.506173
PLACE_optlc_4670	0	0.506173
PLACE_optlc_475	0	1.49383
PLACE_optlc_5552	0	0.54321
datamem/U2670	0	1.25632
datamem/ram_reg_173__7_	0	0.574171
datamem/U908	0	1.46123
datamem/U2923	0	1.24088
PLACE_optlc_3345	0	0.54321
PLACE_optlc_12540	0	1.46914
PLACE_optlc_11495	0	0.469136
PLACE_optlc_8547	0	0.45679
PLACE_optlc_12674	0	0.469136
PLACE_optlc_5728	0	1.55556
datamem/ram_reg_153__4_	0	1.26829
datamem/U355	0	0.711698
datamem/ram_reg_163__14_	0	0.922133
datamem/ram_reg_149__10_	0	0.885444
datamem/ram_reg_50__3_	0	0.775285
PLACE_optlc_11105	0	1.55556
PLACE_optlc_506	0	0.506173
PLACE_optlc_10582	0	0.518519
PLACE_optlc_5609	0	1.55556
PLACE_optlc_8167	0	1.45679
PLACE_optlc_3823	0	0.530864
PLACE_optlc_1789	0	1.49383
PLACE_optlc_6580	0	1.54321
datamem/U583	0	0.883245
datamem/U2733	0	0.748329
datamem/U2634	0	1.41505
U129	0	1.68815
PLACE_optlc_12544	0	0.469136
PLACE_optlc_5765	0	0.506173
PLACE_optlc_9595	0	0.493827
PLACE_optlc_12562	0	0.555556
PLACE_optlc_6345	0	1.44444
PLACE_optlc_10792	0	1.54321
datamem/ram_reg_17__14_	0	0.626659
datamem/ram_reg_128__1_	0	0.831524
datamem/ram_reg_33__6_	0	0.691069
datamem/U2680	0	1.26332
PLACE_optlc_8917	0	1.55556
PLACE_optlc_5354	0	0.481481
PLACE_optlc_9509	0	0.530864
PLACE_optlc_9128	0	1.55556
PLACE_optlc_3914	0	0.506173
PLACE_optlc_12572	0	0.555556
datamem/U425	0	1.32961
datamem/ram_reg_35__9_	0	0.869456
PLACE_optlc_3210	0	1.55556
PLACE_optlc_5138	0	0.481481
PLACE_optlc_2185	0	1.51852
datamem/U911	0	1.02454
datamem/U643	0	0.759529
PLACE_optlc_10085	0	0.518519
PLACE_optlc_6857	0	1.55556
PLACE_optlc_9869	0	1.53086
PLACE_optlc_11976	0	1.55556
PLACE_optlc_6497	0	0.518519
PLACE_optlc_681	0	1.55556
PLACE_optlc_12012	0	1.53086
PLACE_optlc_2573	0	1.55556
datamem/U2650	0	0.613075
datamem/U432	0	1.90495
datamem/U315	0	0.712674
PLACE_optlc_12569	0	1.55556
PLACE_optlc_2107	0	1.55556
PLACE_optlc_1177	0	0.469136
PLACE_optlc_12019	0	0.469136
PLACE_optlc_2696	0	0.530864
PLACE_optlc_4226	0	1.54321
datamem/ram_reg_23__11_	0	1.61867
datamem/U424	0	1.56162
datamem/ram_reg_23__2_	0	1.81328
datamem/ram_reg_27__15_	0	1.15236
PLACE_optlc_10078	0	1.55556
PLACE_optlc_6891	0	0.518519
PLACE_optlc_11807	0	0.469136
PLACE_optlc_6868	0	0.555556
PLACE_optlc_3999	0	1.54321
PLACE_optlc_5574	0	0.530864
PLACE_optlc_1288	0	1.55556
datamem/U2721	0	1.0373
datamem/U2940	0	0.631505
datamem/ram_reg_33__3_	0	0.97385
PLACE_optlc_8112	0	1.54321
PLACE_optlc_9131	0	1.55556
PLACE_optlc_8832	0	0.555556
PLACE_optlc_12059	0	1.54321
PLACE_optlc_6873	0	1.55556
PLACE_optlc_6616	0	1.54321
PLACE_optlc_300	0	1.53086
PLACE_optlc_6244	0	1.55556
datamem/U2981	0	1.04019
datamem/U2743	0	0.860725
PLACE_optlc_6072	0	1.53086
PLACE_optlc_9850	0	1.53086
PLACE_optlc_7477	0	0.518519
PLACE_optlc_9402	0	0.518519
PLACE_optlc_6895	0	1.51852
PLACE_optlc_6442	0	1.51852
datamem/U2739	0	0.754603
datamem/U2614	0	1.46079
datamem/ram_reg_23__8_	0	1.00453
PLACE_optlc_1742	0	1.55556
PLACE_optlc_6650	0	1.55556
PLACE_optlc_8202	0	1.49383
PLACE_optlc_7299	0	0.518519
PLACE_optlc_1634	0	1.53086
datamem/ram_reg_143__1_	0	0.703368
PLACE_optlc_3147	0	1.49383
PLACE_optlc_1925	0	0.530864
PLACE_optlc_9376	0	1.54321
PLACE_optlc_7830	0	1.55556
PLACE_optlc_11133	0	1.53086
PLACE_optlc_2838	0	0.54321
datamem/U499	0	0.584286
datamem/ram_reg_33__0_	0	0.725571
datamem/ram_reg_22__13_	0	1.51618
datamem/ram_reg_149__7_	0	0.596705
PLACE_optlc_11123	0	1.49383
PLACE_optlc_2675	0	0.54321
PLACE_optlc_11468	0	1.54321
PLACE_optlc_9026	0	0.555556
PLACE_optlc_1960	0	0.518519
PLACE_optlc_920	0	1.45679
PLACE_optlc_3311	0	1.55556
PLACE_optlc_272	0	0.555556
PLACE_optlc_4625	0	0.469136
datamem/ram_reg_146__8_	0	0.875505
datamem/U646	0	0.849595
PLACE_optlc_6474	0	1.55556
PLACE_optlc_12588	0	1.55556
PLACE_optlc_11354	0	1.54321
datamem/U473	0	1.82066
datamem/ram_reg_162__9_	0	1.04693
datamem/ram_reg_23__7_	0	1.11505
PLACE_optlc_12346	0	0.518519
PLACE_optlc_4573	0	0.518519
PLACE_optlc_7157	0	1.55556
datamem/ram_reg_26__1_	0	1.73473
datamem/ram_reg_179__1_	0	0.756462
datamem/ram_reg_27__11_	0	0.645586
datamem/U601	0	1.01481
datamem/ram_reg_144__8_	0	0.695004
datamem/ram_reg_23__15_	0	1.52773
PLACE_optlc_8392	0	1.55556
PLACE_optlc_12300	0	1.53086
PLACE_optlc_456	0	1.55556
PLACE_optlc_12130	0	1.55556
datamem/U2534	0	0.755883
datamem/U2725	0	0.939776
datamem/U3185	0	1.28384
datamem/ram_reg_165__13_	0	0.926026
datamem/ram_reg_27__10_	0	1.35926
datamem/U2754	0	0.694144
datamem/ram_reg_142__1_	0	0.9699
PLACE_optlc_7635	0	1.55556
PLACE_optlc_11902	0	0.469136
PLACE_optlc_279	0	0.530864
PLACE_optlc_2822	0	1.55556
PLACE_optlc_5459	0	1.55556
PLACE_optlc_12107	0	0.555556
datamem/U418	0	0.789815
datamem/ram_reg_140__1_	0	2.25838
datamem/U935	0	1.25694
datamem/U323	0	0.742936
datamem/ram_reg_175__1_	0	0.865478
datamem/U2689	0	0.851516
datamem/ram_reg_148__10_	0	0.798005
PLACE_optlc_4564	0	0.54321
PLACE_optlc_1100	0	0.555556
PLACE_optlc_4620	0	1.55556
PLACE_optlc_3483	0	0.555556
PLACE_optlc_2009	0	1.55556
PLACE_optlc_7012	0	1.55556
PLACE_optlc_7077	0	0.555556
datamem/U3221	0	1.00816
datamem/ram_reg_22__5_	0	2.20171
PLACE_optlc_8102	0	1.49383
PLACE_optlc_9421	0	1.55556
PLACE_optlc_8210	0	0.555556
PLACE_optlc_6898	0	0.493827
PLACE_optlc_4451	0	1.51852
PLACE_optlc_108	0	0.54321
PLACE_optlc_1854	0	1.50617
datamem/U427	0	1.04672
datamem/U2905	0	0.946906
datamem/ram_reg_148__5_	0	0.86125
datamem/ram_reg_26__2_	0	1.03519
datamem/U2706	0	1.4622
datamem/ram_reg_151__11_	0	1.0894
PLACE_optlc_5738	0	1.51852
PLACE_optlc_6226	0	0.518519
PLACE_optlc_1248	0	0.518519
PLACE_optlc_5695	0	1.55556
PLACE_optlc_7037	0	0.518519
PLACE_optlc_7288	0	0.469136
PLACE_optlc_787	0	1.49383
datamem/ram_reg_178__1_	0	1.28333
datamem/ram_reg_164__13_	0	1.1022
datamem/ram_reg_167__14_	0	0.991755
PLACE_optlc_7327	0	0.54321
PLACE_optlc_12068	0	1.55556
PLACE_optlc_2041	0	0.518519
PLACE_optlc_1398	0	0.530864
PLACE_optlc_10938	0	1.55556
datamem/ram_reg_148__11_	0	1.33709
datamem/ram_reg_167__13_	0	0.673202
datamem/ram_reg_176__1_	0	2.12242
datamem/ram_reg_160__10_	0	0.776609
datamem/U3035	0	0.758059
datamem/ram_reg_147__8_	0	0.777049
datamem/ram_reg_161__13_	0	1.02199
datamem/U2926	0	1.11325
datamem/ram_reg_148__2_	0	2.04043
datamem/U592	0	1.3577
datamem/ram_reg_48__6_	0	0.714452
datamem/U2686	0	0.758569
PLACE_optlc_8879	0	1.54321
PLACE_optlc_10712	0	0.469136
PLACE_optlc_6601	0	0.419753
PLACE_optlc_3048	0	1.55556
PLACE_optlc_10866	0	1.49383
PLACE_optlc_1130	0	1.55556
PLACE_optlc_532	0	1.55556
datamem/ram_reg_26__4_	0	2.01958
datamem/ram_reg_23__0_	0	1.02996
datamem/U2318	0	1.35909
datamem/ram_reg_23__10_	0	1.7395
datamem/ram_reg_157__1_	0	0.904475
datamem/ram_reg_23__1_	0	1.66101
datamem/ram_reg_158__1_	0	0.575922
datamem/U604	0	0.821636
PLACE_optlc_11404	0	0.481481
PLACE_optlc_3667	0	1.55556
PLACE_optlc_10703	0	1.55556
datamem/ram_reg_49__3_	0	0.640918
datamem/U3166	0	1.14599
datamem/U2327	0	0.551752
datamem/U2782	0	0.736416
PLACE_optlc_8944	0	1.46914
PLACE_optlc_4194	0	1.53086
PLACE_optlc_7248	0	1.51852
PLACE_optlc_8487	0	1.50617
PLACE_optlc_5871	0	1.53086
PLACE_optlc_1450	0	0.518519
PLACE_optlc_4043	0	1.55556
PLACE_optlc_10835	0	1.55556
PLACE_optlc_9698	0	0.506173
datamem/ram_reg_172__1_	0	0.754383
datamem/U2724	0	1.48079
datamem/U2964	0	1.02957
PLACE_optlc_10217	0	1.53086
PLACE_optlc_9660	0	1.55556
PLACE_optlc_6015	0	1.55556
PLACE_optlc_12612	0	1.49383
datamem/ram_reg_26__8_	0	0.760876
datamem/ram_reg_33__12_	0	0.783646
datamem/U3034	0	0.625143
datamem/ram_reg_151__10_	0	0.649522
datamem/ram_reg_129__7_	0	1.04979
datamem/U2998	0	1.00686
PLACE_optlc_5483	0	0.481481
PLACE_optlc_3509	0	0.45679
PLACE_optlc_2519	0	0.54321
PLACE_optlc_5298	0	1.49383
PLACE_optlc_7365	0	0.506173
PLACE_optlc_10029	0	1.53086
PLACE_optlc_8131	0	1.49383
PLACE_optlc_2809	0	1.55556
datamem/ram_reg_23__4_	0	0.544838
datamem/ram_reg_32__12_	0	1.50744
datamem/ram_reg_160__14_	0	1.16487
datamem/ram_reg_159__1_	0	1.04632
PLACE_optlc_2100	0	1.55556
PLACE_optlc_116	0	1.54321
datamem/ram_reg_153__14_	0	0.698985
datamem/ram_reg_166__14_	0	0.792191
datamem/ram_reg_148__8_	0	1.01292
datamem/U500	0	0.697747
datamem/U2703	0	0.705502
datamem/U404	0	1.0214
PLACE_optlc_11078	0	0.555556
PLACE_optlc_4423	0	1.55556
PLACE_optlc_10916	0	1.55556
PLACE_optlc_1663	0	1.54321
PLACE_optlc_8599	0	1.50617
PLACE_optlc_11947	0	0.469136
PLACE_optlc_5385	0	1.55556
datamem/ram_reg_173__1_	0	0.55831
datamem/U472	0	0.741748
datamem/U2683	0	0.708993
PLACE_optlc_4613	0	1.55556
PLACE_optlc_9318	0	1.45679
PLACE_optlc_9181	0	0.555556
PLACE_optlc_10025	0	1.53086
datamem/ram_reg_150__10_	0	1.06868
datamem/ram_reg_48__3_	0	0.896412
datamem/ram_reg_32__9_	0	0.55093
datamem/U2570	0	0.691393
datamem/ram_reg_163__15_	0	2.45575
PLACE_optlc_4003	0	1.51852
PLACE_optlc_5516	0	0.555556
PLACE_optlc_10552	0	0.555556
PLACE_optlc_9681	0	1.53086
PLACE_optlc_2725	0	1.50617
PLACE_optlc_3648	0	1.55556
PLACE_optlc_1000	0	0.555556
PLACE_optlc_1571	0	1.51852
PLACE_optlc_5353	0	0.54321
datamem/U598	0	1.40046
PLACE_optlc_7852	0	0.506173
PLACE_optlc_7709	0	1.50617
PLACE_optlc_9006	0	1.53086
PLACE_optlc_10721	0	0.506173
datamem/U890	0	0.870463
datamem/ram_reg_27__13_	0	1.42305
PLACE_optlc_11308	0	1.53086
PLACE_optlc_8354	0	1.54321
PLACE_optlc_2766	0	0.54321
PLACE_optlc_7443	0	0.54321
PLACE_optlc_1179	0	0.518519
datamem/U401	0	0.708576
datamem/U421	0	0.702728
PLACE_optlc_6118	0	1.55556
PLACE_optlc_3517	0	1.55556
PLACE_optlc_1174	0	1.55556
PLACE_optlc_10282	0	1.54321
PLACE_optlc_5554	0	0.54321
datamem/U872	0	0.998495
datamem/ram_reg_49__6_	0	0.970845
PLACE_optlc_3295	0	1.51852
PLACE_optlc_791	0	0.54321
PLACE_optlc_1953	0	1.54321
PLACE_optlc_10130	0	1.50617
PLACE_optlc_11073	0	1.54321
PLACE_optlc_9018	0	1.53086
PLACE_optlc_3669	0	1.55556
PLACE_optlc_3688	0	0.555556
datamem/U2688	0	0.605718
datamem/U2594	0	0.745363
datamem/U410	0	1.08709
datamem/U2345	0	1.46115
PLACE_optlc_12522	0	0.469136
PLACE_optlc_8681	0	1.55556
PLACE_optlc_2443	0	0.555556
PLACE_optlc_7121	0	0.54321
PLACE_optlc_7669	0	1.55556
PLACE_optlc_7671	0	0.419753
PLACE_optlc_2979	0	1.49383
datamem/ram_reg_149__1_	0	0.933021
datamem/ram_reg_48__0_	0	1.34182
datamem/ram_reg_23__14_	0	0.925706
PLACE_optlc_11720	0	1.55556
PLACE_optlc_6503	0	0.518519
PLACE_optlc_6720	0	0.518519
PLACE_optlc_4667	0	0.506173
PLACE_optlc_1026	0	0.518519
datamem/ram_reg_27__14_	0	1.58352
PLACE_optlc_5630	0	1.51852
PLACE_optlc_7762	0	0.518519
PLACE_optlc_12170	0	0.469136
datamem/U363	0	0.76228
datamem/U3239	0	0.585143
datamem/U2668	0	1.50814
datamem/U475	0	0.847585
PLACE_optlc_4368	0	1.53086
PLACE_optlc_6842	0	1.51852
PLACE_optlc_7988	0	1.54321
PLACE_optlc_2403	0	1.54321
PLACE_optlc_2130	0	1.55556
datamem/U431	0	1.27378
datamem/U407	0	1.26361
PLACE_optlc_1425	0	0.506173
PLACE_optlc_11157	0	0.555556
PLACE_optlc_12124	0	0.493827
PLACE_optlc_11678	0	1.51852
PLACE_optlc_11361	0	1.55556
PLACE_optlc_1825	0	0.555556
datamem/U2841	0	1.37192
datamem/U2644	0	0.607261
datamem/ram_reg_22__11_	0	1.89485
datamem/U2859	0	0.792106
datamem/ram_reg_22__2_	0	1.0988
PLACE_optlc_4157	0	1.51852
PLACE_optlc_2644	0	1.55556
PLACE_optlc_2490	0	0.54321
PLACE_optlc_6910	0	1.49383
datamem/ram_reg_162__12_	0	0.581019
datamem/ram_reg_144__2_	0	0.733229
PLACE_optlc_8641	0	0.555556
PLACE_optlc_7208	0	0.518519
PLACE_optlc_5047	0	0.469136
PLACE_optlc_821	0	0.45679
PLACE_optlc_9457	0	1.50617
PLACE_optlc_9211	0	1.55556
datamem/U2742	0	0.979954
datamem/U400	0	0.818179
datamem/U503	0	0.996451
datamem/ram_reg_143__7_	0	1.77404
datamem/U412	0	0.76294
PLACE_optlc_8924	0	1.51852
PLACE_optlc_8021	0	1.55556
PLACE_optlc_4781	0	1.55556
PLACE_optlc_3279	0	1.55556
PLACE_optlc_7653	0	1.51852
datamem/U417	0	0.674965
datamem/ram_reg_26__10_	0	0.570868
datamem/ram_reg_32__0_	0	0.698194
PLACE_optlc_12432	0	1.48148
PLACE_optlc_5017	0	1.49383
datamem/U2697	0	0.547276
datamem/ram_reg_22__8_	0	1.82577
datamem/ram_reg_23__3_	0	0.884402
PLACE_optlc_11049	0	1.55556
PLACE_optlc_8642	0	0.444444
PLACE_optlc_9387	0	1.50617
PLACE_optlc_11024	0	0.555556
PLACE_optlc_6495	0	1.55556
PLACE_optlc_4343	0	1.51852
PLACE_optlc_4549	0	0.555556
datamem/U479	0	1.37723
datamem/ram_reg_26__5_	0	1.222
datamem/U875	0	1.3565
datamem/ram_reg_177__1_	0	0.9514
PLACE_optlc_7537	0	1.55556
PLACE_optlc_4420	0	0.518519
PLACE_optlc_10425	0	1.55556
datamem/ram_reg_149__5_	0	0.768063
datamem/U3112	0	1.31716
datamem/ram_reg_149__11_	0	0.748437
datamem/ram_reg_26__11_	0	0.74613
datamem/ram_reg_178__7_	0	0.822269
datamem/ram_reg_146__2_	0	0.978356
datamem/U2877	0	0.946312
datamem/U2698	0	0.701427
PLACE_optlc_2693	0	0.530864
PLACE_optlc_9110	0	1.55556
PLACE_optlc_12013	0	0.555556
datamem/ram_reg_163__9_	0	0.842079
datamem/U589	0	0.831169
datamem/ram_reg_141__1_	0	0.670922
datamem/ram_reg_179__7_	0	0.589113
datamem/ram_reg_165__15_	0	0.699147
datamem/ram_reg_22__15_	0	1.09992
datamem/ram_reg_22__1_	0	1.28792
datamem/U2909	0	1.16941
datamem/U2980	0	0.563711
PLACE_optlc_7721	0	1.55556
PLACE_optlc_11844	0	1.54321
PLACE_optlc_6369	0	1.51852
datamem/ram_reg_160__13_	0	0.619757
datamem/U610	0	1.41152
PLACE_optlc_10126	0	1.46914
PLACE_optlc_6182	0	0.54321
PLACE_optlc_982	0	0.518519
PLACE_optlc_10625	0	1.55556
PLACE_optlc_10841	0	0.469136
datamem/ram_reg_22__10_	0	0.842936
datamem/U414	0	1.32361
datamem/ram_reg_166__15_	0	0.70174
datamem/ram_reg_174__7_	0	0.983596
PLACE_optlc_2465	0	1.54321
PLACE_optlc_6908	0	1.54321
PLACE_optlc_3473	0	1.55556
PLACE_optlc_8509	0	1.55556
PLACE_optlc_10022	0	0.530864
datamem/ram_reg_20__5_	0	1.40987
datamem/ram_reg_148__1_	0	0.99527
PLACE_optlc_3775	0	1.55556
PLACE_optlc_1129	0	1.55556
PLACE_optlc_11460	0	0.530864
datamem/ram_reg_26__7_	0	1.61946
datamem/ram_reg_167__15_	0	0.94733
datamem/U2552	0	0.790189
datamem/U406	0	0.712874
PLACE_optlc_5701	0	0.506173
PLACE_optlc_1267	0	0.530864
PLACE_optlc_10865	0	1.53086
PLACE_optlc_2000	0	0.555556
PLACE_optlc_12706	0	0.555556
datamem/U2958	0	1.38887
datamem/U502	0	1.15919
datamem/U478	0	1.08837
datamem/U3017	0	0.936917
datamem/U2704	0	0.601613
datamem/ram_reg_142__7_	0	0.909471
datamem/ram_reg_149__2_	0	1.66625
PLACE_optlc_10554	0	1.53086
PLACE_optlc_6002	0	1.53086
PLACE_optlc_8834	0	0.469136
PLACE_optlc_7188	0	0.555556
PLACE_optlc_5608	0	0.54321
PLACE_optlc_2213	0	1.54321
PLACE_optlc_8556	0	0.555556
PLACE_optlc_3249	0	1.46914
PLACE_optlc_5540	0	0.555556
datamem/U2576	0	0.928187
datamem/U3154	0	0.970135
datamem/ram_reg_139__14_	0	0.927315
PLACE_optlc_2340	0	1.53086
PLACE_optlc_5333	0	0.518519
PLACE_optlc_6790	0	0.518519
PLACE_optlc_9577	0	0.530864
PLACE_optlc_7055	0	0.530864
datamem/U3130	0	1.14586
datamem/ram_reg_149__8_	0	1.35333
datamem/U3227	0	1.26091
datamem/ram_reg_129__10_	0	0.775718
datamem/U893	0	0.69961
datamem/ram_reg_182__1_	0	0.630278
datamem/U869	0	1.32902
PLACE_optlc_3552	0	1.50617
PLACE_optlc_1986	0	1.55556
PLACE_optlc_11267	0	0.555556
PLACE_optlc_889	0	1.49383
PLACE_optlc_10084	0	0.555556
PLACE_optlc_2896	0	0.518519
PLACE_optlc_2977	0	0.469136
PLACE_optlc_8328	0	1.49383
PLACE_optlc_3484	0	0.518519
PLACE_optlc_4635	0	0.518519
PLACE_optlc_11396	0	0.555556
datamem/U2928	0	1.71169
datamem/ram_reg_22__7_	0	1.59786
datamem/U3018	0	1.09835
datamem/U2943	0	1.17511
datamem/U3036	0	1.09927
PLACE_optlc_6125	0	0.555556
PLACE_optlc_4568	0	0.555556
PLACE_optlc_896	0	1.53086
PLACE_optlc_3245	0	0.54321
PLACE_optlc_9432	0	1.53086
datamem/U878	0	0.606806
datamem/U420	0	0.587539
datamem/ram_reg_20__0_	0	2.19266
datamem/ram_reg_21__0_	0	1.02944
datamem/ram_reg_156__7_	0	0.680266
PLACE_optlc_748	0	1.55556
PLACE_optlc_2129	0	1.45679
PLACE_optlc_7966	0	0.555556
PLACE_optlc_1828	0	0.530864
PLACE_optlc_2053	0	0.54321
datamem/U429	0	1.4645
datamem/ram_reg_183__1_	0	0.741161
datamem/ram_reg_159__7_	0	0.868846
datamem/U580	0	1.17117
datamem/ram_reg_23__12_	0	0.618816
datamem/U426	0	0.868426
datamem/ram_reg_24__8_	0	0.600548
PLACE_optlc_11063	0	0.518519
PLACE_optlc_8631	0	1.55556
PLACE_optlc_9424	0	1.53086
PLACE_optlc_2958	0	0.518519
PLACE_optlc_4460	0	1.55556
PLACE_optlc_1237	0	0.518519
PLACE_optlc_7139	0	0.518519
PLACE_optlc_7268	0	0.506173
PLACE_optlc_6716	0	0.530864
PLACE_optlc_7189	0	1.55556
datamem/ram_reg_24__1_	0	0.898256
datamem/U2910	0	0.992315
datamem/ram_reg_145__2_	0	0.94402
datamem/U3245	0	1.29024
datamem/U2883	0	0.785787
PLACE_optlc_5062	0	0.54321
PLACE_optlc_9512	0	1.55556
PLACE_optlc_5661	0	0.54321
PLACE_optlc_6009	0	0.555556
PLACE_optlc_12387	0	0.555556
PLACE_optlc_424	0	0.518519
PLACE_optlc_10814	0	1.55556
PLACE_optlc_5685	0	1.51852
PLACE_optlc_9744	0	1.55556
datamem/ram_reg_140__7_	0	1.49457
datamem/ram_reg_48__9_	0	0.64691
datamem/U3000	0	0.675965
datamem/ram_reg_33__9_	0	0.914074
datamem/ram_reg_129__1_	0	0.691073
datamem/U368	0	1.35003
datamem/ram_reg_161__15_	0	0.845652
datamem/ram_reg_22__4_	0	0.7626
datamem/U2626	0	1.12915
PLACE_optlc_10374	0	0.530864
PLACE_optlc_3629	0	1.55556
PLACE_optlc_5881	0	0.555556
PLACE_optlc_12616	0	1.55556
PLACE_optlc_3573	0	0.518519
PLACE_optlc_10004	0	0.432099
PLACE_optlc_3075	0	1.55556
datamem/ram_reg_161__14_	0	1.01036
datamem/U436	0	0.869772
datamem/U2982	0	0.800409
datamem/U2342	0	1.79679
datamem/U403	0	0.766821
PLACE_optlc_12388	0	0.555556
PLACE_optlc_434	0	0.530864
PLACE_optlc_8176	0	1.49383
PLACE_optlc_3127	0	1.53086
PLACE_optlc_6205	0	0.506173
PLACE_optlc_11137	0	0.493827
PLACE_optlc_4320	0	0.481481
PLACE_optlc_3633	0	0.518519
PLACE_optlc_12113	0	0.54321
datamem/U482	0	0.709552
datamem/U3203	0	1.50717
datamem/U2608	0	1.24606
PLACE_optlc_7658	0	0.481481
PLACE_optlc_3045	0	0.530864
PLACE_optlc_8543	0	0.432099
PLACE_optlc_8224	0	1.49383
PLACE_optlc_11224	0	0.506173
PLACE_optlc_12576	0	0.555556
PLACE_optlc_11274	0	0.555556
PLACE_optlc_746	0	0.419753
PLACE_optlc_12303	0	0.555556
datamem/U2692	0	0.892951
datamem/U881	0	0.503422
datamem/U2540	0	1.0966
datamem/U481	0	1.3613
datamem/ram_reg_160__15_	0	1.47995
PLACE_optlc_7980	0	1.41975
PLACE_optlc_129	0	1.49383
PLACE_optlc_995	0	0.419753
PLACE_optlc_6849	0	0.518519
PLACE_optlc_9027	0	0.555556
PLACE_optlc_2402	0	1.53086
datamem/ram_reg_26__14_	0	0.618719
datamem/U476	0	0.577226
datamem/ram_reg_26__13_	0	0.859371
datamem/ram_reg_158__7_	0	0.601713
PLACE_optlc_2721	0	0.518519
PLACE_optlc_917	0	0.469136
PLACE_optlc_4955	0	1.55556
PLACE_optlc_11593	0	0.555556
PLACE_optlc_10036	0	1.55556
PLACE_optlc_4987	0	1.48148
PLACE_optlc_8573	0	1.53086
datamem/U2701	0	0.599109
datamem/U2908	0	1.09862
PLACE_optlc_5889	0	0.54321
PLACE_optlc_10169	0	0.530864
PLACE_optlc_830	0	0.432099
PLACE_optlc_2784	0	0.555556
PLACE_optlc_4331	0	0.530864
PLACE_optlc_6315	0	1.45679
PLACE_optlc_9449	0	0.555556
PLACE_optlc_5526	0	1.55556
datamem/ram_reg_23__9_	0	1.10307
datamem/U409	0	0.758765
PLACE_optlc_2705	0	1.53086
PLACE_optlc_12284	0	0.481481
PLACE_optlc_11583	0	1.55556
PLACE_optlc_8455	0	1.54321
PLACE_optlc_4322	0	1.55556
PLACE_optlc_2448	0	0.530864
PLACE_optlc_8195	0	0.54321
PLACE_optlc_11472	0	1.53086
PLACE_optlc_3617	0	0.54321
PLACE_optlc_11500	0	1.49383
datamem/ram_reg_26__15_	0	0.594155
datamem/U2865	0	0.894302
datamem/U2710	0	0.607581
PLACE_optlc_693	0	0.555556
PLACE_optlc_3649	0	1.55556
PLACE_optlc_12214	0	1.51852
PLACE_optlc_4483	0	0.518519
PLACE_optlc_11926	0	0.518519
PLACE_optlc_5711	0	1.55556
PLACE_optlc_9431	0	1.49383
PLACE_optlc_11014	0	0.555556
datamem/U2707	0	0.972539
datamem/ram_reg_175__7_	0	0.795941
datamem/ram_reg_49__0_	0	0.588314
datamem/U2937	0	0.797473
datamem/ram_reg_180__1_	0	0.876003
PLACE_optlc_10839	0	1.55556
PLACE_optlc_11824	0	1.45679
PLACE_optlc_77	0	0.506173
PLACE_optlc_3905	0	1.55556
PLACE_optlc_7369	0	1.49383
PLACE_optlc_6071	0	1.53086
PLACE_optlc_9877	0	1.55556
PLACE_optlc_3861	0	0.54321
PLACE_optlc_5929	0	1.49383
PLACE_optlc_232	0	0.518519
PLACE_optlc_5996	0	1.45679
datamem/U2679	0	0.550532
datamem/ram_reg_22__14_	0	0.779421
datamem/ram_reg_48__12_	0	1.29663
datamem/ram_reg_20__9_	0	2.18052
PLACE_optlc_12713	0	1.54321
PLACE_optlc_4450	0	2.49383
PLACE_optlc_7615	0	0.54321
PLACE_optlc_7097	0	1.53086
PLACE_optlc_11805	0	0.555556
PLACE_optlc_8130	0	0.45679
datamem/U381	0	0.980069
datamem/U3257	0	0.797751
datamem/ram_reg_49__9_	0	0.919155
PLACE_optlc_5163	0	0.530864
PLACE_optlc_11310	0	1.55556
PLACE_optlc_8889	0	1.54321
PLACE_optlc_885	0	0.506173
PLACE_optlc_8428	0	0.555556
PLACE_optlc_12498	0	0.555556
PLACE_optlc_8179	0	0.518519
PLACE_optlc_4674	0	1.46914
PLACE_optlc_6255	0	0.530864
PLACE_optlc_10007	0	0.555556
datamem/U413	0	1.07672
datamem/U2829	0	0.781053
datamem/ram_reg_163__12_	0	0.846732
datamem/U374	0	0.728214
PLACE_optlc_3522	0	1.49383
PLACE_optlc_1050	0	1.54321
datamem/U2529	0	1.48701
datamem/ram_reg_20__11_	0	1.08863
PLACE_optlc_12288	0	1.55556
PLACE_optlc_752	0	1.55556
PLACE_optlc_2759	0	1.53086
PLACE_optlc_12060	0	1.49383
PLACE_optlc_3725	0	1.55556
PLACE_optlc_927	0	0.518519
PLACE_optlc_454	0	0.518519
PLACE_optlc_1891	0	0.518519
datamem/U371	0	0.556771
PLACE_optlc_7843	0	0.530864
PLACE_optlc_9542	0	0.45679
PLACE_optlc_6146	0	1.51852
PLACE_optlc_5437	0	0.54321
PLACE_optlc_7983	0	1.55556
PLACE_optlc_9234	0	1.53086
datamem/U3118	0	1.28087
datamem/ram_reg_20__15_	0	0.824657
datamem/U3293	0	1.59826
PLACE_optlc_6766	0	0.555556
PLACE_optlc_5890	0	1.55556
PLACE_optlc_9312	0	1.50617
PLACE_optlc_1135	0	0.54321
PLACE_optlc_10522	0	1.55556
PLACE_optlc_6206	0	0.54321
datamem/U2339	0	0.794456
datamem/ram_reg_164__15_	0	0.8088
datamem/ram_reg_181__7_	0	0.759267
PLACE_optlc_1804	0	1.55556
PLACE_optlc_297	0	1.51852
PLACE_optlc_12454	0	0.555556
PLACE_optlc_3459	0	0.54321
PLACE_optlc_7460	0	0.530864
PLACE_optlc_1979	0	0.493827
PLACE_optlc_9485	0	1.55556
datamem/U364	0	0.786586
datamem/ram_reg_24__10_	0	0.713854
datamem/ram_reg_141__4_	0	0.595992
datamem/U3224	0	0.76816
datamem/U3311	0	0.862434
PLACE_optlc_4908	0	1.55556
PLACE_optlc_8571	0	1.53086
PLACE_optlc_3867	0	0.518519
datamem/ram_reg_138__2_	0	0.968947
datamem/ram_reg_20__8_	0	1.21418
datamem/U2336	0	0.887739
datamem/ram_reg_132__4_	0	0.652091
datamem/ram_reg_143__4_	0	1.02958
datamem/U2635	0	0.936821
PLACE_optlc_10410	0	0.506173
PLACE_optlc_2939	0	0.518519
PLACE_optlc_7008	0	0.555556
PLACE_optlc_334	0	1.55556
PLACE_optlc_10777	0	1.53086
PLACE_optlc_3504	0	1.55556
PLACE_optlc_10192	0	0.555556
datamem/U607	0	1.02914
datamem/ram_reg_24__11_	0	2.3275
datamem/ram_reg_162__6_	0	0.610637
datamem/ram_reg_25__5_	0	0.854471
PLACE_optlc_9039	0	1.51852
PLACE_optlc_7495	0	1.54321
PLACE_optlc_3269	0	0.506173
PLACE_optlc_4890	0	0.530864
PLACE_optlc_8220	0	0.530864
datamem/U2502	0	1.04291
datamem/ram_reg_24__7_	0	1.71166
datamem/U3209	0	0.877369
datamem/ram_reg_139__5_	0	0.987724
datamem/ram_reg_129__4_	0	2.34401
datamem/ram_reg_148__14_	0	0.886543
PLACE_optlc_4155	0	1.54321
PLACE_optlc_12584	0	1.55556
PLACE_optlc_3472	0	0.530864
PLACE_optlc_5300	0	1.54321
PLACE_optlc_7761	0	1.49383
datamem/U443	0	1.44511
datamem/U2728	0	0.990046
datamem/U485	0	1.44041
datamem/ram_reg_20__10_	0	1.33439
datamem/ram_reg_20__1_	0	1.16108
PLACE_optlc_9980	0	1.53086
PLACE_optlc_10528	0	0.555556
PLACE_optlc_9545	0	1.53086
PLACE_optlc_2938	0	1.55556
PLACE_optlc_5104	0	0.518519
PLACE_optlc_2946	0	1.55556
datamem/ram_reg_178__4_	0	1.41586
datamem/ram_reg_138__8_	0	0.825887
datamem/U3191	0	1.54592
datamem/ram_reg_20__7_	0	0.656265
datamem/ram_reg_149__14_	0	0.86875
datamem/ram_reg_141__7_	0	1.04022
datamem/U484	0	1.2578
datamem/ram_reg_151__14_	0	0.587184
PLACE_optlc_2257	0	0.54321
PLACE_optlc_3069	0	1.54321
PLACE_optlc_2147	0	1.45679
PLACE_optlc_5022	0	0.518519
PLACE_optlc_2038	0	1.53086
PLACE_optlc_4178	0	1.55556
datamem/ram_reg_176__7_	0	0.908449
datamem/ram_reg_21__5_	0	0.648812
datamem/ram_reg_150__14_	0	1.82855
datamem/ram_reg_166__13_	0	1.24938
datamem/ram_reg_145__11_	0	1.15016
PLACE_optlc_3892	0	1.53086
PLACE_optlc_6561	0	1.51852
PLACE_optlc_8932	0	1.55556
PLACE_optlc_9865	0	0.469136
PLACE_optlc_6462	0	0.518519
datamem/ram_reg_138__5_	0	0.818997
datamem/ram_reg_181__1_	0	1.05589
datamem/U486	0	0.913299
datamem/U2746	0	0.751061
PLACE_optlc_4433	0	1.55556
PLACE_optlc_8378	0	1.49383
PLACE_optlc_9664	0	1.55556
PLACE_optlc_7085	0	0.518519
PLACE_optlc_10952	0	0.530864
PLACE_optlc_9587	0	1.55556
datamem/ram_reg_20__6_	0	0.66223
datamem/ram_reg_157__7_	0	1.04206
datamem/ram_reg_172__7_	0	0.866211
datamem/ram_reg_132__1_	0	0.918939
datamem/ram_reg_177__7_	0	1.44634
PLACE_optlc_1334	0	1.53086
PLACE_optlc_9895	0	1.53086
PLACE_optlc_9650	0	0.45679
PLACE_optlc_7006	0	0.54321
PLACE_optlc_8335	0	0.518519
datamem/ram_reg_22__12_	0	0.904228
datamem/U2673	0	0.639464
datamem/U2927	0	1.57046
datamem/U2555	0	0.664039
datamem/ram_reg_147__13_	0	0.687731
datamem/ram_reg_24__4_	0	1.06167
datamem/U2961	0	0.681019
datamem/ram_reg_22__6_	0	0.94534
datamem/U3016	0	1.36641
PLACE_optlc_3831	0	0.555556
PLACE_optlc_12716	0	1.49383
PLACE_optlc_4665	0	1.53086
datamem/ram_reg_147__15_	0	1.04626
PLACE_optlc_6886	0	0.45679
PLACE_optlc_11903	0	1.55556
PLACE_optlc_3865	0	1.55556
PLACE_optlc_8676	0	0.469136
PLACE_optlc_2145	0	1.55556
PLACE_optlc_3664	0	1.55556
PLACE_optlc_9565	0	0.45679
datamem/ram_reg_138__14_	0	1.22636
datamem/ram_reg_147__2_	0	0.606914
datamem/U386	0	0.723437
datamem/ram_reg_20__4_	0	0.680552
datamem/U3172	0	1.18779
datamem/ram_reg_157__4_	0	0.71174
datamem/ram_reg_183__7_	0	1.60046
PLACE_optlc_6718	0	1.55556
PLACE_optlc_7019	0	1.55556
PLACE_optlc_8870	0	1.54321
PLACE_optlc_7982	0	0.518519
datamem/U3115	0	1.00394
datamem/U2393	0	1.70394
datamem/U899	0	0.713287
datamem/U2558	0	0.775343
PLACE_optlc_7622	0	0.555556
PLACE_optlc_5259	0	1.51852
PLACE_optlc_7209	0	0.54321
PLACE_optlc_9562	0	1.55556
PLACE_optlc_3236	0	0.506173
PLACE_optlc_836	0	1.55556
PLACE_optlc_2735	0	1.55556
datamem/U378	0	0.565096
datamem/U2591	0	1.17318
PLACE_optlc_6715	0	1.48148
PLACE_optlc_689	0	0.530864
PLACE_optlc_2067	0	0.54321
PLACE_optlc_11350	0	1.55556
datamem/ram_reg_182__7_	0	0.728951
datamem/ram_reg_146__15_	0	0.910637
datamem/ram_reg_22__9_	0	1.12803
datamem/U372	0	1.40439
datamem/ram_reg_22__3_	0	1.0231
datamem/ram_reg_24__2_	0	0.556235
datamem/U896	0	0.726447
PLACE_optlc_11122	0	0.54321
PLACE_optlc_4498	0	1.4321
PLACE_optlc_6390	0	0.469136
PLACE_optlc_3838	0	0.518519
PLACE_optlc_7867	0	1.51852
PLACE_optlc_1545	0	0.518519
PLACE_optlc_5916	0	1.55556
datamem/ram_reg_27__9_	0	1.05003
PLACE_optlc_12103	0	0.555556
PLACE_optlc_12304	0	0.555556
PLACE_optlc_12173	0	0.469136
PLACE_optlc_11115	0	0.506173
PLACE_optlc_6098	0	0.54321
PLACE_optlc_5570	0	0.469136
PLACE_optlc_9551	0	0.555556
datamem/U887	0	1.33163
datamem/ram_reg_49__12_	0	1.8455
datamem/ram_reg_172__4_	0	0.85012
PLACE_optlc_564	0	0.54321
datamem/U2880	0	0.69897
datamem/U446	0	0.926813
datamem/U2390	0	1.12916
PLACE_optlc_10633	0	1.53086
PLACE_optlc_11351	0	1.54321
PLACE_optlc_2165	0	0.518519
PLACE_optlc_412	0	0.518519
PLACE_optlc_11178	0	0.45679
PLACE_optlc_7340	0	0.555556
PLACE_optlc_1983	0	1.55556
datamem/U442	0	0.726582
PLACE_optlc_10573	0	1.55556
PLACE_optlc_10106	0	0.506173
PLACE_optlc_8514	0	0.469136
datamem/ram_reg_20__14_	0	0.694051
datamem/U501	0	1.55248
datamem/U2617	0	0.677897
PLACE_optlc_754	0	0.518519
PLACE_optlc_11146	0	0.444444
PLACE_optlc_2414	0	0.54321
PLACE_optlc_7451	0	1.54321
PLACE_optlc_4513	0	0.54321
PLACE_optlc_10343	0	0.555556
PLACE_optlc_7350	0	0.54321
PLACE_optlc_5822	0	1.55556
datamem/U3281	0	1.03694
datamem/ram_reg_20__13_	0	0.834194
PLACE_optlc_11994	0	1.55556
PLACE_optlc_7328	0	1.55556
PLACE_optlc_6588	0	1.53086
datamem/U458	0	1.33677
datamem/U445	0	1.49267
datamem/ram_reg_180__7_	0	0.855575
datamem/U373	0	1.81769
datamem/ram_reg_24__13_	0	1.04343
PLACE_optlc_3436	0	1.50617
PLACE_optlc_11434	0	1.55556
PLACE_optlc_2622	0	0.518519
PLACE_optlc_2940	0	0.506173
PLACE_optlc_5945	0	1.55556
PLACE_optlc_5568	0	1.55556
PLACE_optlc_5069	0	1.48148
PLACE_optlc_8190	0	1.55556
datamem/ram_reg_159__4_	0	1.53893
datamem/U370	0	1.2495
datamem/ram_reg_20__2_	0	0.811863
datamem/ram_reg_24__15_	0	2.30143
datamem/U2662	0	0.676258
PLACE_optlc_10257	0	1.55556
PLACE_optlc_638	0	1.55556
PLACE_optlc_6991	0	1.54321
PLACE_optlc_10163	0	1.55556
datamem/U402	0	1.25456
datamem/U2499	0	0.594545
datamem/U439	0	1.42409
PLACE_optlc_2702	0	0.493827
PLACE_optlc_8083	0	0.54321
PLACE_optlc_1301	0	0.54321
PLACE_optlc_6095	0	1.49383
datamem/U2847	0	1.41081
PLACE_optlc_3777	0	1.51852
PLACE_optlc_12573	0	1.55556
PLACE_optlc_7796	0	1.55556
PLACE_optlc_11377	0	0.555556
PLACE_optlc_1709	0	1.55556
PLACE_optlc_11427	0	0.555556
PLACE_optlc_2176	0	1.55556
PLACE_optlc_3577	0	0.444444
datamem/U2520	0	0.858688
datamem/U367	0	0.761701
datamem/U411	0	1.34435
datamem/ram_reg_24__0_	0	0.813657
datamem/ram_reg_27__12_	0	1.57007
PLACE_optlc_9635	0	0.469136
PLACE_optlc_8629	0	1.49383
PLACE_optlc_194	0	0.45679
PLACE_optlc_5877	0	0.530864
datamem/U3275	0	1.43346
datamem/ram_reg_21__8_	0	0.773947
datamem/U435	0	0.825552
datamem/U3263	0	0.646466
datamem/ram_reg_151__13_	0	0.799097
PLACE_optlc_4787	0	0.555556
PLACE_optlc_340	0	1.49383
PLACE_optlc_4061	0	0.518519
PLACE_optlc_8953	0	1.55556
datamem/ram_reg_20__12_	0	0.914942
datamem/ram_reg_162__3_	0	0.845629
datamem/U448	0	1.43231
PLACE_optlc_8011	0	1.55556
PLACE_optlc_6220	0	1.53086
PLACE_optlc_12547	0	1.53086
PLACE_optlc_11588	0	0.530864
PLACE_optlc_2285	0	1.55556
PLACE_optlc_4421	0	0.518519
datamem/U369	0	0.839387
datamem/U2931	0	1.46101
datamem/ram_reg_140__4_	0	0.848924
datamem/ram_reg_21__13_	0	0.62794
datamem/U3169	0	0.701412
PLACE_optlc_6547	0	1.55556
PLACE_optlc_9277	0	1.49383
PLACE_optlc_4204	0	1.50617
PLACE_optlc_10756	0	1.55556
PLACE_optlc_9283	0	1.55556
PLACE_optlc_7321	0	0.518519
PLACE_optlc_4753	0	0.54321
datamem/U2844	0	1.13345
datamem/ram_reg_139__11_	0	0.696582
datamem/ram_reg_175__4_	0	0.946894
datamem/ram_reg_139__2_	0	0.847782
datamem/U405	0	0.754074
datamem/U2505	0	1.4605
datamem/ram_reg_21__1_	0	0.844105
datamem/U2675	0	0.766512
PLACE_optlc_10829	0	0.555556
PLACE_optlc_4792	0	1.55556
PLACE_optlc_5280	0	0.555556
PLACE_optlc_5853	0	1.55556
datamem/U2511	0	0.647276
datamem/ram_reg_179__4_	0	0.816933
datamem/ram_reg_144__11_	0	0.718565
PLACE_optlc_7047	0	1.55556
PLACE_optlc_12408	0	0.54321
PLACE_optlc_11335	0	1.55556
PLACE_optlc_3856	0	1.54321
PLACE_optlc_664	0	1.53086
datamem/U2653	0	0.977438
datamem/U3317	0	0.690363
PLACE_optlc_8180	0	1.55556
PLACE_optlc_10716	0	1.55556
PLACE_optlc_6921	0	1.55556
PLACE_optlc_11125	0	1.55556
PLACE_optlc_2941	0	0.555556
PLACE_optlc_914	0	1.51852
PLACE_optlc_9546	0	0.481481
PLACE_optlc_9123	0	0.555556
datamem/U390	0	1.94577
datamem/U2396	0	0.803708
PLACE_optlc_5885	0	0.54321
PLACE_optlc_74	0	0.555556
PLACE_optlc_4737	0	0.555556
PLACE_optlc_10915	0	0.530864
PLACE_optlc_8059	0	1.55556
PLACE_optlc_9557	0	0.469136
PLACE_optlc_3525	0	0.530864
PLACE_optlc_9707	0	0.506173
datamem/ram_reg_151__15_	0	0.902955
datamem/ram_reg_142__4_	0	0.68348
datamem/ram_reg_132__7_	0	0.558248
datamem/U3133	0	1.3537
datamem/ram_reg_175__10_	0	0.764321
datamem/U460	0	0.63022
datamem/U450	0	1.52899
PLACE_optlc_1615	0	0.530864
PLACE_optlc_7819	0	0.54321
PLACE_optlc_6267	0	0.54321
PLACE_optlc_7042	0	1.55556
PLACE_optlc_4374	0	0.518519
PLACE_optlc_12332	0	0.555556
PLACE_optlc_5944	0	0.506173
PLACE_optlc_4095	0	0.54321
PLACE_optlc_6662	0	0.518519
datamem/U3299	0	0.810698
datamem/ram_reg_162__0_	0	1.19591
datamem/U498	0	1.4727
datamem/U2656	0	0.638229
datamem/ram_reg_150__15_	0	0.888758
datamem/ram_reg_136__5_	0	0.896532
PLACE_optlc_12577	0	1.50617
PLACE_optlc_8138	0	0.493827
PLACE_optlc_7989	0	0.530864
PLACE_optlc_11366	0	1.55556
PLACE_optlc_10317	0	1.51852
PLACE_optlc_8278	0	0.493827
PLACE_optlc_3581	0	0.45679
PLACE_optlc_2864	0	0.518519
datamem/U2657	0	1.10486
datamem/U3260	0	0.820679
datamem/U408	0	1.31301
datamem/ram_reg_139__8_	0	0.973484
datamem/ram_reg_25__2_	0	1.28293
datamem/ram_reg_21__11_	0	0.898009
datamem/U377	0	0.565876
PLACE_optlc_9013	0	0.555556
PLACE_optlc_293	0	1.55556
PLACE_optlc_301	0	1.55556
PLACE_optlc_2260	0	0.54321
PLACE_optlc_9287	0	0.530864
PLACE_optlc_495	0	0.518519
PLACE_optlc_1095	0	0.481481
PLACE_optlc_10549	0	0.555556
PLACE_optlc_1400	0	0.518519
PLACE_optlc_670	0	0.481481
PLACE_optlc_2192	0	1.55556
PLACE_optlc_3605	0	0.518519
datamem/U2693	0	0.655085
datamem/U3206	0	0.952346
datamem/ram_reg_146__11_	0	1.04293
datamem/ram_reg_24__5_	0	2.40268
datamem/U3188	0	0.779846
datamem/ram_reg_21__10_	0	0.769286
PLACE_optlc_12352	0	0.555556
PLACE_optlc_6050	0	1.53086
PLACE_optlc_5001	0	0.555556
PLACE_optlc_1547	0	0.555556
PLACE_optlc_11518	0	1.54321
PLACE_optlc_6678	0	1.55556
PLACE_optlc_6723	0	1.55556
PLACE_optlc_192	0	0.45679
PLACE_optlc_3587	0	0.493827
datamem/ram_reg_148__15_	0	0.747677
datamem/U376	0	0.6488
datamem/ram_reg_176__4_	0	0.843376
datamem/ram_reg_25__8_	0	0.677585
datamem/ram_reg_146__13_	0	0.647369
PLACE_optlc_10702	0	0.469136
PLACE_optlc_4913	0	1.55556
PLACE_optlc_5310	0	1.55556
PLACE_optlc_10998	0	1.55556
PLACE_optlc_2540	0	0.54321
PLACE_optlc_4130	0	0.481481
PLACE_optlc_2450	0	1.55556
datamem/U457	0	0.958245
datamem/U461	0	0.572083
PLACE_optlc_1580	0	1.55556
PLACE_optlc_2117	0	0.555556
PLACE_optlc_11386	0	0.506173
PLACE_optlc_6610	0	0.506173
PLACE_optlc_2148	0	1.55556
PLACE_optlc_9237	0	0.555556
PLACE_optlc_400	0	0.518519
PLACE_optlc_3322	0	0.54321
PLACE_optlc_8355	0	0.518519
PLACE_optlc_4438	0	1.50617
datamem/ram_reg_133__1_	0	0.634178
datamem/U437	0	1.16297
datamem/ram_reg_25__4_	0	1.55628
datamem/U2934	0	0.803256
datamem/U392	0	0.636381
PLACE_optlc_1140	0	1.55556
PLACE_optlc_5425	0	0.54321
PLACE_optlc_9733	0	1.55556
PLACE_optlc_12166	0	1.55556
PLACE_optlc_7798	0	1.55556
PLACE_optlc_8089	0	0.530864
PLACE_optlc_2609	0	0.54321
datamem/ram_reg_146__14_	0	0.936285
datamem/U2523	0	1.09542
datamem/ram_reg_173__4_	0	1.87052
datamem/ram_reg_177__4_	0	1.41715
datamem/U365	0	0.811651
PLACE_optlc_11025	0	0.469136
PLACE_optlc_4580	0	0.518519
PLACE_optlc_12342	0	1.55556
PLACE_optlc_12259	0	1.55556
PLACE_optlc_6464	0	1.49383
PLACE_optlc_4514	0	0.54321
PLACE_optlc_4491	0	1.53086
datamem/ram_reg_147__11_	0	0.667442
datamem/U2862	0	1.10308
datamem/U3175	0	1.29515
datamem/ram_reg_20__3_	0	0.755343
PLACE_optlc_10339	0	0.555556
PLACE_optlc_4056	0	1.55556
PLACE_optlc_4054	0	1.48148
PLACE_optlc_8197	0	0.54321
PLACE_optlc_10132	0	1.55556
PLACE_optlc_11611	0	1.53086
PLACE_optlc_7016	0	1.55556
PLACE_optlc_9416	0	1.55556
PLACE_optlc_4392	0	1.55556
PLACE_optlc_8998	0	0.481481
PLACE_optlc_8829	0	1.55556
PLACE_optlc_3749	0	0.530864
datamem/ram_reg_133__7_	0	0.619271
datamem/U2469	0	1.2453
datamem/U2729	0	0.628167
datamem/ram_reg_25__7_	0	1.54046
datamem/U2466	0	1.27061
PLACE_optlc_10173	0	0.555556
PLACE_optlc_11435	0	0.469136
datamem/U447	0	0.594363
datamem/ram_reg_25__10_	0	0.562944
datamem/U2537	0	0.926562
datamem/ram_reg_25__1_	0	2.27264
datamem/ram_reg_21__3_	0	0.954387
datamem/ram_reg_21__9_	0	0.955775
datamem/ram_reg_180__4_	0	1.49949
PLACE_optlc_5548	0	0.518519
PLACE_optlc_4600	0	1.49383
PLACE_optlc_11621	0	0.555556
PLACE_optlc_6545	0	1.51852
PLACE_optlc_6532	0	1.55556
PLACE_optlc_6130	0	1.49383
PLACE_optlc_4772	0	0.555556
PLACE_optlc_5281	0	1.55556
PLACE_optlc_10642	0	1.55556
datamem/ram_reg_136__8_	0	1.10186
datamem/ram_reg_183__4_	0	0.899857
datamem/U2747	0	0.607176
datamem/U2745	0	0.610424
datamem/U3121	0	1.17391
PLACE_optlc_1665	0	0.419753
PLACE_optlc_2599	0	1.54321
PLACE_optlc_2082	0	1.55556
PLACE_optlc_7361	0	0.419753
PLACE_optlc_9049	0	1.55556
datamem/U2826	0	0.756647
datamem/U3314	0	0.714545
datamem/U2655	0	0.751879
datamem/U393	0	0.83142
datamem/ram_reg_182__4_	0	0.970536
PLACE_optlc_3563	0	0.555556
PLACE_optlc_10195	0	1.51852
PLACE_optlc_261	0	1.45679
PLACE_optlc_597	0	0.555556
PLACE_optlc_8078	0	0.530864
PLACE_optlc_75	0	1.55556
PLACE_optlc_1292	0	0.555556
PLACE_optlc_4432	0	0.54321
PLACE_optlc_3139	0	1.55556
PLACE_optlc_8587	0	1.53086
PLACE_optlc_9097	0	0.530864
PLACE_optlc_1311	0	0.518519
PLACE_optlc_7917	0	0.555556
PLACE_optlc_6181	0	1.55556
PLACE_optlc_120	0	0.530864
datamem/U3242	0	1.35896
datamem/ram_reg_158__4_	0	1.07267
datamem/U394	0	0.649259
datamem/ram_reg_139__15_	0	1.04449
datamem/U389	0	1.12924
datamem/U454	0	0.964468
PLACE_optlc_2956	0	0.555556
PLACE_optlc_8782	0	0.555556
PLACE_optlc_467	0	0.530864
PLACE_optlc_11768	0	0.45679
PLACE_optlc_7308	0	0.493827
PLACE_optlc_1051	0	1.49383
PLACE_optlc_5431	0	1.51852
datamem/U2526	0	1.05877
datamem/U2517	0	1.07556
datamem/U2573	0	0.834178
datamem/U366	0	0.744298
datamem/U375	0	0.887164
PLACE_optlc_3379	0	0.518519
PLACE_optlc_5539	0	0.518519
PLACE_optlc_5154	0	0.506173
PLACE_optlc_5475	0	1.55556
PLACE_optlc_11984	0	0.530864
PLACE_optlc_4936	0	0.518519
PLACE_optlc_2689	0	0.54321
PLACE_optlc_2297	0	1.51852
PLACE_optlc_5586	0	1.40741
PLACE_optlc_9872	0	0.530864
PLACE_optlc_6592	0	0.518519
datamem/U455	0	0.720243
datamem/ram_reg_24__9_	0	0.47963
datamem/ram_reg_24__14_	0	0.55787
datamem/ram_reg_24__12_	0	1.22122
datamem/U384	0	0.747986
PLACE_optlc_12494	0	1.51852
PLACE_optlc_4150	0	0.555556
PLACE_optlc_12049	0	0.530864
PLACE_optlc_7329	0	1.45679
PLACE_optlc_3710	0	2.55556
PLACE_optlc_922	0	1.55556
PLACE_optlc_9747	0	1.49383
PLACE_optlc_3590	0	1.55556
PLACE_optlc_9737	0	1.55556
datamem/ram_reg_172__10_	0	1.52805
datamem/ram_reg_25__0_	0	1.21495
U128	0	0.915914
PLACE_optlc_6000	0	0.518519
PLACE_optlc_3308	0	0.506173
PLACE_optlc_11876	0	0.469136
PLACE_optlc_726	0	1.51852
PLACE_optlc_7494	0	1.51852
datamem/U2621	0	0.813102
datamem/U440	0	1.32266
datamem/U3139	0	1.47245
datamem/ram_reg_144__15_	0	0.824136
datamem/ram_reg_181__4_	0	0.797357
PLACE_optlc_3828	0	0.54321
PLACE_optlc_9071	0	0.469136
PLACE_optlc_11567	0	1.55556
PLACE_optlc_5743	0	1.55556
PLACE_optlc_8046	0	1.55556
PLACE_optlc_8376	0	1.55556
datamem/ram_reg_21__14_	0	0.849965
datamem/ram_reg_156__4_	0	2.30594
datamem/U465	0	1.71295
datamem/ram_reg_21__12_	0	1.72335
PLACE_optlc_9709	0	0.54321
PLACE_optlc_7243	0	0.54321
PLACE_optlc_10800	0	0.506173
PLACE_optlc_2869	0	0.518519
PLACE_optlc_10224	0	0.45679
PLACE_optlc_8287	0	1.55556
PLACE_optlc_11937	0	1.55556
PLACE_optlc_3185	0	1.53086
PLACE_optlc_1780	0	0.54321
PLACE_optlc_9466	0	0.506173
PLACE_optlc_10658	0	1.55556
datamem/U463	0	0.944051
datamem/U382	0	1.51091
datamem/U2530	0	1.38241
datamem/U466	0	0.626501
PLACE_optlc_1758	0	0.530864
PLACE_optlc_1438	0	1.51852
PLACE_optlc_1864	0	0.493827
PLACE_optlc_5150	0	1.51852
PLACE_optlc_12626	0	0.54321
PLACE_optlc_8965	0	1.40741
PLACE_optlc_11368	0	1.55556
datamem/U2408	0	1.23421
datamem/ram_reg_174__4_	0	1.24828
datamem/U391	0	0.689059
datamem/U468	0	0.944117
PLACE_optlc_12607	0	1.55556
PLACE_optlc_11445	0	0.555556
PLACE_optlc_9320	0	1.53086
PLACE_optlc_10973	0	0.555556
PLACE_optlc_4083	0	1.55556
PLACE_optlc_9600	0	0.493827
PLACE_optlc_5845	0	1.54321
PLACE_optlc_10556	0	1.55556
datamem/U467	0	0.965116
datamem/ram_reg_173__10_	0	1.11808
datamem/U2671	0	0.785556
datamem/U3296	0	1.82342
PLACE_optlc_4145	0	0.54321
PLACE_optlc_145	0	0.518519
PLACE_optlc_5648	0	0.45679
PLACE_optlc_7546	0	0.555556
PLACE_optlc_4614	0	1.55556
PLACE_optlc_447	0	1.49383
PLACE_optlc_8217	0	1.54321
datamem/U2463	0	1.00937
datamem/U2638	0	1.39822
datamem/U190	0	0.724518
PLACE_optlc_6915	0	1.50617
PLACE_optlc_7931	0	1.55556
PLACE_optlc_1308	0	1.55556
PLACE_optlc_9429	0	0.555556
PLACE_optlc_9192	0	1.49383
PLACE_optlc_12314	0	0.555556
PLACE_optlc_1056	0	1.55556
PLACE_optlc_6115	0	1.45679
PLACE_optlc_7820	0	1.54321
PLACE_optlc_7724	0	0.481481
PLACE_optlc_3713	0	1.51852
PLACE_optlc_7234	0	0.530864
PLACE_optlc_409	0	1.55556
PLACE_optlc_10342	0	0.469136
datamem/ram_reg_25__12_	0	0.884703
datamem/ram_reg_25__15_	0	1.03024
datamem/ram_reg_21__2_	0	2.20848
datamem/ram_reg_25__13_	0	1.24793
PLACE_optlc_1150	0	1.55556
PLACE_optlc_11269	0	0.530864
PLACE_optlc_10308	0	1.45679
PLACE_optlc_4384	0	1.50617
PLACE_optlc_7834	0	1.55556
PLACE_optlc_7941	0	0.530864
PLACE_optlc_4162	0	0.54321
PLACE_optlc_661	0	1.53086
PLACE_optlc_2876	0	0.54321
datamem/ram_reg_163__3_	0	0.747878
datamem/ram_reg_143__10_	0	0.726991
datamem/ram_reg_24__3_	0	0.708137
PLACE_optlc_12310	0	0.555556
PLACE_optlc_367	0	1.55556
PLACE_optlc_7809	0	0.530864
PLACE_optlc_8517	0	0.469136
PLACE_optlc_7164	0	1.55556
PLACE_optlc_12195	0	0.469136
datamem/U2417	0	1.0878
datamem/ram_reg_138__13_	0	0.572967
datamem/ram_reg_25__11_	0	1.17514
datamem/ram_reg_133__4_	0	0.778067
datamem/ram_reg_163__6_	0	0.798588
datamem/ram_reg_25__14_	0	0.77706
datamem/U3278	0	1.10892
datamem/ram_reg_21__15_	0	1.11107
PLACE_optlc_10266	0	1.53086
PLACE_optlc_4972	0	0.54321
PLACE_optlc_7621	0	1.55556
PLACE_optlc_555	0	0.481481
PLACE_optlc_3934	0	0.530864
PLACE_optlc_7450	0	1.55556
PLACE_optlc_10479	0	1.55556
PLACE_optlc_12400	0	0.555556
PLACE_optlc_10679	0	1.49383
datamem/ram_reg_135__4_	0	0.732658
datamem/ram_reg_137__8_	0	0.629583
PLACE_optlc_7475	0	0.493827
PLACE_optlc_12206	0	0.555556
PLACE_optlc_245	0	1.53086
PLACE_optlc_1678	0	0.555556
PLACE_optlc_8781	0	0.469136
datamem/ram_reg_138__11_	0	1.09645
datamem/ram_reg_139__13_	0	0.84564
datamem/ram_reg_174__10_	0	1.02023
datamem/ram_reg_149__15_	0	1.60477
PLACE_optlc_6097	0	1.55556
PLACE_optlc_4289	0	1.41975
PLACE_optlc_4685	0	1.53086
PLACE_optlc_11658	0	1.54321
PLACE_optlc_11109	0	1.51852
PLACE_optlc_10120	0	0.555556
PLACE_optlc_2923	0	0.518519
PLACE_optlc_5421	0	1.54321
datamem/ram_reg_4__5_	0	0.77488
datamem/ram_reg_157__10_	0	0.734649
datamem/ram_reg_137__5_	0	0.636755
datamem/U2484	0	1.47166
PLACE_optlc_5756	0	0.45679
PLACE_optlc_376	0	0.54321
datamem/ram_reg_136__2_	0	2.35534
PLACE_optlc_4771	0	1.55556
PLACE_optlc_3007	0	0.54321
PLACE_optlc_7125	0	1.54321
PLACE_optlc_1642	0	0.518519
datamem/ram_reg_142__10_	0	0.69951
datamem/ram_reg_10__11_	0	0.779587
datamem/ram_reg_145__14_	0	1.60127
PLACE_optlc_6027	0	1.55556
PLACE_optlc_2730	0	1.50617
PLACE_optlc_12024	0	1.51852
PLACE_optlc_4682	0	1.55556
PLACE_optlc_1154	0	1.55556
PLACE_optlc_4973	0	1.55556
datamem/ram_reg_10__5_	0	1.31061
datamem/U449	0	1.37257
datamem/U2691	0	0.837249
datamem/U385	0	1.09841
datamem/U2674	0	1.2575
datamem/U2727	0	0.810972
datamem/ram_reg_176__10_	0	0.860123
PLACE_optlc_1468	0	0.54321
PLACE_optlc_8468	0	0.506173
PLACE_optlc_10429	0	0.493827
datamem/U453	0	0.871451
datamem/U80	0	0.59701
datamem/ram_reg_21__7_	0	0.984433
datamem/U2597	0	0.925633
datamem/U2414	0	0.995856
PLACE_optlc_5231	0	0.493827
PLACE_optlc_1685	0	0.555556
PLACE_optlc_6584	0	0.530864
PLACE_optlc_3490	0	1.55556
PLACE_optlc_773	0	1.55556
datamem/U444	0	1.07689
datamem/ram_reg_150__13_	0	1.08488
datamem/U3212	0	1.86592
datamem/U456	0	0.638125
datamem/ram_reg_148__13_	0	2.29677
PLACE_optlc_5344	0	1.50617
PLACE_optlc_5341	0	1.53086
PLACE_optlc_1525	0	0.555556
datamem/U2487	0	1.60717
datamem/ram_reg_10__8_	0	1.78446
datamem/ram_reg_160__3_	0	0.752303
datamem/U2543	0	0.89625
datamem/U184	0	0.602338
PLACE_optlc_6322	0	1.51852
PLACE_optlc_6337	0	0.518519
PLACE_optlc_8603	0	0.469136
PLACE_optlc_3986	0	0.493827
datamem/U395	0	1.34718
datamem/U186	0	1.02024
datamem/U2952	0	0.609653
datamem/ram_reg_144__13_	0	0.667616
PLACE_optlc_5729	0	0.518519
PLACE_optlc_7978	0	0.555556
PLACE_optlc_8276	0	1.49383
datamem/ram_reg_145__15_	0	0.727373
datamem/U3194	0	1.29853
datamem/ram_reg_159__10_	0	1.52927
datamem/U2619	0	0.564383
datamem/U189	0	0.559934
datamem/ram_reg_135__1_	0	0.620243
PLACE_optlc_2437	0	0.555556
PLACE_optlc_174	0	0.506173
PLACE_optlc_1886	0	0.555556
PLACE_optlc_4764	0	0.555556
PLACE_optlc_592	0	1.55556
datamem/ram_reg_10__4_	0	1.57056
datamem/ram_reg_181__10_	0	0.883287
datamem/ram_reg_140__10_	0	1.28014
PLACE_optlc_11498	0	0.518519
PLACE_optlc_10562	0	1.53086
PLACE_optlc_12298	0	1.55556
PLACE_optlc_677	0	0.555556
PLACE_optlc_9008	0	0.469136
PLACE_optlc_7484	0	0.506173
PLACE_optlc_10055	0	0.469136
PLACE_optlc_8054	0	0.506173
datamem/ram_reg_147__14_	0	1.24938
datamem/ram_reg_177__10_	0	0.642022
datamem/ram_reg_10__2_	0	1.2927
datamem/U3320	0	0.772685
PLACE_optlc_6064	0	0.506173
PLACE_optlc_11988	0	1.55556
PLACE_optlc_12240	0	1.50617
PLACE_optlc_104	0	0.518519
datamem/ram_reg_133__10_	0	0.723098
datamem/U192	0	0.771794
datamem/ram_reg_21__6_	0	0.627253
datamem/U183	0	0.670367
PLACE_optlc_1161	0	1.55556
PLACE_optlc_2637	0	0.555556
PLACE_optlc_8656	0	1.53086
PLACE_optlc_12243	0	0.530864
PLACE_optlc_11579	0	1.55556
PLACE_optlc_11560	0	1.54321
PLACE_optlc_10481	0	0.555556
datamem/U3302	0	0.980374
datamem/ram_reg_21__4_	0	2.32242
datamem/U2512	0	0.94066
datamem/ram_reg_132__10_	0	0.607566
datamem/U3157	0	1.00659
datamem/ram_reg_4__6_	0	1.07679
datamem/ram_reg_168__6_	0	2.02414
datamem/ram_reg_25__3_	0	1.02058
datamem/ram_reg_10__7_	0	1.25136
PLACE_optlc_10820	0	1.55556
PLACE_optlc_5031	0	1.49383
PLACE_optlc_11929	0	0.555556
PLACE_optlc_5908	0	0.54321
PLACE_optlc_10313	0	1.53086
datamem/ram_reg_10__1_	0	0.84436
datamem/U3240	0	1.44431
datamem/ram_reg_179__2_	0	1.43742
PLACE_optlc_6679	0	0.45679
PLACE_optlc_12485	0	1.54321
PLACE_optlc_5866	0	0.395062
PLACE_optlc_6213	0	0.518519
PLACE_optlc_7644	0	1.55556
PLACE_optlc_9033	0	1.55556
PLACE_optlc_10758	0	1.55556
PLACE_optlc_2921	0	1.44444
PLACE_optlc_6175	0	1.51852
datamem/U383	0	1.51215
datamem/U2850	0	1.40008
datamem/ram_reg_145__13_	0	1.16262
datamem/U489	0	0.552654
datamem/U3151	0	1.7582
PLACE_optlc_4088	0	1.51852
PLACE_optlc_12114	0	1.55556
PLACE_optlc_660	0	1.55556
PLACE_optlc_1787	0	0.530864
PLACE_optlc_11041	0	0.555556
PLACE_optlc_3491	0	0.506173
PLACE_optlc_9023	0	0.506173
datamem/U2955	0	1.1765
datamem/U2444	0	1.44757
datamem/U2827	0	1.26323
datamem/U2561	0	1.33203
datamem/ram_reg_10__10_	0	1.44041
datamem/U438	0	0.852882
PLACE_optlc_3197	0	0.518519
PLACE_optlc_3640	0	0.555556
PLACE_optlc_1386	0	1.55556
PLACE_optlc_3625	0	0.358025
PLACE_optlc_4306	0	1.49383
PLACE_optlc_3008	0	0.555556
PLACE_optlc_7873	0	0.555556
PLACE_optlc_1197	0	0.518519
datamem/U2579	0	1.13764
datamem/U387	0	0.561076
PLACE_optlc_6384	0	0.54321
PLACE_optlc_5918	0	1.55556
PLACE_optlc_7915	0	0.555556
PLACE_optlc_7647	0	0.506173
PLACE_optlc_6919	0	0.555556
PLACE_optlc_6935	0	0.54321
PLACE_optlc_5752	0	1.53086
PLACE_optlc_7295	0	0.493827
PLACE_optlc_9336	0	1.55556
datamem/U2411	0	0.573769
datamem/ram_reg_183__10_	0	0.932168
datamem/U2508	0	0.618002
PLACE_optlc_12627	0	0.506173
PLACE_optlc_470	0	0.493827
PLACE_optlc_6138	0	0.518519
PLACE_optlc_7192	0	1.55556
PLACE_optlc_6192	0	1.45679
PLACE_optlc_5688	0	1.54321
PLACE_optlc_9831	0	0.469136
PLACE_optlc_4301	0	1.55556
PLACE_optlc_582	0	0.518519
PLACE_optlc_11131	0	1.54321
datamem/U79	0	1.2002
datamem/ram_reg_169__6_	0	1.71115
datamem/U2528	0	1.49222
datamem/U193	0	0.805984
datamem/U2510	0	1.50963
datamem/ram_reg_27__0_	0	1.21867
datamem/ram_reg_182__10_	0	2.20299
datamem/ram_reg_10__14_	0	0.752712
PLACE_optlc_4298	0	0.518519
PLACE_optlc_2713	0	0.45679
PLACE_optlc_856	0	0.54321
PLACE_optlc_2238	0	0.54321
PLACE_optlc_11577	0	0.555556
PLACE_optlc_8809	0	0.530864
datamem/U2711	0	0.730926
datamem/ram_reg_180__10_	0	0.924595
datamem/ram_reg_138__15_	0	1.75431
datamem/U464	0	0.577596
PLACE_optlc_8524	0	0.345679
PLACE_optlc_3243	0	0.54321
datamem/U2399	0	0.94314
datamem/ram_reg_158__10_	0	0.575258
PLACE_optlc_9335	0	1.55556
PLACE_optlc_7858	0	1.55556
PLACE_optlc_7739	0	0.506173
PLACE_optlc_9608	0	1.55556
PLACE_optlc_11349	0	0.530864
datamem/U396	0	0.707091
datamem/ram_reg_10__13_	0	1.00676
datamem/U492	0	1.61456
datamem/U2447	0	1.2331
datamem/U462	0	0.728314
datamem/ram_reg_10__15_	0	1.45753
PLACE_optlc_11238	0	1.55556
PLACE_optlc_12091	0	1.55556
PLACE_optlc_9596	0	1.53086
PLACE_optlc_12508	0	1.55556
PLACE_optlc_7452	0	0.555556
PLACE_optlc_11456	0	0.506173
PLACE_optlc_10037	0	0.555556
PLACE_optlc_9900	0	0.469136
datamem/ram_reg_4__13_	0	1.22453
datamem/U441	0	1.25066
datamem/U187	0	0.560671
PLACE_optlc_369	0	1.54321
PLACE_optlc_2034	0	0.518519
PLACE_optlc_3942	0	0.45679
PLACE_optlc_8290	0	0.54321
PLACE_optlc_9493	0	1.46914
datamem/U483	0	1.75645
datamem/ram_reg_27__3_	0	0.661296
PLACE_optlc_8935	0	0.555556
PLACE_optlc_3113	0	0.493827
PLACE_optlc_1851	0	1.53086
datamem/U89	0	0.595606
datamem/U83	0	1.27618
PLACE_optlc_8155	0	0.518519
PLACE_optlc_12262	0	1.55556
PLACE_optlc_10397	0	0.555556
PLACE_optlc_5426	0	1.44444
PLACE_optlc_9896	0	1.55556
PLACE_optlc_4882	0	1.54321
PLACE_optlc_9960	0	0.555556
PLACE_optlc_6223	0	1.54321
PLACE_optlc_12327	0	1.55556
PLACE_optlc_7551	0	0.530864
PLACE_optlc_8216	0	1.54321
datamem/U388	0	0.854263
datamem/ram_reg_156__8_	0	0.552172
datamem/ram_reg_141__10_	0	0.717384
datamem/U3266	0	0.688137
PLACE_optlc_4212	0	1.49383
PLACE_optlc_12644	0	0.54321
PLACE_optlc_10547	0	0.555556
PLACE_optlc_1369	0	0.530864
PLACE_optlc_1296	0	1.51852
datamem/ram_reg_25__9_	0	1.42438
datamem/ram_reg_26__12_	0	0.695224
datamem/U2824	0	0.558951
datamem/U2639	0	1.47348
datamem/ram_reg_156__5_	0	1.10853
PLACE_optlc_12345	0	0.555556
PLACE_optlc_1846	0	0.481481
PLACE_optlc_6204	0	1.55556
PLACE_optlc_5632	0	0.530864
PLACE_optlc_5064	0	1.53086
datamem/U2481	0	0.973306
datamem/ram_reg_4__15_	0	2.24923
PLACE_optlc_4817	0	1.55556
PLACE_optlc_7766	0	0.54321
PLACE_optlc_1319	0	0.555556
PLACE_optlc_4144	0	0.54321
PLACE_optlc_11116	0	1.55556
PLACE_optlc_8710	0	0.481481
PLACE_optlc_4932	0	1.55556
datamem/ram_reg_24__6_	0	1.00669
datamem/U3294	0	0.618229
datamem/U3099	0	0.883661
datamem/ram_reg_146__9_	0	1.0618
datamem/U2898	0	1.11539
PLACE_optlc_11774	0	0.555556
PLACE_optlc_4755	0	0.506173
PLACE_optlc_9571	0	0.469136
PLACE_optlc_12086	0	1.53086
PLACE_optlc_6934	0	0.518519
PLACE_optlc_8398	0	0.555556
PLACE_optlc_5518	0	0.54321
PLACE_optlc_11753	0	1.55556
datamem/U87	0	1.42754
datamem/ram_reg_179__10_	0	0.810918
datamem/U2949	0	0.879645
datamem/ram_reg_135__7_	0	0.82289
datamem/U3284	0	1.40968
PLACE_optlc_7250	0	0.506173
PLACE_optlc_486	0	0.54321
PLACE_optlc_1874	0	1.54321
PLACE_optlc_8918	0	0.530864
PLACE_optlc_1390	0	0.555556
PLACE_optlc_3427	0	0.530864
PLACE_optlc_1712	0	1.55556
PLACE_optlc_957	0	0.530864
PLACE_optlc_2990	0	0.493827
PLACE_optlc_1393	0	0.469136
datamem/ram_reg_171__3_	0	0.963877
datamem/U2521	0	0.698576
PLACE_optlc_5800	0	1.55556
PLACE_optlc_579	0	0.555556
PLACE_optlc_7538	0	0.54321
PLACE_optlc_5220	0	1.54321
PLACE_optlc_8557	0	1.49383
PLACE_optlc_11594	0	1.46914
PLACE_optlc_1221	0	1.55556
PLACE_optlc_2272	0	0.518519
datamem/ram_reg_178__10_	0	0.637157
datamem/ram_reg_136__15_	0	0.642303
datamem/ram_reg_4__8_	0	0.724745
datamem/ram_reg_11__11_	0	0.663808
datamem/ram_reg_170__6_	0	0.963731
PLACE_optlc_12410	0	1.53086
PLACE_optlc_3194	0	1.55556
PLACE_optlc_6598	0	1.55556
PLACE_optlc_1849	0	0.493827
PLACE_optlc_8373	0	1.55556
PLACE_optlc_3796	0	0.506173
PLACE_optlc_4731	0	1.55556
datamem/U3045	0	0.706516
datamem/ram_reg_163__0_	0	0.625895
datamem/ram_reg_136__14_	0	0.697724
datamem/ram_reg_136__13_	0	0.901551
datamem/ram_reg_156__2_	0	1.26097
datamem/U85	0	0.792434
PLACE_optlc_10965	0	1.55556
PLACE_optlc_8535	0	0.481481
PLACE_optlc_5085	0	0.530864
PLACE_optlc_6476	0	0.493827
datamem/ram_reg_137__2_	0	1.46392
datamem/U2886	0	0.629518
datamem/ram_reg_149__13_	0	0.589105
datamem/ram_reg_136__11_	0	0.779066
datamem/U196	0	0.844753
PLACE_optlc_2987	0	0.54321
PLACE_optlc_988	0	0.555556
PLACE_optlc_7822	0	1.55556
PLACE_optlc_10446	0	1.54321
PLACE_optlc_8482	0	1.55556
PLACE_optlc_7755	0	0.518519
datamem/ram_reg_4__11_	0	1.07863
datamem/U208	0	0.678657
datamem/U2637	0	0.906991
datamem/ram_reg_144__14_	0	0.760934
datamem/U205	0	0.929776
PLACE_optlc_9588	0	1.55556
PLACE_optlc_4274	0	1.53086
PLACE_optlc_63	0	1.45679
PLACE_optlc_11723	0	1.55556
PLACE_optlc_2471	0	0.555556
datamem/U3063	0	0.73184
datamem/U2868	0	1.59967
datamem/ram_reg_4__9_	0	0.58174
datamem/ram_reg_182__2_	0	1.4389
datamem/ram_reg_147__9_	0	0.713495
PLACE_optlc_2517	0	1.55556
PLACE_optlc_6593	0	1.49383
PLACE_optlc_3041	0	1.55556
PLACE_optlc_2462	0	1.51852
PLACE_optlc_8852	0	1.54321
PLACE_optlc_10159	0	0.54321
PLACE_optlc_12326	0	0.469136
PLACE_optlc_11252	0	1.54321
PLACE_optlc_7586	0	1.51852
datamem/U2429	0	0.612299
datamem/U197	0	1.25917
PLACE_optlc_5986	0	1.51852
PLACE_optlc_5143	0	0.530864
PLACE_optlc_3989	0	1.53086
PLACE_optlc_7646	0	0.518519
PLACE_optlc_9286	0	0.481481
PLACE_optlc_7233	0	1.41975
datamem/U3243	0	1.7666
datamem/ram_reg_171__6_	0	1.10963
datamem/ram_reg_11__4_	0	1.47361
PLACE_optlc_1579	0	0.481481
PLACE_optlc_515	0	0.555556
PLACE_optlc_7200	0	1.55556
PLACE_optlc_7937	0	0.481481
datamem/U202	0	0.577041
datamem/ram_reg_135__10_	0	0.81022
datamem/ram_reg_11__8_	0	1.82777
datamem/U195	0	1.47845
datamem/U2476	0	1.22529
datamem/U2474	0	1.35186
datamem/ram_reg_139__6_	0	0.831007
datamem/U78	0	0.718445
datamem/U2709	0	1.2949
PLACE_optlc_2077	0	0.54321
PLACE_optlc_3701	0	0.555556
PLACE_optlc_3112	0	1.50617
PLACE_optlc_4029	0	1.51852
PLACE_optlc_382	0	1.53086
PLACE_optlc_12347	0	0.54321
datamem/U110	0	0.569313
datamem/U98	0	0.962014
datamem/U2472	0	1.34813
datamem/ram_reg_11__5_	0	1.4672
PLACE_optlc_11630	0	0.555556
PLACE_optlc_6092	0	0.555556
PLACE_optlc_7689	0	0.530864
PLACE_optlc_2825	0	0.555556
PLACE_optlc_8744	0	1.48148
PLACE_optlc_8306	0	0.518519
PLACE_optlc_6247	0	0.45679
PLACE_optlc_8028	0	0.555556
datamem/ram_reg_168__3_	0	0.908295
datamem/U3042	0	1.53525
datamem/U81	0	0.569008
datamem/U2830	0	0.702033
datamem/U3248	0	0.779965
datamem/ram_reg_4__10_	0	0.659958
datamem/ram_reg_134__1_	0	0.7961
PLACE_optlc_1143	0	1.49383
PLACE_optlc_12285	0	0.506173
PLACE_optlc_5668	0	0.54321
PLACE_optlc_10947	0	1.55556
PLACE_optlc_8507	0	1.51852
PLACE_optlc_601	0	1.53086
PLACE_optlc_1253	0	0.555556
PLACE_optlc_8111	0	0.493827
PLACE_optlc_3089	0	1.49383
PLACE_optlc_12177	0	1.55556
datamem/ram_reg_5__15_	0	1.43364
datamem/ram_reg_134__4_	0	1.15201
datamem/ram_reg_157__8_	0	0.73238
datamem/ram_reg_165__3_	0	0.944178
datamem/ram_reg_5__7_	0	0.729275
datamem/ram_reg_11__7_	0	0.969792
datamem/U84	0	0.702338
PLACE_optlc_1131	0	0.518519
PLACE_optlc_8982	0	0.555556
PLACE_optlc_3481	0	0.518519
PLACE_optlc_2556	0	1.55556
PLACE_optlc_12761	0	1.53086
PLACE_optlc_6065	0	0.518519
datamem/U459	0	1.00694
datamem/ram_reg_6__0_	0	0.657168
datamem/ram_reg_179__5_	0	1.13758
PLACE_optlc_1954	0	0.555556
PLACE_optlc_11539	0	0.481481
PLACE_optlc_8297	0	0.530864
PLACE_optlc_2279	0	1.49383
PLACE_optlc_6117	0	0.518519
PLACE_optlc_6847	0	1.45679
PLACE_optlc_9275	0	0.555556
PLACE_optlc_9959	0	0.493827
PLACE_optlc_3880	0	1.55556
datamem/ram_reg_167__6_	0	1.39051
datamem/U74	0	0.571524
datamem/ram_reg_11__2_	0	1.13564
datamem/ram_reg_4__4_	0	0.887975
datamem/ram_reg_5__6_	0	1.19589
datamem/ram_reg_4__0_	0	0.687477
datamem/ram_reg_178__2_	0	0.660775
PLACE_optlc_73	0	0.481481
PLACE_optlc_2455	0	1.53086
PLACE_optlc_8026	0	0.493827
PLACE_optlc_8359	0	0.493827
PLACE_optlc_8555	0	0.469136
datamem/ram_reg_25__6_	0	0.632585
datamem/U204	0	1.7142
datamem/U2916	0	0.636161
datamem/U3096	0	1.2416
datamem/U3222	0	0.713843
PLACE_optlc_12312	0	1.50617
PLACE_optlc_6221	0	0.419753
PLACE_optlc_8296	0	0.555556
PLACE_optlc_4594	0	1.55556
PLACE_optlc_9731	0	1.55556
PLACE_optlc_12675	0	0.469136
PLACE_optlc_1423	0	0.530864
PLACE_optlc_6185	0	0.555556
datamem/ram_reg_166__6_	0	2.11149
datamem/U207	0	0.58929
PLACE_optlc_595	0	0.407407
PLACE_optlc_11136	0	1.55556
PLACE_optlc_9264	0	1.55556
PLACE_optlc_9925	0	0.481481
PLACE_optlc_5950	0	0.493827
PLACE_optlc_3584	0	0.45679
PLACE_optlc_3988	0	1.49383
PLACE_optlc_10514	0	0.555556
PLACE_optlc_8015	0	0.54321
PLACE_optlc_11415	0	1.55556
datamem/ram_reg_4__7_	0	0.677901
datamem/ram_reg_180__2_	0	0.841686
PLACE_optlc_8632	0	0.469136
PLACE_optlc_8132	0	1.41975
PLACE_optlc_7363	0	1.55556
PLACE_optlc_7265	0	0.518519
PLACE_optlc_9800	0	0.555556
PLACE_optlc_11155	0	0.555556
PLACE_optlc_3087	0	1.55556
PLACE_optlc_680	0	1.55556
PLACE_optlc_10729	0	0.506173
datamem/U99	0	1.15961
datamem/ram_reg_164__3_	0	0.888441
datamem/ram_reg_169__3_	0	1.35191
datamem/U2651	0	1.06985
datamem/ram_reg_5__13_	0	0.883692
datamem/U2475	0	1.17333
datamem/U477	0	1.03313
PLACE_optlc_7681	0	0.555556
PLACE_optlc_10891	0	1.49383
PLACE_optlc_10788	0	0.481481
PLACE_optlc_6521	0	1.45679
PLACE_optlc_1193	0	0.45679
datamem/ram_reg_156__10_	0	0.941397
datamem/ram_reg_136__6_	0	0.568603
datamem/ram_reg_26__3_	0	1.14409
datamem/ram_reg_161__3_	0	0.914008
datamem/U3230	0	1.18297
PLACE_optlc_2862	0	0.518519
PLACE_optlc_7895	0	0.45679
PLACE_optlc_3697	0	0.45679
PLACE_optlc_2496	0	0.481481
datamem/U2453	0	1.05891
datamem/U2620	0	0.794637
PLACE_optlc_10681	0	1.46914
PLACE_optlc_4363	0	0.518519
PLACE_optlc_2155	0	0.54321
PLACE_optlc_1588	0	1.55556
datamem/ram_reg_169__9_	0	0.601327
datamem/U82	0	0.959529
datamem/ram_reg_26__6_	0	2.18438
PLACE_optlc_11300	0	0.555556
PLACE_optlc_1449	0	0.481481
PLACE_optlc_6903	0	0.54321
PLACE_optlc_7424	0	0.54321
PLACE_optlc_4481	0	1.55556
PLACE_optlc_7595	0	2.55556
PLACE_optlc_11535	0	0.407407
PLACE_optlc_11194	0	0.469136
datamem/ram_reg_26__9_	0	0.937288
PLACE_optlc_3849	0	1.51852
PLACE_optlc_10091	0	1.46914
PLACE_optlc_11836	0	0.481481
PLACE_optlc_7021	0	1.55556
datamem/U211	0	1.6737
datamem/U2845	0	1.01689
PLACE_optlc_1942	0	1.55556
PLACE_optlc_9504	0	1.55556
PLACE_optlc_2906	0	1.55556
PLACE_optlc_10999	0	0.530864
PLACE_optlc_7580	0	1.54321
datamem/U137	0	0.602867
datamem/U213	0	1.03422
datamem/U2450	0	1.87983
datamem/U2669	0	1.38021
PLACE_optlc_8820	0	0.555556
PLACE_optlc_5656	0	0.45679
PLACE_optlc_11476	0	0.54321
PLACE_optlc_2064	0	0.555556
datamem/U88	0	0.640228
datamem/ram_reg_11__13_	0	0.662504
datamem/U106	0	0.750741
datamem/U215	0	0.641408
PLACE_optlc_12420	0	0.555556
PLACE_optlc_10572	0	1.55556
PLACE_optlc_2349	0	1.55556
PLACE_optlc_12043	0	1.50617
PLACE_optlc_6285	0	0.555556
datamem/U3081	0	0.597485
datamem/ram_reg_159__8_	0	0.642149
datamem/U76	0	0.77951
datamem/ram_reg_160__9_	0	1.33546
PLACE_optlc_2745	0	1.55556
PLACE_optlc_800	0	1.49383
PLACE_optlc_7471	0	0.518519
PLACE_optlc_9517	0	1.55556
PLACE_optlc_6234	0	1.55556
datamem/ram_reg_157__2_	0	0.799198
datamem/ram_reg_137__15_	0	0.576084
datamem/ram_reg_156__14_	0	0.654726
datamem/ram_reg_4__2_	0	0.713642
datamem/U2426	0	1.13322
datamem/ram_reg_4__14_	0	1.49804
PLACE_optlc_1513	0	1.55556
PLACE_optlc_1899	0	0.518519
PLACE_optlc_1349	0	1.55556
PLACE_optlc_1146	0	1.55556
PLACE_optlc_1387	0	0.518519
PLACE_optlc_405	0	0.530864
datamem/U2970	0	0.856798
datamem/U3027	0	1.2025
PLACE_optlc_9190	0	0.555556
PLACE_optlc_5430	0	1.50617
PLACE_optlc_9590	0	1.54321
PLACE_optlc_6622	0	1.50617
PLACE_optlc_7270	0	1.55556
datamem/ram_reg_137__11_	0	1.37001
datamem/ram_reg_11__15_	0	1.85193
datamem/ram_reg_7__9_	0	0.925031
datamem/ram_reg_157__5_	0	0.972735
datamem/ram_reg_5__14_	0	0.583275
datamem/ram_reg_157__11_	0	2.05241
PLACE_optlc_7613	0	1.55556
PLACE_optlc_4740	0	0.481481
PLACE_optlc_3428	0	0.54321
PLACE_optlc_5727	0	0.54321
datamem/ram_reg_138__6_	0	0.77446
datamem/U2988	0	0.77635
datamem/U101	0	0.610077
datamem/U2848	0	1.42076
datamem/U2833	0	0.924063
PLACE_optlc_7773	0	1.55556
PLACE_optlc_11718	0	1.55556
PLACE_optlc_2276	0	0.54321
PLACE_optlc_10505	0	0.469136
PLACE_optlc_8143	0	0.555556
PLACE_optlc_10897	0	0.555556
PLACE_optlc_5721	0	1.55556
PLACE_optlc_10431	0	1.55556
datamem/U3321	0	0.905737
datamem/U2503	0	0.619653
datamem/ram_reg_144__6_	0	0.661462
datamem/ram_reg_9__8_	0	0.670135
datamem/ram_reg_137__13_	0	0.953345
datamem/U3009	0	0.663318
PLACE_optlc_9395	0	0.518519
PLACE_optlc_8493	0	0.469136
PLACE_optlc_1963	0	0.530864
PLACE_optlc_5809	0	1.55556
PLACE_optlc_10586	0	0.469136
PLACE_optlc_2997	0	1.55556
PLACE_optlc_8441	0	0.555556
datamem/U2853	0	0.724904
datamem/ram_reg_147__12_	0	0.840363
datamem/ram_reg_171__9_	0	0.589155
PLACE_optlc_1232	0	0.506173
PLACE_optlc_1732	0	0.54321
PLACE_optlc_11423	0	0.555556
PLACE_optlc_12110	0	0.469136
PLACE_optlc_4189	0	1.55556
PLACE_optlc_1661	0	0.518519
datamem/ram_reg_8__8_	0	0.75348
datamem/ram_reg_5__8_	0	0.792971
datamem/U107	0	0.697141
datamem/U474	0	0.835255
datamem/ram_reg_156__11_	0	1.55971
PLACE_optlc_6041	0	1.51852
PLACE_optlc_1729	0	1.55556
PLACE_optlc_11056	0	1.53086
PLACE_optlc_6414	0	1.55556
PLACE_optlc_12229	0	0.555556
PLACE_optlc_7281	0	0.506173
PLACE_optlc_3909	0	0.54321
PLACE_optlc_6419	0	0.45679
PLACE_optlc_6511	0	1.55556
PLACE_optlc_12369	0	0.555556
datamem/ram_reg_157__13_	0	1.16417
datamem/ram_reg_8__5_	0	0.575965
datamem/U103	0	0.707338
datamem/U2901	0	0.937434
datamem/ram_reg_160__6_	0	0.68804
datamem/U3060	0	1.3144
datamem/U105	0	1.30156
datamem/ram_reg_183__2_	0	0.839587
datamem/U128	0	1.013
datamem/ram_reg_5__11_	0	1.21887
datamem/ram_reg_134__7_	0	0.812836
datamem/ram_reg_170__3_	0	0.820123
datamem/ram_reg_4__1_	0	0.57701
PLACE_optlc_11432	0	0.506173
PLACE_optlc_10706	0	1.55556
PLACE_optlc_3819	0	1.49383
PLACE_optlc_2420	0	1.55556
PLACE_optlc_8258	0	0.506173
PLACE_optlc_449	0	0.518519
PLACE_optlc_9282	0	1.55556
PLACE_optlc_1654	0	0.54321
PLACE_optlc_9411	0	1.55556
PLACE_optlc_12737	0	1.53086
datamem/ram_reg_11__1_	0	1.40965
datamem/ram_reg_170__9_	0	1.2353
datamem/ram_reg_178__5_	0	0.566323
datamem/U2612	0	0.725513
datamem/U3303	0	0.68091
datamem/U3078	0	1.14304
datamem/ram_reg_5__9_	0	1.12084
PLACE_optlc_5291	0	1.55556
PLACE_optlc_7849	0	1.55556
PLACE_optlc_10021	0	0.469136
PLACE_optlc_4490	0	0.493827
PLACE_optlc_5348	0	0.506173
PLACE_optlc_3630	0	0.555556
datamem/ram_reg_168__9_	0	1.25362
datamem/U2832	0	1.53816
datamem/ram_reg_5__10_	0	0.682577
datamem/U3084	0	0.714626
PLACE_optlc_8005	0	0.54321
PLACE_optlc_7180	0	1.55556
PLACE_optlc_9120	0	0.506173
PLACE_optlc_3211	0	0.555556
PLACE_optlc_10284	0	0.469136
datamem/ram_reg_5__1_	0	0.707913
datamem/ram_reg_7__6_	0	0.703441
datamem/U480	0	1.7981
datamem/ram_reg_183__11_	0	1.33919
datamem/ram_reg_8__4_	0	0.980741
datamem/U3066	0	0.991134
PLACE_optlc_8087	0	0.493827
PLACE_optlc_1679	0	1.49383
PLACE_optlc_10210	0	0.555556
PLACE_optlc_333	0	1.53086
PLACE_optlc_5171	0	0.506173
PLACE_optlc_6085	0	0.555556
PLACE_optlc_819	0	0.493827
datamem/U2654	0	0.998345
datamem/U116	0	0.902905
datamem/ram_reg_11__10_	0	0.782157
datamem/U3102	0	0.548889
datamem/U113	0	0.721265
PLACE_optlc_5283	0	1.49383
PLACE_optlc_4345	0	1.51852
PLACE_optlc_5844	0	1.55556
PLACE_optlc_9679	0	0.555556
PLACE_optlc_1582	0	1.55556
PLACE_optlc_7529	0	0.555556
PLACE_optlc_3438	0	0.444444
datamem/U3204	0	0.755162
datamem/U2467	0	1.52671
PLACE_optlc_8847	0	0.555556
PLACE_optlc_2747	0	1.55556
PLACE_optlc_8497	0	1.53086
PLACE_optlc_4652	0	1.55556
PLACE_optlc_1803	0	0.555556
datamem/U75	0	1.48532
datamem/U3258	0	0.541485
datamem/U2884	0	0.787492
datamem/U92	0	0.605421
datamem/U2435	0	0.982357
PLACE_optlc_258	0	1.45679
PLACE_optlc_3040	0	0.54321
PLACE_optlc_4411	0	0.555556
PLACE_optlc_11545	0	1.55556
PLACE_optlc_4139	0	0.518519
PLACE_optlc_181	0	0.54321
PLACE_optlc_2597	0	0.555556
PLACE_optlc_6676	0	0.506173
PLACE_optlc_11058	0	0.530864
PLACE_optlc_10124	0	0.481481
datamem/ram_reg_6__15_	0	1.08371
datamem/U201	0	1.90818
datamem/ram_reg_7__0_	0	1.16094
datamem/ram_reg_164__6_	0	0.942986
PLACE_optlc_4657	0	0.54321
PLACE_optlc_12129	0	1.55556
PLACE_optlc_8374	0	1.55556
PLACE_optlc_8910	0	0.469136
PLACE_optlc_2365	0	1.54321
PLACE_optlc_5227	0	0.54321
PLACE_optlc_4429	0	0.530864
PLACE_optlc_9477	0	0.481481
datamem/ram_reg_167__3_	0	0.570374
datamem/ram_reg_161__9_	0	0.833696
datamem/ram_reg_27__6_	0	0.679799
datamem/ram_reg_182__11_	0	1.02049
datamem/ram_reg_6__6_	0	2.33047
datamem/U2494	0	1.1595
PLACE_optlc_9111	0	1.46914
PLACE_optlc_2408	0	0.493827
PLACE_optlc_6739	0	0.518519
PLACE_optlc_7600	0	0.518519
PLACE_optlc_12546	0	0.555556
datamem/U2836	0	0.824834
datamem/ram_reg_177__2_	0	2.32476
datamem/ram_reg_181__2_	0	0.821674
datamem/U2904	0	0.950853
datamem/U495	0	0.72608
PLACE_optlc_12672	0	1.55556
PLACE_optlc_7780	0	0.45679
PLACE_optlc_560	0	1.55556
PLACE_optlc_5790	0	1.55556
PLACE_optlc_928	0	0.518519
PLACE_optlc_10393	0	0.493827
PLACE_optlc_1003	0	0.54321
PLACE_optlc_9944	0	0.518519
datamem/ram_reg_26__0_	0	0.656061
datamem/ram_reg_146__12_	0	1.15028
datamem/U2842	0	1.75651
datamem/ram_reg_6__3_	0	1.51517
datamem/U2490	0	0.626601
datamem/U150	0	0.90762
datamem/ram_reg_5__0_	0	1.26542
PLACE_optlc_10796	0	1.55556
PLACE_optlc_6478	0	1.55556
PLACE_optlc_10087	0	1.55556
PLACE_optlc_11511	0	0.469136
PLACE_optlc_4359	0	0.45679
PLACE_optlc_3123	0	1.49383
datamem/U2851	0	0.921613
datamem/U210	0	0.945664
datamem/U172	0	0.778781
datamem/U93	0	0.932434
PLACE_optlc_12746	0	0.555556
PLACE_optlc_10494	0	0.469136
PLACE_optlc_8349	0	1.54321
PLACE_optlc_2056	0	1.55556
PLACE_optlc_7723	0	1.55556
PLACE_optlc_8888	0	0.555556
PLACE_optlc_5502	0	1.55556
datamem/ram_reg_10__6_	0	0.946111
datamem/ram_reg_134__10_	0	1.94633
datamem/ram_reg_169__0_	0	0.777577
datamem/ram_reg_11__14_	0	0.599475
PLACE_optlc_6747	0	0.54321
PLACE_optlc_8824	0	0.506173
PLACE_optlc_10773	0	1.55556
PLACE_optlc_4803	0	0.432099
PLACE_optlc_9599	0	0.506173
PLACE_optlc_11417	0	1.53086
PLACE_optlc_1389	0	0.54321
PLACE_optlc_5689	0	0.506173
PLACE_optlc_7699	0	1.55556
datamem/U3006	0	0.68228
PLACE_optlc_4694	0	1.51852
PLACE_optlc_3843	0	1.55556
PLACE_optlc_5769	0	1.55556
PLACE_optlc_4316	0	1.54321
PLACE_optlc_567	0	2.49383
PLACE_optlc_8591	0	0.555556
datamem/U2919	0	0.823715
PLACE_optlc_4536	0	1.54321
PLACE_optlc_11210	0	1.53086
datamem/U3312	0	1.15796
datamem/ram_reg_161__6_	0	1.49316
datamem/U2492	0	0.663978
datamem/ram_reg_8__13_	0	0.759498
datamem/U2666	0	1.01348
PLACE_optlc_3804	0	1.53086
PLACE_optlc_4918	0	0.54321
PLACE_optlc_11363	0	1.49383
PLACE_optlc_12453	0	1.53086
PLACE_optlc_1826	0	0.530864
PLACE_optlc_7024	0	0.54321
PLACE_optlc_3145	0	0.54321
datamem/U100	0	0.970012
datamem/U102	0	1.19348
datamem/U2485	0	0.855845
PLACE_optlc_6481	0	0.493827
PLACE_optlc_11586	0	1.54321
PLACE_optlc_1728	0	0.530864
PLACE_optlc_11921	0	1.55556
PLACE_optlc_3883	0	0.518519
PLACE_optlc_8704	0	0.555556
PLACE_optlc_7824	0	0.555556
datamem/ram_reg_166__3_	0	1.12471
datamem/U2672	0	1.23733
datamem/ram_reg_10__9_	0	0.795579
datamem/ram_reg_10__12_	0	0.931929
datamem/ram_reg_8__15_	0	0.877778
PLACE_optlc_1380	0	0.444444
PLACE_optlc_9561	0	0.54321
PLACE_optlc_12157	0	0.506173
PLACE_optlc_407	0	0.506173
PLACE_optlc_11050	0	0.469136
PLACE_optlc_7357	0	0.481481
PLACE_optlc_9953	0	1.55556
PLACE_optlc_5795	0	0.54321
PLACE_optlc_1700	0	1.53086
PLACE_optlc_5359	0	0.506173
datamem/U154	0	1.3313
datamem/ram_reg_137__3_	0	0.939109
PLACE_optlc_8430	0	1.55556
PLACE_optlc_62	0	0.518519
PLACE_optlc_12142	0	0.555556
PLACE_optlc_2137	0	1.55556
datamem/ram_reg_6__9_	0	0.969653
datamem/ram_reg_159__5_	0	0.728206
datamem/U134	0	1.08363
PLACE_optlc_2704	0	0.395062
PLACE_optlc_2125	0	1.55556
PLACE_optlc_2061	0	1.51852
datamem/U3276	0	1.39629
datamem/U3225	0	1.29541
datamem/ram_reg_168__0_	0	1.00404
datamem/U143	0	1.28478
PLACE_optlc_6830	0	0.54321
PLACE_optlc_4096	0	1.49383
PLACE_optlc_12250	0	1.54321
PLACE_optlc_4321	0	0.54321
PLACE_optlc_10971	0	0.555556
PLACE_optlc_11841	0	0.469136
PLACE_optlc_389	0	1.55556
PLACE_optlc_1978	0	0.555556
PLACE_optlc_8047	0	0.530864
PLACE_optlc_5617	0	0.518519
datamem/U151	0	1.36204
PLACE_optlc_8393	0	1.44444
PLACE_optlc_9999	0	1.53086
PLACE_optlc_9413	0	1.55556
PLACE_optlc_6998	0	1.55556
PLACE_optlc_4533	0	0.54321
PLACE_optlc_2971	0	1.55556
PLACE_optlc_10486	0	1.55556
datamem/ram_reg_147__6_	0	1.30505
datamem/ram_reg_5__2_	0	0.781204
datamem/U94	0	1.13808
datamem/ram_reg_158__5_	0	0.614479
PLACE_optlc_3727	0	1.55556
PLACE_optlc_2079	0	1.54321
PLACE_optlc_7535	0	1.51852
PLACE_optlc_6533	0	0.518519
PLACE_optlc_2781	0	1.45679
PLACE_optlc_45	0	0.530864
PLACE_optlc_10437	0	1.55556
datamem/ram_reg_158__8_	0	0.563214
datamem/ram_reg_159__2_	0	1.00678
PLACE_optlc_1936	0	0.555556
PLACE_optlc_1173	0	1.55556
PLACE_optlc_8637	0	1.51852
datamem/U3048	0	0.936235
datamem/ram_reg_157__14_	0	0.799047
datamem/ram_reg_8__11_	0	0.562924
datamem/U3024	0	1.0631
PLACE_optlc_10872	0	0.555556
PLACE_optlc_12244	0	1.55556
PLACE_optlc_2507	0	0.45679
datamem/ram_reg_137__6_	0	0.606192
datamem/U2973	0	0.688989
datamem/U2907	0	0.777369
datamem/U111	0	0.701015
datamem/ram_reg_7__15_	0	0.65289
datamem/U3261	0	0.844147
datamem/ram_reg_158__11_	0	0.691165
datamem/U2922	0	1.09719
PLACE_optlc_9304	0	2.55556
PLACE_optlc_1399	0	0.530864
PLACE_optlc_12178	0	1.55556
PLACE_optlc_5862	0	1.51852
PLACE_optlc_7568	0	0.555556
datamem/ram_reg_156__15_	0	0.759626
datamem/U471	0	1.03606
datamem/U2432	0	0.532882
datamem/U2482	0	1.45347
datamem/U96	0	0.927766
datamem/ram_reg_160__0_	0	0.643465
datamem/ram_reg_145__6_	0	0.589877
PLACE_optlc_7210	0	0.555556
PLACE_optlc_8713	0	0.469136
PLACE_optlc_7483	0	0.555556
PLACE_optlc_2415	0	1.49383
PLACE_optlc_6948	0	0.518519
PLACE_optlc_11701	0	1.53086
PLACE_optlc_1273	0	1.55556
PLACE_optlc_5868	0	1.55556
PLACE_optlc_2780	0	0.530864
PLACE_optlc_5736	0	1.55556
datamem/ram_reg_170__12_	0	0.885575
datamem/ram_reg_6__12_	0	0.779687
datamem/ram_reg_183__8_	0	0.803916
datamem/ram_reg_8__10_	0	1.03042
datamem/ram_reg_137__14_	0	0.553198
datamem/ram_reg_170__0_	0	0.869433
datamem/U3075	0	1.33563
PLACE_optlc_12023	0	1.53086
PLACE_optlc_4470	0	1.55556
PLACE_optlc_451	0	0.506173
PLACE_optlc_7810	0	0.530864
PLACE_optlc_6479	0	0.493827
PLACE_optlc_6096	0	1.55556
datamem/ram_reg_5__5_	0	0.571327
datamem/U2837	0	1.28155
datamem/ram_reg_7__8_	0	0.974568
datamem/U3105	0	1.58209
datamem/U2854	0	1.0441
datamem/ram_reg_160__12_	0	2.11274
datamem/U188	0	0.713885
datamem/U125	0	0.675231
PLACE_optlc_1186	0	1.55556
PLACE_optlc_4285	0	0.518519
PLACE_optlc_685	0	0.518519
PLACE_optlc_655	0	1.51852
PLACE_optlc_2891	0	0.555556
PLACE_optlc_9623	0	1.53086
datamem/ram_reg_156__13_	0	1.0267
datamem/U2630	0	0.809846
datamem/ram_reg_182__8_	0	1.20102
PLACE_optlc_2521	0	1.55556
PLACE_optlc_3721	0	0.493827
PLACE_optlc_5081	0	1.53086
PLACE_optlc_7046	0	0.555556
datamem/U2835	0	1.48542
datamem/U133	0	0.734398
datamem/ram_reg_8__1_	0	1.04147
PLACE_optlc_1701	0	1.55556
PLACE_optlc_5187	0	1.55556
PLACE_optlc_2186	0	0.518519
PLACE_optlc_5191	0	1.50617
PLACE_optlc_8905	0	0.555556
datamem/U2866	0	1.1609
datamem/ram_reg_9__5_	0	1.00509
datamem/ram_reg_8__7_	0	0.63463
datamem/U3057	0	0.974934
datamem/ram_reg_7__5_	0	0.714846
PLACE_optlc_10330	0	1.54321
PLACE_optlc_11266	0	1.55556
PLACE_optlc_12248	0	1.55556
PLACE_optlc_3258	0	1.51852
PLACE_optlc_11388	0	1.54321
PLACE_optlc_4648	0	0.45679
PLACE_optlc_10154	0	1.55556
datamem/U214	0	1.2697
datamem/U194	0	1.28322
datamem/ram_reg_5__4_	0	0.719514
datamem/U3087	0	1.16533
datamem/U171	0	0.979699
datamem/ram_reg_171__12_	0	0.585502
datamem/ram_reg_7__3_	0	1.11066
PLACE_optlc_936	0	1.51852
PLACE_optlc_10028	0	0.555556
PLACE_optlc_10542	0	1.54321
PLACE_optlc_7854	0	1.55556
PLACE_optlc_11217	0	1.55556
PLACE_optlc_625	0	1.49383
PLACE_optlc_11327	0	0.469136
PLACE_optlc_11057	0	1.53086
PLACE_optlc_729	0	0.518519
datamem/ram_reg_9__7_	0	0.579487
datamem/U159	0	1.20592
datamem/ram_reg_8__2_	0	0.751856
datamem/ram_reg_6__1_	0	1.43462
datamem/ram_reg_176__2_	0	2.25568
PLACE_optlc_4576	0	0.54321
datamem/U191	0	0.927396
datamem/U2869	0	1.04751
datamem/U2615	0	0.869823
datamem/U2881	0	0.593877
PLACE_optlc_10111	0	1.55556
PLACE_optlc_11795	0	0.555556
PLACE_optlc_7004	0	0.555556
PLACE_optlc_6976	0	0.518519
PLACE_optlc_9921	0	0.469136
PLACE_optlc_8123	0	1.45679
PLACE_optlc_4272	0	0.54321
PLACE_optlc_4258	0	1.55556
PLACE_optlc_5792	0	1.54321
datamem/ram_reg_4__3_	0	0.668673
datamem/U3051	0	1.28873
datamem/U2376	0	0.714695
datamem/ram_reg_11__6_	0	0.697427
PLACE_optlc_11410	0	0.54321
PLACE_optlc_3251	0	0.518519
PLACE_optlc_5394	0	0.493827
PLACE_optlc_12471	0	0.555556
PLACE_optlc_8140	0	1.49383
PLACE_optlc_4051	0	0.518519
PLACE_optlc_11660	0	0.45679
PLACE_optlc_10983	0	1.46914
PLACE_optlc_11285	0	1.55556
datamem/ram_reg_180__5_	0	0.949406
datamem/ram_reg_5__12_	0	1.01625
datamem/U3039	0	0.652913
datamem/U2895	0	1.51266
datamem/ram_reg_133__5_	0	0.848692
datamem/ram_reg_144__9_	0	0.649035
datamem/U161	0	0.919136
datamem/U2358	0	1.04329
datamem/U2863	0	1.10667
PLACE_optlc_9230	0	0.469136
PLACE_optlc_2405	0	0.518519
PLACE_optlc_3686	0	0.54321
PLACE_optlc_1245	0	1.55556
PLACE_optlc_2953	0	1.55556
PLACE_optlc_1994	0	0.518519
PLACE_optlc_6826	0	1.51852
datamem/U2394	0	0.566551
PLACE_optlc_7487	0	1.50617
PLACE_optlc_5603	0	1.49383
PLACE_optlc_5697	0	1.55556
PLACE_optlc_9702	0	0.555556
PLACE_optlc_3515	0	1.55556
PLACE_optlc_5279	0	1.55556
PLACE_optlc_7261	0	1.55556
PLACE_optlc_2275	0	1.45679
PLACE_optlc_6088	0	1.44444
PLACE_optlc_518	0	0.555556
PLACE_optlc_11830	0	0.555556
datamem/ram_reg_132__5_	0	1.62317
PLACE_optlc_10267	0	0.530864
PLACE_optlc_213	0	0.518519
PLACE_optlc_10774	0	0.469136
PLACE_optlc_398	0	1.55556
PLACE_optlc_8164	0	1.55556
PLACE_optlc_8808	0	1.55556
PLACE_optlc_11516	0	1.55556
PLACE_optlc_4478	0	1.55556
datamem/U3207	0	0.733017
datamem/U3069	0	0.642315
datamem/U119	0	1.14697
PLACE_optlc_6038	0	0.518519
PLACE_optlc_7847	0	0.555556
PLACE_optlc_7084	0	0.469136
PLACE_optlc_10353	0	1.49383
PLACE_optlc_3998	0	1.55556
PLACE_optlc_9337	0	0.506173
datamem/ram_reg_165__6_	0	0.932415
datamem/ram_reg_165__9_	0	0.610301
datamem/U2878	0	0.632639
datamem/U3137	0	0.687218
PLACE_optlc_4651	0	1.54321
PLACE_optlc_5099	0	0.54321
PLACE_optlc_9107	0	0.555556
PLACE_optlc_2124	0	0.555556
PLACE_optlc_12643	0	1.55556
PLACE_optlc_3209	0	0.555556
PLACE_optlc_9310	0	0.555556
datamem/ram_reg_177__5_	0	1.4861
datamem/ram_reg_130__5_	0	0.712585
datamem/ram_reg_6__13_	0	0.551925
datamem/U123	0	1.52977
PLACE_optlc_4877	0	0.54321
PLACE_optlc_1956	0	1.55556
PLACE_optlc_11738	0	1.50617
PLACE_optlc_5162	0	1.51852
PLACE_optlc_10613	0	1.53086
PLACE_optlc_146	0	0.54321
datamem/ram_reg_11__12_	0	0.712735
datamem/ram_reg_131__5_	0	1.0112
datamem/ram_reg_164__9_	0	0.749985
datamem/U3318	0	0.576281
datamem/ram_reg_161__12_	0	0.864672
datamem/U157	0	0.668978
PLACE_optlc_5230	0	0.518519
PLACE_optlc_1351	0	1.53086
PLACE_optlc_9674	0	1.53086
PLACE_optlc_11428	0	0.555556
PLACE_optlc_7933	0	0.518519
PLACE_optlc_10191	0	0.469136
PLACE_optlc_6428	0	1.54321
PLACE_optlc_10109	0	1.55556
PLACE_optlc_6416	0	0.518519
datamem/ram_reg_167__9_	0	2.04022
datamem/U206	0	1.02674
datamem/ram_reg_173__8_	0	0.830694
datamem/ram_reg_10__0_	0	2.21404
PLACE_optlc_5370	0	1.55556
PLACE_optlc_7176	0	0.506173
PLACE_optlc_12526	0	1.55556
PLACE_optlc_10279	0	0.555556
PLACE_optlc_3162	0	0.469136
datamem/U147	0	0.634703
datamem/ram_reg_8__14_	0	0.951759
PLACE_optlc_1724	0	1.54321
PLACE_optlc_3832	0	0.518519
PLACE_optlc_4921	0	0.54321
PLACE_optlc_2636	0	0.54321
PLACE_optlc_1610	0	1.50617
PLACE_optlc_3924	0	0.54321
PLACE_optlc_10167	0	0.45679
datamem/U2464	0	0.800687
datamem/U2925	0	1.75431
datamem/U153	0	0.828164
PLACE_optlc_12405	0	1.54321
PLACE_optlc_1905	0	0.469136
PLACE_optlc_10419	0	1.55556
PLACE_optlc_7053	0	0.555556
PLACE_optlc_8040	0	1.55556
datamem/U122	0	1.0845
PLACE_optlc_3613	0	1.51852
PLACE_optlc_5888	0	0.54321
PLACE_optlc_2025	0	1.55556
PLACE_optlc_11464	0	0.555556
PLACE_optlc_4675	0	0.555556
PLACE_optlc_6291	0	1.55556
PLACE_optlc_8413	0	1.55556
PLACE_optlc_11767	0	1.55556
datamem/U2493	0	0.58441
PLACE_optlc_1014	0	0.518519
PLACE_optlc_1190	0	0.506173
datamem/ram_reg_168__12_	0	1.15926
datamem/U2648	0	1.97043
datamem/U2488	0	0.810764
PLACE_optlc_6413	0	0.555556
PLACE_optlc_12398	0	0.530864
PLACE_optlc_11789	0	0.555556
PLACE_optlc_915	0	0.506173
PLACE_optlc_6066	0	0.54321
PLACE_optlc_3107	0	0.54321
PLACE_optlc_6484	0	1.55556
PLACE_optlc_5093	0	1.55556
datamem/U97	0	1.42264
datamem/ram_reg_9__15_	0	1.0515
datamem/ram_reg_11__9_	0	0.834348
datamem/ram_reg_7__11_	0	0.886674
datamem/U131	0	0.709742
datamem/ram_reg_172__2_	0	0.635108
datamem/ram_reg_158__2_	0	0.89875
datamem/U156	0	1.24713
datamem/U2991	0	1.35701
PLACE_optlc_11397	0	1.55556
PLACE_optlc_6620	0	0.518519
PLACE_optlc_6446	0	1.49383
PLACE_optlc_10789	0	1.51852
datamem/ram_reg_169__12_	0	0.583966
datamem/ram_reg_7__14_	0	0.806562
datamem/U104	0	0.869853
datamem/U2994	0	1.26947
datamem/U3300	0	0.754691
datamem/U182	0	1.04167
datamem/ram_reg_136__3_	0	1.31968
datamem/U2470	0	0.703534
datamem/U2633	0	0.661852
datamem/U77	0	1.02756
PLACE_optlc_8253	0	0.530864
PLACE_optlc_3956	0	0.469136
PLACE_optlc_6245	0	0.555556
PLACE_optlc_6441	0	1.49383
PLACE_optlc_1957	0	0.54321
PLACE_optlc_2549	0	0.469136
PLACE_optlc_599	0	1.49383
datamem/ram_reg_159__14_	0	0.753758
datamem/U2412	0	0.661377
datamem/U2976	0	1.20472
datamem/U169	0	1.17415
PLACE_optlc_3217	0	1.45679
PLACE_optlc_6106	0	1.55556
PLACE_optlc_12099	0	1.55556
PLACE_optlc_1995	0	1.55556
PLACE_optlc_4502	0	1.55556
PLACE_optlc_9605	0	0.555556
PLACE_optlc_10629	0	1.55556
datamem/U136	0	1.76182
datamem/ram_reg_137__9_	0	1.01084
datamem/ram_reg_7__12_	0	0.796551
datamem/ram_reg_6__2_	0	0.883542
datamem/U3186	0	1.11802
PLACE_optlc_4199	0	0.518519
PLACE_optlc_8628	0	1.54321
PLACE_optlc_9278	0	1.53086
PLACE_optlc_1029	0	0.493827
PLACE_optlc_3840	0	0.518519
PLACE_optlc_3448	0	1.55556
PLACE_optlc_2396	0	1.55556
datamem/ram_reg_145__12_	0	0.898511
datamem/ram_reg_172__11_	0	1.35699
datamem/U112	0	0.719363
PLACE_optlc_8697	0	0.555556
PLACE_optlc_872	0	1.51852
PLACE_optlc_6761	0	0.555556
PLACE_optlc_11762	0	0.45679
PLACE_optlc_11556	0	1.55556
datamem/U2518	0	0.966906
datamem/U124	0	0.78784
datamem/ram_reg_9__11_	0	1.41934
datamem/ram_reg_145__9_	0	1.37958
datamem/U3119	0	0.610918
PLACE_optlc_7103	0	0.54321
PLACE_optlc_1914	0	0.530864
PLACE_optlc_7204	0	1.55556
PLACE_optlc_6901	0	1.55556
PLACE_optlc_5834	0	0.481481
datamem/ram_reg_157__15_	0	1.02982
datamem/U3116	0	0.554394
datamem/U2887	0	0.824329
datamem/ram_reg_172__8_	0	0.979988
datamem/ram_reg_161__0_	0	0.807064
PLACE_optlc_7632	0	1.55556
PLACE_optlc_66	0	0.518519
PLACE_optlc_878	0	0.555556
PLACE_optlc_11985	0	1.50617
PLACE_optlc_12198	0	0.518519
datamem/U2500	0	0.910694
datamem/U2889	0	0.590829
datamem/ram_reg_139__9_	0	1.03253
datamem/ram_reg_6__4_	0	1.31653
datamem/U2855	0	0.575154
PLACE_optlc_5267	0	1.55556
PLACE_optlc_8479	0	1.49383
PLACE_optlc_8877	0	1.54321
PLACE_optlc_11651	0	0.555556
PLACE_optlc_12249	0	1.55556
PLACE_optlc_10987	0	1.55556
PLACE_optlc_199	0	1.53086
PLACE_optlc_10183	0	1.53086
PLACE_optlc_11424	0	0.555556
PLACE_optlc_12575	0	0.555556
PLACE_optlc_314	0	1.55556
PLACE_optlc_12297	0	1.54321
PLACE_optlc_6936	0	0.555556
PLACE_optlc_3321	0	0.555556
PLACE_optlc_6454	0	1.55556
PLACE_optlc_499	0	1.55556
PLACE_optlc_3126	0	0.506173
PLACE_optlc_11121	0	0.555556
datamem/ram_reg_136__9_	0	0.645116
datamem/ram_reg_146__6_	0	0.894248
datamem/ram_reg_7__7_	0	0.583002
datamem/U209	0	1.31314
datamem/ram_reg_171__0_	0	2.22362
PLACE_optlc_8181	0	0.555556
PLACE_optlc_9159	0	0.555556
PLACE_optlc_3391	0	0.54321
PLACE_optlc_6163	0	1.54321
PLACE_optlc_7959	0	1.55556
PLACE_optlc_8350	0	0.518519
datamem/ram_reg_6__5_	0	0.7051
datamem/U148	0	1.36979
datamem/ram_reg_139__3_	0	1.15702
datamem/ram_reg_159__11_	0	0.938688
datamem/U212	0	0.984772
PLACE_optlc_10165	0	0.555556
PLACE_optlc_9480	0	0.555556
PLACE_optlc_3553	0	0.518519
PLACE_optlc_1771	0	0.518519
PLACE_optlc_7191	0	1.55556
PLACE_optlc_1500	0	0.506173
PLACE_optlc_6964	0	0.54321
datamem/ram_reg_172__5_	0	2.3254
datamem/U718	0	1.31226
datamem/ram_reg_138__3_	0	1.36042
U121	0	0.597145
PLACE_optlc_7683	0	1.55556
PLACE_optlc_112	0	0.493827
PLACE_optlc_9694	0	1.54321
PLACE_optlc_2931	0	1.51852
PLACE_optlc_4104	0	1.55556
PLACE_optlc_10583	0	1.51852
PLACE_optlc_12005	0	1.55556
datamem/ram_reg_6__14_	0	1.04058
datamem/ram_reg_159__13_	0	0.720085
datamem/ram_reg_166__9_	0	0.564317
datamem/U3297	0	0.796485
PLACE_optlc_4647	0	1.50617
PLACE_optlc_215	0	0.54321
PLACE_optlc_1829	0	0.54321
PLACE_optlc_4797	0	1.54321
PLACE_optlc_1341	0	0.518519
PLACE_optlc_11986	0	0.54321
PLACE_optlc_11272	0	1.55556
datamem/ram_reg_183__5_	0	0.745378
datamem/U142	0	0.701948
PLACE_optlc_3205	0	1.55556
PLACE_optlc_9537	0	1.55556
PLACE_optlc_1945	0	0.54321
PLACE_optlc_3599	0	0.530864
PLACE_optlc_6004	0	1.55556
PLACE_optlc_9915	0	0.506173
PLACE_optlc_9611	0	1.55556
PLACE_optlc_704	0	0.555556
PLACE_optlc_10903	0	0.469136
PLACE_optlc_1016	0	0.530864
PLACE_optlc_7550	0	1.55556
PLACE_optlc_6983	0	0.45679
datamem/ram_reg_176__5_	0	0.545498
datamem/ram_reg_11__3_	0	0.754541
datamem/ram_reg_6__8_	0	0.633754
PLACE_optlc_7393	0	1.55556
PLACE_optlc_645	0	0.54321
PLACE_optlc_5005	0	1.51852
PLACE_optlc_12579	0	0.493827
PLACE_optlc_5379	0	1.53086
datamem/ram_reg_182__5_	0	0.790471
datamem/ram_reg_38__4_	0	1.5352
datamem/U160	0	1.26223
datamem/ram_reg_6__10_	0	1.1977
datamem/U692	0	1.34177
datamem/U2524	0	0.829475
PLACE_optlc_5335	0	1.53086
PLACE_optlc_2915	0	0.518519
PLACE_optlc_2457	0	0.555556
PLACE_optlc_8300	0	0.493827
datamem/ram_reg_9__4_	0	0.931721
datamem/ram_reg_134__5_	0	0.989062
datamem/U174	0	1.01276
datamem/ram_reg_6__7_	0	0.997704
datamem/ram_reg_135__5_	0	0.697793
PLACE_optlc_12455	0	0.555556
PLACE_optlc_913	0	0.54321
PLACE_optlc_12756	0	0.469136
datamem/U120	0	1.05438
datamem/U3113	0	1.26285
datamem/U200	0	0.836728
PLACE_optlc_5071	0	1.54321
PLACE_optlc_12010	0	1.55556
PLACE_optlc_7956	0	0.518519
PLACE_optlc_8860	0	1.55556
datamem/U2618	0	0.943735
datamem/ram_reg_178__8_	0	0.932801
datamem/U2890	0	1.16276
datamem/ram_reg_4__12_	0	0.706393
datamem/ram_reg_5__3_	0	0.582674
PLACE_optlc_5381	0	0.555556
PLACE_optlc_1796	0	0.555556
PLACE_optlc_9560	0	0.469136
PLACE_optlc_2522	0	1.49383
datamem/ram_reg_129__5_	0	1.50284
datamem/ram_reg_133__2_	0	0.849985
datamem/U175	0	0.844082
datamem/U118	0	1.01652
datamem/ram_reg_128__5_	0	0.584109
datamem/U168	0	1.03808
PLACE_optlc_10881	0	1.53086
PLACE_optlc_4327	0	0.54321
PLACE_optlc_286	0	0.506173
PLACE_optlc_4458	0	0.530864
datamem/ram_reg_9__10_	0	1.47467
datamem/ram_reg_39__12_	0	0.84473
datamem/U2967	0	1.76041
datamem/U2340	0	0.845748
datamem/U2860	0	1.08771
datamem/U3030	0	0.625108
datamem/U2636	0	0.794352
PLACE_optlc_7306	0	1.53086
PLACE_optlc_6344	0	0.555556
PLACE_optlc_6811	0	0.555556
PLACE_optlc_156	0	0.45679
PLACE_optlc_5640	0	0.518519
PLACE_optlc_4631	0	1.45679
datamem/ram_reg_144__12_	0	1.44153
datamem/ram_reg_181__5_	0	0.630069
PLACE_optlc_10480	0	1.55556
PLACE_optlc_4474	0	0.506173
PLACE_optlc_2078	0	0.506173
PLACE_optlc_9620	0	1.55556
PLACE_optlc_132	0	1.54321
PLACE_optlc_4045	0	0.493827
datamem/U179	0	0.977739
datamem/U2913	0	0.586404
datamem/U141	0	1.79194
PLACE_optlc_2583	0	1.55556
PLACE_optlc_12273	0	1.49383
PLACE_optlc_2992	0	0.518519
PLACE_optlc_8171	0	0.555556
PLACE_optlc_4964	0	1.45679
PLACE_optlc_3471	0	0.45679
PLACE_optlc_4672	0	0.555556
PLACE_optlc_5284	0	0.54321
PLACE_optlc_8646	0	0.54321
datamem/U2997	0	0.601732
datamem/U115	0	1.03159
datamem/ram_reg_7__13_	0	0.83924
PLACE_optlc_378	0	0.518519
PLACE_optlc_9630	0	1.55556
PLACE_optlc_9710	0	1.55556
PLACE_optlc_11205	0	1.54321
PLACE_optlc_9547	0	1.55556
datamem/U3003	0	0.893958
datamem/U3021	0	0.991547
datamem/U2491	0	0.948025
datamem/U185	0	1.02659
PLACE_optlc_2311	0	0.493827
PLACE_optlc_3877	0	0.555556
PLACE_optlc_4578	0	0.555556
PLACE_optlc_4843	0	0.555556
PLACE_optlc_8049	0	1.55556
PLACE_optlc_523	0	0.518519
PLACE_optlc_5388	0	0.518519
PLACE_optlc_10455	0	1.44444
PLACE_optlc_6736	0	1.55556
datamem/U2985	0	1.03428
datamem/U2355	0	1.10234
datamem/ram_reg_11__0_	0	1.42166
datamem/U140	0	0.827535
datamem/ram_reg_164__0_	0	0.682492
PLACE_optlc_1822	0	0.518519
PLACE_optlc_4875	0	1.54321
PLACE_optlc_3899	0	0.555556
PLACE_optlc_12295	0	1.55556
PLACE_optlc_10351	0	1.49383
PLACE_optlc_5218	0	0.506173
PLACE_optlc_4240	0	1.49383
PLACE_optlc_12260	0	1.55556
PLACE_optlc_1686	0	0.555556
PLACE_optlc_2036	0	0.506173
PLACE_optlc_8134	0	1.54321
datamem/ram_reg_167__0_	0	0.698438
datamem/ram_reg_166__0_	0	0.955934
datamem/U3122	0	0.768542
PLACE_optlc_7161	0	0.518519
PLACE_optlc_3766	0	1.49383
PLACE_optlc_9617	0	0.493827
PLACE_optlc_5660	0	0.506173
PLACE_optlc_11858	0	0.506173
PLACE_optlc_5192	0	1.48148
PLACE_optlc_4237	0	1.54321
datamem/U2473	0	1.46403
datamem/U114	0	1.59898
datamem/ram_reg_165__12_	0	1.14456
datamem/U3093	0	1.1546
PLACE_optlc_6264	0	1.45679
PLACE_optlc_10686	0	1.55556
PLACE_optlc_1075	0	1.54321
PLACE_optlc_6320	0	0.518519
PLACE_optlc_5304	0	0.54321
PLACE_optlc_4379	0	1.49383
PLACE_optlc_2913	0	0.518519
PLACE_optlc_9779	0	0.54321
PLACE_optlc_7558	0	1.54321
PLACE_optlc_10388	0	1.54321
PLACE_optlc_4218	0	1.45679
datamem/ram_reg_165__0_	0	2.18259
datamem/ram_reg_10__3_	0	1.86917
PLACE_optlc_3240	0	1.44444
PLACE_optlc_8086	0	1.55556
PLACE_optlc_10332	0	1.55556
PLACE_optlc_2653	0	1.49383
PLACE_optlc_12031	0	0.481481
PLACE_optlc_11018	0	1.55556
datamem/U139	0	1.04052
datamem/U2409	0	1.52108
datamem/U2448	0	0.612434
datamem/U158	0	0.969988
datamem/U2774	0	0.877978
datamem/ram_reg_9__9_	0	0.695216
PLACE_optlc_12618	0	1.55556
PLACE_optlc_2805	0	0.518519
PLACE_optlc_11081	0	1.55556
PLACE_optlc_2768	0	0.419753
PLACE_optlc_7884	0	1.53086
PLACE_optlc_10187	0	1.55556
PLACE_optlc_9321	0	0.45679
datamem/ram_reg_7__10_	0	1.97353
datamem/U2322	0	0.75321
datamem/ram_reg_9__2_	0	0.932118
PLACE_optlc_572	0	0.555556
PLACE_optlc_854	0	0.518519
PLACE_optlc_1027	0	1.55556
PLACE_optlc_5287	0	0.555556
PLACE_optlc_11206	0	0.493827
PLACE_optlc_8412	0	1.55556
PLACE_optlc_10551	0	0.493827
PLACE_optlc_11183	0	0.530864
PLACE_optlc_6872	0	0.518519
datamem/ram_reg_8__9_	0	0.892226
datamem/ram_reg_7__2_	0	1.01399
datamem/ram_reg_137__12_	0	0.562917
datamem/U135	0	1.22676
PLACE_optlc_12751	0	1.55556
PLACE_optlc_5110	0	0.506173
PLACE_optlc_10439	0	1.49383
PLACE_optlc_2152	0	1.55556
PLACE_optlc_6209	0	1.54321
datamem/U3012	0	0.709873
datamem/ram_reg_147__0_	0	1.02351
datamem/ram_reg_9__14_	0	0.84169
datamem/U95	0	0.553596
datamem/U2461	0	1.0175
PLACE_optlc_9535	0	1.49383
PLACE_optlc_871	0	0.518519
PLACE_optlc_9119	0	1.55556
PLACE_optlc_3562	0	1.55556
PLACE_optlc_5509	0	0.54321
PLACE_optlc_2293	0	1.54321
PLACE_optlc_7129	0	1.55556
datamem/ram_reg_158__14_	0	0.807407
datamem/ram_reg_8__12_	0	1.7623
PLACE_optlc_10807	0	1.46914
PLACE_optlc_2927	0	0.555556
PLACE_optlc_5562	0	0.530864
datamem/ram_reg_173__2_	0	0.782562
datamem/ram_reg_136__12_	0	0.719907
datamem/U178	0	0.597253
datamem/U3315	0	1.35183
datamem/ram_reg_173__11_	0	1.12557
datamem/U2430	0	1.33003
datamem/U130	0	1.26238
datamem/ram_reg_153__6_	0	1.11819
PLACE_optlc_8198	0	0.506173
PLACE_optlc_12270	0	1.55556
PLACE_optlc_827	0	1.55556
PLACE_optlc_3375	0	0.555556
datamem/ram_reg_9__13_	0	1.00833
datamem/U2606	0	1.60517
datamem/U203	0	1.12702
datamem/U2663	0	1.54833
datamem/U696	0	1.25557
datamem/ram_reg_138__9_	0	1.13017
PLACE_optlc_2888	0	0.555556
PLACE_optlc_8954	0	0.469136
PLACE_optlc_724	0	1.55556
PLACE_optlc_11144	0	1.55556
PLACE_optlc_3549	0	1.55556
PLACE_optlc_12518	0	0.555556
datamem/ram_reg_136__0_	0	2.35052
datamem/U2873	0	0.979105
datamem/ram_reg_173__5_	0	0.828245
datamem/ram_reg_159__15_	0	0.644691
datamem/ram_reg_146__3_	0	0.552917
datamem/ram_reg_158__13_	0	1.05696
PLACE_optlc_9454	0	1.55556
PLACE_optlc_5962	0	0.518519
PLACE_optlc_10268	0	0.555556
PLACE_optlc_6176	0	0.469136
PLACE_optlc_12176	0	0.54321
PLACE_optlc_8230	0	1.55556
PLACE_optlc_3769	0	1.55556
datamem/U86	0	1.32039
datamem/U3279	0	0.685772
datamem/ram_reg_35__14_	0	1.50345
datamem/ram_reg_175__8_	0	0.698067
datamem/U3189	0	1.40957
PLACE_optlc_6017	0	1.49383
PLACE_optlc_4292	0	1.51852
PLACE_optlc_6319	0	1.55556
PLACE_optlc_6779	0	0.54321
PLACE_optlc_6195	0	1.55556
PLACE_optlc_1702	0	1.55556
PLACE_optlc_593	0	1.50617
datamem/ram_reg_7__1_	0	0.931019
datamem/U3173	0	1.07419
datamem/ram_reg_130__2_	0	1.58377
datamem/ram_reg_158__15_	0	1.25394
PLACE_optlc_3044	0	0.54321
PLACE_optlc_797	0	0.555556
PLACE_optlc_12302	0	0.555556
PLACE_optlc_12647	0	0.555556
PLACE_optlc_11843	0	0.555556
PLACE_optlc_11320	0	0.493827
datamem/U693	0	0.625505
datamem/ram_reg_144__3_	0	0.708492
datamem/U149	0	1.08318
datamem/U3125	0	1.28991
PLACE_optlc_8994	0	1.55556
PLACE_optlc_5165	0	0.54321
PLACE_optlc_6687	0	0.555556
PLACE_optlc_5811	0	1.48148
PLACE_optlc_2706	0	0.518519
PLACE_optlc_3018	0	0.506173
PLACE_optlc_865	0	1.45679
PLACE_optlc_5644	0	0.54321
PLACE_optlc_7589	0	1.55556
datamem/U3228	0	1.32303
datamem/U2509	0	0.953164
datamem/ram_reg_139__12_	0	0.994549
datamem/U117	0	1.00726
PLACE_optlc_1215	0	0.518519
PLACE_optlc_4305	0	1.49383
PLACE_optlc_5454	0	0.555556
PLACE_optlc_10578	0	1.55556
PLACE_optlc_8753	0	1.55556
datamem/ram_reg_147__3_	0	0.674869
datamem/ram_reg_7__4_	0	1.55969
datamem/ram_reg_138__12_	0	1.28902
datamem/ram_reg_144__0_	0	1.027
datamem/ram_reg_38__2_	0	0.973395
PLACE_optlc_5308	0	0.469136
PLACE_optlc_469	0	0.518519
PLACE_optlc_1058	0	1.55556
PLACE_optlc_9292	0	1.55556
PLACE_optlc_10954	0	1.50617
PLACE_optlc_4467	0	1.55556
PLACE_optlc_8956	0	0.54321
PLACE_optlc_9903	0	0.469136
PLACE_optlc_5560	0	1.54321
PLACE_optlc_12132	0	0.555556
PLACE_optlc_171	0	0.555556
PLACE_optlc_8109	0	0.530864
datamem/U2720	0	0.972195
datamem/U3140	0	0.626393
datamem/ram_reg_172__14_	0	1.29504
datamem/U3131	0	0.930448
PLACE_optlc_12020	0	1.50617
PLACE_optlc_5798	0	1.49383
PLACE_optlc_1952	0	0.518519
PLACE_optlc_8997	0	0.555556
PLACE_optlc_2245	0	0.54321
PLACE_optlc_4247	0	1.51852
PLACE_optlc_11683	0	1.4321
datamem/U3134	0	0.838341
datamem/U2527	0	1.28973
datamem/ram_reg_176__8_	0	1.11123
datamem/U690	0	1.00349
PLACE_optlc_3788	0	0.555556
PLACE_optlc_4624	0	0.358025
PLACE_optlc_4380	0	1.46914
PLACE_optlc_12246	0	1.55556
PLACE_optlc_1597	0	1.55556
datamem/ram_reg_38__8_	0	0.69407
datamem/U129	0	1.46031
PLACE_optlc_260	0	1.45679
PLACE_optlc_9579	0	0.481481
PLACE_optlc_4756	0	0.493827
PLACE_optlc_8827	0	1.55556
PLACE_optlc_7571	0	0.518519
PLACE_optlc_7309	0	1.55556
PLACE_optlc_6682	0	1.55556
datamem/U173	0	1.72061
datamem/U3192	0	1.7205
datamem/U2515	0	1.03892
datamem/ram_reg_39__4_	0	0.596316
datamem/U715	0	1.37954
datamem/ram_reg_38__1_	0	1.59414
PLACE_optlc_2059	0	1.55556
PLACE_optlc_11605	0	1.55556
PLACE_optlc_6856	0	0.518519
PLACE_optlc_2160	0	0.444444
PLACE_optlc_8717	0	1.51852
PLACE_optlc_6596	0	1.55556
PLACE_optlc_10220	0	1.53086
PLACE_optlc_4456	0	2.55556
datamem/ram_reg_38__5_	0	0.783827
datamem/ram_reg_8__3_	0	1.53303
datamem/ram_reg_134__11_	0	1.00755
datamem/U165	0	0.671107
PLACE_optlc_2646	0	0.54321
PLACE_optlc_5783	0	0.469136
PLACE_optlc_11763	0	1.55556
PLACE_optlc_4215	0	1.50617
PLACE_optlc_2760	0	1.55556
PLACE_optlc_10194	0	1.53086
PLACE_optlc_862	0	0.54321
datamem/U689	0	1.13469
datamem/U155	0	0.92571
datamem/ram_reg_146__0_	0	0.727338
datamem/ram_reg_134__2_	0	0.93321
datamem/ram_reg_9__1_	0	1.04031
datamem/U3285	0	0.85838
datamem/ram_reg_132__2_	0	0.560019
PLACE_optlc_7031	0	1.55556
PLACE_optlc_5182	0	1.55556
PLACE_optlc_7784	0	1.55556
PLACE_optlc_4477	0	0.45679
PLACE_optlc_2001	0	1.55556
PLACE_optlc_1587	0	0.555556
datamem/ram_reg_139__0_	0	0.731524
datamem/U2660	0	1.2784
datamem/ram_reg_39__3_	0	0.937114
datamem/U152	0	0.946107
PLACE_optlc_11877	0	1.55556
PLACE_optlc_10402	0	0.45679
PLACE_optlc_4353	0	1.50617
PLACE_optlc_10199	0	1.55556
datamem/U166	0	1.18332
datamem/ram_reg_145__3_	0	1.44676
datamem/U3246	0	0.922558
datamem/ram_reg_180__11_	0	0.60211
datamem/U707	0	0.822816
PLACE_optlc_4024	0	1.55556
PLACE_optlc_5164	0	0.518519
PLACE_optlc_9284	0	1.46914
PLACE_optlc_947	0	0.555556
PLACE_optlc_863	0	0.419753
PLACE_optlc_9888	0	0.54321
PLACE_optlc_10176	0	0.37037
PLACE_optlc_4086	0	0.518519
PLACE_optlc_7722	0	1.51852
PLACE_optlc_7168	0	0.506173
PLACE_optlc_12224	0	0.555556
datamem/U713	0	1.14524
datamem/ram_reg_34__14_	0	0.678746
datamem/ram_reg_128__2_	0	0.654151
datamem/U2872	0	1.15548
PLACE_optlc_9651	0	0.469136
PLACE_optlc_12478	0	1.54321
PLACE_optlc_6194	0	1.55556
PLACE_optlc_12187	0	1.55556
PLACE_optlc_9789	0	0.555556
PLACE_optlc_4256	0	0.469136
PLACE_optlc_6083	0	1.55556
datamem/U2645	0	0.956597
datamem/ram_reg_131__2_	0	0.966316
datamem/U706	0	0.80091
datamem/ram_reg_39__9_	0	1.71593
datamem/U2506	0	1.78692
PLACE_optlc_5303	0	0.518519
PLACE_optlc_4943	0	1.48148
PLACE_optlc_10566	0	1.55556
PLACE_optlc_8384	0	0.518519
PLACE_optlc_2409	0	1.55556
PLACE_optlc_11951	0	0.469136
datamem/U138	0	1.07971
datamem/U146	0	0.824904
datamem/ram_reg_150__6_	0	0.854961
datamem/ram_reg_39__6_	0	0.745185
datamem/U712	0	1.11786
PLACE_optlc_8308	0	1.51852
PLACE_optlc_8063	0	1.49383
PLACE_optlc_10196	0	1.55556
PLACE_optlc_2749	0	1.49383
datamem/ram_reg_6__11_	0	0.888603
datamem/ram_reg_164__12_	0	0.726698
datamem/ram_reg_167__12_	0	0.550579
datamem/U2373	0	0.630775
datamem/U167	0	1.22427
PLACE_optlc_5045	0	1.53086
PLACE_optlc_6848	0	1.49383
PLACE_optlc_11590	0	1.55556
PLACE_optlc_12148	0	0.555556
PLACE_optlc_5026	0	1.55556
PLACE_optlc_2715	0	1.54321
PLACE_optlc_12102	0	0.493827
PLACE_optlc_4159	0	1.55556
datamem/ram_reg_151__6_	0	0.937242
datamem/U2609	0	0.94863
PLACE_optlc_3091	0	1.45679
PLACE_optlc_908	0	0.54321
PLACE_optlc_910	0	0.54321
PLACE_optlc_12655	0	0.45679
PLACE_optlc_12642	0	1.55556
PLACE_optlc_4758	0	1.48148
PLACE_optlc_4094	0	1.55556
PLACE_optlc_10297	0	1.53086
datamem/ram_reg_148__6_	0	0.993974
datamem/U648	0	0.639441
PLACE_optlc_6150	0	1.55556
PLACE_optlc_3166	0	1.45679
PLACE_optlc_8240	0	1.55556
datamem/U176	0	0.560081
datamem/ram_reg_8__0_	0	0.564853
datamem/U2738	0	1.25957
datamem/U2436	0	0.740752
PLACE_optlc_6385	0	1.54321
PLACE_optlc_1673	0	0.555556
PLACE_optlc_8806	0	1.48148
PLACE_optlc_5329	0	1.55556
datamem/ram_reg_181__11_	0	0.647654
datamem/ram_reg_39__0_	0	1.03602
datamem/U2479	0	1.01254
datamem/U2891	0	1.16608
datamem/ram_reg_179__8_	0	0.643221
PLACE_optlc_2867	0	0.555556
PLACE_optlc_11649	0	0.45679
PLACE_optlc_8518	0	0.469136
PLACE_optlc_490	0	0.530864
PLACE_optlc_11922	0	1.55556
PLACE_optlc_5095	0	0.54321
PLACE_optlc_97	0	1.55556
PLACE_optlc_8541	0	1.54321
datamem/U630	0	0.925694
datamem/U3033	0	1.01394
datamem/U2871	0	0.815802
datamem/ram_reg_39__14_	0	0.787338
datamem/U177	0	1.38517
datamem/ram_reg_39__1_	0	0.777762
datamem/U132	0	1.21016
datamem/ram_reg_159__6_	0	1.3554
PLACE_optlc_9489	0	0.469136
PLACE_optlc_7479	0	0.518519
PLACE_optlc_84	0	0.518519
PLACE_optlc_8892	0	0.518519
PLACE_optlc_5189	0	1.51852
PLACE_optlc_6981	0	0.506173
PLACE_optlc_617	0	1.55556
PLACE_optlc_1344	0	0.555556
PLACE_optlc_8009	0	0.555556
PLACE_optlc_12676	0	0.555556
PLACE_optlc_4541	0	0.555556
datamem/ram_reg_39__2_	0	0.888885
datamem/U3158	0	0.799541
datamem/U2756	0	1.38946
PLACE_optlc_9188	0	0.469136
PLACE_optlc_6211	0	1.51852
PLACE_optlc_558	0	0.530864
datamem/ram_reg_9__12_	0	1.24257
datamem/ram_reg_175__2_	0	0.710066
datamem/U2391	0	0.644035
datamem/U629	0	0.990741
datamem/ram_reg_35__11_	0	0.7786
datamem/U3176	0	1.02088
datamem/ram_reg_39__15_	0	0.608576
datamem/U710	0	1.39961
datamem/ram_reg_137__0_	0	0.660448
datamem/ram_reg_158__6_	0	0.698785
PLACE_optlc_10518	0	0.481481
PLACE_optlc_8456	0	0.481481
PLACE_optlc_7912	0	1.55556
PLACE_optlc_891	0	1.49383
PLACE_optlc_3479	0	0.518519
PLACE_optlc_6727	0	0.518519
PLACE_optlc_7406	0	0.530864
PLACE_optlc_6471	0	0.555556
PLACE_optlc_9203	0	1.55556
PLACE_optlc_2570	0	0.530864
datamem/U2427	0	1.10177
datamem/U653	0	1.0928
datamem/U2684	0	0.909622
PLACE_optlc_8878	0	1.53086
PLACE_optlc_8340	0	0.493827
PLACE_optlc_6814	0	0.530864
PLACE_optlc_1876	0	0.481481
PLACE_optlc_10707	0	1.55556
PLACE_optlc_853	0	0.506173
PLACE_optlc_2902	0	1.55556
PLACE_optlc_8196	0	1.49383
PLACE_optlc_2027	0	0.518519
datamem/ram_reg_174__8_	0	0.946065
datamem/ram_reg_39__13_	0	0.886844
datamem/ram_reg_39__7_	0	0.977558
datamem/U3170	0	0.922593
datamem/ram_reg_174__13_	0	0.57564
datamem/ram_reg_8__6_	0	0.804086
PLACE_optlc_8943	0	1.55556
PLACE_optlc_2097	0	1.55556
PLACE_optlc_5337	0	0.493827
PLACE_optlc_4255	0	1.55556
PLACE_optlc_6594	0	1.45679
PLACE_optlc_1427	0	0.54321
datamem/ram_reg_34__13_	0	0.820968
datamem/ram_reg_174__14_	0	0.575216
PLACE_optlc_1755	0	1.54321
PLACE_optlc_780	0	1.55556
PLACE_optlc_5806	0	1.51852
PLACE_optlc_11276	0	0.54321
PLACE_optlc_12082	0	1.55556
PLACE_optlc_9079	0	0.469136
PLACE_optlc_6657	0	1.54321
PLACE_optlc_3278	0	0.45679
PLACE_optlc_9700	0	0.493827
datamem/U627	0	0.906867
datamem/U2642	0	1.45565
datamem/ram_reg_174__11_	0	1.24998
datamem/ram_reg_152__6_	0	2.12289
PLACE_optlc_10878	0	1.54321
PLACE_optlc_4125	0	0.518519
PLACE_optlc_12034	0	1.55556
PLACE_optlc_4923	0	0.506173
PLACE_optlc_7167	0	1.49383
PLACE_optlc_8601	0	1.53086
datamem/ram_reg_39__5_	0	0.860575
datamem/U3267	0	0.722106
datamem/ram_reg_158__0_	0	1.2836
datamem/U121	0	1.36552
PLACE_optlc_1603	0	1.55556
PLACE_optlc_11958	0	1.55556
PLACE_optlc_1109	0	0.481481
PLACE_optlc_11117	0	0.530864
PLACE_optlc_12510	0	1.55556
PLACE_optlc_2783	0	1.51852
datamem/ram_reg_175__5_	0	0.885606
datamem/ram_reg_157__6_	0	0.640108
datamem/U709	0	1.06219
datamem/ram_reg_129__2_	0	0.733885
datamem/ram_reg_175__14_	0	0.785621
PLACE_optlc_10783	0	1.51852
PLACE_optlc_5955	0	1.53086
PLACE_optlc_11419	0	1.55556
PLACE_optlc_9814	0	0.469136
PLACE_optlc_9760	0	1.55556
PLACE_optlc_7903	0	0.518519
PLACE_optlc_10226	0	1.45679
PLACE_optlc_11870	0	0.54321
datamem/ram_reg_175__11_	0	0.694587
datamem/ram_reg_155__6_	0	0.980772
datamem/ram_reg_175__13_	0	0.588032
datamem/ram_reg_36__1_	0	1.10199
PLACE_optlc_6434	0	0.54321
PLACE_optlc_11790	0	1.54321
PLACE_optlc_8043	0	0.518519
datamem/U2624	0	0.812392
PLACE_optlc_377	0	1.55556
PLACE_optlc_669	0	0.481481
PLACE_optlc_5369	0	1.51852
PLACE_optlc_11975	0	0.469136
PLACE_optlc_5956	0	0.518519
datamem/ram_reg_177__8_	0	0.700297
PLACE_optlc_1568	0	0.469136
PLACE_optlc_9019	0	0.506173
PLACE_optlc_2106	0	1.54321
datamem/U2822	0	0.828534
datamem/ram_reg_154__6_	0	1.01297
datamem/U645	0	1.81449
datamem/U2846	0	0.670305
datamem/U3143	0	0.668237
datamem/ram_reg_38__9_	0	0.785629
PLACE_optlc_351	0	1.55556
PLACE_optlc_7141	0	0.530864
PLACE_optlc_1465	0	0.530864
PLACE_optlc_767	0	0.555556
PLACE_optlc_11312	0	0.518519
PLACE_optlc_5911	0	0.54321
PLACE_optlc_4196	0	0.54321
datamem/U2497	0	0.981285
datamem/U714	0	0.604008
datamem/U631	0	0.704248
datamem/U2792	0	1.22424
PLACE_optlc_11550	0	1.53086
PLACE_optlc_1061	0	0.518519
PLACE_optlc_3996	0	0.54321
PLACE_optlc_8418	0	1.55556
datamem/ram_reg_138__0_	0	0.696007
datamem/U2627	0	0.700428
datamem/ram_reg_156__0_	0	1.22403
datamem/ram_reg_39__10_	0	0.648576
datamem/ram_reg_39__8_	0	0.718862
PLACE_optlc_7618	0	0.518519
PLACE_optlc_6186	0	1.54321
PLACE_optlc_8397	0	1.55556
PLACE_optlc_5326	0	1.54321
PLACE_optlc_10012	0	1.55556
PLACE_optlc_4692	0	1.55556
PLACE_optlc_2308	0	1.55556
PLACE_optlc_10635	0	0.555556
datamem/U701	0	0.975679
datamem/ram_reg_34__11_	0	1.72145
datamem/ram_reg_145__0_	0	0.697523
datamem/ram_reg_155__9_	0	1.43122
datamem/ram_reg_173__14_	0	0.997326
PLACE_optlc_1001	0	0.506173
PLACE_optlc_323	0	1.49383
PLACE_optlc_306	0	1.51852
PLACE_optlc_7930	0	1.55556
datamem/U720	0	0.69539
datamem/U2705	0	1.04057
datamem/ram_reg_135__11_	0	1.25487
datamem/U3167	0	1.14027
PLACE_optlc_3109	0	1.55556
PLACE_optlc_12622	0	0.469136
datamem/ram_reg_36__4_	0	1.59856
datamem/U2810	0	0.918924
PLACE_optlc_4768	0	0.518519
PLACE_optlc_348	0	1.55556
PLACE_optlc_148	0	1.51852
PLACE_optlc_6290	0	0.530864
datamem/ram_reg_149__9_	0	1.19216
datamem/U2882	0	1.15703
datamem/ram_reg_135__2_	0	1.05506
PLACE_optlc_5687	0	1.55556
PLACE_optlc_8651	0	0.530864
PLACE_optlc_11069	0	0.555556
PLACE_optlc_9594	0	0.469136
PLACE_optlc_11430	0	0.506173
PLACE_optlc_4522	0	0.530864
datamem/ram_reg_38__7_	0	1.02549
datamem/U2723	0	0.935039
datamem/U2864	0	1.23924
datamem/ram_reg_38__13_	0	0.942095
datamem/U695	0	0.589267
datamem/U700	0	0.845042
datamem/U721	0	1.13293
PLACE_optlc_2679	0	1.54321
PLACE_optlc_5271	0	0.54321
PLACE_optlc_10784	0	0.469136
PLACE_optlc_12661	0	1.55556
PLACE_optlc_12391	0	0.469136
PLACE_optlc_761	0	0.481481
PLACE_optlc_8986	0	1.55556
PLACE_optlc_774	0	0.530864
PLACE_optlc_6451	0	1.55556
PLACE_optlc_2387	0	1.49383
datamem/ram_reg_156__6_	0	0.883499
datamem/U656	0	1.13537
datamem/ram_reg_134__8_	0	0.846879
datamem/ram_reg_36__5_	0	0.545131
datamem/U3155	0	0.666319
PLACE_optlc_6158	0	0.555556
PLACE_optlc_887	0	1.51852
PLACE_optlc_1411	0	0.555556
PLACE_optlc_12011	0	0.45679
PLACE_optlc_2799	0	0.555556
PLACE_optlc_9069	0	0.530864
datamem/U2319	0	0.958117
datamem/U708	0	1.53769
datamem/ram_reg_180__8_	0	0.646366
PLACE_optlc_6686	0	0.506173
PLACE_optlc_7362	0	0.506173
PLACE_optlc_4371	0	1.53086
PLACE_optlc_5903	0	1.45679
datamem/ram_reg_129__8_	0	0.823827
datamem/U719	0	1.47007
datamem/U3210	0	0.916046
datamem/U698	0	1.03835
PLACE_optlc_10490	0	1.53086
PLACE_optlc_11857	0	0.555556
PLACE_optlc_6834	0	0.555556
PLACE_optlc_6957	0	0.54321
PLACE_optlc_6967	0	0.481481
PLACE_optlc_7094	0	0.518519
PLACE_optlc_50	0	0.518519
PLACE_optlc_11676	0	1.53086
datamem/ram_reg_149__6_	0	0.890826
datamem/ram_reg_38__10_	0	1.38913
datamem/U3160	0	0.801404
datamem/U691	0	0.958704
datamem/ram_reg_9__6_	0	1.48533
PLACE_optlc_9773	0	1.46914
PLACE_optlc_3475	0	1.55556
PLACE_optlc_3947	0	0.45679
PLACE_optlc_3940	0	1.53086
datamem/ram_reg_166__12_	0	0.851725
datamem/ram_reg_39__11_	0	0.56782
datamem/ram_reg_34__15_	0	1.00782
datamem/ram_reg_35__13_	0	0.734333
datamem/U694	0	0.777068
datamem/ram_reg_148__9_	0	0.734425
PLACE_optlc_4445	0	0.530864
PLACE_optlc_7964	0	1.55556
PLACE_optlc_3803	0	0.518519
PLACE_optlc_9813	0	0.518519
PLACE_optlc_7348	0	0.518519
PLACE_optlc_1727	0	0.555556
datamem/U3213	0	1.42213
datamem/U3161	0	1.54171
datamem/ram_reg_38__12_	0	1.66023
datamem/ram_reg_38__6_	0	1.2472
PLACE_optlc_8730	0	0.493827
PLACE_optlc_11614	0	1.50617
PLACE_optlc_10335	0	1.55556
PLACE_optlc_8914	0	1.55556
PLACE_optlc_5292	0	0.481481
datamem/U688	0	1.76975
datamem/U2741	0	0.65782
datamem/ram_reg_9__3_	0	0.844514
PLACE_optlc_4482	0	0.555556
PLACE_optlc_1573	0	0.518519
PLACE_optlc_5471	0	0.518519
PLACE_optlc_11942	0	1.55556
PLACE_optlc_4208	0	0.555556
PLACE_optlc_5674	0	1.51852
PLACE_optlc_423	0	0.481481
PLACE_optlc_5289	0	0.54321
PLACE_optlc_9837	0	1.55556
datamem/U3231	0	0.959861
datamem/ram_reg_150__9_	0	0.694734
datamem/U659	0	1.00588
datamem/U647	0	1.21395
datamem/ram_reg_152__0_	0	1.30715
PLACE_optlc_9028	0	0.555556
PLACE_optlc_1333	0	1.49383
PLACE_optlc_4517	0	1.54321
PLACE_optlc_2422	0	1.50617
PLACE_optlc_9280	0	0.555556
PLACE_optlc_11574	0	0.555556
datamem/U2979	0	1.28998
datamem/U2337	0	1.78762
datamem/U711	0	1.0186
datamem/ram_reg_151__9_	0	0.912365
datamem/U2343	0	1.4977
datamem/ram_reg_38__3_	0	1.66704
PLACE_optlc_6162	0	1.44444
PLACE_optlc_5307	0	0.518519
PLACE_optlc_8562	0	0.555556
PLACE_optlc_12307	0	1.55556
PLACE_optlc_10443	0	0.506173
PLACE_optlc_2234	0	0.54321
PLACE_optlc_3466	0	0.518519
PLACE_optlc_3505	0	1.55556
PLACE_optlc_1153	0	0.506173
datamem/U2454	0	0.941319
datamem/U671	0	0.896829
datamem/U2433	0	0.723449
datamem/ram_reg_34__8_	0	0.691485
PLACE_optlc_9385	0	0.530864
PLACE_optlc_5058	0	1.55556
PLACE_optlc_7606	0	1.45679
PLACE_optlc_7579	0	1.54321
PLACE_optlc_10081	0	1.55556
PLACE_optlc_4939	0	1.53086
datamem/U2813	0	1.11605
datamem/U697	0	1.48378
datamem/U164	0	0.643904
datamem/ram_reg_38__0_	0	0.827145
datamem/ram_reg_35__15_	0	1.07548
PLACE_optlc_5455	0	1.54321
PLACE_optlc_7273	0	1.54321
PLACE_optlc_2515	0	0.530864
PLACE_optlc_8823	0	0.506173
PLACE_optlc_4266	0	1.55556
datamem/U2858	0	0.87659
datamem/ram_reg_38__14_	0	0.784792
datamem/ram_reg_177__11_	0	0.918013
PLACE_optlc_6301	0	0.54321
PLACE_optlc_195	0	0.54321
PLACE_optlc_2625	0	0.54321
PLACE_optlc_1175	0	1.49383
PLACE_optlc_8859	0	1.53086
PLACE_optlc_2767	0	1.55556
PLACE_optlc_12480	0	0.555556
datamem/ram_reg_152__9_	0	2.11503
datamem/U2702	0	1.05572
datamem/ram_reg_178__11_	0	1.01635
datamem/ram_reg_153__9_	0	0.535239
datamem/U3015	0	0.572099
PLACE_optlc_3239	0	1.55556
PLACE_optlc_1555	0	0.54321
PLACE_optlc_5401	0	1.55556
PLACE_optlc_3266	0	1.50617
PLACE_optlc_967	0	1.55556
PLACE_optlc_11972	0	0.506173
PLACE_optlc_6131	0	1.55556
PLACE_optlc_8616	0	1.55556
datamem/ram_reg_36__7_	0	0.78059
PLACE_optlc_12768	0	0.45679
PLACE_optlc_6529	0	0.493827
PLACE_optlc_775	0	1.55556
PLACE_optlc_11093	0	1.55556
PLACE_optlc_7113	0	1.55556
PLACE_optlc_9638	0	1.51852
PLACE_optlc_9156	0	0.469136
datamem/ram_reg_36__14_	0	0.67669
datamem/ram_reg_9__0_	0	1.34572
datamem/ram_reg_174__5_	0	0.742978
PLACE_optlc_12044	0	1.55556
PLACE_optlc_6780	0	1.55556
PLACE_optlc_517	0	0.444444
PLACE_optlc_12765	0	1.55556
PLACE_optlc_11526	0	0.555556
PLACE_optlc_5628	0	0.54321
datamem/ram_reg_173__15_	0	0.696169
datamem/ram_reg_159__0_	0	0.834846
datamem/ram_reg_38__11_	0	0.670262
datamem/U716	0	1.30599
datamem/U3152	0	1.45047
datamem/U3179	0	0.631698
PLACE_optlc_10656	0	0.469136
PLACE_optlc_7893	0	0.518519
PLACE_optlc_6067	0	0.54321
PLACE_optlc_8746	0	1.55556
PLACE_optlc_10724	0	1.54321
PLACE_optlc_5063	0	1.54321
datamem/ram_reg_38__15_	0	0.986925
datamem/U2445	0	1.31512
datamem/ram_reg_172__13_	0	1.15073
datamem/U2592	0	1.54941
datamem/U3178	0	0.965972
datamem/ram_reg_174__2_	0	0.598549
datamem/U680	0	0.879896
PLACE_optlc_4435	0	1.55556
PLACE_optlc_9764	0	0.469136
PLACE_optlc_9000	0	0.469136
PLACE_optlc_7255	0	1.49383
PLACE_optlc_6819	0	0.54321
PLACE_optlc_10407	0	0.481481
datamem/ram_reg_159__9_	0	0.965822
datamem/U2687	0	1.45707
datamem/ram_reg_37__1_	0	1.03595
datamem/U3264	0	0.602523
datamem/ram_reg_143__5_	0	0.935667
PLACE_optlc_5796	0	0.555556
PLACE_optlc_1159	0	0.493827
PLACE_optlc_5299	0	0.506173
PLACE_optlc_6992	0	0.518519
PLACE_optlc_3808	0	1.49383
PLACE_optlc_11207	0	1.53086
PLACE_optlc_3086	0	1.54321
datamem/ram_reg_143__8_	0	0.757025
PLACE_optlc_2314	0	0.506173
PLACE_optlc_3743	0	0.555556
PLACE_optlc_5735	0	0.54321
PLACE_optlc_9890	0	1.50617
PLACE_optlc_3248	0	1.49383
PLACE_optlc_3639	0	0.469136
PLACE_optlc_11459	0	1.46914
PLACE_optlc_7859	0	1.55556
datamem/U2400	0	0.829352
datamem/U3149	0	0.958877
datamem/U2580	0	0.856478
datamem/U170	0	1.21986
datamem/ram_reg_154__0_	0	0.962998
datamem/U717	0	0.597917
PLACE_optlc_502	0	0.493827
PLACE_optlc_4929	0	1.55556
PLACE_optlc_6258	0	0.555556
PLACE_optlc_4355	0	0.530864
PLACE_optlc_2489	0	0.518519
PLACE_optlc_4492	0	1.51852
PLACE_optlc_5997	0	1.55556
datamem/ram_reg_157__9_	0	0.631578
datamem/U2828	0	0.696779
datamem/ram_reg_36__10_	0	0.606042
datamem/U2595	0	1.30392
datamem/ram_reg_37__10_	0	1.1431
datamem/ram_reg_157__0_	0	0.803893
PLACE_optlc_4084	0	1.55556
PLACE_optlc_3894	0	1.55556
datamem/ram_reg_36__8_	0	0.766551
datamem/ram_reg_154__9_	0	0.987076
datamem/U624	0	0.809579
datamem/U2598	0	0.679579
PLACE_optlc_2563	0	1.51852
PLACE_optlc_4286	0	1.51852
PLACE_optlc_3786	0	0.518519
PLACE_optlc_12216	0	1.48148
PLACE_optlc_6087	0	1.55556
PLACE_optlc_5293	0	0.555556
PLACE_optlc_2105	0	1.51852
PLACE_optlc_8458	0	1.55556
PLACE_optlc_9098	0	1.48148
datamem/U3144	0	1.27093
datamem/ram_reg_132__11_	0	1.47392
datamem/ram_reg_142__11_	0	0.636134
datamem/U657	0	1.14042
datamem/ram_reg_179__11_	0	0.877751
PLACE_optlc_10310	0	1.55556
PLACE_optlc_6912	0	0.530864
PLACE_optlc_6877	0	0.555556
PLACE_optlc_8908	0	0.555556
PLACE_optlc_5547	0	0.481481
PLACE_optlc_2718	0	0.506173
PLACE_optlc_12695	0	0.555556
PLACE_optlc_11816	0	0.469136
PLACE_optlc_10420	0	0.518519
datamem/U3124	0	1.53526
datamem/U2840	0	0.725756
datamem/U2885	0	0.726605
PLACE_optlc_7871	0	1.50617
PLACE_optlc_11894	0	0.555556
PLACE_optlc_3090	0	0.518519
datamem/U2795	0	1.03817
datamem/ram_reg_156__9_	0	0.975552
datamem/U2750	0	0.827921
datamem/U2768	0	1.81776
PLACE_optlc_3532	0	0.555556
PLACE_optlc_11418	0	0.54321
PLACE_optlc_9084	0	1.55556
PLACE_optlc_2299	0	0.518519
datamem/ram_reg_32__14_	0	0.52892
datamem/ram_reg_153__0_	0	0.562797
datamem/ram_reg_143__11_	0	1.82307
PLACE_optlc_9058	0	0.469136
PLACE_optlc_8657	0	0.493827
PLACE_optlc_4852	0	1.55556
PLACE_optlc_673	0	0.493827
PLACE_optlc_9359	0	0.469136
datamem/ram_reg_133__11_	0	0.88098
datamem/U2876	0	1.06704
datamem/ram_reg_34__10_	0	1.47423
datamem/ram_reg_128__8_	0	1.0096
datamem/U702	0	0.748561
datamem/ram_reg_35__10_	0	0.906003
PLACE_optlc_6773	0	0.518519
PLACE_optlc_2855	0	1.55556
PLACE_optlc_11466	0	1.55556
PLACE_optlc_7611	0	0.54321
PLACE_optlc_5612	0	0.444444
PLACE_optlc_9202	0	0.555556
datamem/U2786	0	0.988534
datamem/ram_reg_37__8_	0	1.3366
datamem/U699	0	0.92216
datamem/ram_reg_149__0_	0	0.789954
PLACE_optlc_10525	0	1.55556
PLACE_optlc_5312	0	0.518519
PLACE_optlc_6080	0	0.518519
PLACE_optlc_11745	0	0.555556
PLACE_optlc_600	0	0.54321
PLACE_optlc_5930	0	0.555556
PLACE_optlc_10092	0	1.55556
PLACE_optlc_5718	0	0.518519
datamem/U3249	0	0.835262
datamem/U661	0	0.729653
datamem/ram_reg_35__2_	0	0.676331
PLACE_optlc_2088	0	1.55556
PLACE_optlc_4452	0	1.55556
PLACE_optlc_11709	0	1.53086
PLACE_optlc_7134	0	0.444444
PLACE_optlc_11688	0	0.54321
datamem/ram_reg_132__8_	0	0.882369
PLACE_optlc_4409	0	0.481481
PLACE_optlc_11990	0	1.53086
PLACE_optlc_10519	0	1.55556
PLACE_optlc_1297	0	0.530864
PLACE_optlc_8936	0	1.55556
PLACE_optlc_3134	0	0.481481
datamem/U2759	0	0.766894
datamem/ram_reg_37__0_	0	0.709996
datamem/U3129	0	0.971277
datamem/ram_reg_135__8_	0	0.569668
datamem/ram_reg_32__15_	0	0.918885
datamem/ram_reg_37__4_	0	0.668654
PLACE_optlc_497	0	1.55556
PLACE_optlc_1939	0	1.55556
PLACE_optlc_11595	0	1.46914
PLACE_optlc_8351	0	1.49383
PLACE_optlc_9183	0	0.555556
PLACE_optlc_8438	0	1.55556
PLACE_optlc_9648	0	0.481481
datamem/U2777	0	0.952365
datamem/ram_reg_158__9_	0	1.22292
datamem/U2804	0	1.083
datamem/U679	0	0.837758
datamem/U649	0	0.833673
datamem/ram_reg_131__8_	0	1.197
datamem/ram_reg_155__0_	0	1.63349
datamem/ram_reg_36__6_	0	1.16897
datamem/U666	0	1.2757
datamem/ram_reg_36__9_	0	0.989151
PLACE_optlc_7768	0	0.493827
PLACE_optlc_968	0	1.49383
PLACE_optlc_4819	0	1.55556
datamem/ram_reg_151__0_	0	0.834047
datamem/ram_reg_148__3_	0	0.741292
PLACE_optlc_12504	0	1.45679
PLACE_optlc_1066	0	0.530864
PLACE_optlc_6458	0	0.518519
PLACE_optlc_10150	0	0.555556
PLACE_optlc_637	0	0.555556
PLACE_optlc_123	0	1.45679
PLACE_optlc_4826	0	1.55556
datamem/ram_reg_33__14_	0	1.01397
datamem/U703	0	0.624306
PLACE_optlc_586	0	0.555556
PLACE_optlc_2568	0	1.53086
PLACE_optlc_3071	0	1.55556
PLACE_optlc_1655	0	1.49383
PLACE_optlc_5330	0	1.55556
PLACE_optlc_646	0	0.518519
PLACE_optlc_10417	0	1.54321
PLACE_optlc_3638	0	1.45679
PLACE_optlc_8519	0	1.53086
datamem/U3282	0	1.00903
datamem/U626	0	1.4726
datamem/ram_reg_28__0_	0	0.865737
PLACE_optlc_3065	0	0.54321
PLACE_optlc_6818	0	1.55556
PLACE_optlc_10879	0	0.469136
PLACE_optlc_12677	0	0.469136
datamem/U3180	0	0.7611
datamem/U2678	0	0.770918
datamem/U655	0	0.941439
PLACE_optlc_5794	0	1.54321
PLACE_optlc_3331	0	1.51852
PLACE_optlc_4928	0	0.555556
PLACE_optlc_4523	0	1.55556
datamem/U2849	0	0.998175
datamem/ram_reg_178__14_	0	0.687805
datamem/U2714	0	0.71995
datamem/ram_reg_172__15_	0	0.623827
datamem/U660	0	0.868927
datamem/U644	0	1.28508
PLACE_optlc_8249	0	1.55556
PLACE_optlc_421	0	0.54321
PLACE_optlc_2068	0	1.55556
PLACE_optlc_3672	0	0.555556
PLACE_optlc_5831	0	1.51852
PLACE_optlc_11247	0	1.49383
PLACE_optlc_10733	0	1.55556
PLACE_optlc_8484	0	1.45679
datamem/ram_reg_36__11_	0	0.626821
datamem/ram_reg_128__11_	0	1.24445
datamem/ram_reg_140__11_	0	0.766644
PLACE_optlc_10129	0	0.555556
PLACE_optlc_10369	0	1.55556
PLACE_optlc_149	0	0.506173
PLACE_optlc_1326	0	1.50617
PLACE_optlc_4917	0	0.518519
PLACE_optlc_2343	0	0.518519
PLACE_optlc_10463	0	1.55556
PLACE_optlc_815	0	1.55556
datamem/ram_reg_181__8_	0	1.01758
datamem/ram_reg_37__9_	0	1.62321
datamem/U652	0	0.786073
datamem/ram_reg_148__0_	0	1.31628
datamem/ram_reg_150__0_	0	0.906921
PLACE_optlc_1006	0	1.51852
PLACE_optlc_2539	0	1.55556
PLACE_optlc_11061	0	1.55556
PLACE_optlc_3811	0	0.54321
PLACE_optlc_5879	0	1.55556
PLACE_optlc_6347	0	0.555556
datamem/U3162	0	0.592986
datamem/U674	0	1.27546
datamem/U662	0	0.924155
datamem/ram_reg_152__3_	0	0.986258
datamem/ram_reg_36__2_	0	1.2203
PLACE_optlc_6018	0	1.46914
PLACE_optlc_4773	0	0.481481
PLACE_optlc_6253	0	1.55556
PLACE_optlc_6068	0	0.555556
PLACE_optlc_4994	0	0.469136
datamem/ram_reg_36__3_	0	1.68756
datamem/ram_reg_35__8_	0	0.940856
datamem/ram_reg_173__13_	0	1.1674
datamem/U2418	0	1.3589
datamem/U594	0	0.993958
datamem/U2831	0	1.51165
PLACE_optlc_8048	0	0.506173
PLACE_optlc_9523	0	1.55556
PLACE_optlc_2277	0	0.518519
PLACE_optlc_4988	0	1.55556
PLACE_optlc_9728	0	0.469136
PLACE_optlc_12051	0	0.555556
datamem/ram_reg_175__15_	0	1.38501
datamem/ram_reg_142__5_	0	0.976717
PLACE_optlc_1713	0	0.530864
PLACE_optlc_12714	0	1.55556
PLACE_optlc_1572	0	1.55556
PLACE_optlc_4242	0	0.493827
PLACE_optlc_10517	0	0.469136
PLACE_optlc_4910	0	0.54321
PLACE_optlc_1498	0	1.49383
PLACE_optlc_9647	0	0.506173
datamem/U612	0	0.900799
datamem/ram_reg_142__2_	0	0.594059
datamem/ram_reg_143__2_	0	0.785737
datamem/U663	0	1.06579
PLACE_optlc_1441	0	1.55556
PLACE_optlc_11086	0	1.55556
PLACE_optlc_414	0	1.55556
PLACE_optlc_12337	0	0.469136
datamem/ram_reg_32__13_	0	0.665386
datamem/ram_reg_37__7_	0	0.922948
datamem/ram_reg_36__0_	0	1.47047
datamem/ram_reg_173__0_	0	1.39177
datamem/ram_reg_142__8_	0	1.17798
datamem/ram_reg_175__0_	0	0.587913
PLACE_optlc_1278	0	1.55556
PLACE_optlc_7298	0	0.54321
PLACE_optlc_11884	0	0.555556
PLACE_optlc_10648	0	1.55556
datamem/U677	0	1.05459
datamem/U519	0	0.877473
datamem/ram_reg_172__0_	0	0.614329
datamem/ram_reg_140__12_	0	1.07686
PLACE_optlc_4364	0	1.55556
PLACE_optlc_1564	0	1.51852
PLACE_optlc_4586	0	0.54321
PLACE_optlc_11067	0	0.506173
PLACE_optlc_11925	0	0.469136
datamem/U2397	0	0.789591
PLACE_optlc_9642	0	1.53086
PLACE_optlc_6212	0	0.469136
PLACE_optlc_4565	0	0.54321
PLACE_optlc_10907	0	0.530864
datamem/ram_reg_34__2_	0	0.825992
datamem/U516	0	0.703441
datamem/U678	0	1.26698
datamem/U2732	0	1.19629
datamem/ram_reg_28__12_	0	0.775953
datamem/ram_reg_159__3_	0	0.719711
datamem/ram_reg_174__15_	0	0.991478
datamem/U2696	0	1.09425
datamem/U2867	0	1.68925
datamem/U2681	0	0.589981
PLACE_optlc_5813	0	1.51852
PLACE_optlc_141	0	1.55556
PLACE_optlc_9164	0	1.55556
PLACE_optlc_1447	0	0.518519
PLACE_optlc_3314	0	1.55556
PLACE_optlc_7747	0	0.555556
PLACE_optlc_12119	0	1.55556
PLACE_optlc_3778	0	0.518519
datamem/U2325	0	0.843345
datamem/U658	0	1.09432
datamem/ram_reg_32__10_	0	0.749471
datamem/U3270	0	0.94973
datamem/ram_reg_36__15_	0	0.717685
datamem/ram_reg_155__3_	0	0.880436
datamem/ram_reg_130__8_	0	0.577944
PLACE_optlc_12530	0	0.555556
PLACE_optlc_7108	0	1.55556
datamem/U595	0	0.978657
datamem/ram_reg_28__9_	0	1.41485
datamem/U684	0	0.973048
datamem/U2451	0	1.82841
PLACE_optlc_443	0	0.518519
PLACE_optlc_3898	0	1.49383
PLACE_optlc_11208	0	0.555556
PLACE_optlc_5161	0	0.555556
PLACE_optlc_4116	0	1.55556
datamem/ram_reg_154__3_	0	0.830405
PLACE_optlc_12341	0	0.45679
PLACE_optlc_12040	0	0.54321
PLACE_optlc_7058	0	0.518519
datamem/U636	0	1.27862
datamem/U670	0	1.83782
datamem/U642	0	1.09512
PLACE_optlc_2734	0	1.54321
PLACE_optlc_8261	0	0.530864
PLACE_optlc_8685	0	0.530864
PLACE_optlc_3616	0	1.54321
PLACE_optlc_5863	0	1.45679
datamem/U2379	0	0.750586
PLACE_optlc_8678	0	1.55556
PLACE_optlc_9808	0	1.55556
PLACE_optlc_7300	0	0.555556
PLACE_optlc_2737	0	1.54321
datamem/ram_reg_140__14_	0	0.952288
datamem/U507	0	1.48633
PLACE_optlc_11512	0	1.55556
PLACE_optlc_11897	0	1.53086
PLACE_optlc_7470	0	0.54321
PLACE_optlc_8022	0	0.54321
PLACE_optlc_3644	0	1.55556
PLACE_optlc_9417	0	1.55556
PLACE_optlc_5438	0	0.518519
PLACE_optlc_3637	0	0.506173
PLACE_optlc_8116	0	0.54321
datamem/ram_reg_35__5_	0	0.789348
datamem/ram_reg_37__14_	0	1.12578
datamem/U2753	0	0.832357
datamem/ram_reg_176__11_	0	1.01698
datamem/ram_reg_32__11_	0	0.587485
PLACE_optlc_11492	0	1.53086
PLACE_optlc_12427	0	0.555556
PLACE_optlc_86	0	1.53086
PLACE_optlc_10318	0	1.55556
PLACE_optlc_11213	0	0.54321
PLACE_optlc_8726	0	1.53086
PLACE_optlc_10803	0	0.555556
PLACE_optlc_8275	0	0.518519
PLACE_optlc_125	0	1.54321
PLACE_optlc_10534	0	0.469136
PLACE_optlc_11358	0	0.506173
datamem/ram_reg_180__14_	0	0.657701
datamem/U2879	0	0.987558
datamem/ram_reg_35__7_	0	0.945698
PLACE_optlc_3421	0	0.493827
PLACE_optlc_961	0	0.469136
PLACE_optlc_1383	0	0.518519
datamem/U2825	0	0.558711
datamem/ram_reg_34__7_	0	1.5956
datamem/U3126	0	1.24698
datamem/ram_reg_156__3_	0	0.567404
PLACE_optlc_8871	0	0.54321
PLACE_optlc_6600	0	0.555556
PLACE_optlc_7549	0	0.518519
PLACE_optlc_5367	0	1.55556
PLACE_optlc_6331	0	1.55556
PLACE_optlc_5928	0	1.55556
PLACE_optlc_5415	0	0.518519
PLACE_optlc_12542	0	1.55556
PLACE_optlc_11010	0	1.53086
datamem/ram_reg_153__3_	0	0.583476
datamem/ram_reg_157__12_	0	1.00515
datamem/U2544	0	1.17691
datamem/ram_reg_28__3_	0	0.59782
datamem/U3234	0	1.12316
datamem/U2771	0	0.984927
PLACE_optlc_7384	0	0.45679
PLACE_optlc_483	0	1.53086
PLACE_optlc_9659	0	0.54321
PLACE_optlc_7894	0	0.54321
PLACE_optlc_6602	0	1.55556
PLACE_optlc_3160	0	1.55556
PLACE_optlc_6863	0	0.518519
PLACE_optlc_3785	0	0.530864
PLACE_optlc_2209	0	1.55556
PLACE_optlc_1379	0	1.49383
datamem/ram_reg_32__7_	0	0.61316
datamem/ram_reg_36__13_	0	1.02399
datamem/U2852	0	0.738993
datamem/U3195	0	0.893434
datamem/U2789	0	0.903947
datamem/U3142	0	0.843299
datamem/ram_reg_115__11_	0	0.938248
PLACE_optlc_3244	0	0.493827
PLACE_optlc_5199	0	1.55556
PLACE_optlc_2102	0	0.555556
PLACE_optlc_2116	0	1.54321
PLACE_optlc_809	0	0.54321
PLACE_optlc_9832	0	1.51852
PLACE_optlc_6767	0	0.54321
PLACE_optlc_2039	0	0.555556
datamem/U2870	0	1.17441
datamem/ram_reg_37__5_	0	1.10608
datamem/U2699	0	0.817419
datamem/U2807	0	1.28882
PLACE_optlc_10273	0	0.555556
PLACE_optlc_5363	0	0.555556
PLACE_optlc_56	0	1.55556
PLACE_optlc_3292	0	1.54321
PLACE_optlc_7266	0	0.54321
PLACE_optlc_4175	0	0.506173
PLACE_optlc_5859	0	0.506173
PLACE_optlc_7126	0	1.45679
datamem/U3111	0	0.861227
datamem/U2574	0	1.24425
datamem/U2571	0	1.49048
datamem/ram_reg_129__11_	0	1.13677
datamem/ram_reg_133__8_	0	0.62289
datamem/ram_reg_154__12_	0	0.83468
datamem/U672	0	0.745405
datamem/U2545	0	1.42412
PLACE_optlc_10212	0	1.45679
PLACE_optlc_5371	0	1.51852
PLACE_optlc_6187	0	0.518519
PLACE_optlc_6348	0	1.55556
PLACE_optlc_4687	0	0.530864
PLACE_optlc_2367	0	0.530864
PLACE_optlc_2914	0	1.55556
datamem/ram_reg_37__12_	0	0.774927
datamem/ram_reg_34__5_	0	0.675725
datamem/U3165	0	0.794039
PLACE_optlc_5606	0	1.55556
PLACE_optlc_5492	0	1.53086
PLACE_optlc_5774	0	1.53086
PLACE_optlc_1381	0	0.530864
PLACE_optlc_11212	0	0.469136
PLACE_optlc_5690	0	1.50617
PLACE_optlc_3663	0	0.518519
PLACE_optlc_6702	0	0.481481
datamem/U2589	0	1.17363
datamem/U2577	0	0.70762
datamem/ram_reg_150__3_	0	0.642411
datamem/ram_reg_151__12_	0	0.656435
datamem/ram_reg_149__3_	0	1.11552
datamem/ram_reg_151__3_	0	0.788654
datamem/ram_reg_33__13_	0	0.622083
PLACE_optlc_2571	0	1.55556
PLACE_optlc_5573	0	0.518519
PLACE_optlc_939	0	0.54321
PLACE_optlc_8542	0	1.53086
datamem/ram_reg_37__6_	0	0.786736
datamem/U2708	0	1.01895
datamem/U2798	0	0.72647
datamem/U2328	0	0.687874
PLACE_optlc_9399	0	1.53086
PLACE_optlc_1576	0	1.49383
PLACE_optlc_7684	0	1.50617
PLACE_optlc_9051	0	0.469136
PLACE_optlc_10682	0	1.55556
PLACE_optlc_4228	0	1.46914
PLACE_optlc_6844	0	0.54321
PLACE_optlc_542	0	1.53086
datamem/ram_reg_179__14_	0	0.813337
datamem/ram_reg_148__12_	0	0.692731
datamem/U654	0	0.573179
datamem/ram_reg_118__8_	0	0.655702
datamem/U591	0	0.908812
PLACE_optlc_11955	0	1.55556
PLACE_optlc_12600	0	1.54321
PLACE_optlc_11887	0	0.469136
PLACE_optlc_11759	0	0.555556
datamem/U618	0	1.12279
datamem/U2361	0	1.3211
PLACE_optlc_9899	0	1.55556
PLACE_optlc_12030	0	0.469136
PLACE_optlc_1631	0	1.55556
PLACE_optlc_5237	0	1.45679
PLACE_optlc_8707	0	0.518519
datamem/U2160	0	0.665571
datamem/ram_reg_29__0_	0	0.643179
datamem/ram_reg_149__12_	0	0.708326
datamem/U681	0	0.567658
datamem/U513	0	0.680552
datamem/ram_reg_33__15_	0	0.72142
PLACE_optlc_12239	0	0.469136
PLACE_optlc_12220	0	0.530864
PLACE_optlc_1765	0	1.55556
PLACE_optlc_8814	0	1.55556
PLACE_optlc_9245	0	1.55556
datamem/U2364	0	1.23207
datamem/U2533	0	0.884742
datamem/U667	0	1.11701
datamem/ram_reg_36__12_	0	1.07591
PLACE_optlc_7431	0	1.51852
PLACE_optlc_9966	0	1.55556
PLACE_optlc_6689	0	1.54321
PLACE_optlc_9458	0	1.51852
datamem/ram_reg_32__4_	0	1.2516
datamem/ram_reg_37__11_	0	0.763947
datamem/U623	0	1.04259
datamem/ram_reg_143__15_	0	0.869834
datamem/U2547	0	0.932944
datamem/U593	0	1.83273
PLACE_optlc_6963	0	0.54321
PLACE_optlc_5202	0	1.49383
PLACE_optlc_12290	0	1.55556
PLACE_optlc_5108	0	0.555556
PLACE_optlc_9468	0	1.55556
PLACE_optlc_9343	0	0.45679
PLACE_optlc_4034	0	0.54321
PLACE_optlc_178	0	0.530864
PLACE_optlc_1575	0	1.55556
datamem/ram_reg_119__8_	0	1.18041
datamem/U665	0	1.17194
datamem/U641	0	0.589606
datamem/ram_reg_37__2_	0	1.30517
datamem/ram_reg_130__11_	0	0.622647
datamem/U2091	0	0.715251
datamem/ram_reg_28__6_	0	0.895042
datamem/ram_reg_130__14_	0	0.609923
datamem/U675	0	0.846362
PLACE_optlc_3213	0	0.506173
PLACE_optlc_9663	0	0.555556
PLACE_optlc_1885	0	0.54321
PLACE_optlc_8205	0	1.50617
PLACE_optlc_5153	0	1.48148
datamem/U2346	0	0.702851
datamem/ram_reg_143__14_	0	1.44192
datamem/ram_reg_141__11_	0	0.65483
PLACE_optlc_524	0	1.55556
PLACE_optlc_1604	0	1.55556
PLACE_optlc_6697	0	0.518519
PLACE_optlc_9080	0	0.481481
PLACE_optlc_9586	0	0.530864
PLACE_optlc_784	0	0.518519
PLACE_optlc_5102	0	1.55556
PLACE_optlc_11088	0	0.530864
PLACE_optlc_9964	0	1.53086
PLACE_optlc_2377	0	1.55556
PLACE_optlc_6526	0	1.55556
PLACE_optlc_1965	0	0.530864
PLACE_optlc_6494	0	0.530864
PLACE_optlc_11236	0	1.53086
datamem/ram_reg_158__12_	0	1.59603
datamem/ram_reg_142__14_	0	1.53801
datamem/ram_reg_32__8_	0	0.839603
datamem/U639	0	0.914502
PLACE_optlc_3155	0	1.55556
PLACE_optlc_2247	0	0.481481
PLACE_optlc_11193	0	0.530864
PLACE_optlc_9573	0	0.469136
PLACE_optlc_9356	0	0.469136
datamem/ram_reg_29__12_	0	0.990077
datamem/U2762	0	0.840837
PLACE_optlc_6792	0	0.54321
PLACE_optlc_5422	0	1.55556
PLACE_optlc_5659	0	0.530864
PLACE_optlc_11668	0	1.53086
PLACE_optlc_11927	0	1.55556
PLACE_optlc_11735	0	1.49383
PLACE_optlc_8070	0	0.530864
datamem/ram_reg_33__7_	0	1.69536
datamem/U611	0	0.886169
PLACE_optlc_10851	0	0.555556
PLACE_optlc_6825	0	1.55556
PLACE_optlc_267	0	0.518519
PLACE_optlc_4309	0	0.518519
PLACE_optlc_10900	0	0.555556
datamem/U588	0	0.978318
datamem/ram_reg_140__5_	0	0.612496
datamem/U510	0	1.28667
datamem/U587	0	1.30383
PLACE_optlc_9422	0	0.555556
PLACE_optlc_8284	0	1.55556
PLACE_optlc_10957	0	0.555556
PLACE_optlc_7416	0	1.53086
PLACE_optlc_4399	0	1.51852
PLACE_optlc_10759	0	0.555556
PLACE_optlc_879	0	1.55556
PLACE_optlc_6701	0	1.51852
PLACE_optlc_11195	0	0.555556
PLACE_optlc_2261	0	1.51852
PLACE_optlc_54	0	1.54321
datamem/ram_reg_152__12_	0	1.01641
datamem/U2744	0	0.652635
datamem/U2569	0	0.799896
datamem/ram_reg_140__0_	0	1.38627
datamem/U2562	0	1.28701
PLACE_optlc_2135	0	1.51852
PLACE_optlc_9805	0	1.55556
PLACE_optlc_7436	0	0.555556
PLACE_optlc_4475	0	0.518519
PLACE_optlc_1611	0	0.530864
PLACE_optlc_12755	0	0.493827
PLACE_optlc_4827	0	1.54321
datamem/ram_reg_140__2_	0	1.07932
datamem/ram_reg_159__12_	0	0.556752
datamem/U2717	0	1.04113
datamem/U2415	0	1.17937
datamem/ram_reg_155__12_	0	0.851582
datamem/U2601	0	1.7173
PLACE_optlc_1187	0	0.469136
PLACE_optlc_4250	0	0.518519
PLACE_optlc_1733	0	0.54321
datamem/ram_reg_140__8_	0	1.28912
datamem/U534	0	1.00383
PLACE_optlc_728	0	0.555556
PLACE_optlc_4383	0	0.481481
PLACE_optlc_2547	0	0.530864
PLACE_optlc_9112	0	1.53086
PLACE_optlc_2164	0	1.53086
PLACE_optlc_6061	0	0.54321
PLACE_optlc_5094	0	1.54321
PLACE_optlc_2386	0	0.518519
PLACE_optlc_1834	0	0.54321
datamem/U676	0	1.41238
datamem/U2563	0	1.0403
datamem/U590	0	0.640332
datamem/ram_reg_141__0_	0	0.623835
datamem/ram_reg_32__2_	0	0.693781
datamem/U2551	0	0.623194
datamem/U3252	0	0.836659
PLACE_optlc_308	0	1.49383
PLACE_optlc_2083	0	0.555556
PLACE_optlc_2750	0	1.55556
PLACE_optlc_5906	0	0.54321
PLACE_optlc_2291	0	0.54321
PLACE_optlc_11627	0	0.469136
PLACE_optlc_7017	0	0.506173
PLACE_optlc_1469	0	0.54321
PLACE_optlc_594	0	0.518519
datamem/U2735	0	1.04795
datamem/U3288	0	0.643472
datamem/U2535	0	0.922342
datamem/ram_reg_29__9_	0	0.579387
datamem/U2602	0	1.40362
PLACE_optlc_2196	0	1.55556
PLACE_optlc_7785	0	1.54321
PLACE_optlc_4486	0	1.44444
PLACE_optlc_3660	0	0.555556
PLACE_optlc_8410	0	1.51852
PLACE_optlc_6082	0	1.55556
PLACE_optlc_1933	0	0.555556
PLACE_optlc_4101	0	1.55556
datamem/U2888	0	0.924225
datamem/ram_reg_153__12_	0	0.557442
datamem/ram_reg_141__12_	0	1.03515
datamem/U685	0	0.591794
PLACE_optlc_10787	0	0.506173
PLACE_optlc_11488	0	0.555556
PLACE_optlc_5206	0	1.54321
PLACE_optlc_8213	0	0.493827
PLACE_optlc_1984	0	0.555556
PLACE_optlc_8489	0	0.555556
PLACE_optlc_8076	0	0.493827
PLACE_optlc_5785	0	0.518519
PLACE_optlc_6227	0	1.55556
PLACE_optlc_307	0	0.493827
datamem/U2541	0	1.09916
datamem/U2142	0	0.75934
datamem/U2843	0	1.77662
datamem/U2583	0	1.44267
datamem/ram_reg_131__14_	0	0.948985
PLACE_optlc_2871	0	0.506173
PLACE_optlc_3519	0	0.555556
PLACE_optlc_11713	0	1.55556
PLACE_optlc_5052	0	0.518519
PLACE_optlc_9138	0	0.555556
PLACE_optlc_7853	0	0.555556
PLACE_optlc_8937	0	1.55556
PLACE_optlc_2225	0	1.51852
PLACE_optlc_7075	0	1.49383
PLACE_optlc_8621	0	0.555556
datamem/ram_reg_33__11_	0	0.741458
datamem/U2538	0	1.29325
datamem/U515	0	1.64531
datamem/U682	0	1.33543
datamem/ram_reg_142__0_	0	1.73905
datamem/U525	0	1.09581
datamem/U683	0	0.699603
datamem/ram_reg_128__14_	0	2.28799
datamem/ram_reg_141__14_	0	0.991566
datamem/ram_reg_112__11_	0	0.687461
PLACE_optlc_1946	0	0.45679
PLACE_optlc_10234	0	1.55556
PLACE_optlc_1533	0	0.506173
PLACE_optlc_9627	0	1.55556
PLACE_optlc_8251	0	0.555556
PLACE_optlc_11032	0	0.555556
datamem/U2780	0	0.588592
datamem/U2690	0	1.51656
datamem/ram_reg_143__12_	0	0.823981
datamem/U613	0	1.32459
PLACE_optlc_8343	0	0.518519
PLACE_optlc_8453	0	0.530864
PLACE_optlc_10933	0	0.469136
PLACE_optlc_1744	0	0.555556
PLACE_optlc_3033	0	0.54321
PLACE_optlc_4016	0	0.530864
PLACE_optlc_1039	0	1.55556
PLACE_optlc_1356	0	1.45679
datamem/ram_reg_28__5_	0	0.709082
datamem/ram_reg_37__15_	0	1.17497
PLACE_optlc_8400	0	1.55556
PLACE_optlc_12218	0	0.481481
PLACE_optlc_11326	0	1.53086
PLACE_optlc_9804	0	0.506173
PLACE_optlc_7283	0	1.49383
PLACE_optlc_1839	0	0.518519
PLACE_optlc_824	0	1.55556
PLACE_optlc_9435	0	1.54321
datamem/ram_reg_32__5_	0	0.545656
datamem/ram_reg_181__14_	0	0.871759
PLACE_optlc_10450	0	1.55556
PLACE_optlc_12089	0	0.555556
PLACE_optlc_7193	0	1.55556
PLACE_optlc_860	0	1.55556
PLACE_optlc_4042	0	0.506173
PLACE_optlc_12054	0	1.45679
PLACE_optlc_10902	0	1.55556
PLACE_optlc_881	0	0.54321
PLACE_optlc_6433	0	0.518519
PLACE_optlc_5075	0	0.54321
PLACE_optlc_9864	0	0.54321
PLACE_optlc_11821	0	1.55556
datamem/U537	0	0.673017
datamem/U2037	0	1.08939
datamem/ram_reg_131__11_	0	1.32404
datamem/ram_reg_157__3_	0	0.921937
datamem/ram_reg_156__12_	0	0.811292
datamem/U2834	0	0.70816
PLACE_optlc_7322	0	0.493827
PLACE_optlc_6603	0	0.54321
PLACE_optlc_5933	0	1.55556
PLACE_optlc_3474	0	0.54321
PLACE_optlc_11254	0	1.55556
PLACE_optlc_11808	0	0.493827
datamem/U621	0	0.780787
datamem/ram_reg_37__13_	0	0.583831
PLACE_optlc_8405	0	1.55556
PLACE_optlc_12093	0	0.469136
PLACE_optlc_10834	0	1.55556
PLACE_optlc_2436	0	1.55556
PLACE_optlc_9983	0	1.53086
PLACE_optlc_3028	0	0.555556
datamem/ram_reg_34__1_	0	1.58289
datamem/U620	0	0.749425
datamem/U2587	0	1.04638
datamem/U664	0	0.871736
datamem/ram_reg_35__1_	0	0.63282
PLACE_optlc_10709	0	0.469136
PLACE_optlc_2935	0	0.518519
PLACE_optlc_10123	0	0.506173
PLACE_optlc_583	0	0.54321
PLACE_optlc_9982	0	1.53086
PLACE_optlc_11952	0	1.55556
PLACE_optlc_3093	0	1.51852
PLACE_optlc_6634	0	1.49383
PLACE_optlc_4414	0	0.518519
PLACE_optlc_8658	0	0.555556
PLACE_optlc_1815	0	1.55556
datamem/ram_reg_28__8_	0	1.28668
datamem/U2385	0	0.997419
datamem/U2367	0	1.16008
datamem/ram_reg_114__11_	0	1.09783
datamem/ram_reg_28__13_	0	0.643098
datamem/U584	0	0.599398
PLACE_optlc_6565	0	0.518519
PLACE_optlc_12392	0	1.54321
PLACE_optlc_7513	0	1.55556
PLACE_optlc_7816	0	0.54321
PLACE_optlc_4138	0	1.55556
PLACE_optlc_12386	0	0.555556
datamem/U2816	0	1.43604
datamem/U3238	0	0.973472
datamem/ram_reg_34__4_	0	1.11213
datamem/ram_reg_116__11_	0	0.685019
PLACE_optlc_5541	0	0.555556
PLACE_optlc_852	0	1.45679
PLACE_optlc_9558	0	0.555556
PLACE_optlc_7626	0	0.530864
PLACE_optlc_1971	0	0.518519
PLACE_optlc_1921	0	0.481481
PLACE_optlc_6659	0	0.54321
PLACE_optlc_1452	0	1.55556
PLACE_optlc_4515	0	1.55556
datamem/ram_reg_29__6_	0	0.7039
datamem/ram_reg_143__0_	0	1.27199
datamem/ram_reg_28__14_	0	1.02956
PLACE_optlc_4038	0	1.55556
PLACE_optlc_7708	0	1.55556
datamem/U2861	0	1.33258
datamem/ram_reg_28__15_	0	0.896196
datamem/U2584	0	0.821794
datamem/ram_reg_176__14_	0	0.665251
datamem/U2600	0	0.77858
PLACE_optlc_795	0	0.54321
PLACE_optlc_7455	0	1.55556
PLACE_optlc_4717	0	0.530864
PLACE_optlc_11941	0	1.55556
PLACE_optlc_3395	0	0.469136
PLACE_optlc_9958	0	0.555556
PLACE_optlc_3523	0	0.518519
PLACE_optlc_7221	0	0.481481
PLACE_optlc_8152	0	0.481481
PLACE_optlc_10654	0	0.555556
PLACE_optlc_393	0	1.51852
datamem/U617	0	1.16984
datamem/ram_reg_118__11_	0	0.913295
datamem/ram_reg_37__3_	0	0.575891
datamem/U582	0	0.790706
PLACE_optlc_270	0	1.55556
PLACE_optlc_5641	0	0.555556
PLACE_optlc_4960	0	0.555556
PLACE_optlc_10261	0	0.555556
PLACE_optlc_5915	0	0.54321
datamem/ram_reg_179__0_	0	1.45113
datamem/ram_reg_119__11_	0	0.618935
datamem/U521	0	1.24434
datamem/ram_reg_29__3_	0	0.625853
datamem/U531	0	1.15445
datamem/ram_reg_150__12_	0	0.957072
datamem/ram_reg_29__15_	0	2.27058
PLACE_optlc_1650	0	1.55556
PLACE_optlc_10660	0	0.469136
PLACE_optlc_6776	0	1.54321
PLACE_optlc_1391	0	1.55556
PLACE_optlc_10440	0	0.469136
PLACE_optlc_8182	0	0.54321
PLACE_optlc_2666	0	0.54321
PLACE_optlc_7965	0	0.555556
PLACE_optlc_4619	0	0.506173
datamem/U3220	0	1.44289
PLACE_optlc_7003	0	1.55556
PLACE_optlc_9415	0	0.45679
PLACE_optlc_10002	0	0.555556
PLACE_optlc_12521	0	0.555556
PLACE_optlc_7388	0	0.518519
PLACE_optlc_7607	0	0.555556
datamem/ram_reg_113__11_	0	0.910127
datamem/U2556	0	0.590883
datamem/U2073	0	1.13006
datamem/U2599	0	1.11975
datamem/U609	0	1.23814
PLACE_optlc_11431	0	1.54321
PLACE_optlc_3919	0	0.555556
PLACE_optlc_7769	0	0.54321
PLACE_optlc_3376	0	0.518519
PLACE_optlc_1134	0	0.54321
PLACE_optlc_10771	0	0.555556
PLACE_optlc_8580	0	1.55556
datamem/ram_reg_178__0_	0	1.06186
datamem/U2726	0	0.753194
datamem/ram_reg_142__15_	0	0.577724
datamem/U3256	0	0.933345
datamem/U3310	0	0.707758
datamem/U518	0	1.03098
datamem/U567	0	0.863206
PLACE_optlc_5105	0	1.55556
PLACE_optlc_4856	0	0.54321
PLACE_optlc_5405	0	0.530864
PLACE_optlc_3829	0	1.49383
PLACE_optlc_2425	0	1.55556
PLACE_optlc_8443	0	1.55556
PLACE_optlc_10063	0	0.481481
datamem/ram_reg_33__8_	0	1.04302
datamem/U2546	0	0.861138
datamem/U2564	0	0.844506
datamem/ram_reg_183__14_	0	0.627585
datamem/U2582	0	0.777882
PLACE_optlc_4560	0	1.55556
PLACE_optlc_1321	0	1.55556
PLACE_optlc_7370	0	1.55556
PLACE_optlc_9835	0	0.469136
PLACE_optlc_6278	0	0.555556
PLACE_optlc_3124	0	0.518519
PLACE_optlc_9065	0	1.55556
PLACE_optlc_3569	0	1.55556
PLACE_optlc_3037	0	0.555556
PLACE_optlc_12175	0	1.55556
datamem/ram_reg_28__11_	0	0.541034
datamem/U2565	0	1.34014
PLACE_optlc_2108	0	0.530864
PLACE_optlc_12758	0	0.54321
PLACE_optlc_2511	0	0.54321
PLACE_optlc_7710	0	1.55556
PLACE_optlc_2849	0	1.55556
PLACE_optlc_568	0	0.506173
PLACE_optlc_2899	0	1.51852
PLACE_optlc_3187	0	0.555556
PLACE_optlc_3901	0	0.493827
datamem/ram_reg_173__12_	0	0.898954
datamem/ram_reg_32__1_	0	1.01241
datamem/U561	0	0.710301
datamem/ram_reg_143__13_	0	0.976566
PLACE_optlc_9076	0	1.53086
PLACE_optlc_10427	0	0.45679
PLACE_optlc_4962	0	0.518519
PLACE_optlc_5444	0	1.55556
PLACE_optlc_9118	0	1.55556
PLACE_optlc_6284	0	0.506173
PLACE_optlc_6169	0	0.555556
PLACE_optlc_1598	0	1.49383
datamem/U512	0	0.747697
datamem/ram_reg_183__0_	0	0.792311
datamem/ram_reg_142__12_	0	0.785185
datamem/ram_reg_31__6_	0	1.40257
datamem/ram_reg_131__13_	0	0.876289
PLACE_optlc_6268	0	0.493827
PLACE_optlc_5010	0	1.55556
PLACE_optlc_5251	0	0.54321
datamem/U3147	0	1.37537
datamem/ram_reg_31__12_	0	0.661698
datamem/ram_reg_141__8_	0	1.26445
datamem/U3123	0	1.02916
datamem/U528	0	0.932392
datamem/ram_reg_158__3_	0	1.89061
PLACE_optlc_8858	0	0.555556
PLACE_optlc_10923	0	0.506173
PLACE_optlc_1250	0	1.51852
PLACE_optlc_5917	0	0.54321
PLACE_optlc_6673	0	1.49383
datamem/U3324	0	1.08583
datamem/U3306	0	0.964008
datamem/U2331	0	1.1108
datamem/U2382	0	0.878538
datamem/ram_reg_31__0_	0	0.905243
datamem/ram_reg_141__2_	0	1.94792
datamem/ram_reg_142__13_	0	1.19197
PLACE_optlc_10651	0	1.55556
PLACE_optlc_9113	0	0.469136
PLACE_optlc_11436	0	1.54321
PLACE_optlc_10693	0	0.469136
PLACE_optlc_1395	0	1.55556
PLACE_optlc_429	0	0.530864
PLACE_optlc_9314	0	1.54321
PLACE_optlc_6368	0	0.555556
PLACE_optlc_3418	0	0.555556
PLACE_optlc_11839	0	1.53086
PLACE_optlc_11838	0	1.55556
PLACE_optlc_9122	0	1.55556
datamem/ram_reg_141__13_	0	0.7862
datamem/U2539	0	0.864969
datamem/U585	0	1.15526
datamem/U605	0	1.01096
datamem/ram_reg_180__0_	0	0.750185
PLACE_optlc_857	0	0.506173
PLACE_optlc_11835	0	1.55556
PLACE_optlc_7974	0	0.518519
PLACE_optlc_7131	0	0.481481
PLACE_optlc_8159	0	0.506173
PLACE_optlc_11304	0	0.469136
PLACE_optlc_1877	0	0.555556
datamem/ram_reg_141__5_	0	1.38472
PLACE_optlc_4539	0	1.55556
PLACE_optlc_6127	0	1.55556
PLACE_optlc_4278	0	0.518519
PLACE_optlc_361	0	1.53086
datamem/ram_reg_33__10_	0	0.731269
datamem/U600	0	0.738623
datamem/ram_reg_140__13_	0	1.66037
PLACE_optlc_697	0	0.518519
PLACE_optlc_6468	0	0.54321
PLACE_optlc_1736	0	0.518519
PLACE_optlc_9898	0	0.469136
PLACE_optlc_12390	0	1.51852
PLACE_optlc_2847	0	0.518519
datamem/U2109	0	0.798314
datamem/U520	0	0.933974
PLACE_optlc_10134	0	1.53086
PLACE_optlc_3585	0	0.518519
PLACE_optlc_10594	0	0.481481
datamem/U2557	0	0.850104
datamem/ram_reg_172__12_	0	1.44234
datamem/U3177	0	0.722079
datamem/U2575	0	0.696424
datamem/ram_reg_182__14_	0	1.48941
datamem/ram_reg_143__6_	0	1.04077
PLACE_optlc_6079	0	1.54321
PLACE_optlc_1255	0	1.54321
PLACE_optlc_5225	0	1.55556
PLACE_optlc_9154	0	1.55556
PLACE_optlc_6488	0	1.53086
PLACE_optlc_6294	0	0.555556
PLACE_optlc_10467	0	1.55556
PLACE_optlc_5151	0	0.54321
PLACE_optlc_806	0	1.55556
datamem/U581	0	0.589008
datamem/ram_reg_31__14_	0	1.27397
datamem/U635	0	1.09141
datamem/U570	0	0.744896
datamem/ram_reg_174__0_	0	0.59184
datamem/U986	0	1.48902
PLACE_optlc_10488	0	0.555556
PLACE_optlc_7968	0	1.49383
PLACE_optlc_11908	0	1.55556
PLACE_optlc_7665	0	0.518519
PLACE_optlc_5803	0	0.45679
PLACE_optlc_11775	0	0.555556
PLACE_optlc_8751	0	1.55556
datamem/U673	0	0.982025
datamem/U522	0	0.868735
datamem/ram_reg_129__14_	0	0.775394
datamem/U608	0	0.582049
PLACE_optlc_1211	0	0.506173
PLACE_optlc_3429	0	0.518519
PLACE_optlc_12752	0	2.49383
PLACE_optlc_7659	0	1.55556
PLACE_optlc_788	0	1.49383
PLACE_optlc_8654	0	0.506173
PLACE_optlc_8151	0	1.55556
PLACE_optlc_10379	0	1.53086
datamem/ram_reg_140__6_	0	1.61326
datamem/ram_reg_31__9_	0	2.08959
datamem/U2145	0	0.677785
datamem/ram_reg_141__6_	0	0.719279
datamem/ram_reg_175__12_	0	0.97436
PLACE_optlc_5491	0	1.50617
PLACE_optlc_1949	0	1.45679
PLACE_optlc_3148	0	1.49383
PLACE_optlc_3842	0	0.518519
PLACE_optlc_4767	0	2.44444
PLACE_optlc_3369	0	1.51852
datamem/ram_reg_115__8_	0	0.713619
datamem/U606	0	0.61608
datamem/ram_reg_177__0_	0	1.12272
datamem/U3198	0	1.29699
PLACE_optlc_4049	0	1.53086
PLACE_optlc_11818	0	0.555556
datamem/ram_reg_31__11_	0	0.670081
PLACE_optlc_2530	0	0.54321
PLACE_optlc_7466	0	0.54321
PLACE_optlc_911	0	1.54321
PLACE_optlc_10845	0	1.51852
datamem/ram_reg_33__2_	0	1.35637
datamem/ram_reg_28__2_	0	0.891011
datamem/U3307	0	0.636987
datamem/U2163	0	1.42778
datamem/ram_reg_176__0_	0	0.629599
PLACE_optlc_3676	0	1.51852
PLACE_optlc_8319	0	0.530864
PLACE_optlc_10304	0	1.55556
PLACE_optlc_9347	0	0.45679
PLACE_optlc_11243	0	1.55556
PLACE_optlc_4303	0	1.55556
PLACE_optlc_12095	0	1.55556
PLACE_optlc_2674	0	1.44444
PLACE_optlc_2947	0	1.55556
PLACE_optlc_10242	0	1.55556
PLACE_optlc_4920	0	1.55556
datamem/U539	0	0.959857
datamem/ram_reg_132__14_	0	0.66865
PLACE_optlc_10770	0	1.49383
PLACE_optlc_10904	0	1.54321
PLACE_optlc_9511	0	1.55556
PLACE_optlc_4629	0	0.555556
datamem/ram_reg_30__4_	0	0.973318
datamem/U2055	0	1.09992
datamem/ram_reg_142__6_	0	1.28456
datamem/ram_reg_143__9_	0	0.572392
PLACE_optlc_6635	0	1.51852
PLACE_optlc_6572	0	0.54321
PLACE_optlc_12555	0	0.518519
PLACE_optlc_5521	0	0.54321
PLACE_optlc_7082	0	1.48148
PLACE_optlc_10824	0	1.50617
datamem/U3289	0	1.33706
datamem/U573	0	1.17687
datamem/U2553	0	1.52512
datamem/ram_reg_35__4_	0	1.47967
PLACE_optlc_8638	0	0.45679
PLACE_optlc_1584	0	1.55556
PLACE_optlc_4530	0	1.55556
PLACE_optlc_2252	0	0.518519
PLACE_optlc_9857	0	1.55556
PLACE_optlc_2612	0	1.55556
datamem/ram_reg_31__3_	0	0.670251
datamem/U540	0	0.623345
datamem/U3150	0	0.550482
datamem/ram_reg_29__14_	0	1.23184
PLACE_optlc_3806	0	0.555556
PLACE_optlc_2595	0	1.55556
PLACE_optlc_9281	0	1.55556
datamem/U2088	0	0.547512
datamem/U530	0	0.879958
datamem/ram_reg_114__8_	0	0.771686
datamem/U2581	0	0.906238
datamem/U3141	0	1.39225
PLACE_optlc_6460	0	0.506173
PLACE_optlc_9195	0	1.55556
PLACE_optlc_8370	0	0.54321
PLACE_optlc_5725	0	0.54321
PLACE_optlc_5101	0	1.51852
datamem/ram_reg_182__15_	0	1.07923
datamem/U603	0	1.05264
datamem/ram_reg_181__15_	0	1.41395
datamem/U2421	0	1.02721
datamem/ram_reg_174__12_	0	0.825104
PLACE_optlc_8010	0	0.518519
PLACE_optlc_284	0	1.49383
PLACE_optlc_9794	0	1.50617
PLACE_optlc_212	0	0.432099
PLACE_optlc_12656	0	1.55556
PLACE_optlc_2641	0	1.54321
PLACE_optlc_5053	0	0.530864
datamem/ram_reg_31__13_	0	0.549294
datamem/ram_reg_29__13_	0	0.617789
datamem/U546	0	0.872677
datamem/ram_reg_54__9_	0	1.02828
datamem/U2596	0	1.101
datamem/ram_reg_182__0_	0	1.33909
PLACE_optlc_2440	0	0.555556
PLACE_optlc_1898	0	1.55556
PLACE_optlc_4574	0	1.55556
PLACE_optlc_12077	0	0.506173
PLACE_optlc_7228	0	1.44444
datamem/U2384	0	1.52768
datamem/ram_reg_116__8_	0	0.602712
datamem/ram_reg_29__5_	0	0.933978
PLACE_optlc_6889	0	0.530864
PLACE_optlc_8798	0	0.54321
PLACE_optlc_3645	0	0.493827
PLACE_optlc_7827	0	0.518519
PLACE_optlc_100	0	1.55556
PLACE_optlc_8353	0	1.48148
datamem/U2593	0	1.06903
datamem/ram_reg_30__3_	0	1.19087
datamem/ram_reg_33__5_	0	1.62362
PLACE_optlc_4944	0	0.518519
PLACE_optlc_11154	0	1.53086
PLACE_optlc_8813	0	1.55556
PLACE_optlc_1076	0	1.55556
PLACE_optlc_7826	0	0.54321
PLACE_optlc_1725	0	1.49383
PLACE_optlc_8708	0	1.50617
datamem/U2349	0	0.716601
datamem/U3184	0	1.03855
datamem/U3244	0	1.8685
datamem/ram_reg_33__4_	0	1.10195
datamem/ram_reg_179__6_	0	0.955845
datamem/ram_reg_133__14_	0	1.13941
datamem/U547	0	1.42162
datamem/ram_reg_181__0_	0	1.03839
PLACE_optlc_9981	0	1.53086
PLACE_optlc_10299	0	0.555556
PLACE_optlc_2227	0	1.49383
PLACE_optlc_6560	0	0.54321
PLACE_optlc_3726	0	1.54321
datamem/ram_reg_177__14_	0	0.777681
datamem/ram_reg_12__15_	0	1.51233
datamem/U2559	0	0.818611
datamem/U638	0	1.74716
datamem/U572	0	0.878642
PLACE_optlc_7150	0	0.419753
PLACE_optlc_8797	0	1.55556
PLACE_optlc_9226	0	0.555556
PLACE_optlc_7366	0	0.555556
PLACE_optlc_11563	0	1.51852
PLACE_optlc_5982	0	0.555556
datamem/ram_reg_141__15_	0	0.604225
datamem/U602	0	1.56452
datamem/U3274	0	1.01094
datamem/ram_reg_30__6_	0	2.32225
datamem/U574	0	0.790822
datamem/ram_reg_55__9_	0	0.911682
PLACE_optlc_9354	0	0.469136
PLACE_optlc_11531	0	1.54321
PLACE_optlc_5037	0	1.49383
PLACE_optlc_4553	0	1.45679
PLACE_optlc_8668	0	1.55556
PLACE_optlc_2801	0	0.506173
PLACE_optlc_374	0	0.54321
PLACE_optlc_6843	0	1.50617
PLACE_optlc_4930	0	1.55556
datamem/U2070	0	0.886987
datamem/ram_reg_33__1_	0	0.719726
datamem/ram_reg_29__11_	0	2.19601
datamem/ram_reg_55__12_	0	0.657373
datamem/U3226	0	0.592207
datamem/ram_reg_178__6_	0	0.738453
PLACE_optlc_923	0	1.55556
PLACE_optlc_11525	0	0.555556
PLACE_optlc_10911	0	1.55556
PLACE_optlc_5884	0	0.518519
PLACE_optlc_1731	0	0.54321
PLACE_optlc_9024	0	1.49383
PLACE_optlc_1798	0	0.419753
PLACE_optlc_12620	0	0.555556
PLACE_optlc_4688	0	0.419753
PLACE_optlc_1802	0	0.555556
PLACE_optlc_1878	0	0.555556
PLACE_optlc_2221	0	0.518519
datamem/U2154	0	0.684279
datamem/U509	0	0.73814
datamem/U1007	0	1.41203
datamem/U3316	0	0.69723
datamem/ram_reg_183__15_	0	0.568075
datamem/ram_reg_31__5_	0	1.05001
PLACE_optlc_7981	0	0.518519
PLACE_optlc_2043	0	1.54321
PLACE_optlc_7620	0	0.506173
PLACE_optlc_4207	0	0.555556
PLACE_optlc_2318	0	1.55556
PLACE_optlc_5579	0	1.55556
PLACE_optlc_7147	0	0.54321
PLACE_optlc_303	0	0.518519
datamem/U575	0	0.735829
datamem/ram_reg_113__8_	0	0.772091
datamem/U3202	0	0.668152
datamem/U3325	0	1.01847
PLACE_optlc_6713	0	1.53086
PLACE_optlc_6491	0	1.55556
PLACE_optlc_9362	0	0.530864
PLACE_optlc_8702	0	0.469136
PLACE_optlc_11017	0	1.55556
PLACE_optlc_7441	0	1.55556
PLACE_optlc_2050	0	0.493827
PLACE_optlc_11071	0	1.49383
PLACE_optlc_131	0	0.481481
PLACE_optlc_6160	0	0.45679
PLACE_optlc_7022	0	1.54321
datamem/U1004	0	1.42392
datamem/ram_reg_28__7_	0	1.14126
datamem/ram_reg_173__6_	0	0.726998
datamem/U536	0	1.2327
datamem/U3262	0	1.27418
PLACE_optlc_1748	0	0.555556
PLACE_optlc_1104	0	0.54321
PLACE_optlc_1299	0	1.49383
PLACE_optlc_8920	0	0.555556
PLACE_optlc_5044	0	0.518519
PLACE_optlc_7289	0	1.54321
PLACE_optlc_2342	0	1.51852
PLACE_optlc_10655	0	0.555556
PLACE_optlc_4982	0	1.54321
PLACE_optlc_11197	0	0.395062
PLACE_optlc_1541	0	1.55556
datamem/U538	0	1.83542
datamem/U3197	0	0.888044
datamem/U233	0	0.617558
datamem/ram_reg_183__6_	0	1.71392
PLACE_optlc_9568	0	0.530864
PLACE_optlc_739	0	1.40741
PLACE_optlc_3976	0	1.55556
PLACE_optlc_9322	0	1.50617
PLACE_optlc_5615	0	1.48148
PLACE_optlc_2096	0	0.54321
PLACE_optlc_2198	0	1.49383
PLACE_optlc_7985	0	1.44444
PLACE_optlc_317	0	1.55556
PLACE_optlc_11664	0	1.55556
datamem/U3287	0	0.863241
datamem/ram_reg_142__9_	0	0.932894
datamem/ram_reg_140__15_	0	0.867454
PLACE_optlc_6956	0	2.54321
PLACE_optlc_7865	0	0.518519
PLACE_optlc_5432	0	1.50617
PLACE_optlc_8436	0	1.54321
PLACE_optlc_5119	0	1.49383
PLACE_optlc_11892	0	0.555556
PLACE_optlc_9380	0	1.55556
PLACE_optlc_2323	0	0.555556
datamem/U2548	0	1.11323
datamem/U543	0	0.848472
datamem/ram_reg_177__13_	0	0.85478
datamem/U3292	0	0.549248
datamem/ram_reg_30__0_	0	0.903538
datamem/U2403	0	1.5174
PLACE_optlc_5789	0	1.55556
PLACE_optlc_5619	0	0.518519
PLACE_optlc_1092	0	0.518519
PLACE_optlc_6757	0	0.506173
PLACE_optlc_8334	0	0.555556
PLACE_optlc_1235	0	1.55556
PLACE_optlc_5234	0	1.55556
datamem/ram_reg_172__6_	0	0.661354
datamem/U2566	0	1.00325
PLACE_optlc_3887	0	0.518519
PLACE_optlc_3738	0	1.55556
PLACE_optlc_7419	0	1.53086
PLACE_optlc_12711	0	1.55556
PLACE_optlc_9796	0	1.50617
PLACE_optlc_7954	0	0.54321
PLACE_optlc_11134	0	0.530864
PLACE_optlc_2584	0	1.55556
PLACE_optlc_12264	0	1.53086
PLACE_optlc_3047	0	1.45679
datamem/ram_reg_30__12_	0	0.670745
PLACE_optlc_9465	0	0.469136
PLACE_optlc_510	0	0.518519
PLACE_optlc_997	0	0.518519
PLACE_optlc_6883	0	1.51852
PLACE_optlc_9323	0	1.53086
PLACE_optlc_10875	0	0.493827
datamem/ram_reg_140__9_	0	0.555455
datamem/U2366	0	0.904055
datamem/ram_reg_176__15_	0	0.88375
datamem/ram_reg_175__6_	0	0.678819
PLACE_optlc_12233	0	1.40741
PLACE_optlc_4957	0	1.55556
PLACE_optlc_10606	0	1.55556
PLACE_optlc_6840	0	1.51852
PLACE_optlc_10409	0	1.49383
PLACE_optlc_4609	0	1.55556
PLACE_optlc_10461	0	1.55556
PLACE_optlc_1966	0	0.54321
datamem/ram_reg_141__9_	0	1.2465
datamem/U3216	0	1.87007
datamem/ram_reg_180__6_	0	0.554865
datamem/ram_reg_181__13_	0	0.562546
datamem/ram_reg_29__7_	0	0.677986
datamem/ram_reg_176__13_	0	0.791389
datamem/ram_reg_30__9_	0	0.682701
datamem/ram_reg_119__2_	0	0.655768
PLACE_optlc_10604	0	0.555556
PLACE_optlc_11514	0	1.49383
PLACE_optlc_5121	0	1.54321
datamem/U3199	0	0.645166
datamem/U555	0	0.752867
PLACE_optlc_10677	0	0.469136
PLACE_optlc_9476	0	1.55556
PLACE_optlc_12415	0	0.45679
PLACE_optlc_6781	0	1.54321
datamem/ram_reg_174__3_	0	1.45494
datamem/U2590	0	0.734136
datamem/U564	0	1.14259
PLACE_optlc_444	0	1.51852
PLACE_optlc_9317	0	0.555556
PLACE_optlc_7547	0	1.55556
PLACE_optlc_403	0	1.55556
datamem/ram_reg_112__8_	0	0.875413
datamem/U3208	0	0.65098
datamem/ram_reg_129__13_	0	0.752315
datamem/U566	0	0.832905
datamem/U2106	0	0.882342
datamem/U599	0	1.09549
PLACE_optlc_1539	0	1.50617
PLACE_optlc_3520	0	0.555556
PLACE_optlc_10638	0	1.50617
PLACE_optlc_7926	0	1.53086
PLACE_optlc_10158	0	1.54321
datamem/U3135	0	1.3464
datamem/ram_reg_130__13_	0	0.747438
datamem/ram_reg_177__6_	0	0.6514
datamem/U3159	0	0.938036
datamem/U3117	0	1.39703
PLACE_optlc_944	0	1.54321
PLACE_optlc_6831	0	1.55556
PLACE_optlc_6759	0	0.54321
PLACE_optlc_4528	0	1.51852
datamem/U544	0	0.84522
datamem/ram_reg_143__3_	0	1.19034
datamem/ram_reg_142__3_	0	2.36242
PLACE_optlc_4790	0	0.518519
PLACE_optlc_6638	0	0.493827
PLACE_optlc_11519	0	0.469136
PLACE_optlc_6694	0	1.55556
datamem/ram_reg_30__11_	0	0.590602
datamem/U568	0	0.721894
datamem/ram_reg_30__14_	0	0.78228
PLACE_optlc_5621	0	0.54321
PLACE_optlc_211	0	1.51852
PLACE_optlc_8477	0	0.555556
datamem/ram_reg_176__6_	0	1.04347
datamem/U3323	0	0.984796
datamem/ram_reg_31__1_	0	1.4431
PLACE_optlc_5131	0	1.50617
PLACE_optlc_12443	0	1.49383
PLACE_optlc_11504	0	0.45679
PLACE_optlc_463	0	1.53086
PLACE_optlc_3025	0	1.55556
datamem/ram_reg_174__6_	0	0.602396
datamem/U3171	0	1.82898
datamem/U3251	0	1.61328
datamem/U549	0	0.747427
PLACE_optlc_10046	0	0.555556
PLACE_optlc_8978	0	1.53086
PLACE_optlc_3684	0	1.55556
PLACE_optlc_8322	0	0.54321
datamem/U527	0	0.649622
datamem/U3271	0	0.952207
datamem/U950	0	0.657454
datamem/U557	0	1.24505
datamem/U3298	0	1.30322
PLACE_optlc_10951	0	1.55556
PLACE_optlc_1906	0	1.55556
PLACE_optlc_1313	0	0.555556
PLACE_optlc_7480	0	0.45679
PLACE_optlc_6835	0	0.481481
PLACE_optlc_12105	0	1.55556
PLACE_optlc_11682	0	0.54321
PLACE_optlc_10249	0	1.55556
PLACE_optlc_7743	0	0.530864
PLACE_optlc_5023	0	0.555556
datamem/ram_reg_133__13_	0	0.92772
datamem/U556	0	0.626381
datamem/ram_reg_30__1_	0	0.662924
datamem/ram_reg_31__15_	0	1.14297
datamem/U529	0	0.594649
datamem/U552	0	1.28847
PLACE_optlc_4415	0	0.555556
PLACE_optlc_5129	0	0.481481
PLACE_optlc_1031	0	0.555556
PLACE_optlc_1883	0	1.55556
PLACE_optlc_158	0	0.555556
PLACE_optlc_12127	0	0.555556
PLACE_optlc_1413	0	1.53086
PLACE_optlc_9316	0	1.53086
datamem/U2560	0	0.751269
datamem/U3168	0	1.51663
datamem/U514	0	1.27427
datamem/ram_reg_135__14_	0	2.40937
PLACE_optlc_2319	0	0.518519
PLACE_optlc_6777	0	1.55556
PLACE_optlc_4870	0	1.55556
PLACE_optlc_3568	0	1.55556
PLACE_optlc_4775	0	0.518519
PLACE_optlc_7307	0	1.50617
PLACE_optlc_12590	0	0.555556
PLACE_optlc_4046	0	0.506173
PLACE_optlc_5319	0	1.55556
PLACE_optlc_10382	0	0.469136
datamem/ram_reg_31__7_	0	0.907523
datamem/ram_reg_182__13_	0	1.07227
datamem/ram_reg_12__6_	0	0.657076
datamem/ram_reg_176__12_	0	0.948677
PLACE_optlc_11142	0	0.469136
PLACE_optlc_6597	0	0.555556
PLACE_optlc_3260	0	1.50617
PLACE_optlc_7035	0	0.518519
PLACE_optlc_5089	0	0.518519
datamem/U3233	0	1.22532
datamem/ram_reg_29__2_	0	1.96736
datamem/U2578	0	1.29745
datamem/U3215	0	1.11554
datamem/U3305	0	0.757222
datamem/ram_reg_12__13_	0	0.777303
datamem/ram_reg_12__14_	0	0.802357
datamem/ram_reg_29__8_	0	1.93659
datamem/ram_reg_183__13_	0	1.044
datamem/ram_reg_180__15_	0	0.749522
datamem/U2052	0	1.44809
PLACE_optlc_422	0	1.55556
PLACE_optlc_5973	0	1.55556
PLACE_optlc_4838	0	1.55556
PLACE_optlc_1504	0	1.54321
PLACE_optlc_1938	0	0.555556
PLACE_optlc_5578	0	0.555556
PLACE_optlc_3627	0	0.54321
PLACE_optlc_2655	0	1.55556
PLACE_optlc_10497	0	1.55556
datamem/U545	0	0.743816
datamem/U232	0	0.83914
PLACE_optlc_9633	0	1.51852
PLACE_optlc_9641	0	1.51852
PLACE_optlc_3971	0	0.54321
PLACE_optlc_7041	0	1.55556
PLACE_optlc_11832	0	1.55556
PLACE_optlc_962	0	0.555556
PLACE_optlc_1004	0	0.54321
PLACE_optlc_1350	0	1.51852
PLACE_optlc_2616	0	1.55556
datamem/U533	0	1.10151
datamem/U3190	0	0.765394
datamem/ram_reg_114__2_	0	0.78392
datamem/U2064	0	0.688877
datamem/ram_reg_30__13_	0	2.4062
datamem/U221	0	1.00851
datamem/ram_reg_52__9_	0	0.66662
PLACE_optlc_8191	0	0.555556
PLACE_optlc_11119	0	0.493827
PLACE_optlc_6134	0	0.54321
PLACE_optlc_12666	0	0.555556
PLACE_optlc_2264	0	0.54321
PLACE_optlc_5450	0	1.51852
PLACE_optlc_8077	0	0.506173
PLACE_optlc_2410	0	0.518519
PLACE_optlc_10944	0	1.55556
PLACE_optlc_4314	0	1.39506
PLACE_optlc_4545	0	1.55556
PLACE_optlc_12150	0	1.53086
datamem/ram_reg_116__2_	0	0.629448
datamem/U2034	0	1.10535
PLACE_optlc_10674	0	0.506173
PLACE_optlc_10507	0	1.55556
PLACE_optlc_7756	0	0.54321
PLACE_optlc_8408	0	0.555556
PLACE_optlc_11945	0	0.469136
PLACE_optlc_6509	0	0.518519
PLACE_optlc_9475	0	0.506173
PLACE_optlc_1842	0	1.55556
PLACE_optlc_1847	0	1.55556
datamem/ram_reg_30__2_	0	0.75713
datamem/ram_reg_177__12_	0	1.1824
datamem/U554	0	0.616397
datamem/ram_reg_178__12_	0	0.635887
datamem/U224	0	1.16948
datamem/ram_reg_182__6_	0	1.4
datamem/U2542	0	0.658129
datamem/ram_reg_181__6_	0	0.8475
PLACE_optlc_8922	0	1.53086
PLACE_optlc_233	0	0.518519
PLACE_optlc_4127	0	2.55556
PLACE_optlc_10984	0	0.555556
PLACE_optlc_4524	0	0.493827
datamem/ram_reg_184__2_	0	0.775694
datamem/U2348	0	1.27693
datamem/U989	0	0.912766
datamem/ram_reg_29__4_	0	1.49906
datamem/U3280	0	0.641929
PLACE_optlc_7190	0	0.530864
PLACE_optlc_9601	0	1.55556
PLACE_optlc_8163	0	1.51852
PLACE_optlc_5631	0	0.555556
PLACE_optlc_9598	0	1.55556
datamem/ram_reg_178__13_	0	1.82926
datamem/U532	0	1.31218
datamem/ram_reg_13__15_	0	1.00047
datamem/ram_reg_118__2_	0	0.73549
PLACE_optlc_10877	0	1.55556
PLACE_optlc_138	0	1.53086
PLACE_optlc_10508	0	0.506173
PLACE_optlc_10882	0	1.55556
PLACE_optlc_9634	0	1.55556
PLACE_optlc_4282	0	0.45679
PLACE_optlc_9272	0	0.45679
PLACE_optlc_1432	0	0.555556
datamem/U2136	0	0.668148
datamem/U2572	0	0.702141
datamem/ram_reg_183__12_	0	0.837913
datamem/ram_reg_184__14_	0	1.58998
datamem/ram_reg_179__13_	0	0.874961
PLACE_optlc_7499	0	0.555556
PLACE_optlc_9758	0	1.55556
PLACE_optlc_711	0	1.53086
PLACE_optlc_719	0	0.518519
PLACE_optlc_7975	0	0.506173
PLACE_optlc_4868	0	1.55556
PLACE_optlc_10447	0	1.39506
datamem/ram_reg_54__12_	0	1.44728
datamem/ram_reg_12__0_	0	0.855135
PLACE_optlc_9487	0	0.469136
PLACE_optlc_11655	0	0.506173
PLACE_optlc_11872	0	1.53086
PLACE_optlc_6260	0	0.530864
PLACE_optlc_4627	0	0.54321
PLACE_optlc_5366	0	0.518519
datamem/U218	0	1.81833
datamem/ram_reg_184__15_	0	0.739788
PLACE_optlc_9342	0	1.55556
PLACE_optlc_1281	0	1.53086
PLACE_optlc_2246	0	1.51852
PLACE_optlc_7000	0	0.555556
PLACE_optlc_2903	0	0.518519
datamem/ram_reg_31__8_	0	0.900031
datamem/ram_reg_29__1_	0	0.610968
datamem/U251	0	1.19971
PLACE_optlc_10539	0	1.46914
PLACE_optlc_12652	0	1.55556
PLACE_optlc_5276	0	1.55556
PLACE_optlc_2325	0	1.54321
PLACE_optlc_7410	0	1.55556
datamem/ram_reg_12__12_	0	0.922118
PLACE_optlc_11744	0	1.55556
PLACE_optlc_11311	0	0.555556
PLACE_optlc_7578	0	0.530864
PLACE_optlc_3864	0	1.55556
PLACE_optlc_9094	0	1.53086
PLACE_optlc_10406	0	1.55556
datamem/U3153	0	1.03223
datamem/ram_reg_180__13_	0	2.35002
datamem/U3120	0	0.969603
datamem/ram_reg_179__12_	0	1.78218
PLACE_optlc_8985	0	1.53086
PLACE_optlc_5636	0	0.518519
PLACE_optlc_877	0	0.45679
PLACE_optlc_8545	0	1.55556
PLACE_optlc_480	0	0.54321
PLACE_optlc_5999	0	0.555556
datamem/U3138	0	0.686184
datamem/ram_reg_175__3_	0	0.694784
datamem/ram_reg_177__15_	0	0.774475
PLACE_optlc_11686	0	1.48148
PLACE_optlc_4916	0	1.55556
PLACE_optlc_5873	0	0.518519
PLACE_optlc_3875	0	1.53086
datamem/ram_reg_141__3_	0	0.871377
datamem/U576	0	0.62919
datamem/ram_reg_173__9_	0	1.00765
datamem/ram_reg_13__12_	0	0.801906
datamem/U2127	0	1.6752
datamem/U526	0	0.610698
datamem/ram_reg_12__9_	0	0.605112
datamem/ram_reg_174__9_	0	1.01384
datamem/U517	0	0.696042
PLACE_optlc_3884	0	0.518519
PLACE_optlc_5805	0	0.530864
PLACE_optlc_3230	0	0.518519
datamem/ram_reg_12__3_	0	1.26532
datamem/ram_reg_184__8_	0	0.897566
datamem/U3333	0	0.930679
datamem/U2420	0	0.763754
PLACE_optlc_10718	0	0.555556
PLACE_optlc_1859	0	0.518519
PLACE_optlc_2375	0	0.555556
PLACE_optlc_7637	0	1.55556
PLACE_optlc_3891	0	0.518519
PLACE_optlc_2084	0	1.55556
datamem/U3232	0	0.847766
datamem/U2028	0	0.722959
datamem/U3174	0	1.17584
PLACE_optlc_8583	0	1.53086
PLACE_optlc_1810	0	1.55556
PLACE_optlc_6214	0	1.51852
PLACE_optlc_6916	0	1.54321
datamem/ram_reg_128__13_	0	1.46384
datamem/U231	0	1.13753
datamem/U242	0	0.843484
datamem/ram_reg_140__3_	0	1.36233
PLACE_optlc_5750	0	0.54321
PLACE_optlc_5420	0	0.518519
PLACE_optlc_6806	0	1.50617
PLACE_optlc_7628	0	1.55556
PLACE_optlc_4608	0	0.530864
datamem/ram_reg_172__3_	0	0.562022
datamem/U3196	0	0.78591
datamem/ram_reg_172__9_	0	1.40321
PLACE_optlc_11825	0	1.55556
PLACE_optlc_12289	0	1.55556
PLACE_optlc_4716	0	0.493827
datamem/ram_reg_184__5_	0	0.783383
datamem/U2457	0	1.0622
datamem/U3211	0	0.846389
datamem/U569	0	1.15799
datamem/U3330	0	1.12667
datamem/ram_reg_28__10_	0	1.27074
PLACE_optlc_2858	0	1.54321
PLACE_optlc_9816	0	0.530864
PLACE_optlc_7991	0	0.555556
datamem/ram_reg_30__10_	0	0.978171
datamem/U230	0	0.589529
datamem/U3342	0	0.923808
datamem/ram_reg_115__2_	0	0.960432
PLACE_optlc_9918	0	1.55556
PLACE_optlc_10155	0	0.518519
PLACE_optlc_11159	0	0.555556
PLACE_optlc_6378	0	0.518519
PLACE_optlc_3405	0	1.51852
datamem/ram_reg_117__11_	0	1.16577
datamem/U3368	0	0.926269
datamem/ram_reg_132__13_	0	1.04786
datamem/U562	0	0.661836
datamem/ram_reg_112__2_	0	1.40971
datamem/ram_reg_175__9_	0	1.51397
PLACE_optlc_4229	0	0.555556
PLACE_optlc_1062	0	0.518519
PLACE_optlc_11572	0	0.54321
PLACE_optlc_8221	0	1.46914
PLACE_optlc_9409	0	1.53086
PLACE_optlc_11667	0	0.469136
datamem/U920	0	0.758167
datamem/U563	0	0.764738
PLACE_optlc_9077	0	1.55556
PLACE_optlc_1008	0	0.518519
PLACE_optlc_9836	0	1.55556
PLACE_optlc_2480	0	0.506173
PLACE_optlc_691	0	0.530864
PLACE_optlc_2817	0	1.54321
PLACE_optlc_2777	0	1.55556
PLACE_optlc_8779	0	0.555556
datamem/ram_reg_30__8_	0	0.758156
datamem/U2100	0	1.3529
datamem/ram_reg_186__4_	0	1.26571
datamem/U3343	0	0.557145
PLACE_optlc_11940	0	1.55556
PLACE_optlc_6950	0	1.55556
PLACE_optlc_8762	0	1.53086
PLACE_optlc_7335	0	0.518519
datamem/ram_reg_185__4_	0	1.82968
datamem/ram_reg_177__9_	0	1.44287
datamem/U3214	0	0.877901
PLACE_optlc_6265	0	1.53086
PLACE_optlc_2974	0	0.518519
PLACE_optlc_6039	0	1.55556
PLACE_optlc_1699	0	0.54321
PLACE_optlc_11772	0	1.53086
PLACE_optlc_8024	0	0.493827
datamem/ram_reg_12__5_	0	0.593731
datamem/U3322	0	1.36841
PLACE_optlc_3420	0	1.55556
PLACE_optlc_7760	0	1.55556
PLACE_optlc_9970	0	1.55556
PLACE_optlc_3067	0	1.51852
PLACE_optlc_10764	0	1.55556
PLACE_optlc_8013	0	0.45679
PLACE_optlc_10558	0	0.469136
datamem/ram_reg_50__15_	0	1.1777
datamem/U550	0	1.01444
PLACE_optlc_10418	0	0.530864
PLACE_optlc_2873	0	0.54321
PLACE_optlc_6929	0	1.54321
PLACE_optlc_10381	0	1.55556
PLACE_optlc_5979	0	0.518519
PLACE_optlc_9121	0	1.54321
datamem/U3217	0	1.1085
datamem/ram_reg_12__8_	0	0.888391
datamem/ram_reg_52__12_	0	1.11512
datamem/ram_reg_31__2_	0	1.70461
datamem/U3187	0	1.62304
datamem/ram_reg_31__10_	0	1.74472
datamem/U248	0	0.672014
datamem/ram_reg_30__15_	0	0.790459
datamem/ram_reg_176__3_	0	1.06223
datamem/ram_reg_187__4_	0	1.22512
PLACE_optlc_3362	0	1.55556
PLACE_optlc_829	0	1.55556
PLACE_optlc_6735	0	1.39506
PLACE_optlc_10038	0	0.555556
PLACE_optlc_9572	0	0.555556
PLACE_optlc_5072	0	0.54321
PLACE_optlc_7745	0	1.49383
PLACE_optlc_6231	0	0.469136
datamem/U3339	0	0.750069
datamem/ram_reg_13__13_	0	0.728897
datamem/ram_reg_13__3_	0	1.01139
datamem/ram_reg_117__2_	0	0.709992
datamem/ram_reg_13__6_	0	0.926879
datamem/ram_reg_30__7_	0	0.931968
datamem/ram_reg_188__14_	0	0.902685
PLACE_optlc_9768	0	0.469136
PLACE_optlc_7910	0	1.54321
PLACE_optlc_10035	0	1.54321
PLACE_optlc_2090	0	1.55556
PLACE_optlc_69	0	1.55556
PLACE_optlc_1126	0	1.49383
datamem/U2536	0	1.12053
datamem/ram_reg_135__13_	0	0.835367
datamem/U3156	0	1.19658
PLACE_optlc_2550	0	1.55556
PLACE_optlc_4391	0	1.35802
PLACE_optlc_10812	0	1.53086
PLACE_optlc_5522	0	1.49383
PLACE_optlc_657	0	0.54321
PLACE_optlc_1378	0	1.45679
PLACE_optlc_6940	0	0.518519
datamem/U250	0	0.963526
datamem/U2554	0	0.877045
PLACE_optlc_5700	0	0.555556
PLACE_optlc_5029	0	0.407407
PLACE_optlc_11257	0	0.555556
PLACE_optlc_5170	0	1.45679
PLACE_optlc_5201	0	0.518519
PLACE_optlc_7777	0	0.54321
PLACE_optlc_3364	0	0.530864
datamem/ram_reg_134__14_	0	0.604086
datamem/U3414	0	1.20321
datamem/U3304	0	0.567022
datamem/ram_reg_12__11_	0	0.757874
PLACE_optlc_2929	0	0.506173
PLACE_optlc_4346	0	1.4321
PLACE_optlc_2271	0	0.54321
PLACE_optlc_5954	0	0.54321
PLACE_optlc_193	0	1.54321
PLACE_optlc_10600	0	0.54321
PLACE_optlc_8740	0	1.55556
PLACE_optlc_3062	0	1.45679
datamem/ram_reg_13__14_	0	2.33479
datamem/U3253	0	1.45314
datamem/ram_reg_179__3_	0	0.71549
datamem/U511	0	0.892728
PLACE_optlc_3818	0	0.493827
PLACE_optlc_4239	0	1.54321
PLACE_optlc_6262	0	0.555556
PLACE_optlc_6354	0	0.54321
PLACE_optlc_12311	0	0.45679
PLACE_optlc_5575	0	1.55556
PLACE_optlc_1249	0	0.518519
PLACE_optlc_7845	0	0.45679
datamem/U548	0	0.590598
datamem/U3250	0	0.862485
datamem/ram_reg_54__3_	0	0.752404
datamem/ram_reg_12__2_	0	0.90929
datamem/ram_reg_184__11_	0	0.688337
datamem/U3336	0	1.37735
datamem/ram_reg_185__14_	0	0.605073
datamem/U3269	0	0.702755
datamem/U2350	0	1.32214
PLACE_optlc_2860	0	0.506173
PLACE_optlc_1394	0	0.493827
PLACE_optlc_2104	0	0.530864
PLACE_optlc_8512	0	0.555556
PLACE_optlc_6879	0	1.51852
PLACE_optlc_6427	0	1.54321
PLACE_optlc_11111	0	1.55556
PLACE_optlc_10612	0	1.54321
datamem/ram_reg_52__3_	0	0.669514
datamem/U227	0	1.19849
datamem/U3301	0	1.05301
PLACE_optlc_6774	0	0.481481
PLACE_optlc_9319	0	0.469136
PLACE_optlc_3626	0	1.55556
PLACE_optlc_5481	0	1.51852
PLACE_optlc_379	0	1.55556
datamem/ram_reg_30__5_	0	0.962427
datamem/U2082	0	0.603823
datamem/U2330	0	0.83289
datamem/ram_reg_181__12_	0	0.567079
datamem/ram_reg_129__15_	0	0.677411
PLACE_optlc_8395	0	0.493827
PLACE_optlc_12236	0	0.469136
PLACE_optlc_391	0	0.54321
PLACE_optlc_2242	0	1.49383
PLACE_optlc_9349	0	0.407407
datamem/ram_reg_117__8_	0	0.648353
datamem/U3286	0	0.60238
datamem/ram_reg_179__9_	0	0.652577
datamem/U2402	0	0.999583
datamem/U272	0	1.06409
datamem/ram_reg_188__0_	0	0.866512
PLACE_optlc_9875	0	1.50617
PLACE_optlc_7402	0	0.555556
PLACE_optlc_1832	0	0.518519
PLACE_optlc_808	0	1.50617
PLACE_optlc_4540	0	0.54321
PLACE_optlc_11619	0	0.481481
datamem/ram_reg_182__12_	0	1.01414
datamem/U3350	0	1.88202
datamem/U239	0	0.981296
PLACE_optlc_7625	0	0.555556
PLACE_optlc_9040	0	1.54321
PLACE_optlc_9361	0	1.55556
PLACE_optlc_4243	0	0.54321
datamem/U551	0	0.809444
datamem/U3348	0	0.992029
datamem/U3114	0	0.930664
datamem/U3386	0	1.01681
PLACE_optlc_9055	0	1.55556
PLACE_optlc_1667	0	0.506173
PLACE_optlc_2301	0	0.518519
PLACE_optlc_5141	0	1.54321
PLACE_optlc_1099	0	0.555556
datamem/ram_reg_28__4_	0	1.31614
PLACE_optlc_1309	0	1.55556
PLACE_optlc_7418	0	0.506173
PLACE_optlc_9849	0	1.55556
PLACE_optlc_8187	0	1.55556
PLACE_optlc_8777	0	1.48148
PLACE_optlc_11174	0	0.555556
PLACE_optlc_7660	0	1.49383
PLACE_optlc_5780	0	1.55556
PLACE_optlc_8682	0	1.53086
PLACE_optlc_12226	0	1.55556
PLACE_optlc_10275	0	1.49383
PLACE_optlc_10233	0	0.530864
PLACE_optlc_11871	0	1.55556
PLACE_optlc_2796	0	1.55556
datamem/ram_reg_182__9_	0	0.803935
datamem/ram_reg_28__1_	0	1.83753
datamem/ram_reg_185__2_	0	1.03785
datamem/ram_reg_185__15_	0	0.817261
datamem/ram_reg_15__0_	0	1.83132
datamem/U223	0	1.26178
datamem/U226	0	1.4762
PLACE_optlc_12364	0	0.530864
PLACE_optlc_8881	0	0.518519
PLACE_optlc_3855	0	1.51852
PLACE_optlc_2566	0	1.51852
datamem/ram_reg_179__15_	0	0.788858
datamem/ram_reg_173__3_	0	0.566489
datamem/U3313	0	0.729128
datamem/ram_reg_14__8_	0	0.781563
datamem/U3247	0	0.637369
PLACE_optlc_7162	0	0.555556
PLACE_optlc_1599	0	1.51852
PLACE_optlc_11778	0	0.506173
PLACE_optlc_12294	0	0.555556
PLACE_optlc_12465	0	1.55556
datamem/U558	0	1.51034
datamem/U3419	0	1.53294
datamem/U236	0	1.37142
PLACE_optlc_6233	0	0.54321
PLACE_optlc_11369	0	1.55556
PLACE_optlc_4505	0	1.55556
PLACE_optlc_489	0	1.55556
PLACE_optlc_6870	0	1.53086
PLACE_optlc_4180	0	1.53086
datamem/U508	0	1.76973
datamem/ram_reg_13__0_	0	0.761667
datamem/U249	0	0.80103
PLACE_optlc_418	0	0.518519
PLACE_optlc_8671	0	1.49383
PLACE_optlc_2240	0	1.55556
PLACE_optlc_6743	0	1.55556
PLACE_optlc_3601	0	0.407407
PLACE_optlc_3623	0	0.530864
PLACE_optlc_9844	0	0.555556
PLACE_optlc_8598	0	1.55556
PLACE_optlc_9856	0	1.54321
PLACE_optlc_11202	0	1.53086
PLACE_optlc_7359	0	1.48148
PLACE_optlc_6758	0	0.54321
PLACE_optlc_3363	0	1.51852
PLACE_optlc_7336	0	0.358025
PLACE_optlc_7107	0	1.55556
PLACE_optlc_4543	0	0.530864
PLACE_optlc_1767	0	0.518519
datamem/U980	0	0.691431
datamem/U3407	0	0.939267
datamem/U553	0	0.730278
datamem/ram_reg_183__3_	0	1.23904
datamem/ram_reg_13__9_	0	1.36275
datamem/U2118	0	0.867531
datamem/ram_reg_187__7_	0	0.930478
PLACE_optlc_6632	0	0.54321
PLACE_optlc_7584	0	0.555556
PLACE_optlc_1514	0	1.55556
datamem/U262	0	1.06118
datamem/ram_reg_180__12_	0	0.898032
datamem/ram_reg_53__9_	0	0.569051
datamem/U220	0	0.7151
datamem/ram_reg_188__2_	0	2.10398
datamem/ram_reg_113__2_	0	0.553615
datamem/ram_reg_184__7_	0	0.746674
PLACE_optlc_2218	0	0.530864
PLACE_optlc_1783	0	0.530864
PLACE_optlc_7319	0	1.54321
datamem/U2456	0	0.574934
datamem/U535	0	1.1984
datamem/U2139	0	0.599194
datamem/U284	0	0.930104
datamem/U3132	0	1.78964
PLACE_optlc_3412	0	0.555556
PLACE_optlc_11881	0	1.55556
PLACE_optlc_10325	0	1.54321
PLACE_optlc_2201	0	0.518519
PLACE_optlc_235	0	1.55556
PLACE_optlc_12429	0	1.55556
PLACE_optlc_1997	0	0.518519
PLACE_optlc_3857	0	1.55556
PLACE_optlc_12613	0	1.49383
PLACE_optlc_8385	0	0.555556
PLACE_optlc_1540	0	0.555556
datamem/U3351	0	0.966566
datamem/ram_reg_185__8_	0	1.07829
datamem/U3404	0	0.885247
datamem/U229	0	1.1135
datamem/U571	0	0.551555
datamem/ram_reg_185__5_	0	0.621235
PLACE_optlc_11933	0	0.555556
PLACE_optlc_5155	0	1.55556
PLACE_optlc_11408	0	0.345679
PLACE_optlc_10465	0	1.55556
PLACE_optlc_4018	0	1.55556
PLACE_optlc_5392	0	0.493827
datamem/U944	0	0.848692
datamem/U953	0	0.886123
datamem/ram_reg_51__15_	0	0.618098
datamem/U3400	0	1.27365
datamem/ram_reg_188__7_	0	1.75203
datamem/ram_reg_15__12_	0	2.14848
datamem/ram_reg_189__1_	0	1.02868
datamem/ram_reg_178__15_	0	0.723164
datamem/U3425	0	1.41711
PLACE_optlc_3344	0	0.518519
PLACE_optlc_4889	0	1.55556
PLACE_optlc_5268	0	0.518519
PLACE_optlc_4999	0	1.51852
PLACE_optlc_12027	0	1.54321
PLACE_optlc_7682	0	0.518519
PLACE_optlc_9830	0	0.555556
datamem/U3402	0	1.67045
datamem/U3415	0	0.960324
datamem/ram_reg_128__15_	0	0.607033
datamem/U3205	0	1.02818
datamem/ram_reg_188__4_	0	0.978792
datamem/ram_reg_29__10_	0	1.44709
PLACE_optlc_3918	0	1.49383
PLACE_optlc_6048	0	0.518519
PLACE_optlc_76	0	0.555556
PLACE_optlc_531	0	1.55556
PLACE_optlc_1440	0	1.49383
PLACE_optlc_3661	0	1.49383
PLACE_optlc_3692	0	1.51852
datamem/U3241	0	1.28552
datamem/ram_reg_15__6_	0	1.07714
PLACE_optlc_3150	0	0.530864
PLACE_optlc_10843	0	0.506173
PLACE_optlc_2017	0	1.53086
PLACE_optlc_8818	0	1.55556
PLACE_optlc_10444	0	0.555556
PLACE_optlc_723	0	1.51852
datamem/U3361	0	0.776462
datamem/U2439	0	1.03229
PLACE_optlc_9288	0	1.55556
PLACE_optlc_1659	0	1.55556
PLACE_optlc_8037	0	0.54321
PLACE_optlc_7534	0	1.55556
PLACE_optlc_7825	0	1.45679
PLACE_optlc_9066	0	0.555556
PLACE_optlc_7437	0	1.51852
PLACE_optlc_6589	0	0.518519
PLACE_optlc_10368	0	0.469136
PLACE_optlc_8256	0	0.530864
datamem/ram_reg_31__4_	0	1.39176
datamem/U3360	0	1.49477
datamem/ram_reg_118__5_	0	1.26985
datamem/ram_reg_189__7_	0	1.30461
datamem/U3353	0	0.618607
datamem/ram_reg_15__8_	0	0.770741
PLACE_optlc_5766	0	1.54321
PLACE_optlc_10821	0	0.506173
PLACE_optlc_10995	0	1.55556
PLACE_optlc_11129	0	1.50617
PLACE_optlc_9153	0	0.555556
PLACE_optlc_9833	0	1.55556
PLACE_optlc_3116	0	0.518519
PLACE_optlc_1133	0	0.555556
PLACE_optlc_7623	0	1.55556
datamem/ram_reg_177__3_	0	0.99635
datamem/ram_reg_185__7_	0	1.10706
datamem/U3332	0	1.82546
PLACE_optlc_12679	0	0.493827
PLACE_optlc_2235	0	0.493827
PLACE_optlc_11080	0	0.530864
PLACE_optlc_12470	0	1.48148
PLACE_optlc_10355	0	1.55556
datamem/ram_reg_115__5_	0	0.967369
datamem/U228	0	0.913877
datamem/ram_reg_188__15_	0	0.705243
datamem/ram_reg_13__2_	0	1.16066
datamem/ram_reg_186__7_	0	0.566535
datamem/U2124	0	1.12893
PLACE_optlc_7005	0	0.555556
PLACE_optlc_1672	0	0.54321
PLACE_optlc_3480	0	1.54321
PLACE_optlc_4963	0	1.50617
PLACE_optlc_2071	0	1.54321
PLACE_optlc_2112	0	1.53086
PLACE_optlc_5878	0	0.518519
PLACE_optlc_10269	0	0.555556
PLACE_optlc_11917	0	0.469136
PLACE_optlc_12283	0	1.55556
PLACE_optlc_1554	0	1.55556
PLACE_optlc_10935	0	0.469136
PLACE_optlc_9775	0	1.55556
datamem/ram_reg_15__3_	0	0.88831
datamem/U3389	0	0.95738
PLACE_optlc_5487	0	0.54321
PLACE_optlc_10581	0	0.469136
PLACE_optlc_6709	0	0.493827
PLACE_optlc_9756	0	1.53086
PLACE_optlc_3079	0	0.506173
datamem/U2085	0	0.726555
datamem/ram_reg_176__9_	0	0.601358
datamem/ram_reg_15__10_	0	0.903816
datamem/ram_reg_13__8_	0	0.634244
PLACE_optlc_5499	0	1.50617
PLACE_optlc_5241	0	0.54321
PLACE_optlc_3468	0	0.469136
PLACE_optlc_10847	0	1.53086
PLACE_optlc_2454	0	1.55556
PLACE_optlc_7063	0	0.518519
PLACE_optlc_7257	0	0.54321
datamem/U282	0	0.938954
datamem/ram_reg_12__10_	0	0.666022
datamem/U3193	0	0.645046
PLACE_optlc_5740	0	1.55556
PLACE_optlc_11623	0	0.530864
PLACE_optlc_5343	0	1.51852
PLACE_optlc_1405	0	1.55556
PLACE_optlc_3408	0	0.506173
PLACE_optlc_5949	0	0.518519
PLACE_optlc_9624	0	1.55556
PLACE_optlc_251	0	0.469136
datamem/ram_reg_185__11_	0	0.680262
datamem/ram_reg_184__4_	0	0.613164
datamem/ram_reg_116__5_	0	0.733129
datamem/U968	0	1.85686
datamem/U738	0	0.601316
PLACE_optlc_4422	0	1.55556
PLACE_optlc_7799	0	0.54321
PLACE_optlc_1977	0	1.53086
PLACE_optlc_721	0	1.49383
PLACE_optlc_7334	0	0.555556
PLACE_optlc_12733	0	1.55556
PLACE_optlc_8867	0	0.555556
datamem/ram_reg_132__15_	0	0.974545
datamem/U3357	0	0.871327
PLACE_optlc_3874	0	0.506173
PLACE_optlc_11907	0	0.493827
PLACE_optlc_7797	0	1.55556
PLACE_optlc_1183	0	1.55556
PLACE_optlc_2700	0	0.54321
PLACE_optlc_5049	0	1.44444
datamem/ram_reg_180__3_	0	0.559421
PLACE_optlc_9935	0	0.469136
PLACE_optlc_5770	0	0.555556
PLACE_optlc_4221	0	0.518519
PLACE_optlc_5057	0	1.51852
datamem/U285	0	0.765243
datamem/U286	0	0.745864
datamem/ram_reg_134__13_	0	0.946076
datamem/ram_reg_188__8_	0	1.01711
datamem/ram_reg_15__14_	0	0.844761
datamem/ram_reg_40__14_	0	1.32154
datamem/ram_reg_13__11_	0	0.77603
PLACE_optlc_5920	0	0.518519
PLACE_optlc_8528	0	0.45679
PLACE_optlc_4367	0	0.555556
PLACE_optlc_8776	0	1.54321
PLACE_optlc_6721	0	0.518519
PLACE_optlc_1962	0	1.49383
datamem/U3411	0	1.9222
datamem/ram_reg_13__4_	0	0.801917
datamem/U3403	0	0.817782
datamem/U565	0	1.8961
datamem/U274	0	0.576319
datamem/U3335	0	1.33097
datamem/U264	0	1.4747
PLACE_optlc_9541	0	0.555556
PLACE_optlc_7730	0	0.555556
PLACE_optlc_7106	0	0.54321
PLACE_optlc_1011	0	1.53086
PLACE_optlc_5158	0	0.54321
PLACE_optlc_3921	0	0.518519
PLACE_optlc_2639	0	1.55556
PLACE_optlc_4900	0	0.555556
datamem/ram_reg_53__3_	0	0.951551
datamem/U3319	0	0.948719
datamem/ram_reg_15__13_	0	1.48102
datamem/ram_reg_188__11_	0	1.05679
datamem/U3410	0	0.914379
datamem/U275	0	1.6607
datamem/ram_reg_184__13_	0	1.22836
datamem/U287	0	1.68096
datamem/ram_reg_55__3_	0	0.637612
datamem/U280	0	1.05049
PLACE_optlc_6237	0	0.555556
PLACE_optlc_6405	0	0.530864
PLACE_optlc_3439	0	0.481481
PLACE_optlc_10161	0	0.469136
PLACE_optlc_5662	0	0.555556
PLACE_optlc_8499	0	1.53086
PLACE_optlc_5317	0	1.45679
PLACE_optlc_541	0	0.518519
PLACE_optlc_256	0	1.49383
datamem/U3408	0	1.70785
datamem/ram_reg_14__0_	0	0.682049
datamem/U2046	0	1.23343
PLACE_optlc_4583	0	1.54321
PLACE_optlc_2316	0	1.44444
PLACE_optlc_11553	0	0.555556
PLACE_optlc_10082	0	1.55556
PLACE_optlc_6668	0	1.51852
PLACE_optlc_5848	0	0.518519
PLACE_optlc_4689	0	0.555556
PLACE_optlc_1127	0	0.493827
PLACE_optlc_346	0	0.506173
PLACE_optlc_5791	0	1.55556
datamem/ram_reg_178__3_	0	0.796647
datamem/U3229	0	0.602172
datamem/ram_reg_15__2_	0	1.06779
datamem/U3268	0	1.21592
PLACE_optlc_2162	0	0.518519
PLACE_optlc_10133	0	1.55556
PLACE_optlc_326	0	0.518519
datamem/ram_reg_183__9_	0	1.67962
datamem/U3354	0	1.03137
datamem/ram_reg_119__5_	0	0.783025
datamem/U244	0	0.716127
PLACE_optlc_687	0	1.55556
PLACE_optlc_11232	0	0.45679
PLACE_optlc_3945	0	0.54321
PLACE_optlc_1621	0	0.530864
PLACE_optlc_7533	0	0.54321
PLACE_optlc_8805	0	1.55556
datamem/U245	0	1.0586
datamem/ram_reg_15__15_	0	1.00529
datamem/U3359	0	0.980258
datamem/U3235	0	0.899672
PLACE_optlc_10886	0	0.469136
PLACE_optlc_8537	0	1.55556
PLACE_optlc_2226	0	0.518519
PLACE_optlc_6425	0	1.54321
PLACE_optlc_8433	0	1.48148
datamem/U3223	0	0.844846
datamem/ram_reg_188__6_	0	0.679271
datamem/ram_reg_188__3_	0	2.73443
datamem/U2332	0	1.46321
datamem/U3371	0	0.68409
PLACE_optlc_12558	0	1.55556
PLACE_optlc_10142	0	0.555556
PLACE_optlc_7516	0	1.49383
PLACE_optlc_8835	0	0.506173
PLACE_optlc_3873	0	1.54321
PLACE_optlc_4621	0	0.54321
PLACE_optlc_9799	0	1.55556
PLACE_optlc_5925	0	1.53086
PLACE_optlc_9684	0	0.469136
datamem/ram_reg_181__3_	0	1.11089
datamem/U998	0	0.625679
datamem/U938	0	1.54453
PLACE_optlc_8728	0	0.506173
PLACE_optlc_4015	0	1.55556
PLACE_optlc_4643	0	1.55556
PLACE_optlc_6740	0	1.55556
PLACE_optlc_9218	0	0.555556
PLACE_optlc_12528	0	0.555556
PLACE_optlc_7832	0	1.54321
PLACE_optlc_5684	0	1.49383
datamem/ram_reg_53__12_	0	0.931304
datamem/ram_reg_14__5_	0	0.7061
datamem/ram_reg_12__4_	0	0.968426
datamem/U222	0	0.592041
PLACE_optlc_702	0	1.45679
PLACE_optlc_1645	0	1.49383
PLACE_optlc_9298	0	0.555556
PLACE_optlc_10238	0	1.53086
PLACE_optlc_2141	0	1.50617
PLACE_optlc_10823	0	1.48148
datamem/U3420	0	0.938692
datamem/ram_reg_188__10_	0	0.860941
PLACE_optlc_8085	0	0.54321
PLACE_optlc_11313	0	0.530864
PLACE_optlc_2475	0	0.419753
datamem/U238	0	0.858607
datamem/ram_reg_14__10_	0	0.964444
datamem/ram_reg_178__9_	0	1.43003
datamem/ram_reg_14__12_	0	0.934371
datamem/ram_reg_185__13_	0	0.829016
PLACE_optlc_90	0	0.54321
PLACE_optlc_10245	0	1.54321
datamem/ram_reg_188__1_	0	0.771127
datamem/ram_reg_188__5_	0	0.610579
datamem/ram_reg_188__13_	0	0.798214
datamem/U3338	0	0.791906
datamem/ram_reg_187__1_	0	1.78807
PLACE_optlc_12431	0	0.555556
PLACE_optlc_4874	0	1.55556
PLACE_optlc_7102	0	1.45679
PLACE_optlc_5309	0	1.55556
PLACE_optlc_11180	0	1.53086
PLACE_optlc_3377	0	0.54321
PLACE_optlc_3802	0	0.506173
PLACE_optlc_8606	0	0.54321
PLACE_optlc_8491	0	1.55556
PLACE_optlc_9603	0	0.469136
datamem/U266	0	1.24172
PLACE_optlc_9991	0	1.49383
PLACE_optlc_9513	0	0.530864
PLACE_optlc_8803	0	1.53086
PLACE_optlc_12279	0	1.49383
PLACE_optlc_3687	0	1.51852
datamem/U3413	0	1.25359
datamem/ram_reg_13__10_	0	0.674012
datamem/U3428	0	0.803769
PLACE_optlc_288	0	1.41975
PLACE_optlc_7467	0	1.55556
PLACE_optlc_7292	0	1.51852
PLACE_optlc_959	0	0.555556
PLACE_optlc_2296	0	0.555556
datamem/U278	0	1.16329
datamem/ram_reg_189__11_	0	0.588654
datamem/ram_reg_14__3_	0	1.30466
datamem/ram_reg_15__9_	0	1.93219
datamem/ram_reg_189__2_	0	1.81176
datamem/U259	0	0.725903
datamem/ram_reg_184__1_	0	0.687133
PLACE_optlc_8031	0	0.518519
PLACE_optlc_4362	0	0.54321
PLACE_optlc_7833	0	1.49383
PLACE_optlc_9613	0	0.555556
PLACE_optlc_5043	0	0.506173
PLACE_optlc_3513	0	0.518519
datamem/U3259	0	1.49863
datamem/U3390	0	0.658634
datamem/ram_reg_187__8_	0	1.07274
PLACE_optlc_699	0	1.44444
PLACE_optlc_3972	0	1.55556
PLACE_optlc_10045	0	0.555556
PLACE_optlc_9985	0	0.493827
PLACE_optlc_5571	0	0.54321
PLACE_optlc_1137	0	0.54321
datamem/ram_reg_112__5_	0	0.706528
datamem/ram_reg_120__11_	0	1.08125
datamem/U962	0	0.861076
datamem/ram_reg_180__9_	0	0.711447
datamem/U247	0	1.13704
datamem/ram_reg_189__4_	0	0.931308
datamem/U2404	0	1.28179
PLACE_optlc_8095	0	0.518519
PLACE_optlc_540	0	0.481481
PLACE_optlc_7076	0	1.54321
PLACE_optlc_3168	0	1.55556
PLACE_optlc_11750	0	0.555556
datamem/ram_reg_186__10_	0	0.95517
datamem/ram_reg_189__14_	0	0.905039
datamem/U2103	0	1.10797
PLACE_optlc_5717	0	1.51852
PLACE_optlc_8662	0	0.555556
PLACE_optlc_6539	0	0.530864
datamem/ram_reg_51__13_	0	1.24591
datamem/ram_reg_185__1_	0	2.0361
datamem/U3341	0	0.669182
PLACE_optlc_10023	0	1.55556
PLACE_optlc_2615	0	1.54321
PLACE_optlc_5838	0	1.55556
datamem/ram_reg_130__15_	0	0.909641
datamem/U936	0	0.594942
datamem/ram_reg_184__10_	0	1.18455
PLACE_optlc_321	0	0.493827
PLACE_optlc_4193	0	0.530864
PLACE_optlc_9843	0	0.469136
PLACE_optlc_1737	0	0.493827
datamem/ram_reg_131__15_	0	2.17611
datamem/U3409	0	0.874961
datamem/ram_reg_185__10_	0	1.8924
datamem/U254	0	0.75478
PLACE_optlc_12736	0	1.53086
PLACE_optlc_9538	0	1.55556
PLACE_optlc_8358	0	0.444444
PLACE_optlc_10862	0	0.469136
PLACE_optlc_4008	0	0.555556
PLACE_optlc_4113	0	1.55556
datamem/U3406	0	0.942303
datamem/ram_reg_14__6_	0	0.872797
datamem/U240	0	1.27796
datamem/ram_reg_189__10_	0	0.899533
datamem/ram_reg_14__2_	0	1.23312
datamem/U277	0	0.771358
PLACE_optlc_9625	0	0.469136
PLACE_optlc_7260	0	0.54321
PLACE_optlc_11783	0	1.53086
PLACE_optlc_4123	0	0.481481
PLACE_optlc_8360	0	1.55556
PLACE_optlc_6515	0	1.49383
datamem/ram_reg_187__2_	0	0.740208
datamem/ram_reg_186__1_	0	0.915116
datamem/ram_reg_114__5_	0	0.751624
datamem/U281	0	1.28228
PLACE_optlc_10011	0	1.55556
PLACE_optlc_5832	0	1.55556
PLACE_optlc_5671	0	1.55556
PLACE_optlc_11784	0	1.55556
PLACE_optlc_11340	0	0.555556
datamem/ram_reg_188__9_	0	0.940887
datamem/U258	0	0.865849
datamem/ram_reg_14__4_	0	1.66577
datamem/U3277	0	1.37938
datamem/ram_reg_14__7_	0	0.868241
PLACE_optlc_10009	0	1.53086
PLACE_optlc_1759	0	1.45679
PLACE_optlc_6397	0	0.555556
PLACE_optlc_3578	0	1.55556
PLACE_optlc_964	0	1.55556
PLACE_optlc_6980	0	1.50617
PLACE_optlc_7940	0	0.506173
datamem/U2157	0	1.30581
datamem/U2067	0	0.965015
PLACE_optlc_7725	0	1.51852
PLACE_optlc_4111	0	1.55556
PLACE_optlc_9860	0	1.46914
datamem/ram_reg_50__13_	0	1.82716
datamem/ram_reg_13__5_	0	0.940394
datamem/U3426	0	0.814699
datamem/ram_reg_189__9_	0	0.631655
PLACE_optlc_394	0	0.469136
PLACE_optlc_2159	0	0.518519
PLACE_optlc_11685	0	1.55556
PLACE_optlc_3184	0	1.46914
PLACE_optlc_2044	0	1.51852
datamem/ram_reg_187__11_	0	0.964124
datamem/U2438	0	0.854718
datamem/ram_reg_40__11_	0	0.763291
datamem/U3405	0	1.04115
datamem/ram_reg_15__5_	0	1.00716
PLACE_optlc_7254	0	1.55556
PLACE_optlc_3890	0	0.54321
PLACE_optlc_11339	0	0.469136
PLACE_optlc_2183	0	1.51852
PLACE_optlc_7860	0	1.55556
PLACE_optlc_6228	0	1.55556
PLACE_optlc_11607	0	1.4321
PLACE_optlc_9829	0	1.48148
datamem/ram_reg_14__14_	0	0.56853
datamem/U3427	0	1.00255
PLACE_optlc_6973	0	1.55556
PLACE_optlc_3916	0	0.54321
PLACE_optlc_2393	0	1.51852
PLACE_optlc_8689	0	0.469136
PLACE_optlc_2852	0	1.49383
PLACE_optlc_10989	0	1.53086
PLACE_optlc_3571	0	1.55556
datamem/ram_reg_117__5_	0	0.647137
datamem/ram_reg_14__13_	0	0.787589
PLACE_optlc_2479	0	0.54321
PLACE_optlc_3063	0	0.54321
PLACE_optlc_9393	0	1.55556
datamem/U2031	0	1.49423
datamem/ram_reg_133__15_	0	0.589387
datamem/U261	0	0.838569
PLACE_optlc_902	0	1.54321
PLACE_optlc_5042	0	1.45679
PLACE_optlc_9001	0	1.55556
PLACE_optlc_10968	0	1.55556
PLACE_optlc_6400	0	0.54321
PLACE_optlc_107	0	0.555556
datamem/U241	0	0.604888
datamem/ram_reg_189__8_	0	0.834645
datamem/U736	0	0.95064
datamem/U246	0	1.28337
datamem/ram_reg_181__9_	0	0.622897
datamem/U3383	0	0.719101
PLACE_optlc_5411	0	1.55556
PLACE_optlc_12356	0	1.53086
datamem/U265	0	0.585274
datamem/U735	0	1.43671
datamem/ram_reg_189__3_	0	0.831852
datamem/U971	0	0.784321
PLACE_optlc_899	0	0.555556
PLACE_optlc_8301	0	1.55556
PLACE_optlc_5513	0	0.45679
PLACE_optlc_12617	0	0.555556
PLACE_optlc_10624	0	0.469136
PLACE_optlc_7459	0	0.518519
PLACE_optlc_4700	0	1.55556
PLACE_optlc_577	0	0.555556
PLACE_optlc_5239	0	1.54321
PLACE_optlc_8619	0	1.53086
PLACE_optlc_874	0	0.518519
PLACE_optlc_635	0	1.50617
PLACE_optlc_12320	0	1.53086
PLACE_optlc_6055	0	0.530864
PLACE_optlc_3138	0	1.55556
PLACE_optlc_2950	0	0.407407
datamem/U2181	0	1.52879
datamem/U3295	0	0.989502
datamem/U2368	0	1.6652
datamem/U268	0	1.2657
datamem/U267	0	1.42919
datamem/U3401	0	1.07107
PLACE_optlc_5067	0	0.518519
PLACE_optlc_5196	0	0.555556
PLACE_optlc_559	0	1.54321
PLACE_optlc_9761	0	0.469136
PLACE_optlc_8060	0	0.518519
PLACE_optlc_1707	0	0.555556
datamem/ram_reg_55__0_	0	0.583623
datamem/ram_reg_14__1_	0	1.02755
datamem/ram_reg_40__15_	0	1.02945
datamem/U724	0	0.749128
datamem/U739	0	0.562635
datamem/U243	0	0.989363
PLACE_optlc_5857	0	1.54321
PLACE_optlc_5106	0	0.506173
PLACE_optlc_5827	0	1.51852
PLACE_optlc_8209	0	1.55556
PLACE_optlc_7616	0	0.555556
datamem/U257	0	1.10954
datamem/U3487	0	0.568414
datamem/ram_reg_192__12_	0	0.879969
datamem/U995	0	0.851825
datamem/U3374	0	0.630409
datamem/U3429	0	1.38935
datamem/ram_reg_14__15_	0	0.684402
datamem/ram_reg_189__0_	0	1.25739
datamem/ram_reg_188__12_	0	0.752419
datamem/U3395	0	0.959159
PLACE_optlc_1018	0	0.555556
PLACE_optlc_1934	0	1.55556
PLACE_optlc_12753	0	1.55556
PLACE_optlc_3300	0	0.506173
PLACE_optlc_8243	0	0.54321
PLACE_optlc_771	0	0.493827
PLACE_optlc_4377	0	0.518519
PLACE_optlc_2470	0	1.51852
PLACE_optlc_275	0	1.55556
PLACE_optlc_1670	0	0.518519
PLACE_optlc_873	0	0.506173
datamem/U959	0	0.669441
datamem/ram_reg_182__3_	0	1.51683
datamem/ram_reg_40__12_	0	0.810336
datamem/ram_reg_14__11_	0	1.26527
datamem/U3384	0	1.02265
datamem/U3432	0	0.844958
datamem/U260	0	0.968904
datamem/U733	0	0.959344
PLACE_optlc_9405	0	0.530864
PLACE_optlc_11785	0	1.50617
PLACE_optlc_643	0	0.54321
PLACE_optlc_2886	0	0.555556
PLACE_optlc_8178	0	0.518519
PLACE_optlc_12534	0	1.55556
PLACE_optlc_10286	0	1.54321
PLACE_optlc_1806	0	1.49383
PLACE_optlc_3926	0	0.555556
PLACE_optlc_6789	0	1.49383
PLACE_optlc_4886	0	0.444444
PLACE_optlc_5003	0	0.45679
PLACE_optlc_9725	0	1.55556
PLACE_optlc_11966	0	1.46914
PLACE_optlc_7711	0	1.50617
PLACE_optlc_2233	0	1.51852
datamem/U2386	0	0.93515
datamem/U256	0	1.85861
datamem/ram_reg_195__12_	0	0.77005
datamem/ram_reg_120__8_	0	0.748507
datamem/ram_reg_189__6_	0	0.617758
datamem/ram_reg_53__0_	0	1.15204
datamem/U3397	0	1.11316
datamem/ram_reg_13__1_	0	1.03364
datamem/U3265	0	1.30574
PLACE_optlc_1123	0	1.55556
PLACE_optlc_7619	0	1.44444
PLACE_optlc_9170	0	1.55556
PLACE_optlc_5423	0	0.518519
PLACE_optlc_1739	0	1.53086
PLACE_optlc_6132	0	0.530864
PLACE_optlc_2407	0	1.51852
PLACE_optlc_2613	0	0.555556
PLACE_optlc_4933	0	0.518519
datamem/ram_reg_15__11_	0	0.645054
datamem/U269	0	0.932215
datamem/U3422	0	1.34525
datamem/ram_reg_14__9_	0	0.684846
datamem/ram_reg_191__8_	0	0.670363
PLACE_optlc_6302	0	0.555556
PLACE_optlc_7530	0	0.469136
PLACE_optlc_8981	0	1.54321
PLACE_optlc_4537	0	1.55556
PLACE_optlc_5090	0	0.518519
datamem/ram_reg_187__13_	0	1.24275
datamem/U3329	0	0.674024
datamem/U2049	0	0.718171
PLACE_optlc_9483	0	0.555556
PLACE_optlc_919	0	1.49383
PLACE_optlc_9116	0	1.53086
PLACE_optlc_8958	0	1.55556
PLACE_optlc_8626	0	1.55556
PLACE_optlc_8042	0	0.518519
PLACE_optlc_8764	0	0.506173
PLACE_optlc_5771	0	0.518519
PLACE_optlc_11398	0	0.506173
datamem/ram_reg_189__13_	0	0.901397
PLACE_optlc_4172	0	0.518519
PLACE_optlc_4344	0	0.506173
PLACE_optlc_544	0	0.518519
PLACE_optlc_9770	0	1.55556
PLACE_optlc_9643	0	1.50617
PLACE_optlc_11803	0	1.46914
PLACE_optlc_11229	0	1.55556
PLACE_optlc_12058	0	0.469136
PLACE_optlc_9753	0	1.55556
PLACE_optlc_10993	0	0.469136
PLACE_optlc_11484	0	0.555556
PLACE_optlc_6317	0	1.51852
PLACE_optlc_5943	0	1.51852
PLACE_optlc_2883	0	1.53086
PLACE_optlc_9267	0	1.55556
PLACE_optlc_9262	0	1.53086
PLACE_optlc_3188	0	1.54321
datamem/U237	0	0.867523
datamem/ram_reg_187__15_	0	0.863673
datamem/U727	0	0.996462
datamem/ram_reg_13__7_	0	0.744537
PLACE_optlc_4337	0	0.530864
PLACE_optlc_950	0	0.555556
PLACE_optlc_9632	0	1.55556
PLACE_optlc_8732	0	1.54321
PLACE_optlc_10732	0	1.55556
PLACE_optlc_12301	0	1.55556
PLACE_optlc_11031	0	1.55556
datamem/ram_reg_40__0_	0	1.151
datamem/U2253	0	0.878318
datamem/U3423	0	1.15775
datamem/U3393	0	0.84608
PLACE_optlc_1120	0	1.51852
PLACE_optlc_10072	0	1.55556
PLACE_optlc_12538	0	1.55556
PLACE_optlc_3207	0	0.481481
PLACE_optlc_8289	0	1.55556
PLACE_optlc_3624	0	0.54321
PLACE_optlc_12101	0	0.469136
datamem/ram_reg_187__10_	0	1.59924
datamem/U3365	0	1.37556
datamem/ram_reg_190__7_	0	0.897882
datamem/U3356	0	0.889699
datamem/U2422	0	1.3344
datamem/U283	0	0.748021
PLACE_optlc_8260	0	0.518519
PLACE_optlc_11866	0	0.555556
PLACE_optlc_12440	0	1.54321
PLACE_optlc_2739	0	0.555556
PLACE_optlc_7271	0	1.49383
PLACE_optlc_6367	0	0.530864
datamem/ram_reg_40__9_	0	0.854201
datamem/U3347	0	1.08761
datamem/ram_reg_186__8_	0	0.802141
datamem/U751	0	0.63189
datamem/ram_reg_190__4_	0	0.633032
PLACE_optlc_1059	0	0.54321
PLACE_optlc_7782	0	1.55556
PLACE_optlc_8561	0	0.506173
PLACE_optlc_7253	0	0.506173
PLACE_optlc_163	0	1.55556
PLACE_optlc_2882	0	1.55556
PLACE_optlc_11426	0	1.55556
PLACE_optlc_1904	0	1.50617
datamem/ram_reg_40__6_	0	0.544394
PLACE_optlc_8226	0	1.53086
PLACE_optlc_6874	0	1.54321
PLACE_optlc_5236	0	0.419753
PLACE_optlc_7304	0	0.518519
PLACE_optlc_554	0	1.55556
PLACE_optlc_3500	0	0.493827
datamem/U3372	0	0.92924
datamem/U918	0	1.17312
datamem/U3431	0	0.976802
datamem/U3369	0	0.836721
PLACE_optlc_12395	0	1.55556
PLACE_optlc_2231	0	1.55556
PLACE_optlc_5814	0	1.55556
PLACE_optlc_5347	0	1.51852
PLACE_optlc_5404	0	0.54321
PLACE_optlc_101	0	0.54321
datamem/U3421	0	1.32027
datamem/ram_reg_121__11_	0	0.900019
datamem/U219	0	0.920463
datamem/ram_reg_185__12_	0	0.680895
datamem/ram_reg_189__5_	0	1.92832
PLACE_optlc_3009	0	0.54321
PLACE_optlc_845	0	1.53086
PLACE_optlc_1034	0	1.55556
PLACE_optlc_5205	0	1.55556
PLACE_optlc_12743	0	1.48148
PLACE_optlc_5514	0	0.54321
PLACE_optlc_7326	0	0.54321
datamem/ram_reg_184__12_	0	0.848349
datamem/ram_reg_191__9_	0	1.06505
datamem/ram_reg_190__1_	0	1.14353
PLACE_optlc_6922	0	0.555556
PLACE_optlc_329	0	0.54321
PLACE_optlc_882	0	1.51852
PLACE_optlc_11960	0	0.555556
PLACE_optlc_4069	0	0.493827
PLACE_optlc_5709	0	0.518519
PLACE_optlc_12163	0	0.493827
PLACE_optlc_11475	0	1.55556
datamem/ram_reg_189__15_	0	1.19274
datamem/U2329	0	0.727504
datamem/ram_reg_41__9_	0	1.29633
PLACE_optlc_2346	0	1.51852
PLACE_optlc_7583	0	1.55556
PLACE_optlc_11108	0	1.55556
PLACE_optlc_8643	0	1.50617
PLACE_optlc_3192	0	0.506173
PLACE_optlc_11064	0	1.55556
PLACE_optlc_1903	0	1.53086
datamem/ram_reg_113__5_	0	0.699734
datamem/U3283	0	1.48642
datamem/ram_reg_124__11_	0	0.605243
datamem/ram_reg_40__3_	0	1.1594
datamem/U3505	0	0.921242
datamem/ram_reg_186__12_	0	0.826543
datamem/ram_reg_128__12_	0	0.853387
datamem/ram_reg_131__12_	0	2.26975
datamem/ram_reg_15__7_	0	0.741508
PLACE_optlc_6567	0	0.506173
PLACE_optlc_9207	0	0.555556
PLACE_optlc_10251	0	0.469136
PLACE_optlc_11152	0	0.555556
datamem/U3418	0	1.25725
datamem/ram_reg_41__6_	0	0.972056
datamem/ram_reg_15__1_	0	1.58753
datamem/ram_reg_12__1_	0	1.50349
datamem/ram_reg_190__8_	0	0.902365
PLACE_optlc_6408	0	1.49383
PLACE_optlc_2969	0	1.51852
datamem/U255	0	0.762207
datamem/U263	0	0.878171
datamem/U2250	0	0.963862
datamem/U3541	0	0.888904
PLACE_optlc_4102	0	1.49383
PLACE_optlc_12416	0	1.53086
PLACE_optlc_4400	0	1.55556
PLACE_optlc_11299	0	0.469136
PLACE_optlc_11886	0	1.55556
PLACE_optlc_5912	0	1.53086
PLACE_optlc_3597	0	0.54321
PLACE_optlc_11003	0	1.53086
PLACE_optlc_7593	0	1.49383
datamem/ram_reg_187__12_	0	0.92809
datamem/U750	0	0.832488
PLACE_optlc_1873	0	1.45679
PLACE_optlc_12165	0	1.53086
PLACE_optlc_2174	0	1.54321
PLACE_optlc_9784	0	1.55556
PLACE_optlc_3878	0	0.518519
PLACE_optlc_95	0	1.55556
datamem/ram_reg_124__8_	0	1.2028
datamem/U3424	0	0.878592
datamem/U2121	0	0.643584
datamem/ram_reg_186__5_	0	0.770841
datamem/U3412	0	1.5303
datamem/U753	0	0.678843
datamem/ram_reg_186__2_	0	0.678233
PLACE_optlc_1681	0	1.55556
PLACE_optlc_3606	0	1.55556
PLACE_optlc_4735	0	1.51852
PLACE_optlc_67	0	1.45679
PLACE_optlc_8281	0	1.55556
PLACE_optlc_7532	0	0.54321
PLACE_optlc_10776	0	0.45679
PLACE_optlc_8345	0	0.530864
PLACE_optlc_7525	0	1.45679
datamem/ram_reg_41__14_	0	0.711138
datamem/U3462	0	0.955694
datamem/ram_reg_187__5_	0	0.987022
datamem/ram_reg_134__15_	0	0.555656
datamem/ram_reg_189__12_	0	0.578846
datamem/U807	0	0.849228
PLACE_optlc_7823	0	1.53086
PLACE_optlc_5345	0	0.555556
PLACE_optlc_4990	0	0.555556
PLACE_optlc_8341	0	1.55556
PLACE_optlc_1800	0	1.55556
datamem/U937	0	1.23561
datamem/U3366	0	0.777504
datamem/U737	0	0.592323
datamem/U726	0	0.818885
datamem/ram_reg_41__11_	0	1.48144
datamem/ram_reg_44__11_	0	0.744225
PLACE_optlc_2632	0	0.518519
PLACE_optlc_3326	0	0.518519
PLACE_optlc_4518	0	1.55556
PLACE_optlc_10015	0	1.49383
PLACE_optlc_9176	0	0.518519
PLACE_optlc_1445	0	0.555556
PLACE_optlc_9257	0	1.53086
PLACE_optlc_1460	0	0.506173
PLACE_optlc_5782	0	1.49383
PLACE_optlc_7697	0	1.51852
datamem/ram_reg_193__12_	0	0.519093
datamem/ram_reg_40__2_	0	0.745976
datamem/ram_reg_135__15_	0	1.13387
datamem/U3355	0	0.73637
datamem/ram_reg_41__8_	0	1.93807
datamem/U273	0	1.2268
datamem/U755	0	1.01963
PLACE_optlc_319	0	1.55556
PLACE_optlc_3242	0	1.51852
PLACE_optlc_11711	0	1.51852
PLACE_optlc_7923	0	1.51852
datamem/U3376	0	0.656651
datamem/U3430	0	0.70262
datamem/U2178	0	1.16532
datamem/U2199	0	1.65259
PLACE_optlc_5013	0	0.518519
PLACE_optlc_11806	0	0.555556
PLACE_optlc_9719	0	0.469136
PLACE_optlc_11827	0	0.469136
PLACE_optlc_2538	0	1.55556
PLACE_optlc_4660	0	1.55556
PLACE_optlc_6287	0	1.54321
PLACE_optlc_4329	0	0.481481
PLACE_optlc_6538	0	0.530864
PLACE_optlc_7279	0	1.48148
PLACE_optlc_3935	0	0.555556
datamem/U756	0	0.608264
datamem/ram_reg_40__13_	0	1.21502
PLACE_optlc_5290	0	1.49383
PLACE_optlc_9803	0	0.469136
PLACE_optlc_6978	0	1.53086
PLACE_optlc_7695	0	0.506173
datamem/ram_reg_187__14_	0	0.576914
datamem/ram_reg_41__13_	0	0.84647
datamem/ram_reg_41__15_	0	0.569279
PLACE_optlc_4466	0	1.51852
PLACE_optlc_11765	0	1.55556
PLACE_optlc_11796	0	1.55556
PLACE_optlc_1862	0	1.51852
PLACE_optlc_8819	0	1.54321
PLACE_optlc_11601	0	1.55556
datamem/U3358	0	0.552851
PLACE_optlc_10864	0	0.469136
PLACE_optlc_6463	0	0.530864
PLACE_optlc_9957	0	1.55556
PLACE_optlc_8490	0	2.51852
PLACE_optlc_514	0	0.555556
datamem/ram_reg_54__6_	0	0.777662
datamem/ram_reg_193__9_	0	0.762407
PLACE_optlc_2861	0	0.54321
PLACE_optlc_9931	0	1.55556
PLACE_optlc_11741	0	0.530864
datamem/ram_reg_190__6_	0	0.733993
datamem/U825	0	0.889838
datamem/ram_reg_186__15_	0	1.08519
datamem/U729	0	0.616265
PLACE_optlc_8485	0	0.481481
PLACE_optlc_5537	0	0.518519
PLACE_optlc_8928	0	1.51852
PLACE_optlc_10202	0	1.55556
PLACE_optlc_1622	0	1.55556
PLACE_optlc_11068	0	0.469136
datamem/U3463	0	1.3503
datamem/U742	0	1.1297
datamem/U279	0	1.08296
datamem/ram_reg_194__12_	0	0.79255
datamem/ram_reg_41__0_	0	1.35933
datamem/ram_reg_12__7_	0	0.784853
PLACE_optlc_11365	0	0.469136
PLACE_optlc_11599	0	1.55556
PLACE_optlc_10291	0	0.530864
PLACE_optlc_8061	0	1.54321
PLACE_optlc_1417	0	0.518519
PLACE_optlc_460	0	1.55556
PLACE_optlc_5183	0	1.46914
datamem/U3520	0	0.752612
datamem/U3443	0	1.18504
PLACE_optlc_11631	0	0.555556
PLACE_optlc_10274	0	0.506173
PLACE_optlc_3910	0	1.55556
PLACE_optlc_3299	0	1.55556
PLACE_optlc_7387	0	0.530864
PLACE_optlc_8002	0	1.55556
PLACE_optlc_8457	0	1.55556
datamem/U983	0	0.874934
datamem/ram_reg_190__10_	0	0.839803
datamem/ram_reg_191__13_	0	0.717805
PLACE_optlc_3256	0	0.518519
PLACE_optlc_11222	0	0.493827
PLACE_optlc_7598	0	0.45679
PLACE_optlc_2598	0	0.419753
PLACE_optlc_616	0	0.518519
datamem/U947	0	0.933866
datamem/ram_reg_52__6_	0	0.848009
datamem/ram_reg_40__5_	0	1.0749
datamem/ram_reg_45__11_	0	1.05944
datamem/U731	0	1.09206
datamem/ram_reg_185__9_	0	1.08466
datamem/U3502	0	0.815432
datamem/ram_reg_41__5_	0	0.706208
datamem/U730	0	1.49121
PLACE_optlc_1841	0	1.54321
PLACE_optlc_6122	0	1.53086
PLACE_optlc_4121	0	1.55556
PLACE_optlc_539	0	0.555556
PLACE_optlc_6330	0	0.54321
datamem/U276	0	0.841389
datamem/ram_reg_51__14_	0	0.82539
datamem/ram_reg_41__12_	0	0.667666
datamem/U3440	0	0.806003
PLACE_optlc_7703	0	0.481481
PLACE_optlc_1850	0	1.49383
PLACE_optlc_781	0	1.55556
PLACE_optlc_2469	0	0.555556
PLACE_optlc_2118	0	0.518519
PLACE_optlc_2541	0	0.530864
PLACE_optlc_4115	0	0.518519
datamem/ram_reg_120__5_	0	0.840251
datamem/U748	0	1.36089
datamem/U3392	0	0.871111
datamem/U902	0	0.555559
datamem/U3484	0	0.638881
PLACE_optlc_8807	0	1.46914
PLACE_optlc_7132	0	0.493827
PLACE_optlc_4810	0	0.506173
PLACE_optlc_3991	0	1.55556
PLACE_optlc_10543	0	0.469136
PLACE_optlc_10768	0	0.555556
PLACE_optlc_8188	0	0.518519
PLACE_optlc_2294	0	1.51852
datamem/ram_reg_190__13_	0	0.713931
datamem/ram_reg_43__0_	0	0.752257
PLACE_optlc_1342	0	1.51852
PLACE_optlc_6121	0	1.54321
PLACE_optlc_9338	0	1.55556
PLACE_optlc_3560	0	1.50617
PLACE_optlc_4854	0	0.518519
PLACE_optlc_5331	0	1.55556
PLACE_optlc_10348	0	1.53086
PLACE_optlc_7772	0	0.493827
PLACE_optlc_3346	0	1.54321
datamem/U3394	0	0.888619
datamem/U2383	0	0.789001
datamem/ram_reg_190__0_	0	1.15273
datamem/U3442	0	1.00886
datamem/ram_reg_194__9_	0	1.31703
datamem/U2271	0	0.631694
PLACE_optlc_725	0	0.469136
PLACE_optlc_4862	0	1.55556
PLACE_optlc_11671	0	0.469136
PLACE_optlc_5775	0	1.51852
PLACE_optlc_10749	0	0.555556
PLACE_optlc_8550	0	1.51852
datamem/U747	0	0.818333
datamem/U3437	0	1.2476
datamem/ram_reg_15__4_	0	1.07628
datamem/U3340	0	1.25727
datamem/ram_reg_191__5_	0	0.580694
datamem/ram_reg_191__2_	0	0.857589
PLACE_optlc_3407	0	1.55556
PLACE_optlc_7373	0	1.55556
PLACE_optlc_10156	0	1.55556
datamem/U757	0	1.43435
datamem/U3436	0	1.35821
PLACE_optlc_1786	0	1.55556
PLACE_optlc_10323	0	1.53086
PLACE_optlc_1323	0	1.50617
PLACE_optlc_9400	0	0.45679
PLACE_optlc_10059	0	0.493827
PLACE_optlc_2520	0	0.54321
datamem/U3444	0	0.892257
datamem/ram_reg_40__7_	0	1.75271
datamem/U2440	0	0.698079
PLACE_optlc_3143	0	1.53086
PLACE_optlc_9673	0	1.55556
PLACE_optlc_2631	0	0.518519
PLACE_optlc_6005	0	1.51852
datamem/U3387	0	1.1872
datamem/U3433	0	0.719657
datamem/ram_reg_42__9_	0	0.791728
datamem/U2247	0	0.844919
PLACE_optlc_11674	0	1.51852
PLACE_optlc_2688	0	1.51852
PLACE_optlc_9333	0	1.51852
PLACE_optlc_9654	0	1.51852
PLACE_optlc_4967	0	0.530864
PLACE_optlc_6508	0	1.54321
PLACE_optlc_10949	0	1.54321
PLACE_optlc_8321	0	1.55556
PLACE_optlc_8267	0	0.54321
PLACE_optlc_9819	0	0.530864
datamem/ram_reg_192__9_	0	1.65543
datamem/U3438	0	0.86456
datamem/ram_reg_41__10_	0	0.60348
datamem/ram_reg_49__15_	0	0.915424
datamem/U745	0	0.629039
PLACE_optlc_6748	0	0.481481
datamem/ram_reg_121__8_	0	1.17676
datamem/U3449	0	0.868565
datamem/ram_reg_129__12_	0	0.988036
datamem/U3396	0	1.53156
PLACE_optlc_2080	0	1.55556
PLACE_optlc_12653	0	1.55556
PLACE_optlc_11303	0	0.530864
PLACE_optlc_1948	0	1.55556
PLACE_optlc_10722	0	0.45679
PLACE_optlc_8849	0	1.55556
PLACE_optlc_1330	0	1.50617
PLACE_optlc_3666	0	0.518519
datamem/U3456	0	0.636393
datamem/U225	0	0.816377
datamem/U2268	0	0.806319
datamem/U3379	0	1.38285
datamem/ram_reg_41__3_	0	1.08958
datamem/ram_reg_191__7_	0	0.991956
PLACE_optlc_1592	0	1.55556
PLACE_optlc_2189	0	1.55556
PLACE_optlc_9825	0	0.555556
PLACE_optlc_10424	0	1.49383
PLACE_optlc_10061	0	0.54321
PLACE_optlc_3977	0	1.55556
datamem/ram_reg_191__14_	0	0.952176
datamem/ram_reg_184__9_	0	0.723368
datamem/ram_reg_190__12_	0	1.008
PLACE_optlc_10921	0	1.54321
PLACE_optlc_4776	0	0.54321
PLACE_optlc_1042	0	0.518519
PLACE_optlc_4499	0	1.54321
datamem/ram_reg_186__9_	0	1.0189
datamem/U3446	0	1.3855
datamem/ram_reg_187__0_	0	0.552948
datamem/U3465	0	0.556092
PLACE_optlc_7576	0	1.51852
PLACE_optlc_10294	0	1.55556
PLACE_optlc_6763	0	1.55556
PLACE_optlc_9854	0	0.555556
PLACE_optlc_9669	0	0.481481
PLACE_optlc_12329	0	1.53086
PLACE_optlc_7702	0	0.54321
datamem/ram_reg_43__1_	0	1.50442
datamem/U3441	0	1.15824
datamem/ram_reg_190__2_	0	0.741015
PLACE_optlc_12539	0	1.53086
PLACE_optlc_3980	0	0.518519
PLACE_optlc_477	0	0.555556
PLACE_optlc_5607	0	1.49383
PLACE_optlc_6058	0	1.54321
PLACE_optlc_6418	0	0.481481
PLACE_optlc_8169	0	0.518519
PLACE_optlc_9876	0	0.555556
datamem/ram_reg_42__10_	0	0.898985
datamem/U2458	0	1.4884
datamem/ram_reg_124__5_	0	0.565428
datamem/U3461	0	1.03708
datamem/ram_reg_42__11_	0	1.07683
datamem/ram_reg_132__12_	0	0.963561
datamem/ram_reg_190__9_	0	1.70894
PLACE_optlc_1294	0	1.51852
PLACE_optlc_4146	0	0.54321
PLACE_optlc_7183	0	0.506173
PLACE_optlc_12619	0	1.53086
PLACE_optlc_3082	0	0.555556
PLACE_optlc_11653	0	0.518519
PLACE_optlc_1054	0	0.530864
datamem/ram_reg_50__14_	0	0.757909
datamem/U3459	0	0.684279
datamem/U3468	0	0.785367
datamem/ram_reg_44__5_	0	0.660795
datamem/U3467	0	0.941555
PLACE_optlc_8274	0	0.555556
PLACE_optlc_1730	0	1.55556
PLACE_optlc_498	0	1.54321
PLACE_optlc_11662	0	1.55556
PLACE_optlc_1557	0	1.54321
PLACE_optlc_2957	0	1.45679
datamem/ram_reg_125__11_	0	0.76478
datamem/U3458	0	0.887816
datamem/ram_reg_125__8_	0	0.891073
datamem/U3391	0	0.760409
datamem/U3523	0	1.06081
PLACE_optlc_2722	0	0.54321
PLACE_optlc_9390	0	1.55556
PLACE_optlc_11502	0	1.55556
PLACE_optlc_4743	0	0.518519
PLACE_optlc_6999	0	0.45679
PLACE_optlc_241	0	1.54321
PLACE_optlc_11962	0	1.50617
PLACE_optlc_6326	0	0.54321
PLACE_optlc_386	0	0.506173
PLACE_optlc_6013	0	1.50617
PLACE_optlc_10986	0	1.53086
PLACE_optlc_8770	0	1.54321
datamem/U781	0	1.76864
datamem/U3538	0	0.986829
datamem/U754	0	1.07676
datamem/ram_reg_42__14_	0	1.00505
datamem/ram_reg_42__13_	0	1.36551
PLACE_optlc_3973	0	0.518519
PLACE_optlc_3987	0	1.55556
PLACE_optlc_7692	0	1.51852
PLACE_optlc_4934	0	1.55556
PLACE_optlc_3201	0	0.54321
PLACE_optlc_5940	0	0.493827
PLACE_optlc_5616	0	0.518519
PLACE_optlc_8294	0	0.493827
datamem/U732	0	0.891335
datamem/U3334	0	0.654981
datamem/U784	0	1.93607
datamem/ram_reg_186__11_	0	0.693264
datamem/ram_reg_40__10_	0	0.633731
datamem/ram_reg_191__11_	0	1.45031
datamem/ram_reg_131__9_	0	0.730714
PLACE_optlc_3191	0	0.54321
PLACE_optlc_3432	0	0.506173
PLACE_optlc_10580	0	1.55556
PLACE_optlc_10168	0	0.555556
PLACE_optlc_2959	0	0.419753
PLACE_optlc_5178	0	0.469136
PLACE_optlc_2928	0	0.555556
PLACE_optlc_5887	0	0.518519
PLACE_optlc_7382	0	0.555556
datamem/U2347	0	0.921601
datamem/U3464	0	1.02607
datamem/ram_reg_195__9_	0	0.604282
datamem/U3337	0	0.69637
PLACE_optlc_3959	0	0.506173
PLACE_optlc_4795	0	1.49383
PLACE_optlc_1300	0	1.53086
PLACE_optlc_9155	0	1.50617
PLACE_optlc_2682	0	1.51852
PLACE_optlc_2677	0	1.54321
PLACE_optlc_151	0	1.55556
PLACE_optlc_3781	0	1.51852
PLACE_optlc_2206	0	1.51852
datamem/ram_reg_55__6_	0	0.615432
datamem/U778	0	1.50297
datamem/U3373	0	1.29877
datamem/ram_reg_130__12_	0	0.961019
PLACE_optlc_1524	0	0.518519
PLACE_optlc_1382	0	0.493827
PLACE_optlc_2019	0	0.518519
PLACE_optlc_10476	0	0.555556
PLACE_optlc_9879	0	0.506173
PLACE_optlc_3443	0	1.54321
PLACE_optlc_11699	0	0.493827
PLACE_optlc_1033	0	0.555556
PLACE_optlc_2382	0	1.54321
PLACE_optlc_6240	0	1.53086
PLACE_optlc_4351	0	1.54321
datamem/U3382	0	1.38334
PLACE_optlc_8653	0	1.50617
PLACE_optlc_5850	0	1.55556
PLACE_optlc_5693	0	1.53086
PLACE_optlc_6341	0	1.49383
PLACE_optlc_8474	0	0.506173
PLACE_optlc_1823	0	0.555556
PLACE_optlc_6714	0	1.41975
PLACE_optlc_1530	0	0.54321
datamem/ram_reg_43__12_	0	1.14522
datamem/U779	0	1.33948
datamem/ram_reg_43__6_	0	0.658167
datamem/ram_reg_40__8_	0	1.90149
datamem/U2175	0	1.46337
PLACE_optlc_10970	0	1.55556
PLACE_optlc_3742	0	0.481481
PLACE_optlc_12197	0	0.407407
PLACE_optlc_8492	0	0.45679
PLACE_optlc_10492	0	0.493827
PLACE_optlc_2060	0	0.54321
PLACE_optlc_5820	0	0.518519
datamem/U734	0	0.743283
datamem/ram_reg_192__3_	0	0.77017
PLACE_optlc_12764	0	0.506173
PLACE_optlc_10263	0	1.50617
PLACE_optlc_10762	0	1.55556
PLACE_optlc_10527	0	1.54321
PLACE_optlc_12466	0	0.493827
PLACE_optlc_4996	0	0.518519
PLACE_optlc_6238	0	0.54321
PLACE_optlc_7287	0	1.54321
datamem/ram_reg_42__15_	0	0.93071
datamem/ram_reg_191__4_	0	0.919433
datamem/ram_reg_53__6_	0	0.552446
datamem/U3466	0	0.871752
datamem/U3448	0	0.628993
datamem/ram_reg_199__12_	0	0.614329
datamem/U810	0	1.07798
PLACE_optlc_8030	0	1.55556
PLACE_optlc_11107	0	0.493827
PLACE_optlc_12732	0	1.50617
PLACE_optlc_79	0	0.518519
PLACE_optlc_2944	0	0.555556
PLACE_optlc_11901	0	0.469136
datamem/U2196	0	1.47361
datamem/U3454	0	0.564904
datamem/U804	0	0.971223
datamem/U919	0	0.777261
datamem/U3451	0	1.30168
datamem/U3328	0	0.992878
PLACE_optlc_7749	0	0.555556
PLACE_optlc_289	0	1.50617
PLACE_optlc_4529	0	1.55556
PLACE_optlc_11617	0	1.55556
PLACE_optlc_10328	0	1.53086
PLACE_optlc_5561	0	1.55556
datamem/U769	0	1.38731
datamem/U744	0	0.671732
datamem/U752	0	1.47635
datamem/ram_reg_186__14_	0	0.969271
datamem/U770	0	1.08005
datamem/U801	0	0.712867
datamem/ram_reg_191__12_	0	1.53425
datamem/ram_reg_43__8_	0	1.76504
datamem/ram_reg_187__9_	0	1.46957
PLACE_optlc_5166	0	1.51852
PLACE_optlc_5486	0	1.54321
PLACE_optlc_4785	0	1.55556
PLACE_optlc_5926	0	1.54321
PLACE_optlc_4209	0	1.46914
PLACE_optlc_4203	0	0.518519
PLACE_optlc_11002	0	0.506173
datamem/ram_reg_43__3_	0	1.22147
datamem/ram_reg_196__12_	0	0.599186
datamem/ram_reg_190__5_	0	0.804869
datamem/U3445	0	1.11921
PLACE_optlc_4098	0	1.49383
PLACE_optlc_2744	0	1.54321
PLACE_optlc_2230	0	1.55556
PLACE_optlc_11715	0	0.555556
PLACE_optlc_3366	0	0.518519
datamem/U771	0	1.27507
datamem/U2365	0	1.72973
PLACE_optlc_8072	0	2.55556
PLACE_optlc_8976	0	1.54321
PLACE_optlc_2066	0	1.54321
PLACE_optlc_11924	0	0.469136
PLACE_optlc_3650	0	1.51852
datamem/ram_reg_191__6_	0	0.895775
datamem/ram_reg_42__1_	0	0.998715
datamem/ram_reg_184__6_	0	0.60108
PLACE_optlc_5817	0	1.51852
PLACE_optlc_4730	0	1.49383
datamem/ram_reg_191__0_	0	1.26674
datamem/ram_reg_191__10_	0	0.597855
datamem/ram_reg_186__13_	0	0.797369
PLACE_optlc_8883	0	1.53086
PLACE_optlc_11974	0	0.555556
datamem/U3559	0	0.898005
datamem/ram_reg_41__1_	0	0.942998
datamem/ram_reg_41__2_	0	1.07919
datamem/U743	0	0.61853
datamem/ram_reg_44__8_	0	1.02134
datamem/U775	0	1.02942
PLACE_optlc_7011	0	1.51852
PLACE_optlc_8778	0	0.54321
PLACE_optlc_12489	0	1.53086
PLACE_optlc_1902	0	0.518519
PLACE_optlc_12349	0	1.55556
PLACE_optlc_5692	0	0.54321
PLACE_optlc_11875	0	1.54321
PLACE_optlc_10978	0	1.51852
PLACE_optlc_3336	0	0.54321
PLACE_optlc_11253	0	0.469136
PLACE_optlc_9752	0	1.55556
datamem/ram_reg_193__6_	0	0.59738
datamem/U749	0	0.945181
datamem/ram_reg_129__9_	0	0.884171
datamem/ram_reg_191__15_	0	0.844529
datamem/ram_reg_184__0_	0	0.790015
PLACE_optlc_11449	0	0.530864
PLACE_optlc_12570	0	0.530864
PLACE_optlc_7038	0	1.51852
PLACE_optlc_790	0	1.53086
PLACE_optlc_7173	0	0.555556
PLACE_optlc_10033	0	0.469136
PLACE_optlc_2175	0	1.55556
PLACE_optlc_8725	0	1.53086
PLACE_optlc_10432	0	1.48148
datamem/U3478	0	0.567562
datamem/ram_reg_44__14_	0	0.86343
datamem/U774	0	1.47578
datamem/U3375	0	0.887288
datamem/ram_reg_120__2_	0	0.671728
datamem/U787	0	0.689441
datamem/U773	0	1.23925
PLACE_optlc_2753	0	1.49383
PLACE_optlc_5761	0	0.481481
PLACE_optlc_6517	0	1.55556
PLACE_optlc_1879	0	0.54321
datamem/U772	0	0.988781
datamem/U3613	0	1.06322
PLACE_optlc_2681	0	0.481481
PLACE_optlc_12486	0	0.555556
PLACE_optlc_4644	0	0.555556
PLACE_optlc_7920	0	0.54321
PLACE_optlc_9939	0	1.53086
PLACE_optlc_1346	0	0.555556
PLACE_optlc_619	0	0.518519
PLACE_optlc_358	0	0.518519
datamem/U2401	0	1.52075
datamem/U1001	0	0.662049
PLACE_optlc_1020	0	1.51852
PLACE_optlc_2394	0	1.54321
PLACE_optlc_7514	0	1.55556
PLACE_optlc_6909	0	0.518519
PLACE_optlc_8162	0	0.506173
PLACE_optlc_8839	0	1.55556
datamem/U760	0	0.647006
datamem/ram_reg_190__15_	0	0.707272
datamem/ram_reg_135__12_	0	0.777396
datamem/U3514	0	1.36736
datamem/U2380	0	0.606863
datamem/U3469	0	0.978584
datamem/ram_reg_132__9_	0	0.612334
datamem/U2338	0	0.569101
PLACE_optlc_3081	0	1.55556
PLACE_optlc_1989	0	1.51852
PLACE_optlc_2158	0	0.518519
PLACE_optlc_4713	0	0.518519
PLACE_optlc_5144	0	0.45679
PLACE_optlc_7757	0	0.481481
PLACE_optlc_7478	0	0.530864
datamem/U3378	0	1.40115
datamem/U766	0	0.984232
datamem/ram_reg_128__9_	0	1.19903
datamem/ram_reg_42__12_	0	1.78278
datamem/ram_reg_41__7_	0	2.41328
PLACE_optlc_1443	0	0.530864
PLACE_optlc_10498	0	0.469136
PLACE_optlc_3751	0	0.555556
PLACE_optlc_3735	0	1.54321
PLACE_optlc_10798	0	0.493827
PLACE_optlc_12201	0	1.46914
PLACE_optlc_3034	0	1.55556
PLACE_optlc_6093	0	1.49383
PLACE_optlc_6551	0	0.530864
PLACE_optlc_5593	0	0.530864
PLACE_optlc_10006	0	0.469136
datamem/ram_reg_129__3_	0	0.641628
datamem/U790	0	0.729641
datamem/U786	0	1.0354
datamem/ram_reg_43__9_	0	1.07829
PLACE_optlc_1070	0	0.54321
PLACE_optlc_1913	0	1.44444
PLACE_optlc_8390	0	1.54321
PLACE_optlc_8090	0	0.518519
PLACE_optlc_10288	0	1.49383
datamem/U3455	0	0.624198
datamem/U3377	0	0.798584
datamem/ram_reg_121__5_	0	0.943816
PLACE_optlc_5900	0	0.518519
PLACE_optlc_9840	0	1.55556
PLACE_optlc_3002	0	1.55556
PLACE_optlc_3621	0	1.54321
PLACE_optlc_3994	0	1.55556
PLACE_optlc_10963	0	1.55556
PLACE_optlc_4308	0	1.44444
PLACE_optlc_10802	0	1.55556
datamem/ram_reg_190__11_	0	1.32476
datamem/ram_reg_42__0_	0	1.35022
PLACE_optlc_12039	0	1.55556
PLACE_optlc_2241	0	2.55556
PLACE_optlc_11863	0	0.518519
PLACE_optlc_11384	0	0.555556
PLACE_optlc_6931	0	1.55556
datamem/U805	0	1.45966
datamem/U965	0	1.48657
datamem/ram_reg_190__3_	0	0.879232
datamem/ram_reg_191__1_	0	1.21205
PLACE_optlc_11771	0	1.55556
PLACE_optlc_6506	0	1.55556
PLACE_optlc_11482	0	0.555556
PLACE_optlc_4951	0	1.55556
PLACE_optlc_5059	0	1.55556
datamem/U3364	0	0.78385
datamem/U2344	0	0.549792
datamem/ram_reg_42__6_	0	1.95152
datamem/ram_reg_128__6_	0	1.99851
datamem/ram_reg_42__7_	0	1.50493
datamem/ram_reg_43__10_	0	0.823183
PLACE_optlc_747	0	1.50617
PLACE_optlc_9091	0	0.469136
PLACE_optlc_1795	0	1.49383
PLACE_optlc_11542	0	1.55556
PLACE_optlc_10292	0	0.555556
datamem/U725	0	0.638762
datamem/ram_reg_125__5_	0	0.833719
datamem/U3331	0	1.02801
datamem/ram_reg_43__11_	0	1.20245
PLACE_optlc_10102	0	0.555556
PLACE_optlc_3373	0	1.55556
PLACE_optlc_10153	0	0.555556
PLACE_optlc_4425	0	1.55556
PLACE_optlc_7492	0	1.55556
PLACE_optlc_8597	0	0.54321
PLACE_optlc_10391	0	0.555556
PLACE_optlc_3678	0	0.555556
PLACE_optlc_172	0	1.51852
datamem/U3346	0	0.704282
datamem/ram_reg_43__14_	0	0.653684
datamem/ram_reg_186__0_	0	0.797049
datamem/ram_reg_184__3_	0	0.834583
datamem/ram_reg_185__0_	0	1.51723
datamem/ram_reg_195__3_	0	1.13351
PLACE_optlc_8773	0	0.45679
PLACE_optlc_5358	0	0.419753
PLACE_optlc_5810	0	0.555556
PLACE_optlc_1762	0	0.530864
PLACE_optlc_2359	0	0.54321
PLACE_optlc_9823	0	1.53086
PLACE_optlc_3496	0	1.55556
PLACE_optlc_5581	0	0.530864
PLACE_optlc_10438	0	1.46914
datamem/ram_reg_192__6_	0	0.783777
datamem/ram_reg_45__8_	0	0.547346
datamem/ram_reg_133__12_	0	1.38989
datamem/U3460	0	0.835228
datamem/U2172	0	1.83116
PLACE_optlc_5576	0	0.518519
PLACE_optlc_11792	0	0.530864
PLACE_optlc_5176	0	0.54321
PLACE_optlc_2042	0	0.518519
PLACE_optlc_78	0	0.518519
PLACE_optlc_7648	0	1.50617
datamem/ram_reg_124__2_	0	0.605768
datamem/U2452	0	0.872137
datamem/ram_reg_43__5_	0	2.07596
datamem/U3447	0	1.01689
datamem/ram_reg_44__9_	0	1.46511
PLACE_optlc_1717	0	1.55556
PLACE_optlc_4676	0	1.49383
PLACE_optlc_7627	0	0.518519
PLACE_optlc_8215	0	1.55556
PLACE_optlc_7992	0	0.530864
PLACE_optlc_2673	0	1.55556
PLACE_optlc_3212	0	0.518519
PLACE_optlc_2255	0	0.54321
PLACE_optlc_2307	0	0.530864
datamem/ram_reg_40__1_	0	1.31427
datamem/ram_reg_43__13_	0	0.920116
datamem/ram_reg_194__7_	0	2.13001
PLACE_optlc_11262	0	1.49383
PLACE_optlc_6198	0	1.55556
PLACE_optlc_8664	0	1.50617
PLACE_optlc_6986	0	1.53086
PLACE_optlc_10942	0	0.506173
PLACE_optlc_6726	0	1.44444
PLACE_optlc_435	0	0.506173
datamem/ram_reg_42__5_	0	0.551292
datamem/U761	0	1.32397
datamem/U2265	0	1.76858
datamem/ram_reg_44__15_	0	0.556728
datamem/ram_reg_194__3_	0	0.779275
PLACE_optlc_5123	0	0.555556
PLACE_optlc_5914	0	1.51852
PLACE_optlc_1325	0	1.55556
PLACE_optlc_12430	0	0.54321
PLACE_optlc_2528	0	0.481481
PLACE_optlc_8080	0	1.51852
PLACE_optlc_5635	0	1.54321
datamem/ram_reg_122__11_	0	0.716397
datamem/U2398	0	0.864502
PLACE_optlc_3055	0	1.51852
PLACE_optlc_12022	0	1.55556
PLACE_optlc_8604	0	1.55556
PLACE_optlc_11221	0	0.469136
datamem/U3450	0	0.578549
datamem/ram_reg_187__3_	0	1.86772
datamem/U820	0	1.26301
PLACE_optlc_535	0	0.54321
PLACE_optlc_4269	0	0.555556
datamem/U3499	0	1.19939
datamem/U767	0	1.36932
datamem/ram_reg_130__9_	0	0.930444
datamem/ram_reg_197__12_	0	1.39485
PLACE_optlc_10312	0	0.469136
PLACE_optlc_4419	0	1.55556
PLACE_optlc_8025	0	0.54321
PLACE_optlc_2075	0	1.55556
PLACE_optlc_2424	0	0.506173
datamem/ram_reg_191__3_	0	0.78576
datamem/ram_reg_43__15_	0	0.868889
datamem/U763	0	0.685783
datamem/ram_reg_44__0_	0	0.974896
PLACE_optlc_10595	0	0.555556
PLACE_optlc_11367	0	1.53086
PLACE_optlc_4835	0	1.50617
PLACE_optlc_8448	0	0.530864
PLACE_optlc_9691	0	1.55556
datamem/U765	0	0.64615
datamem/ram_reg_45__6_	0	1.59919
datamem/ram_reg_196__9_	0	2.09064
PLACE_optlc_1538	0	1.53086
PLACE_optlc_5705	0	1.55556
PLACE_optlc_4782	0	1.54321
datamem/ram_reg_135__9_	0	1.71361
datamem/U3512	0	1.4421
datamem/U3533	0	1.2338
PLACE_optlc_2993	0	1.50617
PLACE_optlc_11811	0	0.530864
PLACE_optlc_9995	0	0.555556
datamem/ram_reg_198__12_	0	0.691856
PLACE_optlc_4394	0	0.530864
PLACE_optlc_11287	0	1.55556
PLACE_optlc_6457	0	1.55556
datamem/ram_reg_44__2_	0	1.02916
datamem/ram_reg_193__3_	0	0.850791
datamem/U2374	0	0.86875
PLACE_optlc_2229	0	0.518519
PLACE_optlc_12763	0	1.51852
PLACE_optlc_508	0	1.51852
PLACE_optlc_10529	0	0.469136
datamem/U3496	0	1.13525
datamem/U3439	0	1.30816
datamem/ram_reg_44__4_	0	1.05828
datamem/U3539	0	0.752612
datamem/U792	0	1.2759
PLACE_optlc_9193	0	0.555556
PLACE_optlc_1494	0	0.555556
PLACE_optlc_3325	0	1.55556
PLACE_optlc_9552	0	1.53086
PLACE_optlc_4804	0	1.55556
datamem/ram_reg_42__2_	0	0.853688
datamem/ram_reg_198__9_	0	0.633962
datamem/U3481	0	0.565644
datamem/U822	0	0.855355
datamem/ram_reg_42__3_	0	1.07072
datamem/U2193	0	1.51921
PLACE_optlc_6252	0	1.55556
PLACE_optlc_6396	0	1.48148
PLACE_optlc_9162	0	0.469136
PLACE_optlc_5731	0	0.54321
datamem/U2190	0	0.795544
datamem/U768	0	0.618893
datamem/U2301	0	0.545004
datamem/U941	0	0.794742
datamem/U789	0	0.699614
datamem/U3352	0	1.77703
datamem/ram_reg_195__13_	0	1.01696
PLACE_optlc_6917	0	1.51852
PLACE_optlc_118	0	0.555556
PLACE_optlc_8172	0	0.493827
PLACE_optlc_8320	0	0.518519
PLACE_optlc_4845	0	0.530864
PLACE_optlc_5815	0	1.55556
datamem/U828	0	1.10498
datamem/ram_reg_194__13_	0	0.701022
PLACE_optlc_3199	0	0.506173
PLACE_optlc_10372	0	1.55556
PLACE_optlc_11770	0	1.53086
PLACE_optlc_516	0	0.493827
PLACE_optlc_7353	0	1.55556
PLACE_optlc_9720	0	0.481481
PLACE_optlc_3929	0	1.50617
datamem/U788	0	1.19552
datamem/ram_reg_194__1_	0	0.608831
datamem/U3532	0	1.33119
PLACE_optlc_596	0	1.55556
PLACE_optlc_6647	0	1.55556
PLACE_optlc_7301	0	1.55556
PLACE_optlc_7349	0	0.518519
PLACE_optlc_4265	0	0.54321
PLACE_optlc_1664	0	0.45679
datamem/ram_reg_43__7_	0	0.935131
datamem/ram_reg_190__14_	0	1.03694
datamem/ram_reg_195__10_	0	1.40082
datamem/U2326	0	0.669988
datamem/ram_reg_52__0_	0	1.34406
datamem/ram_reg_195__4_	0	0.731431
datamem/U2323	0	0.564753
PLACE_optlc_11582	0	0.555556
PLACE_optlc_3054	0	0.530864
PLACE_optlc_2411	0	1.53086
PLACE_optlc_4259	0	1.53086
PLACE_optlc_4721	0	1.55556
datamem/U3521	0	1.845
datamem/U791	0	0.613484
datamem/ram_reg_130__3_	0	1.03465
datamem/ram_reg_44__12_	0	0.64544
datamem/ram_reg_131__3_	0	1.12003
PLACE_optlc_7330	0	1.55556
PLACE_optlc_9344	0	1.53086
PLACE_optlc_5305	0	1.55556
PLACE_optlc_9372	0	1.55556
PLACE_optlc_1457	0	0.555556
PLACE_optlc_12117	0	0.469136
datamem/ram_reg_42__8_	0	0.992296
datamem/ram_reg_129__6_	0	2.1866
datamem/ram_reg_185__6_	0	1.15902
datamem/ram_reg_193__13_	0	0.715062
datamem/ram_reg_133__9_	0	0.852276
PLACE_optlc_3641	0	0.518519
PLACE_optlc_11263	0	1.49383
PLACE_optlc_11967	0	0.555556
PLACE_optlc_1807	0	1.51852
PLACE_optlc_11757	0	0.45679
PLACE_optlc_12339	0	1.55556
PLACE_optlc_10259	0	1.55556
datamem/ram_reg_195__0_	0	0.714178
datamem/ram_reg_45__14_	0	0.668603
datamem/U762	0	0.76191
datamem/U811	0	0.925073
datamem/U746	0	0.929865
datamem/U783	0	0.99353
PLACE_optlc_9765	0	0.555556
PLACE_optlc_12537	0	0.555556
PLACE_optlc_12414	0	1.55556
PLACE_optlc_9721	0	0.555556
PLACE_optlc_1305	0	0.518519
PLACE_optlc_7984	0	1.55556
PLACE_optlc_11132	0	0.493827
PLACE_optlc_11059	0	0.45679
PLACE_optlc_4118	0	1.51852
datamem/ram_reg_45__0_	0	0.79488
datamem/U884	0	0.742434
datamem/U2244	0	0.648754
datamem/U2455	0	0.750621
PLACE_optlc_966	0	1.51852
PLACE_optlc_6550	0	0.555556
PLACE_optlc_1007	0	1.53086
PLACE_optlc_432	0	1.54321
datamem/U793	0	1.42682
datamem/ram_reg_44__6_	0	0.857959
datamem/U2356	0	0.611231
datamem/ram_reg_194__10_	0	1.20843
PLACE_optlc_1601	0	1.51852
PLACE_optlc_1628	0	1.51852
PLACE_optlc_11703	0	1.53086
PLACE_optlc_4469	0	1.46914
PLACE_optlc_1536	0	0.506173
PLACE_optlc_10934	0	0.506173
PLACE_optlc_2710	0	1.53086
datamem/ram_reg_195__7_	0	0.983221
datamem/U2217	0	0.952596
datamem/U3457	0	0.975166
PLACE_optlc_6372	0	1.55556
PLACE_optlc_6568	0	0.518519
PLACE_optlc_12734	0	0.555556
PLACE_optlc_8177	0	1.55556
PLACE_optlc_3671	0	0.54321
datamem/U3556	0	0.557481
datamem/U3385	0	0.720231
datamem/U3518	0	1.08431
PLACE_optlc_2338	0	0.54321
PLACE_optlc_11693	0	0.506173
PLACE_optlc_439	0	0.54321
PLACE_optlc_4304	0	0.54321
PLACE_optlc_11540	0	0.555556
PLACE_optlc_4825	0	0.54321
PLACE_optlc_3431	0	1.55556
PLACE_optlc_239	0	0.45679
PLACE_optlc_10017	0	0.555556
datamem/ram_reg_127__5_	0	0.741393
datamem/ram_reg_41__4_	0	1.24753
datamem/U2419	0	0.656964
datamem/U2362	0	0.896578
datamem/ram_reg_48__15_	0	0.89341
PLACE_optlc_2069	0	0.555556
PLACE_optlc_6541	0	1.55556
PLACE_optlc_3754	0	1.55556
datamem/U3577	0	1.02431
datamem/U796	0	1.07425
datamem/U3595	0	0.925914
datamem/ram_reg_134__12_	0	0.761408
datamem/ram_reg_121__2_	0	2.47524
PLACE_optlc_1635	0	1.55556
PLACE_optlc_2649	0	1.51852
PLACE_optlc_5417	0	1.55556
PLACE_optlc_10099	0	1.55556
PLACE_optlc_11037	0	1.55556
PLACE_optlc_1820	0	1.55556
PLACE_optlc_2687	0	0.555556
PLACE_optlc_4628	0	0.419753
PLACE_optlc_11314	0	0.469136
datamem/ram_reg_122__8_	0	0.893823
datamem/ram_reg_45__9_	0	0.873218
datamem/ram_reg_44__10_	0	0.657049
datamem/ram_reg_42__4_	0	1.4762
datamem/ram_reg_192__0_	0	0.61157
PLACE_optlc_9437	0	0.469136
PLACE_optlc_10218	0	0.54321
PLACE_optlc_7474	0	0.530864
PLACE_optlc_10197	0	1.55556
PLACE_optlc_11413	0	1.55556
PLACE_optlc_6751	0	1.55556
PLACE_optlc_2532	0	0.54321
datamem/U2410	0	0.838553
datamem/ram_reg_128__3_	0	0.822593
datamem/U3367	0	0.698765
datamem/U800	0	1.32188
datamem/U3542	0	1.33321
PLACE_optlc_8023	0	0.518519
PLACE_optlc_2840	0	0.54321
PLACE_optlc_11979	0	1.55556
PLACE_optlc_2169	0	1.55556
datamem/U3592	0	1.39965
datamem/U3574	0	1.09409
datamem/ram_reg_200__9_	0	0.57262
PLACE_optlc_9090	0	1.53086
PLACE_optlc_9355	0	0.555556
PLACE_optlc_11719	0	1.53086
PLACE_optlc_942	0	1.55556
PLACE_optlc_1908	0	0.555556
PLACE_optlc_5947	0	1.55556
datamem/ram_reg_186__3_	0	0.731898
datamem/ram_reg_186__6_	0	0.706964
datamem/ram_reg_45__5_	0	1.03358
datamem/U785	0	0.734383
datamem/ram_reg_44__13_	0	0.922319
PLACE_optlc_9258	0	1.51852
PLACE_optlc_11209	0	1.46914
PLACE_optlc_6432	0	1.55556
PLACE_optlc_2334	0	1.55556
PLACE_optlc_8323	0	1.51852
PLACE_optlc_7818	0	1.55556
PLACE_optlc_5530	0	1.55556
PLACE_optlc_989	0	1.55556
PLACE_optlc_12448	0	1.55556
datamem/ram_reg_193__0_	0	0.878032
datamem/ram_reg_45__2_	0	0.608503
datamem/U3370	0	1.21176
datamem/U2304	0	0.886219
datamem/ram_reg_194__6_	0	1.01089
datamem/ram_reg_45__10_	0	0.668796
PLACE_optlc_6576	0	0.530864
PLACE_optlc_1993	0	1.49383
PLACE_optlc_9453	0	1.55556
PLACE_optlc_3845	0	1.53086
datamem/U3628	0	0.749911
datamem/U3524	0	1.06524
PLACE_optlc_6202	0	0.54321
PLACE_optlc_12333	0	1.55556
PLACE_optlc_7946	0	0.518519
PLACE_optlc_373	0	1.54321
PLACE_optlc_11187	0	1.55556
PLACE_optlc_2661	0	0.518519
PLACE_optlc_11323	0	0.555556
PLACE_optlc_6742	0	0.54321
PLACE_optlc_12282	0	1.53086
datamem/ram_reg_46__5_	0	0.909109
datamem/ram_reg_45__13_	0	0.79809
PLACE_optlc_3175	0	1.49383
PLACE_optlc_8168	0	1.51852
PLACE_optlc_1263	0	1.55556
PLACE_optlc_6764	0	1.49383
PLACE_optlc_6502	0	1.51852
datamem/ram_reg_127__8_	0	1.008
datamem/U798	0	1.11549
datamem/ram_reg_45__15_	0	0.710235
datamem/U728	0	1.11656
PLACE_optlc_2391	0	0.530864
PLACE_optlc_4330	0	0.54321
PLACE_optlc_5349	0	0.481481
PLACE_optlc_11964	0	0.469136
PLACE_optlc_3120	0	1.54321
PLACE_optlc_10928	0	1.55556
datamem/ram_reg_47__6_	0	0.586111
datamem/U2392	0	1.00718
PLACE_optlc_8596	0	1.55556
PLACE_optlc_10893	0	1.55556
PLACE_optlc_1696	0	0.54321
PLACE_optlc_8842	0	1.55556
PLACE_optlc_1609	0	1.55556
PLACE_optlc_10988	0	1.55556
PLACE_optlc_2671	0	0.555556
PLACE_optlc_8066	0	0.530864
PLACE_optlc_7415	0	1.53086
PLACE_optlc_446	0	0.518519
PLACE_optlc_3103	0	0.518519
datamem/U2341	0	1.60084
datamem/ram_reg_122__5_	0	0.575756
datamem/ram_reg_192__7_	0	0.987828
datamem/ram_reg_197__9_	0	0.679008
datamem/U808	0	1.2391
datamem/ram_reg_125__2_	0	2.21039
PLACE_optlc_3000	0	1.54321
datamem/ram_reg_187__6_	0	1.14043
datamem/U764	0	1.60448
PLACE_optlc_9273	0	1.48148
PLACE_optlc_4449	0	0.481481
PLACE_optlc_8431	0	0.530864
PLACE_optlc_5253	0	1.53086
PLACE_optlc_4073	0	0.493827
PLACE_optlc_8407	0	0.530864
PLACE_optlc_7244	0	0.518519
PLACE_optlc_10501	0	1.53086
PLACE_optlc_12182	0	1.53086
datamem/U3506	0	1.35581
datamem/ram_reg_204__3_	0	0.747353
datamem/ram_reg_40__4_	0	1.4718
PLACE_optlc_9030	0	1.53086
PLACE_optlc_4919	0	0.518519
PLACE_optlc_5588	0	0.54321
PLACE_optlc_11140	0	1.55556
datamem/U814	0	1.53378
datamem/ram_reg_44__3_	0	0.774105
datamem/ram_reg_133__3_	0	1.16177
datamem/U3536	0	1.46386
datamem/ram_reg_45__12_	0	1.7591
PLACE_optlc_4535	0	0.518519
datamem/ram_reg_135__3_	0	0.789861
datamem/U3568	0	0.753723
datamem/U819	0	1.41209
PLACE_optlc_3170	0	1.55556
PLACE_optlc_11743	0	0.555556
PLACE_optlc_4989	0	1.55556
PLACE_optlc_5511	0	0.506173
PLACE_optlc_9574	0	1.50617
PLACE_optlc_2559	0	1.54321
datamem/ram_reg_47__2_	0	0.567643
datamem/U2437	0	0.951188
datamem/ram_reg_195__6_	0	0.862512
datamem/ram_reg_43__2_	0	0.720602
datamem/U2317	0	0.906026
datamem/ram_reg_195__1_	0	1.50729
datamem/U3529	0	1.16381
PLACE_optlc_4729	0	1.55556
PLACE_optlc_5523	0	0.518519
PLACE_optlc_9259	0	0.469136
datamem/ram_reg_194__4_	0	1.25479
datamem/U802	0	1.01994
PLACE_optlc_1682	0	1.54321
PLACE_optlc_9197	0	0.555556
PLACE_optlc_4017	0	1.55556
PLACE_optlc_3927	0	0.469136
PLACE_optlc_631	0	0.518519
PLACE_optlc_9213	0	1.55556
datamem/U3493	0	0.720883
datamem/ram_reg_54__0_	0	0.626173
datamem/ram_reg_132__6_	0	0.733503
datamem/U809	0	1.0928
datamem/U823	0	1.17053
PLACE_optlc_861	0	1.54321
PLACE_optlc_11916	0	0.555556
datamem/U824	0	0.709495
datamem/U3535	0	0.92365
datamem/U3604	0	0.701022
datamem/U816	0	1.21999
datamem/ram_reg_185__3_	0	0.999452
datamem/ram_reg_130__6_	0	0.672886
datamem/ram_reg_44__1_	0	1.0386
datamem/ram_reg_50__11_	0	0.734583
datamem/ram_reg_132__3_	0	0.982496
datamem/U852	0	1.20631
datamem/ram_reg_199__3_	0	0.754468
datamem/ram_reg_198__3_	0	1.00859
PLACE_optlc_6809	0	0.481481
PLACE_optlc_4747	0	0.54321
PLACE_optlc_5899	0	1.55556
PLACE_optlc_9151	0	1.55556
PLACE_optlc_357	0	0.54321
PLACE_optlc_6052	0	1.55556
datamem/ram_reg_131__6_	0	1.31105
datamem/U3475	0	1.49221
datamem/U3610	0	0.719645
PLACE_optlc_9883	0	0.469136
PLACE_optlc_4501	0	0.555556
PLACE_optlc_11978	0	0.555556
PLACE_optlc_5935	0	1.55556
PLACE_optlc_7857	0	1.55556
datamem/U3479	0	0.752855
datamem/ram_reg_197__3_	0	1.39118
datamem/U806	0	1.43481
datamem/ram_reg_49__14_	0	1.31514
datamem/ram_reg_195__15_	0	0.716771
datamem/ram_reg_134__9_	0	0.598083
datamem/U2214	0	0.706181
PLACE_optlc_4324	0	1.50617
PLACE_optlc_504	0	1.49383
PLACE_optlc_3668	0	1.51852
PLACE_optlc_5726	0	0.555556
PLACE_optlc_12664	0	0.469136
PLACE_optlc_4147	0	1.55556
PLACE_optlc_8394	0	0.506173
datamem/ram_reg_199__9_	0	1.41536
datamem/ram_reg_192__13_	0	0.768283
PLACE_optlc_10695	0	1.55556
PLACE_optlc_10157	0	1.54321
PLACE_optlc_1975	0	0.555556
PLACE_optlc_11453	0	0.555556
PLACE_optlc_1168	0	0.54321
PLACE_optlc_1551	0	0.518519
PLACE_optlc_12565	0	1.53086
datamem/ram_reg_192__10_	0	0.863603
datamem/ram_reg_192__4_	0	2.45164
PLACE_optlc_1770	0	0.518519
PLACE_optlc_6642	0	0.54321
PLACE_optlc_11465	0	1.55556
PLACE_optlc_4777	0	1.55556
PLACE_optlc_6053	0	1.54321
datamem/ram_reg_128__0_	0	0.704884
datamem/U3517	0	0.752338
PLACE_optlc_11250	0	0.555556
PLACE_optlc_737	0	0.45679
PLACE_optlc_10765	0	1.49383
PLACE_optlc_4887	0	1.55556
PLACE_optlc_12574	0	1.55556
PLACE_optlc_1691	0	0.530864
datamem/U827	0	0.63652
datamem/ram_reg_45__4_	0	0.845938
datamem/ram_reg_48__14_	0	0.765579
datamem/ram_reg_192__15_	0	0.820208
PLACE_optlc_12595	0	0.555556
PLACE_optlc_9369	0	0.469136
PLACE_optlc_11199	0	1.55556
PLACE_optlc_12444	0	0.469136
PLACE_optlc_6281	0	1.55556
PLACE_optlc_8848	0	0.469136
PLACE_optlc_6461	0	0.555556
datamem/U860	0	1.05826
datamem/U834	0	1.06211
datamem/U829	0	0.838974
PLACE_optlc_5676	0	0.518519
PLACE_optlc_10302	0	1.55556
PLACE_optlc_2344	0	1.55556
PLACE_optlc_7030	0	1.55556
PLACE_optlc_9229	0	1.55556
PLACE_optlc_840	0	0.555556
PLACE_optlc_12359	0	1.53086
PLACE_optlc_4273	0	1.55556
datamem/U2320	0	1.2943
datamem/U856	0	0.858688
datamem/ram_reg_129__0_	0	1.12214
PLACE_optlc_566	0	1.55556
PLACE_optlc_2360	0	0.518519
PLACE_optlc_11889	0	1.54321
PLACE_optlc_2203	0	0.555556
PLACE_optlc_6343	0	1.55556
PLACE_optlc_5715	0	0.530864
PLACE_optlc_3469	0	0.530864
datamem/ram_reg_47__12_	0	0.60892
datamem/U780	0	0.8312
datamem/U2226	0	0.624491
PLACE_optlc_2179	0	0.518519
PLACE_optlc_11932	0	1.55556
PLACE_optlc_3506	0	1.53086
PLACE_optlc_6850	0	0.54321
PLACE_optlc_2762	0	1.53086
PLACE_optlc_850	0	1.54321
PLACE_optlc_4769	0	1.53086
PLACE_optlc_6251	0	0.518519
datamem/U826	0	1.4727
datamem/ram_reg_47__10_	0	1.9642
datamem/U3388	0	0.720829
PLACE_optlc_7574	0	0.45679
PLACE_optlc_5338	0	0.54321
PLACE_optlc_2500	0	1.51852
PLACE_optlc_8302	0	1.55556
PLACE_optlc_2321	0	0.54321
PLACE_optlc_3176	0	1.55556
datamem/ram_reg_192__1_	0	0.946798
datamem/U3694	0	0.81228
datamem/U837	0	0.860475
datamem/ram_reg_202__12_	0	1.25795
datamem/U2211	0	1.01282
PLACE_optlc_6537	0	1.55556
PLACE_optlc_5952	0	1.55556
PLACE_optlc_11496	0	1.55556
PLACE_optlc_7409	0	1.55556
PLACE_optlc_7652	0	1.49383
PLACE_optlc_8291	0	0.493827
PLACE_optlc_5580	0	1.55556
PLACE_optlc_5763	0	0.54321
PLACE_optlc_3151	0	1.55556
datamem/ram_reg_126__11_	0	1.09142
datamem/U3511	0	1.04651
PLACE_optlc_10462	0	0.493827
PLACE_optlc_8792	0	0.555556
PLACE_optlc_5278	0	1.55556
PLACE_optlc_408	0	1.55556
datamem/ram_reg_43__4_	0	1.56698
datamem/U853	0	1.13077
datamem/ram_reg_201__12_	0	0.688735
datamem/U799	0	1.01239
datamem/ram_reg_47__0_	0	0.819641
PLACE_optlc_3276	0	1.51852
PLACE_optlc_2872	0	0.530864
PLACE_optlc_11569	0	0.518519
PLACE_optlc_799	0	0.54321
datamem/U850	0	1.13258
datamem/U2434	0	1.5778
datamem/ram_reg_47__9_	0	0.665285
PLACE_optlc_9543	0	1.50617
PLACE_optlc_8264	0	0.54321
PLACE_optlc_11672	0	1.55556
PLACE_optlc_11536	0	0.555556
PLACE_optlc_8232	0	0.555556
datamem/ram_reg_123__2_	0	0.823194
datamem/ram_reg_56__6_	0	2.43462
datamem/U797	0	0.655748
PLACE_optlc_8636	0	0.469136
PLACE_optlc_8414	0	1.55556
PLACE_optlc_9639	0	1.50617
datamem/U3586	0	0.720351
datamem/ram_reg_200__12_	0	0.646674
datamem/ram_reg_47__11_	0	0.597284
datamem/U2416	0	0.738904
datamem/U3482	0	0.773958
PLACE_optlc_8585	0	1.49383
PLACE_optlc_1437	0	0.518519
PLACE_optlc_5198	0	0.54321
PLACE_optlc_10483	0	0.555556
PLACE_optlc_243	0	1.49383
datamem/U3544	0	1.33833
datamem/ram_reg_47__5_	0	0.969537
datamem/U901	0	1.47012
datamem/ram_reg_194__0_	0	1.45959
PLACE_optlc_8679	0	0.54321
PLACE_optlc_1552	0	0.54321
PLACE_optlc_7630	0	0.493827
PLACE_optlc_2816	0	1.55556
PLACE_optlc_5120	0	0.518519
PLACE_optlc_9022	0	1.53086
datamem/ram_reg_46__2_	0	1.01357
datamem/U910	0	0.72539
datamem/U2335	0	1.10725
datamem/U2359	0	1.5142
datamem/U3515	0	0.811914
datamem/ram_reg_47__4_	0	1.51943
PLACE_optlc_5250	0	0.530864
PLACE_optlc_9954	0	1.55556
PLACE_optlc_1549	0	1.55556
PLACE_optlc_7927	0	1.55556
PLACE_optlc_10889	0	0.555556
PLACE_optlc_5339	0	0.54321
PLACE_optlc_4453	0	1.45679
datamem/U3530	0	0.71179
datamem/ram_reg_134__3_	0	0.989124
datamem/U2377	0	1.31729
datamem/U2395	0	1.43578
PLACE_optlc_9740	0	1.55556
PLACE_optlc_8652	0	0.555556
PLACE_optlc_2672	0	1.50617
PLACE_optlc_4426	0	1.55556
datamem/U3631	0	0.56358
datamem/U3349	0	1.47796
datamem/ram_reg_47__3_	0	1.14431
datamem/U2262	0	0.983237
datamem/U916	0	1.18579
datamem/U977	0	1.49713
datamem/U3700	0	0.957215
datamem/ram_reg_205__12_	0	0.81387
PLACE_optlc_4263	0	0.54321
PLACE_optlc_4896	0	0.506173
PLACE_optlc_10596	0	0.530864
PLACE_optlc_2376	0	0.518519
PLACE_optlc_5177	0	0.493827
PLACE_optlc_10019	0	1.55556
datamem/U3565	0	0.964865
datamem/ram_reg_196__0_	0	1.36445
datamem/ram_reg_204__9_	0	1.30758
datamem/U3488	0	1.53083
datamem/U864	0	0.902473
PLACE_optlc_11968	0	0.555556
PLACE_optlc_1144	0	1.55556
PLACE_optlc_10089	0	0.45679
PLACE_optlc_1641	0	0.481481
PLACE_optlc_2685	0	1.53086
PLACE_optlc_4211	0	1.51852
PLACE_optlc_7936	0	0.555556
datamem/ram_reg_51__8_	0	0.626863
datamem/U3721	0	0.603684
datamem/ram_reg_47__14_	0	1.40753
datamem/ram_reg_197__0_	0	1.22949
PLACE_optlc_11896	0	1.54321
PLACE_optlc_7018	0	0.54321
PLACE_optlc_6800	0	1.55556
PLACE_optlc_5855	0	0.530864
PLACE_optlc_2986	0	0.506173
PLACE_optlc_6674	0	1.54321
PLACE_optlc_6719	0	0.555556
PLACE_optlc_7952	0	1.49383
datamem/U3485	0	1.36806
datamem/U931	0	0.773866
datamem/ram_reg_50__5_	0	1.38797
datamem/ram_reg_46__6_	0	0.715424
datamem/U862	0	0.643044
PLACE_optlc_6025	0	1.55556
PLACE_optlc_70	0	1.55556
PLACE_optlc_3478	0	0.45679
PLACE_optlc_5357	0	0.54321
PLACE_optlc_768	0	0.506173
PLACE_optlc_11644	0	0.481481
PLACE_optlc_12594	0	1.55556
PLACE_optlc_1171	0	1.55556
PLACE_optlc_2761	0	1.49383
PLACE_optlc_9783	0	1.53086
PLACE_optlc_10684	0	1.55556
datamem/U855	0	0.896563
datamem/U880	0	0.848765
datamem/ram_reg_203__12_	0	1.22508
datamem/ram_reg_196__10_	0	1.90387
datamem/ram_reg_133__6_	0	0.600683
datamem/ram_reg_122__2_	0	0.548549
datamem/U863	0	1.74587
datamem/ram_reg_133__0_	0	1.17615
PLACE_optlc_12552	0	1.53086
PLACE_optlc_3793	0	1.53086
PLACE_optlc_4622	0	0.45679
PLACE_optlc_338	0	0.493827
PLACE_optlc_8687	0	1.53086
PLACE_optlc_941	0	0.518519
datamem/U3490	0	0.609857
datamem/U865	0	1.02578
datamem/U2428	0	1.38849
datamem/U818	0	1.12269
datamem/ram_reg_204__6_	0	0.839753
datamem/U782	0	1.16778
datamem/U847	0	0.666346
PLACE_optlc_6881	0	1.55556
PLACE_optlc_11000	0	0.555556
PLACE_optlc_1866	0	0.518519
PLACE_optlc_5188	0	1.55556
PLACE_optlc_3548	0	0.555556
PLACE_optlc_759	0	0.54321
PLACE_optlc_9723	0	0.555556
PLACE_optlc_6845	0	0.419753
PLACE_optlc_10945	0	0.506173
PLACE_optlc_5396	0	0.530864
PLACE_optlc_2828	0	1.48148
datamem/U3649	0	1.09242
PLACE_optlc_8926	0	1.54321
PLACE_optlc_8693	0	0.555556
PLACE_optlc_6289	0	0.506173
PLACE_optlc_11704	0	0.530864
PLACE_optlc_6404	0	0.555556
PLACE_optlc_4981	0	1.51852
PLACE_optlc_11584	0	0.54321
PLACE_optlc_9418	0	0.555556
PLACE_optlc_12445	0	1.55556
PLACE_optlc_1625	0	1.55556
datamem/ram_reg_47__13_	0	1.03794
datamem/U2446	0	0.877828
datamem/ram_reg_196__3_	0	0.634915
datamem/U3667	0	1.75149
datamem/U883	0	1.32105
PLACE_optlc_11334	0	1.55556
PLACE_optlc_6649	0	0.506173
PLACE_optlc_473	0	1.49383
PLACE_optlc_12441	0	1.55556
PLACE_optlc_3121	0	0.518519
PLACE_optlc_10373	0	0.469136
PLACE_optlc_7249	0	0.481481
PLACE_optlc_11657	0	0.555556
datamem/U3476	0	1.06021
datamem/ram_reg_45__3_	0	1.40698
datamem/ram_reg_47__15_	0	0.547593
datamem/U3497	0	1.52096
datamem/ram_reg_51__11_	0	0.975424
PLACE_optlc_6402	0	0.54321
PLACE_optlc_7836	0	1.54321
PLACE_optlc_231	0	1.51852
PLACE_optlc_3457	0	1.55556
PLACE_optlc_534	0	0.518519
PLACE_optlc_12063	0	1.46914
PLACE_optlc_6887	0	0.530864
PLACE_optlc_4128	0	0.518519
PLACE_optlc_10939	0	0.45679
datamem/ram_reg_46__15_	0	1.19168
datamem/ram_reg_135__6_	0	1.00576
PLACE_optlc_12336	0	0.493827
PLACE_optlc_1792	0	1.55556
PLACE_optlc_11291	0	1.50617
PLACE_optlc_7242	0	0.54321
PLACE_optlc_7614	0	1.50617
PLACE_optlc_2014	0	0.530864
datamem/U3547	0	1.86212
datamem/ram_reg_199__6_	0	0.695266
PLACE_optlc_1973	0	0.493827
PLACE_optlc_6224	0	1.54321
PLACE_optlc_2513	0	0.54321
PLACE_optlc_5223	0	0.444444
PLACE_optlc_4319	0	1.55556
PLACE_optlc_8214	0	1.55556
PLACE_optlc_8560	0	0.555556
PLACE_optlc_2897	0	0.54321
PLACE_optlc_6295	0	0.530864
PLACE_optlc_11754	0	0.493827
PLACE_optlc_11022	0	0.555556
PLACE_optlc_9544	0	0.45679
datamem/ram_reg_193__15_	0	0.961613
datamem/ram_reg_48__11_	0	1.7491
datamem/U2289	0	1.36122
datamem/ram_reg_45__1_	0	0.939051
datamem/U3550	0	1.34702
datamem/ram_reg_132__0_	0	0.998461
datamem/ram_reg_130__0_	0	2.58117
PLACE_optlc_9072	0	0.555556
PLACE_optlc_12712	0	1.55556
PLACE_optlc_7778	0	1.55556
PLACE_optlc_6802	0	0.518519
PLACE_optlc_3290	0	0.530864
PLACE_optlc_7293	0	0.493827
PLACE_optlc_3962	0	1.53086
PLACE_optlc_9750	0	1.53086
PLACE_optlc_2337	0	1.55556
PLACE_optlc_8526	0	1.53086
datamem/ram_reg_193__4_	0	1.11318
datamem/ram_reg_193__10_	0	0.632658
datamem/U3494	0	0.744213
datamem/ram_reg_46__12_	0	0.959599
PLACE_optlc_1270	0	0.407407
PLACE_optlc_3274	0	0.555556
PLACE_optlc_2381	0	0.555556
PLACE_optlc_6627	0	1.55556
PLACE_optlc_9168	0	0.555556
PLACE_optlc_11439	0	1.55556
PLACE_optlc_2664	0	0.555556
datamem/U3686	0	1.30611
datamem/ram_reg_201__9_	0	0.864772
datamem/ram_reg_49__13_	0	0.840826
datamem/ram_reg_50__8_	0	0.986192
datamem/U3607	0	1.34255
datamem/U861	0	1.14049
datamem/ram_reg_131__0_	0	1.04061
PLACE_optlc_565	0	1.53086
PLACE_optlc_7638	0	0.506173
PLACE_optlc_5843	0	0.506173
PLACE_optlc_11026	0	1.53086
PLACE_optlc_9549	0	1.55556
PLACE_optlc_1226	0	0.54321
datamem/U3698	0	0.617577
datamem/ram_reg_198__6_	0	1.04597
datamem/ram_reg_203__13_	0	0.563661
PLACE_optlc_3146	0	0.530864
PLACE_optlc_9988	0	0.555556
PLACE_optlc_890	0	1.53086
PLACE_optlc_4786	0	0.54321
PLACE_optlc_6007	0	1.49383
PLACE_optlc_6878	0	0.555556
PLACE_optlc_11538	0	1.54321
PLACE_optlc_8569	0	1.53086
datamem/U859	0	1.47727
datamem/ram_reg_194__14_	0	0.638731
PLACE_optlc_5556	0	1.51852
PLACE_optlc_8295	0	1.55556
PLACE_optlc_2081	0	1.44444
PLACE_optlc_2630	0	0.506173
PLACE_optlc_8423	0	0.530864
PLACE_optlc_6172	0	1.54321
datamem/U817	0	0.726466
datamem/ram_reg_127__14_	0	0.631184
datamem/ram_reg_204__0_	0	1.37981
PLACE_optlc_2757	0	0.530864
PLACE_optlc_12589	0	0.555556
PLACE_optlc_4296	0	1.55556
PLACE_optlc_6239	0	0.518519
PLACE_optlc_7835	0	1.50617
datamem/ram_reg_194__15_	0	2.44953
datamem/U3589	0	0.656289
datamem/U1022	0	0.767897
datamem/U934	0	1.07628
datamem/U2208	0	1.45113
PLACE_optlc_1616	0	1.50617
PLACE_optlc_1569	0	1.55556
PLACE_optlc_11819	0	1.55556
PLACE_optlc_242	0	1.55556
PLACE_optlc_5508	0	0.54321
PLACE_optlc_10452	0	1.55556
PLACE_optlc_4754	0	1.49383
PLACE_optlc_3327	0	0.530864
datamem/ram_reg_45__7_	0	0.590212
datamem/U854	0	0.594333
PLACE_optlc_6516	0	0.555556
PLACE_optlc_1439	0	0.555556
PLACE_optlc_7297	0	0.530864
PLACE_optlc_9937	0	0.555556
PLACE_optlc_8211	0	2.55556
PLACE_optlc_1089	0	1.55556
datamem/U3503	0	0.874167
datamem/U3525	0	0.680532
datamem/U1019	0	0.962523
datamem/ram_reg_48__13_	0	1.12241
datamem/ram_reg_193__14_	0	0.916142
datamem/U838	0	0.772897
datamem/U857	0	0.57635
PLACE_optlc_7706	0	0.530864
PLACE_optlc_7561	0	0.493827
PLACE_optlc_8057	0	0.555556
PLACE_optlc_756	0	0.493827
PLACE_optlc_10182	0	0.555556
PLACE_optlc_7539	0	0.506173
PLACE_optlc_10972	0	0.469136
PLACE_optlc_1199	0	2.55556
PLACE_optlc_1835	0	0.506173
PLACE_optlc_794	0	1.54321
PLACE_optlc_9247	0	1.55556
PLACE_optlc_3813	0	1.45679
PLACE_optlc_9920	0	1.53086
datamem/U2449	0	1.20345
PLACE_optlc_3550	0	0.54321
PLACE_optlc_1613	0	1.55556
PLACE_optlc_2668	0	0.555556
datamem/ram_reg_193__1_	0	0.593094
datamem/U2425	0	0.570204
datamem/ram_reg_47__7_	0	0.992789
datamem/U832	0	0.665799
PLACE_optlc_7995	0	0.555556
PLACE_optlc_8864	0	1.53086
PLACE_optlc_5208	0	1.50617
PLACE_optlc_109	0	0.518519
PLACE_optlc_8266	0	0.45679
PLACE_optlc_6380	0	1.55556
datamem/ram_reg_193__7_	0	1.02156
datamem/ram_reg_56__9_	0	1.25684
PLACE_optlc_2854	0	0.555556
PLACE_optlc_4235	0	0.54321
PLACE_optlc_5035	0	0.530864
PLACE_optlc_8759	0	1.48148
PLACE_optlc_6738	0	0.518519
datamem/U3697	0	0.594838
datamem/U3557	0	1.2269
datamem/ram_reg_47__1_	0	1.64474
datamem/ram_reg_126__8_	0	0.627797
datamem/U858	0	0.999329
datamem/U3685	0	0.70088
PLACE_optlc_12062	0	0.407407
PLACE_optlc_6947	0	0.506173
PLACE_optlc_1593	0	0.518519
PLACE_optlc_10772	0	0.469136
PLACE_optlc_12344	0	1.49383
PLACE_optlc_5984	0	0.493827
PLACE_optlc_9491	0	1.55556
datamem/U2413	0	0.960293
datamem/U3526	0	0.862747
PLACE_optlc_953	0	0.506173
PLACE_optlc_1817	0	1.53086
PLACE_optlc_3689	0	1.49383
datamem/ram_reg_202__9_	0	0.880266
PLACE_optlc_9711	0	1.46914
PLACE_optlc_5797	0	1.53086
PLACE_optlc_11028	0	0.506173
PLACE_optlc_1206	0	1.55556
PLACE_optlc_12234	0	1.49383
PLACE_optlc_9227	0	0.555556
PLACE_optlc_12413	0	0.555556
PLACE_optlc_11138	0	1.55556
PLACE_optlc_3288	0	0.45679
datamem/U3507	0	1.02938
datamem/U3551	0	0.938264
datamem/U835	0	1.18599
datamem/ram_reg_46__0_	0	1.2482
datamem/ram_reg_201__6_	0	0.616829
datamem/U2407	0	1.03395
datamem/U815	0	0.806941
datamem/ram_reg_46__11_	0	0.914645
PLACE_optlc_5946	0	1.55556
PLACE_optlc_10043	0	0.555556
PLACE_optlc_7100	0	0.530864
PLACE_optlc_6006	0	0.506173
datamem/U3682	0	0.733306
datamem/ram_reg_46__9_	0	1.37495
datamem/U3508	0	1.4887
datamem/ram_reg_197__6_	0	0.946481
datamem/ram_reg_204__7_	0	1.00199
datamem/ram_reg_199__4_	0	0.52934
PLACE_optlc_10296	0	1.55556
PLACE_optlc_12514	0	1.55556
datamem/U1037	0	1.53982
datamem/U2353	0	0.655617
datamem/ram_reg_51__2_	0	0.74515
PLACE_optlc_3136	0	1.54321
PLACE_optlc_6210	0	0.555556
PLACE_optlc_2602	0	1.55556
PLACE_optlc_3088	0	1.55556
datamem/ram_reg_203__9_	0	1.00285
datamem/ram_reg_197__10_	0	0.785999
datamem/U900	0	1.30449
datamem/U2371	0	0.800598
datamem/ram_reg_196__4_	0	1.64666
PLACE_optlc_789	0	0.54321
PLACE_optlc_9861	0	0.444444
PLACE_optlc_11815	0	1.51852
PLACE_optlc_7220	0	1.49383
PLACE_optlc_12608	0	0.530864
datamem/ram_reg_47__8_	0	1.96228
datamem/U840	0	1.37081
PLACE_optlc_12121	0	0.54321
PLACE_optlc_12663	0	1.55556
PLACE_optlc_5320	0	0.54321
PLACE_optlc_9078	0	1.55556
PLACE_optlc_2954	0	1.55556
PLACE_optlc_5591	0	0.555556
PLACE_optlc_4431	0	1.55556
datamem/U2286	0	0.998484
datamem/U3643	0	0.63032
datamem/U2389	0	1.97093
datamem/U3718	0	0.619101
datamem/U2235	0	0.618762
datamem/ram_reg_46__4_	0	0.680602
datamem/ram_reg_204__12_	0	1.58199
PLACE_optlc_3359	0	1.55556
PLACE_optlc_189	0	0.555556
PLACE_optlc_2832	0	1.45679
PLACE_optlc_9556	0	0.45679
PLACE_optlc_7545	0	1.55556
PLACE_optlc_4669	0	1.55556
datamem/U3703	0	1.12002
datamem/ram_reg_135__0_	0	0.72218
datamem/U846	0	0.663256
datamem/ram_reg_46__13_	0	1.03824
datamem/U843	0	1.00473
datamem/ram_reg_205__9_	0	1.00053
datamem/ram_reg_134__0_	0	0.597716
PLACE_optlc_10990	0	1.54321
PLACE_optlc_6140	0	1.55556
PLACE_optlc_4512	0	0.506173
PLACE_optlc_10747	0	0.530864
PLACE_optlc_2732	0	1.51852
PLACE_optlc_4544	0	1.53086
PLACE_optlc_5652	0	0.555556
datamem/ram_reg_51__5_	0	0.998492
datamem/U3664	0	0.927338
PLACE_optlc_462	0	0.518519
PLACE_optlc_11348	0	1.55556
PLACE_optlc_6555	0	0.518519
PLACE_optlc_9734	0	0.555556
PLACE_optlc_10228	0	1.55556
PLACE_optlc_5214	0	1.51852
PLACE_optlc_8058	0	1.55556
PLACE_optlc_6386	0	1.55556
PLACE_optlc_682	0	0.555556
PLACE_optlc_1402	0	1.55556
PLACE_optlc_11189	0	1.55556
PLACE_optlc_9216	0	0.555556
datamem/ram_reg_46__14_	0	1.50254
datamem/ram_reg_56__0_	0	0.716512
datamem/ram_reg_196__6_	0	0.634101
datamem/U928	0	0.75522
datamem/U3646	0	1.21113
PLACE_optlc_802	0	0.518519
PLACE_optlc_3298	0	1.55556
PLACE_optlc_4585	0	1.51852
PLACE_optlc_7376	0	0.506173
PLACE_optlc_2743	0	1.54321
PLACE_optlc_11893	0	1.55556
datamem/ram_reg_46__3_	0	2.65976
datamem/ram_reg_197__4_	0	0.981636
datamem/ram_reg_203__6_	0	0.908681
datamem/ram_reg_46__8_	0	1.67783
PLACE_optlc_3702	0	1.54321
PLACE_optlc_6928	0	0.481481
PLACE_optlc_6208	0	0.530864
PLACE_optlc_10710	0	1.54321
PLACE_optlc_9165	0	0.469136
PLACE_optlc_1139	0	1.55556
PLACE_optlc_4590	0	0.506173
datamem/U1062	0	0.99679
datamem/ram_reg_195__5_	0	0.985613
datamem/U913	0	0.839742
datamem/U3691	0	0.998669
PLACE_optlc_7714	0	1.50617
PLACE_optlc_2236	0	1.55556
PLACE_optlc_5960	0	0.530864
PLACE_optlc_6047	0	0.518519
PLACE_optlc_5395	0	0.555556
PLACE_optlc_628	0	0.518519
PLACE_optlc_10956	0	1.55556
PLACE_optlc_10030	0	1.50617
PLACE_optlc_6403	0	0.54321
PLACE_optlc_11681	0	0.493827
datamem/U844	0	0.88784
datamem/U851	0	0.947793
datamem/ram_reg_195__8_	0	1.21351
datamem/U898	0	1.00396
PLACE_optlc_11959	0	1.54321
PLACE_optlc_4318	0	1.54321
PLACE_optlc_3906	0	1.54321
PLACE_optlc_9003	0	1.55556
PLACE_optlc_1766	0	0.555556
PLACE_optlc_10362	0	0.469136
PLACE_optlc_117	0	0.555556
PLACE_optlc_2982	0	0.493827
PLACE_optlc_3612	0	1.54321
PLACE_optlc_9943	0	0.54321
datamem/ram_reg_204__4_	0	1.12675
datamem/U1082	0	0.859317
datamem/ram_reg_56__3_	0	0.965552
PLACE_optlc_2426	0	0.518519
PLACE_optlc_4976	0	1.53086
PLACE_optlc_5079	0	1.53086
PLACE_optlc_2195	0	1.54321
PLACE_optlc_9912	0	0.469136
PLACE_optlc_8118	0	1.55556
PLACE_optlc_2525	0	0.493827
PLACE_optlc_2220	0	1.55556
PLACE_optlc_11603	0	0.493827
datamem/ram_reg_48__8_	0	0.88863
datamem/U821	0	1.09692
datamem/U2310	0	0.965293
datamem/ram_reg_59__15_	0	1.13662
datamem/ram_reg_200__13_	0	0.888437
datamem/ram_reg_126__5_	0	0.639653
PLACE_optlc_4342	0	0.530864
PLACE_optlc_5826	0	0.518519
PLACE_optlc_96	0	0.518519
PLACE_optlc_6318	0	0.555556
PLACE_optlc_5531	0	0.54321
PLACE_optlc_10377	0	1.54321
PLACE_optlc_4922	0	1.51852
PLACE_optlc_6961	0	0.518519
datamem/ram_reg_58__13_	0	1.69175
datamem/ram_reg_204__10_	0	0.860594
datamem/ram_reg_123__11_	0	0.876308
datamem/U3715	0	0.617589
datamem/U3601	0	0.683584
PLACE_optlc_3635	0	1.55556
PLACE_optlc_10687	0	0.469136
PLACE_optlc_12601	0	0.506173
PLACE_optlc_557	0	1.55556
PLACE_optlc_1200	0	0.493827
datamem/ram_reg_198__0_	0	0.96576
datamem/U882	0	0.909074
PLACE_optlc_3073	0	1.55556
PLACE_optlc_7919	0	1.55556
datamem/ram_reg_201__13_	0	0.749765
datamem/U3500	0	1.13023
datamem/U2229	0	0.910872
datamem/ram_reg_126__14_	0	0.761829
datamem/ram_reg_199__0_	0	1.62958
PLACE_optlc_8133	0	0.555556
PLACE_optlc_5776	0	1.50617
PLACE_optlc_10205	0	1.55556
PLACE_optlc_11401	0	0.506173
PLACE_optlc_7002	0	1.54321
PLACE_optlc_12640	0	1.55556
PLACE_optlc_12323	0	0.493827
PLACE_optlc_3764	0	0.54321
datamem/ram_reg_44__7_	0	1.05298
datamem/U2431	0	0.930621
PLACE_optlc_9025	0	0.555556
PLACE_optlc_11980	0	1.55556
PLACE_optlc_3115	0	0.518519
PLACE_optlc_6824	0	1.49383
datamem/ram_reg_57__6_	0	1.65726
datamem/ram_reg_196__13_	0	0.863492
datamem/ram_reg_49__11_	0	1.17088
datamem/U3670	0	1.05713
datamem/U1016	0	1.19051
PLACE_optlc_8995	0	0.481481
PLACE_optlc_1884	0	1.55556
PLACE_optlc_1404	0	0.493827
datamem/U3605	0	1.52543
datamem/ram_reg_192__14_	0	0.803835
datamem/ram_reg_205__6_	0	1.45394
datamem/U3688	0	0.588526
datamem/U877	0	0.918129
PLACE_optlc_11256	0	0.555556
PLACE_optlc_3264	0	1.55556
PLACE_optlc_5285	0	1.55556
PLACE_optlc_3592	0	1.45679
PLACE_optlc_360	0	0.407407
PLACE_optlc_12087	0	1.53086
datamem/ram_reg_195__14_	0	0.634579
datamem/U1043	0	1.83247
datamem/U925	0	1.38444
datamem/U3519	0	0.673839
PLACE_optlc_6581	0	0.555556
PLACE_optlc_7280	0	1.45679
PLACE_optlc_4033	0	0.481481
PLACE_optlc_11973	0	0.469136
PLACE_optlc_11376	0	0.469136
PLACE_optlc_6334	0	1.53086
PLACE_optlc_7170	0	1.55556
PLACE_optlc_7962	0	0.518519
PLACE_optlc_229	0	1.55556
datamem/U3571	0	1.60594
datamem/ram_reg_57__9_	0	0.724491
datamem/U3575	0	1.17917
datamem/U841	0	0.576929
datamem/ram_reg_194__8_	0	0.733773
PLACE_optlc_1181	0	0.506173
PLACE_optlc_3982	0	1.50617
datamem/U895	0	1.17953
datamem/U3668	0	1.00701
datamem/U845	0	1.40258
PLACE_optlc_8365	0	0.54321
PLACE_optlc_8876	0	0.419753
PLACE_optlc_2369	0	0.555556
PLACE_optlc_12599	0	1.54321
PLACE_optlc_6074	0	1.53086
PLACE_optlc_10095	0	1.55556
datamem/ram_reg_203__15_	0	0.986574
datamem/U3553	0	0.675625
datamem/U3619	0	1.33561
datamem/ram_reg_57__14_	0	0.708102
datamem/U3625	0	1.29316
datamem/U3543	0	1.01048
datamem/ram_reg_205__0_	0	0.597909
PLACE_optlc_4779	0	0.493827
PLACE_optlc_7344	0	0.54321
PLACE_optlc_6530	0	1.55556
PLACE_optlc_8972	0	1.55556
PLACE_optlc_8451	0	0.555556
PLACE_optlc_2642	0	1.55556
PLACE_optlc_7744	0	1.51852
datamem/ram_reg_202__13_	0	1.38177
datamem/U2283	0	1.18238
datamem/ram_reg_202__15_	0	2.51962
PLACE_optlc_1256	0	0.506173
PLACE_optlc_12720	0	0.407407
PLACE_optlc_2587	0	0.506173
PLACE_optlc_10652	0	0.469136
PLACE_optlc_6356	0	1.50617
datamem/U833	0	0.730737
datamem/U1045	0	0.688808
datamem/ram_reg_56__12_	0	0.752496
PLACE_optlc_8694	0	0.493827
PLACE_optlc_5643	0	1.55556
PLACE_optlc_2345	0	1.54321
PLACE_optlc_5569	0	0.54321
PLACE_optlc_1111	0	1.55556
PLACE_optlc_5087	0	1.55556
PLACE_optlc_12208	0	0.555556
PLACE_optlc_2878	0	1.55556
PLACE_optlc_10832	0	0.469136
datamem/U927	0	0.959225
datamem/U836	0	1.31558
PLACE_optlc_10985	0	0.493827
PLACE_optlc_1743	0	1.54321
PLACE_optlc_972	0	0.493827
datamem/U1013	0	1.64693
datamem/ram_reg_46__1_	0	1.17119
datamem/U2443	0	1.21753
datamem/U1027	0	0.751516
PLACE_optlc_8640	0	1.55556
PLACE_optlc_9459	0	1.54321
PLACE_optlc_5115	0	1.55556
PLACE_optlc_2151	0	0.530864
PLACE_optlc_1473	0	1.54321
PLACE_optlc_8523	0	1.55556
PLACE_optlc_10574	0	1.55556
PLACE_optlc_9597	0	0.555556
PLACE_optlc_11165	0	0.481481
datamem/ram_reg_58__15_	0	1.0029
datamem/ram_reg_200__6_	0	1.94791
PLACE_optlc_12621	0	1.55556
PLACE_optlc_12488	0	0.493827
PLACE_optlc_8452	0	1.51852
PLACE_optlc_11527	0	1.51852
datamem/U3692	0	0.873137
datamem/ram_reg_200__0_	0	0.871019
datamem/ram_reg_57__12_	0	1.01227
datamem/ram_reg_204__1_	0	0.732697
datamem/U3695	0	0.800478
datamem/ram_reg_203__3_	0	0.711844
PLACE_optlc_153	0	0.493827
PLACE_optlc_2842	0	0.54321
PLACE_optlc_9855	0	1.53086
PLACE_optlc_12008	0	1.55556
PLACE_optlc_11126	0	0.506173
datamem/U3583	0	0.686454
datamem/U3679	0	1.33131
datamem/ram_reg_196__7_	0	0.832249
datamem/ram_reg_46__10_	0	1.54172
PLACE_optlc_10118	0	1.55556
PLACE_optlc_365	0	1.55556
PLACE_optlc_5374	0	0.45679
PLACE_optlc_7900	0	1.55556
datamem/ram_reg_49__8_	0	0.969163
datamem/ram_reg_201__0_	0	1.91594
datamem/ram_reg_202__6_	0	0.92637
datamem/U3650	0	1.26838
datamem/U3534	0	1.34978
PLACE_optlc_4424	0	0.54321
PLACE_optlc_9279	0	0.493827
PLACE_optlc_8886	0	0.469136
PLACE_optlc_9251	0	0.469136
PLACE_optlc_4712	0	0.45679
PLACE_optlc_614	0	1.55556
PLACE_optlc_1869	0	0.530864
datamem/U3632	0	0.710984
datamem/ram_reg_123__5_	0	0.86287
datamem/ram_reg_134__6_	0	0.76821
datamem/ram_reg_59__11_	0	1.01484
datamem/U803	0	0.580702
datamem/U1078	0	0.737396
PLACE_optlc_3717	0	1.55556
PLACE_optlc_7057	0	0.54321
PLACE_optlc_2439	0	1.55556
datamem/U3701	0	0.587631
datamem/U3637	0	1.31928
datamem/ram_reg_51__4_	0	1.77264
datamem/ram_reg_205__3_	0	0.985818
datamem/ram_reg_58__9_	0	0.544429
PLACE_optlc_12609	0	0.518519
PLACE_optlc_2317	0	0.555556
PLACE_optlc_549	0	0.506173
PLACE_optlc_5891	0	0.54321
PLACE_optlc_12009	0	0.481481
PLACE_optlc_848	0	1.54321
PLACE_optlc_2572	0	1.39506
PLACE_optlc_9367	0	1.55556
PLACE_optlc_2936	0	0.518519
datamem/U3569	0	1.34662
datamem/ram_reg_57__11_	0	0.683121
datamem/ram_reg_199__10_	0	1.08151
datamem/ram_reg_58__14_	0	0.705868
datamem/U3661	0	1.08066
datamem/ram_reg_199__7_	0	0.627311
PLACE_optlc_6987	0	0.530864
PLACE_optlc_7310	0	0.518519
PLACE_optlc_10698	0	1.55556
PLACE_optlc_4863	0	0.518519
PLACE_optlc_10404	0	0.432099
PLACE_optlc_5927	0	0.506173
datamem/ram_reg_48__5_	0	0.570772
datamem/U3560	0	1.29569
datamem/U842	0	1.2886
datamem/ram_reg_197__7_	0	1.75193
datamem/U3537	0	0.989765
PLACE_optlc_4066	0	1.55556
PLACE_optlc_3049	0	2.54321
PLACE_optlc_9885	0	1.53086
PLACE_optlc_2617	0	1.55556
PLACE_optlc_8272	0	1.54321
PLACE_optlc_1556	0	1.49383
datamem/ram_reg_56__14_	0	1.26709
datamem/ram_reg_207__9_	0	0.613804
PLACE_optlc_11879	0	1.55556
PLACE_optlc_6531	0	1.50617
PLACE_optlc_9917	0	1.54321
PLACE_optlc_826	0	0.45679
PLACE_optlc_6112	0	1.44444
PLACE_optlc_7788	0	0.481481
PLACE_optlc_3955	0	0.555556
datamem/U3522	0	0.832701
datamem/U871	0	0.608013
datamem/ram_reg_56__13_	0	1.03061
datamem/ram_reg_59__6_	0	1.07607
datamem/U3489	0	0.837176
PLACE_optlc_7795	0	0.506173
PLACE_optlc_8117	0	0.54321
PLACE_optlc_1316	0	1.51852
PLACE_optlc_7166	0	1.55556
PLACE_optlc_2818	0	0.506173
datamem/ram_reg_194__5_	0	0.822299
datamem/ram_reg_59__13_	0	0.723546
datamem/U3754	0	0.634502
datamem/ram_reg_198__4_	0	0.607523
PLACE_optlc_12662	0	1.55556
PLACE_optlc_8655	0	1.39506
PLACE_optlc_6328	0	1.55556
PLACE_optlc_7392	0	0.518519
PLACE_optlc_6954	0	0.555556
PLACE_optlc_12456	0	1.55556
PLACE_optlc_8919	0	1.54321
PLACE_optlc_11385	0	1.55556
datamem/U909	0	0.581289
datamem/ram_reg_56__15_	0	0.647604
datamem/U3554	0	0.733268
PLACE_optlc_9580	0	1.51852
PLACE_optlc_642	0	0.54321
PLACE_optlc_810	0	1.45679
PLACE_optlc_4839	0	0.469136
PLACE_optlc_1863	0	1.55556
PLACE_optlc_10083	0	0.555556
PLACE_optlc_4238	0	0.506173
PLACE_optlc_8520	0	0.555556
datamem/U1040	0	1.13692
datamem/ram_reg_202__3_	0	1.16966
datamem/ram_reg_195__2_	0	0.730679
PLACE_optlc_11510	0	0.469136
PLACE_optlc_4107	0	0.518519
PLACE_optlc_1286	0	0.518519
PLACE_optlc_1013	0	0.518519
datamem/U2298	0	0.698283
datamem/U3713	0	0.538839
datamem/U3709	0	0.900289
datamem/U1031	0	1.03203
PLACE_optlc_1781	0	1.55556
PLACE_optlc_10293	0	1.55556
PLACE_optlc_52	0	1.55556
PLACE_optlc_8039	0	0.419753
PLACE_optlc_4335	0	1.55556
PLACE_optlc_9042	0	0.506173
PLACE_optlc_8074	0	0.518519
PLACE_optlc_5699	0	0.54321
PLACE_optlc_4074	0	0.518519
datamem/ram_reg_48__2_	0	1.35054
datamem/U3676	0	0.551655
PLACE_optlc_7051	0	1.54321
PLACE_optlc_5546	0	0.530864
PLACE_optlc_5342	0	0.493827
PLACE_optlc_8722	0	0.555556
PLACE_optlc_4993	0	1.55556
datamem/ram_reg_59__2_	0	0.965328
PLACE_optlc_3434	0	1.51852
PLACE_optlc_12515	0	1.55556
PLACE_optlc_3886	0	0.481481
PLACE_optlc_7217	0	0.530864
PLACE_optlc_888	0	1.54321
PLACE_optlc_1128	0	0.54321
PLACE_optlc_10415	0	1.55556
PLACE_optlc_7599	0	0.54321
datamem/U1060	0	0.905343
PLACE_optlc_2579	0	0.493827
PLACE_optlc_8720	0	1.55556
PLACE_optlc_8161	0	1.55556
PLACE_optlc_1317	0	0.45679
PLACE_optlc_10341	0	1.55556
datamem/ram_reg_201__15_	0	0.879996
datamem/U3608	0	1.24426
datamem/ram_reg_198__10_	0	0.782554
datamem/ram_reg_57__0_	0	1.81027
PLACE_optlc_7286	0	1.55556
PLACE_optlc_8417	0	0.518519
PLACE_optlc_7355	0	0.555556
PLACE_optlc_11443	0	1.46914
PLACE_optlc_11282	0	1.49383
PLACE_optlc_6587	0	1.55556
datamem/U3572	0	0.889313
datamem/U3712	0	0.669973
datamem/ram_reg_196__15_	0	0.57537
PLACE_optlc_10639	0	1.53086
PLACE_optlc_6003	0	0.493827
datamem/U874	0	0.686127
datamem/ram_reg_50__4_	0	1.49301
datamem/ram_reg_205__4_	0	1.13647
datamem/ram_reg_199__13_	0	0.887488
datamem/U1025	0	1.20422
datamem/U3516	0	0.903067
PLACE_optlc_10929	0	1.55556
PLACE_optlc_3452	0	0.518519
PLACE_optlc_4593	0	0.518519
PLACE_optlc_3871	0	1.54321
PLACE_optlc_1264	0	1.55556
PLACE_optlc_3930	0	0.555556
PLACE_optlc_10727	0	1.53086
PLACE_optlc_10370	0	0.555556
PLACE_optlc_7805	0	1.49383
PLACE_optlc_5254	0	1.55556
PLACE_optlc_12667	0	1.53086
datamem/ram_reg_197__13_	0	0.817685
datamem/U3730	0	0.9438
datamem/ram_reg_50__2_	0	0.91363
datamem/ram_reg_194__11_	0	1.06169
PLACE_optlc_2054	0	0.45679
PLACE_optlc_2131	0	0.530864
PLACE_optlc_11648	0	0.444444
datamem/U1069	0	0.911651
datamem/U1064	0	1.19691
datamem/ram_reg_200__15_	0	0.586346
datamem/U3719	0	0.694263
datamem/U3611	0	1.54367
datamem/U3593	0	1.05643
PLACE_optlc_6346	0	0.54321
PLACE_optlc_4646	0	0.469136
PLACE_optlc_4149	0	1.49383
datamem/U2292	0	0.923893
datamem/U2232	0	0.637859
datamem/U3633	0	0.880806
datamem/ram_reg_123__8_	0	0.634618
datamem/U1063	0	0.827296
PLACE_optlc_9425	0	0.518519
PLACE_optlc_2778	0	1.55556
PLACE_optlc_6254	0	1.55556
PLACE_optlc_6394	0	1.49383
PLACE_optlc_7154	0	0.555556
PLACE_optlc_5193	0	1.49383
datamem/U3651	0	0.561385
datamem/ram_reg_205__10_	0	0.698858
datamem/ram_reg_198__13_	0	0.688202
datamem/ram_reg_60__14_	0	1.04915
datamem/ram_reg_58__11_	0	1.82445
datamem/ram_reg_59__12_	0	0.76716
PLACE_optlc_3347	0	0.54321
PLACE_optlc_11549	0	1.48148
PLACE_optlc_12169	0	0.506173
PLACE_optlc_2845	0	0.555556
PLACE_optlc_2170	0	1.55556
PLACE_optlc_2262	0	1.55556
datamem/U3480	0	1.12726
datamem/U3587	0	0.997647
PLACE_optlc_4521	0	1.55556
PLACE_optlc_6885	0	1.50617
PLACE_optlc_772	0	0.54321
PLACE_optlc_4080	0	0.530864
PLACE_optlc_9510	0	1.55556
PLACE_optlc_3731	0	0.518519
PLACE_optlc_4191	0	0.555556
PLACE_optlc_142	0	1.53086
datamem/ram_reg_127__11_	0	0.574159
datamem/ram_reg_206__3_	0	0.889973
datamem/ram_reg_46__7_	0	1.18205
datamem/U3596	0	0.680999
datamem/U3616	0	0.845698
PLACE_optlc_11036	0	1.55556
PLACE_optlc_4841	0	0.518519
PLACE_optlc_12188	0	1.50617
PLACE_optlc_9751	0	1.50617
PLACE_optlc_7142	0	1.55556
datamem/ram_reg_207__0_	0	0.926786
datamem/U1042	0	1.4399
datamem/ram_reg_201__14_	0	1.0719
datamem/U1028	0	0.657948
PLACE_optlc_6882	0	1.55556
PLACE_optlc_3110	0	0.54321
PLACE_optlc_974	0	1.51852
PLACE_optlc_769	0	0.555556
PLACE_optlc_10506	0	0.469136
datamem/U3716	0	0.579923
datamem/U1026	0	0.841833
datamem/ram_reg_201__10_	0	0.819938
PLACE_optlc_10051	0	0.469136
PLACE_optlc_9358	0	1.55556
PLACE_optlc_5203	0	0.506173
PLACE_optlc_9928	0	0.555556
PLACE_optlc_9248	0	1.53086
PLACE_optlc_2841	0	0.54321
datamem/U3710	0	0.83012
datamem/ram_reg_194__2_	0	0.986165
datamem/U1058	0	1.11362
datamem/ram_reg_200__3_	0	0.65174
PLACE_optlc_9440	0	1.55556
PLACE_optlc_9428	0	1.55556
PLACE_optlc_11027	0	0.555556
PLACE_optlc_7878	0	0.506173
PLACE_optlc_9242	0	1.53086
PLACE_optlc_9124	0	1.49383
PLACE_optlc_6010	0	0.506173
PLACE_optlc_4493	0	1.51852
PLACE_optlc_2811	0	1.54321
PLACE_optlc_12073	0	1.50617
datamem/ram_reg_199__15_	0	1.32392
datamem/ram_reg_200__14_	0	0.703256
datamem/U1061	0	1.06262
datamem/U3614	0	0.780706
datamem/U1080	0	0.614742
PLACE_optlc_12728	0	0.493827
PLACE_optlc_8000	0	0.54321
PLACE_optlc_4352	0	1.51852
PLACE_optlc_7557	0	0.530864
PLACE_optlc_4774	0	0.506173
datamem/U892	0	1.25887
datamem/ram_reg_57__3_	0	0.800725
datamem/U1073	0	0.835594
datamem/U3566	0	0.537847
datamem/U3640	0	0.856462
PLACE_optlc_4326	0	0.506173
PLACE_optlc_1881	0	0.45679
PLACE_optlc_5480	0	0.444444
PLACE_optlc_3467	0	1.53086
PLACE_optlc_11076	0	0.54321
datamem/ram_reg_202__0_	0	0.8836
datamem/U891	0	0.760482
datamem/U1079	0	1.25854
PLACE_optlc_4182	0	1.55556
PLACE_optlc_618	0	0.506173
PLACE_optlc_7932	0	0.481481
PLACE_optlc_833	0	0.54321
PLACE_optlc_12718	0	1.54321
PLACE_optlc_10470	0	1.55556
PLACE_optlc_5694	0	1.55556
PLACE_optlc_7566	0	0.555556
PLACE_optlc_7787	0	0.555556
PLACE_optlc_5403	0	0.518519
datamem/U3513	0	1.01943
datamem/ram_reg_201__3_	0	1.08801
datamem/ram_reg_58__12_	0	1.38874
PLACE_optlc_7345	0	1.55556
PLACE_optlc_2600	0	0.506173
PLACE_optlc_7523	0	0.469136
PLACE_optlc_12439	0	1.54321
PLACE_optlc_2951	0	0.530864
PLACE_optlc_694	0	0.407407
PLACE_optlc_1586	0	0.530864
PLACE_optlc_7645	0	0.555556
datamem/ram_reg_205__7_	0	1.08074
datamem/ram_reg_205__1_	0	1.4634
datamem/ram_reg_50__1_	0	1.50832
datamem/U1099	0	0.944498
datamem/U974	0	1.12257
datamem/ram_reg_57__2_	0	0.646875
PLACE_optlc_5157	0	0.518519
PLACE_optlc_249	0	0.481481
PLACE_optlc_8786	0	0.493827
PLACE_optlc_8568	0	0.555556
PLACE_optlc_2692	0	0.518519
PLACE_optlc_8036	0	1.49383
PLACE_optlc_1420	0	0.555556
PLACE_optlc_8856	0	1.55556
PLACE_optlc_2955	0	1.55556
PLACE_optlc_6485	0	1.55556
datamem/U1024	0	1.53855
datamem/ram_reg_196__1_	0	0.930289
datamem/U3652	0	1.04789
datamem/ram_reg_206__9_	0	0.721084
datamem/U1033	0	1.19418
PLACE_optlc_254	0	0.518519
PLACE_optlc_10125	0	1.53086
PLACE_optlc_5147	0	0.555556
PLACE_optlc_4582	0	1.49383
PLACE_optlc_9408	0	0.555556
datamem/U3562	0	1.24281
datamem/ram_reg_203__10_	0	0.712249
PLACE_optlc_12368	0	0.493827
PLACE_optlc_2772	0	0.555556
PLACE_optlc_3477	0	0.506173
PLACE_optlc_1486	0	1.54321
PLACE_optlc_782	0	1.45679
datamem/U3602	0	0.565652
datamem/ram_reg_49__5_	0	1.23048
datamem/U3540	0	0.872604
datamem/U3634	0	0.810918
datamem/ram_reg_49__2_	0	0.662801
datamem/U907	0	0.833827
PLACE_optlc_11700	0	1.55556
PLACE_optlc_8404	0	1.51852
PLACE_optlc_8672	0	1.54321
PLACE_optlc_12265	0	0.555556
PLACE_optlc_7272	0	0.506173
PLACE_optlc_2920	0	0.530864
PLACE_optlc_8635	0	0.555556
PLACE_optlc_7068	0	0.555556
PLACE_optlc_11640	0	1.55556
PLACE_optlc_10894	0	1.51852
datamem/ram_reg_214__13_	0	1.21153
datamem/U3658	0	0.551227
PLACE_optlc_6482	0	1.55556
PLACE_optlc_6298	0	0.54321
PLACE_optlc_12313	0	1.55556
PLACE_optlc_9127	0	1.55556
PLACE_optlc_7503	0	1.55556
PLACE_optlc_12428	0	1.55556
datamem/ram_reg_206__12_	0	0.804317
datamem/U3548	0	0.87434
datamem/ram_reg_56__11_	0	0.610181
datamem/ram_reg_49__4_	0	1.74147
datamem/U1076	0	1.49849
datamem/U839	0	1.05035
datamem/ram_reg_59__0_	0	1.11696
PLACE_optlc_3446	0	0.518519
PLACE_optlc_2773	0	1.55556
PLACE_optlc_1208	0	0.54321
PLACE_optlc_4122	0	0.518519
PLACE_optlc_7872	0	1.55556
datamem/ram_reg_48__4_	0	0.806053
datamem/U1081	0	0.819425
datamem/U1034	0	1.34059
datamem/U906	0	1.36124
datamem/ram_reg_197__1_	0	1.13946
PLACE_optlc_5902	0	0.530864
PLACE_optlc_8586	0	0.469136
PLACE_optlc_10931	0	1.55556
PLACE_optlc_2765	0	1.46914
PLACE_optlc_1044	0	1.51852
PLACE_optlc_12452	0	1.49383
PLACE_optlc_1370	0	1.51852
PLACE_optlc_4225	0	1.55556
PLACE_optlc_976	0	0.530864
PLACE_optlc_650	0	1.55556
PLACE_optlc_4120	0	0.518519
datamem/U3655	0	1.25344
datamem/ram_reg_215__13_	0	1.85579
datamem/U3906	0	0.806269
datamem/U3531	0	1.01385
datamem/U3578	0	1.39072
datamem/U1114	0	0.720042
datamem/ram_reg_57__13_	0	0.97593
datamem/U3739	0	0.884452
PLACE_optlc_7391	0	1.54321
PLACE_optlc_5876	0	2.55556
PLACE_optlc_9602	0	1.55556
PLACE_optlc_4728	0	1.51852
PLACE_optlc_6157	0	1.53086
PLACE_optlc_6666	0	0.555556
PLACE_optlc_4824	0	0.555556
PLACE_optlc_11829	0	1.55556
PLACE_optlc_6522	0	0.481481
PLACE_optlc_7152	0	0.54321
datamem/U3904	0	0.76343
datamem/ram_reg_53__15_	0	1.12583
datamem/ram_reg_199__1_	0	0.619282
datamem/ram_reg_192__5_	0	0.83164
datamem/U1015	0	1.13862
PLACE_optlc_205	0	1.55556
PLACE_optlc_6019	0	1.54321
PLACE_optlc_3333	0	1.55556
PLACE_optlc_12697	0	1.53086
PLACE_optlc_2304	0	1.53086
PLACE_optlc_7793	0	1.49383
PLACE_optlc_9677	0	1.49383
PLACE_optlc_7735	0	0.518519
PLACE_optlc_1252	0	0.518519
PLACE_optlc_10621	0	1.55556
PLACE_optlc_298	0	1.49383
PLACE_optlc_11515	0	0.506173
datamem/ram_reg_127__2_	0	0.72255
datamem/U3622	0	0.632967
datamem/ram_reg_57__15_	0	0.958399
PLACE_optlc_4495	0	1.44444
PLACE_optlc_9724	0	1.55556
PLACE_optlc_2966	0	1.45679
PLACE_optlc_415	0	1.49383
PLACE_optlc_8975	0	0.469136
datamem/U3486	0	0.63696
datamem/ram_reg_59__14_	0	0.648071
datamem/ram_reg_207__10_	0	0.669653
datamem/ram_reg_59__3_	0	1.02429
datamem/ram_reg_58__6_	0	0.745598
PLACE_optlc_3516	0	0.54321
PLACE_optlc_9514	0	0.530864
PLACE_optlc_10058	0	0.469136
PLACE_optlc_8750	0	1.50617
datamem/U2256	0	0.96287
datamem/ram_reg_61__11_	0	0.682593
datamem/ram_reg_124__14_	0	0.824927
datamem/ram_reg_195__11_	0	1.23208
PLACE_optlc_10769	0	1.55556
PLACE_optlc_7942	0	1.55556
PLACE_optlc_12593	0	0.555556
PLACE_optlc_6022	0	1.55556
PLACE_optlc_9404	0	0.555556
PLACE_optlc_8141	0	1.45679
PLACE_optlc_11528	0	1.55556
datamem/U894	0	1.43118
datamem/U3745	0	1.51458
datamem/ram_reg_60__11_	0	0.67635
datamem/ram_reg_59__5_	0	0.815336
datamem/ram_reg_215__15_	0	1.70267
datamem/U3647	0	1.00673
PLACE_optlc_8899	0	0.506173
PLACE_optlc_2309	0	0.530864
PLACE_optlc_6173	0	0.518519
PLACE_optlc_9534	0	1.55556
PLACE_optlc_10603	0	1.55556
PLACE_optlc_4290	0	1.55556
PLACE_optlc_10008	0	0.555556
PLACE_optlc_4509	0	0.506173
datamem/ram_reg_59__9_	0	2.25888
datamem/U1072	0	0.919012
datamem/ram_reg_198__1_	0	2.13719
datamem/ram_reg_58__0_	0	1.23212
PLACE_optlc_8844	0	0.555556
PLACE_optlc_11497	0	1.54321
PLACE_optlc_9177	0	1.55556
datamem/U1055	0	1.70271
datamem/ram_reg_127__13_	0	0.958013
datamem/ram_reg_204__13_	0	0.597975
PLACE_optlc_2453	0	1.55556
PLACE_optlc_2964	0	0.469136
PLACE_optlc_5152	0	1.51852
datamem/ram_reg_206__0_	0	0.551296
datamem/ram_reg_58__2_	0	0.763221
datamem/ram_reg_214__15_	0	0.831385
PLACE_optlc_9631	0	0.469136
PLACE_optlc_6375	0	0.54321
PLACE_optlc_6974	0	0.54321
PLACE_optlc_7775	0	1.54321
datamem/ram_reg_207__3_	0	1.15852
datamem/U3886	0	1.11639
PLACE_optlc_2610	0	1.55556
PLACE_optlc_4071	0	0.518519
PLACE_optlc_11248	0	1.53086
PLACE_optlc_1516	0	0.54321
PLACE_optlc_3324	0	0.555556
PLACE_optlc_5397	0	0.518519
datamem/ram_reg_205__13_	0	0.596134
datamem/U889	0	0.830505
PLACE_optlc_2163	0	1.54321
PLACE_optlc_10941	0	0.555556
PLACE_optlc_1503	0	1.54321
PLACE_optlc_3259	0	1.55556
PLACE_optlc_9606	0	0.45679
datamem/U3736	0	0.940637
datamem/ram_reg_197__15_	0	1.06313
datamem/U1067	0	1.16157
datamem/ram_reg_48__1_	0	0.920583
PLACE_optlc_7354	0	0.518519
PLACE_optlc_10937	0	0.555556
PLACE_optlc_1757	0	1.54321
PLACE_optlc_5856	0	1.55556
PLACE_optlc_6930	0	0.555556
PLACE_optlc_8263	0	1.54321
datamem/U3683	0	1.18882
datamem/U3740	0	0.964537
datamem/U1070	0	1.45706
datamem/ram_reg_49__7_	0	0.524533
datamem/ram_reg_56__2_	0	0.759005
datamem/U3584	0	1.09407
PLACE_optlc_6558	0	1.55556
PLACE_optlc_9364	0	1.54321
PLACE_optlc_2076	0	0.555556
PLACE_optlc_2529	0	0.555556
datamem/U3580	0	0.738194
datamem/U1049	0	1.09128
datamem/ram_reg_58__3_	0	0.857731
datamem/U3758	0	0.747728
datamem/ram_reg_126__2_	0	0.752824
datamem/U3669	0	0.653704
PLACE_optlc_7453	0	0.518519
PLACE_optlc_2846	0	1.51852
PLACE_optlc_11246	0	0.555556
PLACE_optlc_12168	0	0.555556
PLACE_optlc_1651	0	1.40741
datamem/U3868	0	0.83304
datamem/ram_reg_213__13_	0	0.622002
datamem/ram_reg_51__1_	0	0.927512
PLACE_optlc_7240	0	0.54321
PLACE_optlc_7662	0	2.55556
PLACE_optlc_2567	0	1.51852
PLACE_optlc_6937	0	0.555556
PLACE_optlc_6894	0	0.555556
PLACE_optlc_4436	0	0.518519
PLACE_optlc_3739	0	1.54321
PLACE_optlc_5012	0	0.518519
datamem/ram_reg_206__13_	0	1.94527
datamem/ram_reg_206__10_	0	0.830154
PLACE_optlc_2197	0	1.55556
PLACE_optlc_940	0	0.481481
PLACE_optlc_10979	0	1.55556
PLACE_optlc_4808	0	0.54321
PLACE_optlc_832	0	1.55556
PLACE_optlc_6888	0	0.54321
PLACE_optlc_1998	0	0.506173
datamem/U956	0	0.976713
datamem/ram_reg_207__1_	0	0.611941
datamem/ram_reg_52__15_	0	1.51289
datamem/U873	0	1.54682
PLACE_optlc_5596	0	1.55556
PLACE_optlc_2248	0	0.555556
PLACE_optlc_6133	0	1.55556
PLACE_optlc_160	0	0.518519
datamem/ram_reg_207__6_	0	1.84157
datamem/U2309	0	1.84022
PLACE_optlc_9841	0	0.493827
PLACE_optlc_10619	0	1.55556
PLACE_optlc_12045	0	1.55556
PLACE_optlc_3652	0	1.55556
PLACE_optlc_7957	0	0.54321
PLACE_optlc_5989	0	0.54321
PLACE_optlc_722	0	0.555556
PLACE_optlc_12255	0	1.55556
PLACE_optlc_9990	0	0.54321
datamem/U3888	0	0.614483
datamem/ram_reg_201__1_	0	0.678619
datamem/ram_reg_207__13_	0	1.74515
datamem/ram_reg_57__8_	0	0.79772
PLACE_optlc_7577	0	1.55556
PLACE_optlc_4671	0	0.518519
PLACE_optlc_8584	0	0.469136
PLACE_optlc_6108	0	1.55556
PLACE_optlc_9555	0	2.54321
PLACE_optlc_745	0	0.555556
PLACE_optlc_10575	0	1.55556
datamem/ram_reg_202__10_	0	0.835984
datamem/ram_reg_198__15_	0	1.22555
datamem/U3598	0	0.693607
datamem/ram_reg_203__0_	0	1.00875
datamem/U3704	0	0.634788
PLACE_optlc_11462	0	0.555556
PLACE_optlc_10098	0	1.55556
PLACE_optlc_1219	0	1.49383
PLACE_optlc_11089	0	1.55556
PLACE_optlc_9021	0	1.53086
PLACE_optlc_1515	0	1.54321
datamem/ram_reg_200__10_	0	0.76686
datamem/U3755	0	0.775602
PLACE_optlc_6259	0	0.518519
PLACE_optlc_7885	0	1.55556
PLACE_optlc_2558	0	1.51852
datamem/ram_reg_214__4_	0	0.561485
PLACE_optlc_12566	0	1.55556
PLACE_optlc_842	0	1.55556
PLACE_optlc_4595	0	1.45679
PLACE_optlc_5942	0	0.530864
datamem/U1044	0	0.780046
datamem/ram_reg_58__8_	0	0.955471
datamem/U1097	0	1.03689
datamem/ram_reg_60__12_	0	1.26601
datamem/ram_reg_50__7_	0	1.4848
datamem/ram_reg_202__14_	0	1.6175
datamem/ram_reg_215__10_	0	1.35742
datamem/U3629	0	0.91485
PLACE_optlc_2253	0	0.530864
PLACE_optlc_1976	0	1.54321
PLACE_optlc_9423	0	0.555556
datamem/U2307	0	0.837114
datamem/U1096	0	1.46989
datamem/ram_reg_203__1_	0	0.558356
datamem/U876	0	0.876547
PLACE_optlc_11948	0	0.555556
PLACE_optlc_12280	0	0.45679
PLACE_optlc_1049	0	0.54321
PLACE_optlc_4958	0	0.555556
PLACE_optlc_5463	0	1.51852
PLACE_optlc_2591	0	1.55556
PLACE_optlc_2432	0	1.55556
datamem/ram_reg_215__1_	0	0.769603
datamem/U2311	0	0.677635
datamem/U3674	0	0.550552
datamem/ram_reg_207__12_	0	1.03004
datamem/U955	0	1.08835
PLACE_optlc_2907	0	0.518519
PLACE_optlc_12000	0	0.469136
PLACE_optlc_4926	0	1.54321
PLACE_optlc_9924	0	0.555556
PLACE_optlc_1596	0	1.55556
PLACE_optlc_3337	0	0.493827
datamem/ram_reg_192__11_	0	0.589672
datamem/ram_reg_60__0_	0	1.11395
datamem/U1046	0	1.36757
datamem/ram_reg_49__10_	0	0.556103
PLACE_optlc_10041	0	1.50617
datamem/U4258	0	0.562118
datamem/ram_reg_61__0_	0	2.10742
datamem/ram_reg_203__14_	0	0.993121
datamem/U3883	0	1.81117
datamem/U3727	0	1.28293
PLACE_optlc_7633	0	0.54321
PLACE_optlc_7148	0	0.555556
PLACE_optlc_6084	0	0.45679
datamem/U924	0	0.884915
datamem/U870	0	0.568133
datamem/ram_reg_61__14_	0	1.05022
PLACE_optlc_3782	0	0.555556
PLACE_optlc_8830	0	0.555556
PLACE_optlc_488	0	0.555556
PLACE_optlc_11911	0	1.53086
PLACE_optlc_9533	0	1.55556
datamem/U3665	0	0.68963
datamem/U4261	0	0.981474
datamem/U912	0	1.42633
PLACE_optlc_2237	0	0.518519
PLACE_optlc_10828	0	0.555556
PLACE_optlc_5461	0	0.506173
PLACE_optlc_11638	0	1.55556
PLACE_optlc_732	0	1.55556
PLACE_optlc_2476	0	1.55556
PLACE_optlc_7144	0	0.54321
PLACE_optlc_10673	0	1.55556
datamem/U1051	0	1.4462
datamem/U3722	0	1.37232
datamem/ram_reg_48__7_	0	1.22935
datamem/ram_reg_235__4_	0	1.4884
PLACE_optlc_11740	0	1.55556
PLACE_optlc_12401	0	1.55556
PLACE_optlc_12138	0	1.51852
PLACE_optlc_5527	0	0.518519
datamem/U3877	0	0.684487
datamem/ram_reg_60__5_	0	0.693002
datamem/ram_reg_61__12_	0	0.631601
datamem/ram_reg_198__7_	0	2.22769
datamem/U3673	0	1.48147
datamem/ram_reg_60__6_	0	0.570552
datamem/U1094	0	1.77599
datamem/U3748	0	0.679051
datamem/ram_reg_235__7_	0	0.645899
PLACE_optlc_7342	0	0.555556
PLACE_optlc_1674	0	1.55556
PLACE_optlc_6828	0	1.55556
datamem/ram_reg_60__13_	0	0.668823
datamem/U1087	0	0.852342
datamem/U1039	0	0.762461
datamem/ram_reg_214__10_	0	1.00063
datamem/U3757	0	0.704028
datamem/U3483	0	1.03326
PLACE_optlc_3662	0	0.54321
PLACE_optlc_11009	0	1.55556
PLACE_optlc_3302	0	0.555556
PLACE_optlc_2166	0	0.530864
PLACE_optlc_3807	0	1.55556
PLACE_optlc_5627	0	1.55556
PLACE_optlc_8223	0	0.518519
datamem/ram_reg_58__5_	0	0.800876
datamem/U879	0	0.695123
datamem/ram_reg_52__14_	0	0.83216
PLACE_optlc_12115	0	0.518519
PLACE_optlc_491	0	0.518519
PLACE_optlc_1753	0	1.55556
PLACE_optlc_3039	0	1.53086
PLACE_optlc_3902	0	1.55556
PLACE_optlc_2383	0	1.55556
PLACE_optlc_6525	0	0.506173
PLACE_optlc_9350	0	1.54321
PLACE_optlc_11551	0	0.493827
PLACE_optlc_11509	0	0.493827
datamem/ram_reg_60__2_	0	0.699784
PLACE_optlc_6595	0	1.55556
PLACE_optlc_2464	0	0.518519
PLACE_optlc_6977	0	0.493827
PLACE_optlc_5286	0	1.49383
PLACE_optlc_6846	0	0.530864
PLACE_optlc_9096	0	1.51852
PLACE_optlc_9088	0	0.555556
PLACE_optlc_2306	0	0.555556
datamem/ram_reg_192__8_	0	0.974699
datamem/U1093	0	2.05803
datamem/U3737	0	0.997465
datamem/U1052	0	1.07335
datamem/U3751	0	0.642593
PLACE_optlc_569	0	0.530864
PLACE_optlc_3656	0	1.53086
PLACE_optlc_793	0	1.51852
PLACE_optlc_10766	0	0.530864
datamem/U3892	0	1.72323
PLACE_optlc_6958	0	1.55556
PLACE_optlc_294	0	1.51852
PLACE_optlc_8743	0	0.518519
PLACE_optlc_9531	0	0.555556
PLACE_optlc_10401	0	0.555556
datamem/ram_reg_60__3_	0	0.568198
PLACE_optlc_5835	0	1.49383
PLACE_optlc_10664	0	1.55556
PLACE_optlc_12551	0	0.555556
PLACE_optlc_7817	0	1.51852
PLACE_optlc_10103	0	1.55556
datamem/ram_reg_48__10_	0	1.56764
datamem/ram_reg_199__14_	0	0.864742
datamem/ram_reg_234__4_	0	0.683951
datamem/ram_reg_196__14_	0	0.767793
datamem/U3731	0	0.820316
datamem/ram_reg_215__14_	0	0.996914
PLACE_optlc_7093	0	0.506173
PLACE_optlc_11612	0	1.55556
PLACE_optlc_12496	0	0.54321
PLACE_optlc_6399	0	0.54321
PLACE_optlc_9398	0	1.54321
PLACE_optlc_7181	0	0.54321
datamem/U3905	0	1.07413
datamem/U3749	0	0.918395
datamem/ram_reg_60__9_	0	0.827458
datamem/U930	0	1.4128
PLACE_optlc_11576	0	0.54321
PLACE_optlc_6401	0	0.530864
PLACE_optlc_3393	0	0.530864
PLACE_optlc_6044	0	1.49383
PLACE_optlc_8546	0	1.55556
PLACE_optlc_3179	0	1.55556
PLACE_optlc_10726	0	0.469136
PLACE_optlc_1553	0	1.55556
PLACE_optlc_1142	0	0.555556
datamem/U1100	0	0.893322
datamem/U3615	0	1.92005
datamem/ram_reg_206__4_	0	0.845066
datamem/ram_reg_212__13_	0	0.99343
datamem/ram_reg_207__15_	0	0.870189
datamem/ram_reg_61__3_	0	0.583032
PLACE_optlc_3741	0	0.419753
PLACE_optlc_7175	0	0.506173
PLACE_optlc_7562	0	0.555556
PLACE_optlc_1454	0	1.53086
PLACE_optlc_4606	0	0.54321
PLACE_optlc_7650	0	1.55556
datamem/U3638	0	0.95728
PLACE_optlc_6314	0	0.518519
PLACE_optlc_4941	0	1.51852
PLACE_optlc_7239	0	0.518519
PLACE_optlc_3462	0	1.55556
PLACE_optlc_9149	0	1.55556
PLACE_optlc_9977	0	1.53086
PLACE_optlc_3737	0	1.54321
PLACE_optlc_222	0	0.54321
PLACE_optlc_12681	0	1.53086
PLACE_optlc_11315	0	0.555556
datamem/ram_reg_212__15_	0	1.03779
datamem/U3850	0	0.579124
datamem/U1057	0	0.714255
datamem/ram_reg_204__15_	0	0.823831
datamem/U1088	0	0.968997
datamem/U897	0	0.723511
PLACE_optlc_3263	0	1.53086
PLACE_optlc_4975	0	1.55556
PLACE_optlc_5824	0	1.55556
PLACE_optlc_7229	0	0.518519
PLACE_optlc_3543	0	1.55556
PLACE_optlc_266	0	1.54321
PLACE_optlc_6549	0	0.493827
PLACE_optlc_4010	0	1.53086
PLACE_optlc_7177	0	1.53086
datamem/ram_reg_60__8_	0	0.66799
datamem/U3677	0	1.38657
datamem/ram_reg_57__5_	0	0.911427
datamem/ram_reg_52__13_	0	0.803472
PLACE_optlc_9231	0	0.555556
PLACE_optlc_2035	0	1.54321
datamem/U3687	0	0.580282
datamem/U1085	0	1.24506
datamem/U1054	0	0.681061
PLACE_optlc_11399	0	0.45679
PLACE_optlc_3035	0	0.45679
PLACE_optlc_281	0	1.51852
PLACE_optlc_4683	0	1.54321
PLACE_optlc_3995	0	1.54321
PLACE_optlc_1488	0	0.555556
PLACE_optlc_2534	0	1.49383
PLACE_optlc_11038	0	1.49383
datamem/U3590	0	0.8539
datamem/U3901	0	0.69162
datamem/U1105	0	0.882353
datamem/ram_reg_51__7_	0	0.593661
PLACE_optlc_3397	0	0.54321
PLACE_optlc_12683	0	0.506173
PLACE_optlc_5563	0	1.55556
PLACE_optlc_3746	0	1.51852
PLACE_optlc_7505	0	0.45679
PLACE_optlc_8495	0	0.555556
PLACE_optlc_6932	0	2.55556
PLACE_optlc_11162	0	0.506173
datamem/U3504	0	0.693356
datamem/U888	0	1.04905
datamem/ram_reg_200__1_	0	1.04633
datamem/U3742	0	0.827187
datamem/U3838	0	0.582701
PLACE_optlc_6219	0	0.518519
PLACE_optlc_3904	0	0.555556
PLACE_optlc_2586	0	0.530864
PLACE_optlc_11161	0	0.481481
datamem/ram_reg_207__4_	0	0.75091
datamem/U1103	0	1.0855
datamem/ram_reg_206__6_	0	1.28947
datamem/U1117	0	0.580517
PLACE_optlc_3773	0	0.555556
PLACE_optlc_2412	0	2.55556
PLACE_optlc_406	0	1.55556
PLACE_optlc_9812	0	1.45679
PLACE_optlc_12123	0	0.555556
PLACE_optlc_4257	0	1.55556
PLACE_optlc_6822	0	0.506173
PLACE_optlc_1475	0	0.54321
PLACE_optlc_935	0	0.555556
PLACE_optlc_2695	0	1.46914
datamem/U3874	0	1.26735
datamem/U3561	0	0.72174
alu_unit/sub_12/U2_1	0	1.03704
datamem/U3759	0	0.645085
PLACE_optlc_11993	0	1.54321
PLACE_optlc_5551	0	0.506173
PLACE_optlc_4575	0	0.518519
PLACE_optlc_11084	0	1.49383
PLACE_optlc_11380	0	0.469136
PLACE_optlc_4520	0	0.493827
PLACE_optlc_4356	0	1.49383
PLACE_optlc_4759	0	1.55556
PLACE_optlc_5679	0	0.506173
datamem/U3746	0	0.69625
datamem/ram_reg_49__1_	0	1.17679
datamem/ram_reg_206__1_	0	0.975941
datamem/U1021	0	0.874772
datamem/U3656	0	0.594198
datamem/U3641	0	0.832994
datamem/ram_reg_51__10_	0	0.943951
PLACE_optlc_11102	0	1.55556
PLACE_optlc_387	0	0.506173
PLACE_optlc_3748	0	0.45679
PLACE_optlc_5833	0	1.55556
PLACE_optlc_10840	0	1.55556
PLACE_optlc_4135	0	0.555556
datamem/U933	0	1.23206
datamem/ram_reg_203__7_	0	0.900293
datamem/U3501	0	1.26209
datamem/ram_reg_203__4_	0	1.30639
datamem/ram_reg_215__4_	0	0.602778
datamem/ram_reg_212__1_	0	1.97194
datamem/ram_reg_53__14_	0	0.811273
PLACE_optlc_4297	0	1.45679
PLACE_optlc_3595	0	1.51852
PLACE_optlc_9471	0	0.45679
datamem/ram_reg_125__14_	0	0.974367
datamem/ram_reg_206__15_	0	2.61636
datamem/ram_reg_56__8_	0	0.711559
datamem/ram_reg_215__7_	0	0.791964
datamem/ram_reg_214__7_	0	0.912022
datamem/U3870	0	1.79534
PLACE_optlc_9822	0	1.55556
PLACE_optlc_6100	0	0.54321
PLACE_optlc_9157	0	1.55556
PLACE_optlc_12358	0	0.469136
PLACE_optlc_8421	0	1.55556
PLACE_optlc_10408	0	1.55556
PLACE_optlc_4610	0	1.51852
PLACE_optlc_9467	0	0.555556
PLACE_optlc_5618	0	0.518519
datamem/ram_reg_127__15_	0	0.909691
datamem/ram_reg_201__4_	0	1.09758
datamem/ram_reg_193__11_	0	1.00365
PLACE_optlc_4879	0	1.55556
PLACE_optlc_11949	0	0.493827
PLACE_optlc_9045	0	0.493827
PLACE_optlc_3679	0	0.555556
PLACE_optlc_10031	0	0.469136
datamem/U1090	0	1.03991
datamem/ram_reg_202__1_	0	1.50055
datamem/ram_reg_61__6_	0	0.580278
datamem/ram_reg_126__13_	0	0.789394
PLACE_optlc_7601	0	0.506173
PLACE_optlc_1662	0	0.518519
PLACE_optlc_1086	0	1.55556
PLACE_optlc_8666	0	1.53086
PLACE_optlc_9351	0	1.49383
datamem/ram_reg_50__10_	0	1.5825
PLACE_optlc_2798	0	0.518519
PLACE_optlc_11278	0	0.555556
PLACE_optlc_1205	0	0.530864
PLACE_optlc_10790	0	1.55556
PLACE_optlc_10280	0	0.506173
PLACE_optlc_5506	0	0.518519
PLACE_optlc_512	0	0.54321
PLACE_optlc_11425	0	1.53086
datamem/U954	0	0.646478
datamem/U1115	0	1.4647
PLACE_optlc_12136	0	0.506173
PLACE_optlc_8703	0	1.49383
PLACE_optlc_5830	0	1.54321
PLACE_optlc_7651	0	1.55556
datamem/U915	0	1.13141
datamem/U1098	0	1.10821
datamem/ram_reg_212__10_	0	0.599923
datamem/ram_reg_210__13_	0	0.60826
PLACE_optlc_12029	0	0.481481
PLACE_optlc_4649	0	1.55556
PLACE_optlc_11110	0	0.555556
PLACE_optlc_11170	0	1.55556
PLACE_optlc_6685	0	1.55556
PLACE_optlc_776	0	1.55556
datamem/ram_reg_207__14_	0	1.03798
datamem/ram_reg_56__10_	0	1.11186
datamem/ram_reg_60__15_	0	1.07287
datamem/U988	0	1.50915
datamem/ram_reg_61__2_	0	0.681404
datamem/ram_reg_207__7_	0	0.561049
datamem/ram_reg_211__13_	0	1.00435
PLACE_optlc_7719	0	1.55556
PLACE_optlc_11695	0	1.55556
PLACE_optlc_3953	0	0.555556
PLACE_optlc_8093	0	1.51852
PLACE_optlc_7728	0	0.555556
PLACE_optlc_159	0	1.51852
U119	0	0.669144
datamem/ram_reg_214__1_	0	1.73303
datamem/U3847	0	1.04659
datamem/ram_reg_119__13_	0	0.798179
datamem/U1036	0	0.924506
datamem/U3760	0	0.81392
PLACE_optlc_4241	0	0.518519
PLACE_optlc_2728	0	0.530864
PLACE_optlc_2177	0	0.506173
datamem/ram_reg_213__15_	0	0.878167
datamem/U2291	0	0.819063
PLACE_optlc_4927	0	0.45679
PLACE_optlc_2265	0	1.54321
PLACE_optlc_5180	0	1.48148
PLACE_optlc_9536	0	0.555556
PLACE_optlc_6785	0	1.49383
PLACE_optlc_2456	0	0.555556
PLACE_optlc_8154	0	0.555556
datamem/U1077	0	1.16272
datamem/U973	0	1.17333
datamem/ram_reg_193__5_	0	0.819024
datamem/ram_reg_206__14_	0	1.01961
PLACE_optlc_11261	0	0.493827
PLACE_optlc_8199	0	0.54321
PLACE_optlc_6035	0	1.54321
PLACE_optlc_1262	0	1.44444
PLACE_optlc_6927	0	1.54321
PLACE_optlc_5880	0	1.49383
datamem/U2280	0	0.750552
datamem/U1106	0	0.695737
datamem/U3620	0	1.51466
PLACE_optlc_177	0	1.53086
PLACE_optlc_5525	0	0.469136
PLACE_optlc_3413	0	1.55556
PLACE_optlc_3216	0	1.44444
PLACE_optlc_9607	0	0.555556
PLACE_optlc_3382	0	1.53086
PLACE_optlc_1941	0	0.518519
datamem/U972	0	0.551505
datamem/ram_reg_208__13_	0	1.03533
datamem/ram_reg_54__11_	0	0.587971
PLACE_optlc_8971	0	0.481481
PLACE_optlc_3824	0	1.50617
PLACE_optlc_6153	0	0.555556
PLACE_optlc_12158	0	1.55556
PLACE_optlc_868	0	1.49383
PLACE_optlc_3289	0	1.45679
datamem/ram_reg_57__10_	0	0.593449
datamem/U3852	0	0.558191
datamem/ram_reg_59__8_	0	0.825702
datamem/ram_reg_61__5_	0	0.696709
PLACE_optlc_12603	0	1.54321
PLACE_optlc_3903	0	1.55556
PLACE_optlc_9129	0	0.555556
PLACE_optlc_630	0	0.555556
PLACE_optlc_12680	0	1.51852
PLACE_optlc_3280	0	1.55556
PLACE_optlc_4376	0	0.518519
PLACE_optlc_6437	0	1.53086
PLACE_optlc_12721	0	1.55556
PLACE_optlc_11013	0	0.469136
datamem/U3895	0	1.00864
datamem/U1091	0	1.88081
datamem/U3706	0	1.29545
datamem/U2274	0	1.85288
datamem/U3865	0	1.75108
PLACE_optlc_3368	0	1.55556
PLACE_optlc_11963	0	1.55556
PLACE_optlc_11801	0	1.54321
PLACE_optlc_7879	0	0.555556
PLACE_optlc_6528	0	1.55556
PLACE_optlc_291	0	0.45679
PLACE_optlc_7855	0	0.518519
datamem/U4240	0	0.748187
datamem/ram_reg_61__8_	0	0.563117
datamem/ram_reg_193__2_	0	0.870949
datamem/ram_reg_61__9_	0	0.910613
datamem/ram_reg_63__0_	0	0.801902
datamem/ram_reg_234__7_	0	0.673102
PLACE_optlc_12046	0	1.49383
PLACE_optlc_9871	0	1.55556
PLACE_optlc_3703	0	1.51852
datamem/U3680	0	1.0838
datamem/U1116	0	0.737724
datamem/U3597	0	0.945228
PLACE_optlc_2045	0	0.518519
PLACE_optlc_1078	0	1.50617
PLACE_optlc_9653	0	1.54321
PLACE_optlc_5301	0	0.555556
PLACE_optlc_855	0	1.55556
PLACE_optlc_9952	0	1.55556
PLACE_optlc_8003	0	0.530864
datamem/ram_reg_59__10_	0	1.0231
datamem/U3741	0	0.718561
datamem/ram_reg_214__14_	0	1.11127
datamem/U3880	0	0.799877
PLACE_optlc_6312	0	0.518519
PLACE_optlc_4708	0	0.493827
PLACE_optlc_994	0	1.55556
PLACE_optlc_9675	0	0.506173
PLACE_optlc_10350	0	0.555556
PLACE_optlc_9621	0	0.493827
PLACE_optlc_5625	0	1.48148
datamem/U3898	0	1.47162
datamem/ram_reg_53__13_	0	1.01581
datamem/U1112	0	0.796389
PLACE_optlc_1067	0	0.555556
PLACE_optlc_2908	0	0.518519
PLACE_optlc_5232	0	1.51852
datamem/U4562	0	1.0062
datamem/ram_reg_198__14_	0	1.34072
PLACE_optlc_8434	0	0.54321
PLACE_optlc_3084	0	0.481481
PLACE_optlc_4397	0	0.45679
PLACE_optlc_3029	0	1.50617
datamem/ram_reg_219__13_	0	0.950139
datamem/ram_reg_251__4_	0	0.64206
datamem/U3733	0	0.75887
datamem/U3498	0	0.798191
datamem/ram_reg_206__7_	0	1.03477
PLACE_optlc_10254	0	0.555556
PLACE_optlc_8955	0	0.555556
PLACE_optlc_9658	0	1.53086
PLACE_optlc_11923	0	0.506173
PLACE_optlc_6190	0	1.55556
PLACE_optlc_796	0	0.530864
PLACE_optlc_3361	0	0.518519
PLACE_optlc_11265	0	0.518519
datamem/ram_reg_197__14_	0	2.21985
datamem/U1059	0	0.722924
datamem/U1075	0	0.864803
PLACE_optlc_1467	0	0.419753
PLACE_optlc_6303	0	0.555556
PLACE_optlc_11747	0	0.555556
PLACE_optlc_4793	0	1.51852
PLACE_optlc_9146	0	1.49383
datamem/U3728	0	0.663947
datamem/U3778	0	1.26028
datamem/U3814	0	0.804383
datamem/ram_reg_193__8_	0	0.635081
datamem/U1023	0	1.51537
datamem/U3887	0	1.19332
datamem/ram_reg_202__4_	0	1.8002
datamem/U3579	0	0.59142
PLACE_optlc_9296	0	1.55556
PLACE_optlc_2120	0	1.55556
PLACE_optlc_6387	0	1.55556
PLACE_optlc_1816	0	0.555556
PLACE_optlc_3077	0	0.54321
PLACE_optlc_12338	0	1.55556
datamem/U1153	0	1.01398
datamem/U3832	0	0.764248
datamem/ram_reg_205__15_	0	1.41717
datamem/ram_reg_63__14_	0	2.0927
PLACE_optlc_985	0	0.518519
PLACE_optlc_6754	0	1.55556
PLACE_optlc_2789	0	1.50617
PLACE_optlc_12069	0	1.55556
PLACE_optlc_4983	0	1.40741
PLACE_optlc_11568	0	1.46914
PLACE_optlc_4940	0	0.506173
datamem/ram_reg_55__11_	0	0.705359
datamem/U4243	0	0.784715
datamem/ram_reg_212__14_	0	0.858943
datamem/ram_reg_118__13_	0	0.564576
PLACE_optlc_200	0	2.55556
PLACE_optlc_2901	0	0.518519
PLACE_optlc_6970	0	0.54321
PLACE_optlc_5103	0	0.54321
PLACE_optlc_10105	0	0.506173
PLACE_optlc_12436	0	1.51852
PLACE_optlc_2991	0	0.493827
PLACE_optlc_4246	0	1.50617
datamem/U1109	0	1.45473
datamem/ram_reg_218__13_	0	0.734001
datamem/U2165	0	0.755104
datamem/U3796	0	1.37864
PLACE_optlc_8250	0	1.54321
PLACE_optlc_4192	0	0.555556
PLACE_optlc_11812	0	1.51852
PLACE_optlc_3665	0	1.49383
PLACE_optlc_7602	0	1.46914
datamem/ram_reg_201__7_	0	0.788083
datamem/U1139	0	1.16795
datamem/ram_reg_58__10_	0	1.72536
PLACE_optlc_992	0	1.44444
PLACE_optlc_7380	0	1.46914
PLACE_optlc_4598	0	0.45679
PLACE_optlc_11629	0	1.54321
PLACE_optlc_9848	0	0.555556
PLACE_optlc_3800	0	1.54321
PLACE_optlc_6617	0	1.55556
PLACE_optlc_1558	0	1.55556
datamem/ram_reg_200__7_	0	0.979456
datamem/ram_reg_213__1_	0	0.709298
datamem/ram_reg_200__4_	0	0.567411
datamem/ram_reg_213__10_	0	1.14455
datamem/ram_reg_58__1_	0	2.08527
datamem/U1041	0	0.671933
PLACE_optlc_7938	0	0.518519
PLACE_optlc_3693	0	0.530864
PLACE_optlc_8602	0	1.55556
PLACE_optlc_9163	0	1.55556
PLACE_optlc_1444	0	1.55556
PLACE_optlc_7086	0	0.407407
datamem/ram_reg_55__15_	0	0.616389
datamem/U1014	0	0.813079
datamem/ram_reg_56__5_	0	0.985147
PLACE_optlc_9352	0	1.40741
PLACE_optlc_9683	0	0.555556
PLACE_optlc_10657	0	0.555556
PLACE_optlc_9495	0	1.53086
PLACE_optlc_10735	0	1.55556
PLACE_optlc_5567	0	0.555556
PLACE_optlc_2758	0	0.518519
PLACE_optlc_12375	0	1.55556
datamem/ram_reg_63__3_	0	0.660143
datamem/U1108	0	0.876563
datamem/ram_reg_61__13_	0	0.651887
datamem/U1123	0	1.07225
datamem/ram_reg_56__1_	0	1.18558
datamem/ram_reg_62__12_	0	0.789815
datamem/U1018	0	0.774819
PLACE_optlc_12648	0	1.50617
PLACE_optlc_12409	0	1.53086
PLACE_optlc_8271	0	0.54321
PLACE_optlc_2980	0	1.51852
PLACE_optlc_8304	0	1.55556
datamem/U1118	0	1.46894
datamem/U4546	0	1.47263
PLACE_optlc_1711	0	0.493827
PLACE_optlc_8874	0	1.46914
PLACE_optlc_1079	0	0.518519
PLACE_optlc_2085	0	1.49383
PLACE_optlc_5190	0	0.54321
datamem/ram_reg_218__7_	0	1.26566
PLACE_optlc_7610	0	0.419753
PLACE_optlc_8873	0	1.53086
PLACE_optlc_144	0	0.530864
PLACE_optlc_9482	0	0.506173
PLACE_optlc_1244	0	1.49383
PLACE_optlc_8993	0	1.46914
datamem/ram_reg_212__4_	0	0.594757
PLACE_optlc_6995	0	1.51852
PLACE_optlc_208	0	0.518519
PLACE_optlc_4185	0	0.481481
PLACE_optlc_5666	0	0.54321
PLACE_optlc_575	0	1.55556
PLACE_optlc_7398	0	1.55556
PLACE_optlc_1306	0	0.54321
datamem/ram_reg_205__14_	0	0.710517
datamem/U1050	0	1.01545
datamem/U3805	0	1.14734
datamem/U3862	0	0.777569
datamem/ram_reg_213__14_	0	1.47058
datamem/ram_reg_213__4_	0	0.543441
datamem/ram_reg_213__7_	0	1.74476
datamem/ram_reg_59__1_	0	1.51355
PLACE_optlc_1690	0	1.55556
PLACE_optlc_2266	0	0.555556
PLACE_optlc_6923	0	0.469136
PLACE_optlc_9806	0	0.555556
PLACE_optlc_9473	0	1.55556
PLACE_optlc_4494	0	1.51852
PLACE_optlc_4897	0	1.39506
PLACE_optlc_1894	0	0.54321
PLACE_optlc_3238	0	1.55556
datamem/U3752	0	0.76005
datamem/U3856	0	1.20423
datamem/U3477	0	0.607654
datamem/U4207	0	0.911647
PLACE_optlc_3157	0	0.54321
PLACE_optlc_10618	0	1.55556
PLACE_optlc_3156	0	1.50617
PLACE_optlc_5334	0	0.555556
PLACE_optlc_4198	0	0.506173
datamem/U1006	0	0.690637
datamem/U1142	0	1.59937
PLACE_optlc_4884	0	0.555556
PLACE_optlc_3723	0	2.55556
PLACE_optlc_9902	0	1.55556
PLACE_optlc_1315	0	0.54321
PLACE_optlc_10113	0	0.555556
PLACE_optlc_7731	0	0.518519
PLACE_optlc_8973	0	1.49383
PLACE_optlc_5056	0	0.506173
datamem/U1111	0	1.33541
datamem/ram_reg_235__1_	0	0.701416
datamem/U1068	0	1.42375
PLACE_optlc_4836	0	1.55556
PLACE_optlc_6953	0	0.530864
PLACE_optlc_7841	0	0.469136
PLACE_optlc_10262	0	0.506173
PLACE_optlc_3352	0	0.530864
PLACE_optlc_3673	0	0.518519
PLACE_optlc_9330	0	1.55556
datamem/ram_reg_61__15_	0	0.755972
datamem/ram_reg_210__4_	0	1.907
datamem/ram_reg_62__2_	0	2.48039
datamem/ram_reg_232__1_	0	0.980918
PLACE_optlc_7105	0	0.555556
PLACE_optlc_4154	0	0.518519
PLACE_optlc_5708	0	1.50617
PLACE_optlc_1485	0	0.518519
datamem/ram_reg_124__13_	0	1.00574
datamem/ram_reg_219__14_	0	1.02879
datamem/U3952	0	1.37315
PLACE_optlc_1408	0	0.506173
PLACE_optlc_5400	0	1.54321
PLACE_optlc_11913	0	2.55556
datamem/ram_reg_232__7_	0	1.56685
datamem/U3859	0	1.22642
datamem/ram_reg_209__13_	0	1.44738
datamem/U3734	0	0.996327
PLACE_optlc_8927	0	1.55556
PLACE_optlc_7202	0	0.54321
PLACE_optlc_6546	0	0.555556
PLACE_optlc_8923	0	1.55556
PLACE_optlc_4245	0	1.55556
PLACE_optlc_6352	0	1.55556
datamem/U985	0	0.812944
datamem/U3976	0	1.18723
datamem/ram_reg_204__14_	0	0.684514
PLACE_optlc_10499	0	0.555556
PLACE_optlc_3759	0	1.50617
PLACE_optlc_11406	0	1.51852
PLACE_optlc_10779	0	0.506173
PLACE_optlc_6030	0	1.55556
PLACE_optlc_8964	0	1.50617
datamem/ram_reg_56__4_	0	1.16649
datamem/U1095	0	0.886346
datamem/U1010	0	1.44632
PLACE_optlc_11066	0	0.469136
PLACE_optlc_11865	0	1.55556
PLACE_optlc_2093	0	0.506173
PLACE_optlc_2724	0	0.518519
PLACE_optlc_6796	0	1.55556
PLACE_optlc_8465	0	0.555556
datamem/U3841	0	0.593194
datamem/U3659	0	0.639533
datamem/ram_reg_60__10_	0	0.952886
datamem/ram_reg_250__7_	0	0.669934
datamem/ram_reg_55__8_	0	1.02684
datamem/ram_reg_54__8_	0	0.587099
datamem/ram_reg_57__1_	0	0.670509
datamem/U3626	0	1.5415
PLACE_optlc_11357	0	1.55556
PLACE_optlc_10495	0	0.555556
PLACE_optlc_3024	0	1.49383
PLACE_optlc_6810	0	1.55556
datamem/ram_reg_211__15_	0	1.00585
datamem/ram_reg_52__11_	0	0.569132
PLACE_optlc_2723	0	1.51852
PLACE_optlc_2030	0	0.518519
datamem/ram_reg_208__15_	0	0.811474
datamem/U4540	0	1.30617
datamem/ram_reg_234__1_	0	0.610648
datamem/U3623	0	1.10193
PLACE_optlc_3330	0	1.50617
PLACE_optlc_2065	0	1.51852
PLACE_optlc_5624	0	0.555556
PLACE_optlc_12491	0	1.49383
PLACE_optlc_3993	0	1.55556
datamem/U2255	0	1.18565
datamem/U3644	0	0.925556
datamem/U3958	0	1.30838
PLACE_optlc_10018	0	0.530864
PLACE_optlc_5532	0	1.50617
PLACE_optlc_8766	0	0.506173
datamem/U3851	0	1.07775
datamem/ram_reg_126__15_	0	0.550432
datamem/ram_reg_116__13_	0	0.639873
PLACE_optlc_11275	0	0.518519
PLACE_optlc_1414	0	0.54321
PLACE_optlc_10471	0	0.469136
PLACE_optlc_632	0	0.518519
PLACE_optlc_6896	0	0.54321
datamem/U1135	0	0.995278
datamem/U3724	0	0.74311
datamem/ram_reg_218__4_	0	0.897512
datamem/ram_reg_62__9_	0	0.601505
datamem/U2147	0	0.671852
datamem/ram_reg_217__13_	0	0.842901
PLACE_optlc_5146	0	1.55556
PLACE_optlc_10908	0	1.55556
PLACE_optlc_10623	0	1.49383
PLACE_optlc_1723	0	0.555556
PLACE_optlc_11075	0	1.50617
datamem/U3705	0	0.597921
datamem/ram_reg_63__6_	0	0.606806
PLACE_optlc_11591	0	0.530864
datamem/U3834	0	1.18108
datamem/ram_reg_216__13_	0	2.02889
PLACE_optlc_10690	0	1.55556
PLACE_optlc_6875	0	0.518519
PLACE_optlc_3338	0	1.55556
datamem/ram_reg_54__15_	0	0.611015
datamem/U1129	0	1.21352
datamem/U3495	0	0.557106
datamem/ram_reg_62__14_	0	0.649491
PLACE_optlc_51	0	0.530864
PLACE_optlc_7091	0	1.55556
PLACE_optlc_12586	0	0.506173
datamem/U3940	0	1.18378
datamem/U3723	0	1.07941
PLACE_optlc_12524	0	0.555556
PLACE_optlc_9845	0	0.481481
PLACE_optlc_2497	0	0.555556
PLACE_optlc_5975	0	0.555556
PLACE_optlc_11470	0	1.53086
PLACE_optlc_5605	0	0.54321
PLACE_optlc_8633	0	1.55556
datamem/U3970	0	0.604853
datamem/ram_reg_57__4_	0	0.591204
datamem/U4204	0	0.947438
PLACE_optlc_7386	0	0.493827
PLACE_optlc_12309	0	1.53086
PLACE_optlc_7174	0	0.518519
PLACE_optlc_6311	0	1.54321
PLACE_optlc_2561	0	0.518519
PLACE_optlc_5173	0	0.518519
PLACE_optlc_2501	0	0.506173
PLACE_optlc_2502	0	0.530864
datamem/U1003	0	1.12402
datamem/ram_reg_52__8_	0	0.716941
datamem/ram_reg_219__15_	0	1.61847
datamem/U3869	0	0.839892
datamem/U1124	0	0.625486
PLACE_optlc_2011	0	0.518519
PLACE_optlc_10180	0	0.555556
PLACE_optlc_8536	0	0.506173
PLACE_optlc_9689	0	0.530864
PLACE_optlc_1335	0	0.555556
PLACE_optlc_2400	0	1.53086
datamem/U3977	0	0.884765
datamem/U2293	0	1.66096
datamem/ram_reg_219__4_	0	1.30421
datamem/ram_reg_62__0_	0	0.877157
datamem/U2111	0	0.944988
datamem/U4237	0	0.554456
datamem/ram_reg_250__1_	0	0.880421
PLACE_optlc_8339	0	1.55556
PLACE_optlc_450	0	0.481481
PLACE_optlc_2806	0	1.55556
PLACE_optlc_11954	0	0.530864
PLACE_optlc_7733	0	0.530864
PLACE_optlc_7987	0	1.55556
PLACE_optlc_6605	0	1.55556
datamem/U4255	0	0.852187
datamem/ram_reg_53__11_	0	0.760606
datamem/ram_reg_211__4_	0	0.646659
datamem/U1130	0	1.62943
datamem/U3946	0	0.941786
PLACE_optlc_5098	0	0.518519
PLACE_optlc_4062	0	1.51852
PLACE_optlc_5412	0	0.493827
PLACE_optlc_1324	0	1.54321
PLACE_optlc_6700	0	0.555556
PLACE_optlc_324	0	1.55556
PLACE_optlc_9186	0	0.555556
datamem/ram_reg_62__8_	0	1.66905
datamem/ram_reg_60__1_	0	0.777099
datamem/ram_reg_58__4_	0	1.02965
datamem/U2273	0	0.923576
datamem/U3960	0	0.933133
datamem/U4201	0	1.73627
datamem/U3922	0	0.586346
datamem/U1032	0	0.695471
PLACE_optlc_9201	0	0.481481
PLACE_optlc_6717	0	1.51852
PLACE_optlc_1638	0	0.530864
PLACE_optlc_223	0	0.444444
PLACE_optlc_6200	0	0.530864
PLACE_optlc_224	0	1.53086
PLACE_optlc_3042	0	1.51852
PLACE_optlc_2683	0	0.493827
PLACE_optlc_5683	0	1.55556
PLACE_optlc_9243	0	1.55556
datamem/ram_reg_198__5_	0	0.715069
datamem/U3780	0	0.870725
datamem/ram_reg_192__2_	0	0.922986
PLACE_optlc_385	0	1.50617
PLACE_optlc_2651	0	0.518519
PLACE_optlc_5462	0	0.54321
PLACE_optlc_226	0	0.530864
PLACE_optlc_11862	0	1.55556
PLACE_optlc_4443	0	0.555556
datamem/U952	0	0.694603
datamem/ram_reg_209__15_	0	0.591644
datamem/U3949	0	1.31007
datamem/ram_reg_62__3_	0	1.06983
datamem/U4543	0	0.88512
datamem/U1145	0	1.17059
PLACE_optlc_10225	0	1.55556
PLACE_optlc_2249	0	0.493827
PLACE_optlc_12495	0	0.530864
PLACE_optlc_3449	0	0.555556
PLACE_optlc_6310	0	0.469136
PLACE_optlc_12340	0	1.55556
PLACE_optlc_6535	0	0.506173
PLACE_optlc_6924	0	0.518519
PLACE_optlc_9209	0	1.55556
datamem/ram_reg_212__7_	0	0.66027
datamem/ram_reg_232__4_	0	1.62811
datamem/ram_reg_233__7_	0	1.32095
PLACE_optlc_12017	0	1.55556
PLACE_optlc_2040	0	1.53086
PLACE_optlc_9500	0	0.54321
PLACE_optlc_3837	0	1.55556
PLACE_optlc_2074	0	0.54321
datamem/U3978	0	1.13733
datamem/ram_reg_106__13_	0	0.698569
datamem/ram_reg_208__1_	0	0.795733
datamem/ram_reg_62__15_	0	1.80139
datamem/ram_reg_250__4_	0	2.27643
datamem/ram_reg_63__9_	0	0.995945
PLACE_optlc_8701	0	0.555556
PLACE_optlc_6349	0	0.518519
PLACE_optlc_530	0	1.55556
PLACE_optlc_81	0	1.50617
PLACE_optlc_12318	0	1.46914
PLACE_optlc_3609	0	1.53086
PLACE_optlc_9904	0	0.481481
PLACE_optlc_12055	0	0.555556
datamem/U1154	0	1.6157
PLACE_optlc_11471	0	1.53086
PLACE_optlc_8605	0	1.55556
PLACE_optlc_3659	0	1.55556
PLACE_optlc_10685	0	0.555556
datamem/ram_reg_219__7_	0	0.554549
datamem/ram_reg_209__7_	0	0.948978
PLACE_optlc_11684	0	0.555556
PLACE_optlc_11173	0	1.55556
PLACE_optlc_3128	0	1.51852
datamem/ram_reg_59__7_	0	1.46191
datamem/U3790	0	0.782712
datamem/ram_reg_124__15_	0	0.868495
datamem/U3766	0	1.48807
datamem/ram_reg_218__15_	0	1.14988
datamem/ram_reg_211__7_	0	0.799387
datamem/ram_reg_218__1_	0	0.929927
datamem/U1017	0	1.32905
datamem/U3967	0	0.575845
PLACE_optlc_9253	0	0.555556
PLACE_optlc_7320	0	0.54321
PLACE_optlc_5378	0	0.54321
PLACE_optlc_10899	0	0.419753
PLACE_optlc_8200	0	1.49383
PLACE_optlc_8826	0	0.530864
PLACE_optlc_1280	0	1.55556
PLACE_optlc_10846	0	1.54321
datamem/U3816	0	0.576512
datamem/ram_reg_233__1_	0	1.96704
datamem/U3823	0	0.554132
datamem/ram_reg_63__15_	0	0.955204
PLACE_optlc_6196	0	0.54321
PLACE_optlc_1407	0	0.555556
PLACE_optlc_12382	0	0.555556
PLACE_optlc_9250	0	0.469136
PLACE_optlc_9481	0	1.55556
PLACE_optlc_7458	0	0.54321
PLACE_optlc_9346	0	1.55556
datamem/ram_reg_216__14_	0	0.950976
datamem/ram_reg_233__4_	0	0.859012
PLACE_optlc_801	0	1.55556
PLACE_optlc_8282	0	0.54321
PLACE_optlc_87	0	1.49383
PLACE_optlc_5448	0	0.555556
PLACE_optlc_3247	0	0.506173
PLACE_optlc_12287	0	1.51852
PLACE_optlc_1429	0	1.55556
PLACE_optlc_2210	0	1.45679
PLACE_optlc_4840	0	1.55556
datamem/U1053	0	1.26584
datamem/U4222	0	0.670073
PLACE_optlc_1668	0	0.54321
PLACE_optlc_356	0	0.555556
PLACE_optlc_6804	0	1.44444
PLACE_optlc_3974	0	1.55556
PLACE_optlc_6090	0	0.518519
PLACE_optlc_4183	0	0.395062
PLACE_optlc_2211	0	0.518519
PLACE_optlc_2614	0	0.530864
datamem/U4565	0	0.813407
datamem/ram_reg_208__14_	0	0.83691
datamem/U1133	0	1.77142
datamem/U1148	0	1.12926
datamem/U949	0	0.74289
PLACE_optlc_3528	0	0.506173
PLACE_optlc_7276	0	0.395062
PLACE_optlc_1482	0	0.555556
PLACE_optlc_1517	0	0.54321
datamem/U1074	0	1.39243
datamem/ram_reg_238__1_	0	0.61515
datamem/U1035	0	0.667404
PLACE_optlc_10469	0	1.54321
PLACE_optlc_5179	0	1.54321
PLACE_optlc_5140	0	1.55556
PLACE_optlc_6660	0	0.54321
PLACE_optlc_7729	0	1.55556
PLACE_optlc_1872	0	0.518519
PLACE_optlc_8045	0	0.358025
PLACE_optlc_7696	0	0.530864
PLACE_optlc_7312	0	0.518519
PLACE_optlc_2126	0	1.55556
PLACE_optlc_10564	0	0.555556
PLACE_optlc_10327	0	0.469136
PLACE_optlc_10838	0	1.55556
PLACE_optlc_1831	0	1.46914
PLACE_optlc_4949	0	0.518519
PLACE_optlc_6371	0	1.55556
datamem/U3924	0	0.665652
datamem/ram_reg_243__13_	0	0.810475
datamem/U1113	0	0.769556
datamem/ram_reg_199__5_	0	0.957184
datamem/ram_reg_218__14_	0	0.727639
PLACE_optlc_10329	0	0.469136
PLACE_optlc_6299	0	0.518519
PLACE_optlc_5645	0	0.555556
PLACE_optlc_5622	0	1.51852
PLACE_optlc_10950	0	0.555556
PLACE_optlc_11391	0	0.54321
PLACE_optlc_2884	0	1.54321
datamem/U1127	0	0.992882
datamem/U970	0	0.935822
datamem/U982	0	1.01788
PLACE_optlc_11890	0	1.55556
PLACE_optlc_1446	0	0.518519
datamem/ram_reg_55__5_	0	0.822269
datamem/ram_reg_210__15_	0	1.30229
datamem/ram_reg_198__2_	0	0.910054
PLACE_optlc_1043	0	1.49383
PLACE_optlc_4217	0	0.518519
PLACE_optlc_10049	0	1.53086
PLACE_optlc_4280	0	0.481481
datamem/U1086	0	0.861462
datamem/U2129	0	0.806686
datamem/ram_reg_61__10_	0	0.710351
datamem/ram_reg_54__5_	0	0.787261
datamem/ram_reg_234__10_	0	0.575035
datamem/ram_reg_52__2_	0	1.25881
PLACE_optlc_8644	0	0.506173
PLACE_optlc_11141	0	1.45679
PLACE_optlc_1112	0	0.530864
PLACE_optlc_10079	0	1.55556
PLACE_optlc_6671	0	1.44444
PLACE_optlc_7390	0	1.55556
PLACE_optlc_7468	0	0.518519
PLACE_optlc_8056	0	1.54321
datamem/ram_reg_235__13_	0	1.0431
datamem/ram_reg_251__7_	0	0.577527
datamem/ram_reg_61__1_	0	0.750613
datamem/ram_reg_210__14_	0	0.694375
datamem/ram_reg_235__10_	0	0.990413
datamem/U3844	0	0.752959
PLACE_optlc_12315	0	1.50617
PLACE_optlc_11082	0	0.555556
datamem/U1227	0	1.02688
datamem/U4225	0	0.795158
PLACE_optlc_4075	0	1.54321
PLACE_optlc_433	0	1.55556
PLACE_optlc_10172	0	0.555556
PLACE_optlc_8815	0	1.55556
PLACE_optlc_4684	0	1.55556
PLACE_optlc_5590	0	1.54321
datamem/U3606	0	1.30048
PLACE_optlc_813	0	0.518519
PLACE_optlc_12749	0	1.55556
PLACE_optlc_4174	0	1.50617
U306	0	1.48101
U307	0	0.57419
datamem/U3826	0	1.34558
U118	0	1.02402
datamem/U4264	0	0.622199
PLACE_optlc_10728	0	0.469136
PLACE_optlc_4663	0	0.518519
PLACE_optlc_10513	0	1.55556
PLACE_optlc_9235	0	1.53086
PLACE_optlc_1048	0	1.55556
PLACE_optlc_3747	0	0.555556
datamem/ram_reg_217__15_	0	0.59985
datamem/ram_reg_117__13_	0	0.858264
datamem/U2275	0	1.36765
datamem/ram_reg_217__14_	0	0.88037
datamem/U3588	0	1.66213
datamem/U1930	0	1.12958
datamem/ram_reg_62__6_	0	0.765907
PLACE_optlc_6241	0	1.55556
PLACE_optlc_1583	0	0.469136
PLACE_optlc_5534	0	1.54321
PLACE_optlc_9463	0	1.55556
PLACE_optlc_5847	0	0.530864
datamem/ram_reg_251__1_	0	1.2044
datamem/U4508	0	0.580903
datamem/U992	0	0.682404
datamem/U4219	0	0.866454
PLACE_optlc_11467	0	1.55556
PLACE_optlc_7149	0	0.518519
PLACE_optlc_6423	0	0.555556
datamem/U1136	0	0.763329
datamem/ram_reg_199__11_	0	0.93191
datamem/U3798	0	1.19486
datamem/ram_reg_248__7_	0	0.647045
PLACE_optlc_1577	0	1.54321
PLACE_optlc_10848	0	1.49383
PLACE_optlc_1284	0	1.51852
datamem/U2183	0	0.549232
datamem/ram_reg_216__15_	0	1.45508
datamem/ram_reg_55__14_	0	0.93255
PLACE_optlc_12247	0	0.555556
PLACE_optlc_4176	0	1.51852
PLACE_optlc_1371	0	1.55556
PLACE_optlc_10672	0	1.55556
PLACE_optlc_1785	0	0.555556
datamem/U3973	0	0.692326
PLACE_optlc_4734	0	1.54321
PLACE_optlc_7840	0	0.530864
PLACE_optlc_11725	0	0.469136
datamem/ram_reg_125__15_	0	0.85799
datamem/U1132	0	0.81228
datamem/ram_reg_56__7_	0	0.640177
datamem/ram_reg_53__5_	0	0.750397
PLACE_optlc_10860	0	0.506173
PLACE_optlc_2171	0	0.54321
PLACE_optlc_5270	0	0.518519
datamem/ram_reg_57__7_	0	0.640764
PLACE_optlc_8615	0	1.50617
PLACE_optlc_2856	0	0.530864
PLACE_optlc_10184	0	0.555556
datamem/ram_reg_53__8_	0	0.651593
datamem/U3772	0	0.803125
datamem/U3959	0	0.628576
datamem/ram_reg_210__7_	0	1.41308
PLACE_optlc_8977	0	0.555556
PLACE_optlc_276	0	0.54321
PLACE_optlc_3847	0	0.54321
PLACE_optlc_8940	0	0.555556
PLACE_optlc_3757	0	1.55556
PLACE_optlc_5139	0	1.55556
PLACE_optlc_11548	0	0.555556
datamem/U4309	0	1.18582
datamem/ram_reg_62__11_	0	1.06548
datamem/U3779	0	1.31497
datamem/ram_reg_125__13_	0	1.83389
datamem/U4282	0	0.855332
datamem/ram_reg_217__10_	0	0.892087
datamem/U1104	0	1.23144
datamem/ram_reg_75__14_	0	1.82274
PLACE_optlc_8959	0	0.555556
PLACE_optlc_9329	0	1.53086
PLACE_optlc_9007	0	1.55556
PLACE_optlc_10746	0	0.555556
PLACE_optlc_7803	0	0.530864
datamem/U3808	0	1.0704
datamem/U3603	0	0.566867
datamem/U3815	0	0.587623
datamem/ram_reg_60__4_	0	1.00444
datamem/U4246	0	0.97142
datamem/U3916	0	0.603391
PLACE_optlc_5924	0	0.506173
PLACE_optlc_11826	0	1.55556
PLACE_optlc_1594	0	1.55556
PLACE_optlc_5323	0	1.55556
PLACE_optlc_5458	0	0.555556
PLACE_optlc_3398	0	0.493827
PLACE_optlc_1451	0	1.51852
PLACE_optlc_2092	0	0.555556
datamem/U1009	0	0.831721
datamem/ram_reg_219__1_	0	0.750787
datamem/ram_reg_219__10_	0	0.982346
datamem/U3784	0	0.608681
datamem/ram_reg_62__13_	0	0.784931
PLACE_optlc_4985	0	0.530864
datamem/U3923	0	0.93934
PLACE_optlc_909	0	0.493827
PLACE_optlc_11016	0	0.469136
PLACE_optlc_4888	0	0.506173
PLACE_optlc_5169	0	0.506173
PLACE_optlc_201	0	0.530864
datamem/ram_reg_120__13_	0	0.962392
datamem/U1056	0	0.679429
datamem/U2219	0	1.38723
PLACE_optlc_6641	0	0.530864
PLACE_optlc_8670	0	0.469136
PLACE_optlc_7056	0	1.50617
PLACE_optlc_4605	0	0.555556
PLACE_optlc_264	0	0.555556
PLACE_optlc_2441	0	0.530864
PLACE_optlc_7305	0	0.45679
PLACE_optlc_316	0	0.530864
PLACE_optlc_4295	0	0.518519
PLACE_optlc_4141	0	1.55556
PLACE_optlc_6363	0	0.54321
datamem/ram_reg_59__4_	0	1.80906
datamem/U4502	0	0.769452
datamem/ram_reg_58__7_	0	0.904904
datamem/U943	0	1.47458
PLACE_optlc_2128	0	0.555556
PLACE_optlc_4924	0	1.55556
PLACE_optlc_2214	0	1.51852
PLACE_optlc_1656	0	1.54321
PLACE_optlc_5148	0	0.469136
datamem/ram_reg_251__10_	0	0.955093
datamem/U4417	0	0.725274
datamem/ram_reg_63__2_	0	1.24578
PLACE_optlc_5542	0	0.518519
PLACE_optlc_3642	0	0.506173
PLACE_optlc_5288	0	0.530864
PLACE_optlc_1233	0	1.55556
PLACE_optlc_11077	0	0.530864
PLACE_optlc_695	0	1.51852
PLACE_optlc_2937	0	0.493827
PLACE_optlc_9263	0	1.55556
PLACE_optlc_4703	0	1.55556
datamem/ram_reg_209__14_	0	0.571489
datamem/U3942	0	0.72735
datamem/ram_reg_236__7_	0	2.25409
datamem/U1000	0	0.660556
datamem/U1121	0	0.62603
datamem/U1151	0	1.72917
datamem/ram_reg_209__1_	0	0.858449
datamem/ram_reg_236__10_	0	1.41719
PLACE_optlc_3353	0	1.50617
PLACE_optlc_11737	0	1.55556
PLACE_optlc_3255	0	1.55556
PLACE_optlc_10748	0	1.53086
PLACE_optlc_9102	0	1.55556
PLACE_optlc_6512	0	0.45679
PLACE_optlc_4227	0	0.555556
PLACE_optlc_4701	0	0.518519
PLACE_optlc_11104	0	1.54321
PLACE_optlc_10504	0	1.55556
datamem/ram_reg_208__7_	0	1.2299
datamem/ram_reg_67__13_	0	0.809568
datamem/U4267	0	0.646647
datamem/ram_reg_248__1_	0	1.23121
datamem/U3549	0	0.959749
PLACE_optlc_11203	0	1.53086
PLACE_optlc_880	0	0.555556
PLACE_optlc_8749	0	1.49383
PLACE_optlc_12235	0	1.46914
PLACE_optlc_12109	0	0.530864
PLACE_optlc_12670	0	2.51852
PLACE_optlc_3882	0	0.45679
datamem/ram_reg_55__13_	0	0.589039
datamem/U4291	0	0.563299
datamem/U3941	0	0.875216
PLACE_optlc_1827	0	0.506173
PLACE_optlc_4557	0	0.54321
PLACE_optlc_3576	0	0.518519
PLACE_optlc_11048	0	0.493827
PLACE_optlc_7435	0	1.46914
PLACE_optlc_701	0	1.55556
PLACE_optlc_5907	0	1.51852
datamem/ram_reg_238__7_	0	1.90545
datamem/ram_reg_216__7_	0	1.56786
datamem/ram_reg_237__1_	0	1.24215
PLACE_optlc_11813	0	0.555556
PLACE_optlc_8248	0	0.419753
PLACE_optlc_8745	0	0.469136
PLACE_optlc_5958	0	0.493827
PLACE_optlc_271	0	1.55556
PLACE_optlc_3158	0	1.49383
PLACE_optlc_11463	0	1.55556
datamem/U3662	0	0.972091
datamem/U4268	0	0.88255
PLACE_optlc_2887	0	1.51852
PLACE_optlc_310	0	1.55556
PLACE_optlc_8153	0	1.44444
PLACE_optlc_1853	0	0.518519
PLACE_optlc_7510	0	0.518519
PLACE_optlc_10477	0	1.55556
datamem/ram_reg_67__14_	0	0.574221
datamem/ram_reg_63__12_	0	2.33687
datamem/U3585	0	1.35273
datamem/ram_reg_121__13_	0	1.64608
PLACE_optlc_11296	0	1.55556
PLACE_optlc_6575	0	0.518519
PLACE_optlc_1890	0	1.55556
PLACE_optlc_11259	0	1.55556
PLACE_optlc_6821	0	0.54321
PLACE_optlc_4632	0	0.530864
PLACE_optlc_1072	0	0.518519
PLACE_optlc_9410	0	2.50617
datamem/U1371	0	1.33388
datamem/U3833	0	0.732928
datamem/ram_reg_199__2_	0	0.657215
datamem/U2257	0	0.621516
PLACE_optlc_12334	0	1.55556
PLACE_optlc_4980	0	1.55556
PLACE_optlc_10230	0	1.50617
PLACE_optlc_7078	0	1.55556
PLACE_optlc_7351	0	1.53086
PLACE_optlc_2341	0	1.55556
PLACE_optlc_2727	0	1.53086
PLACE_optlc_2751	0	0.555556
PLACE_optlc_11043	0	1.55556
datamem/U1141	0	0.853341
datamem/ram_reg_234__14_	0	1.00809
datamem/U4559	0	1.11642
PLACE_optlc_2506	0	0.555556
PLACE_optlc_7764	0	0.518519
PLACE_optlc_390	0	1.55556
PLACE_optlc_12464	0	1.55556
PLACE_optlc_9293	0	1.55556
PLACE_optlc_6939	0	1.54321
datamem/U951	0	0.852851
pc_current_reg_15_	0	0.605123
datamem/U942	0	0.567589
datamem/ram_reg_235__14_	0	0.780856
datamem/ram_reg_196__2_	0	0.591562
PLACE_optlc_3105	0	1.51852
PLACE_optlc_4992	0	1.55556
PLACE_optlc_8846	0	1.53086
PLACE_optlc_11318	0	1.46914
PLACE_optlc_2835	0	0.555556
PLACE_optlc_3340	0	0.555556
PLACE_optlc_1166	0	0.555556
PLACE_optlc_6624	0	1.55556
PLACE_optlc_6164	0	0.518519
datamem/ram_reg_202__7_	0	1.06285
datamem/ram_reg_122__13_	0	0.88419
datamem/U1020	0	1.41978
datamem/ram_reg_234__15_	0	1.12042
PLACE_optlc_1791	0	1.54321
PLACE_optlc_6111	0	0.518519
PLACE_optlc_6453	0	1.55556
datamem/U4505	0	0.820953
datamem/U4568	0	0.908414
datamem/ram_reg_250__14_	0	0.629333
datamem/U4553	0	0.601725
datamem/U979	0	0.792296
PLACE_optlc_6520	0	0.518519
PLACE_optlc_12322	0	0.469136
PLACE_optlc_5130	0	0.518519
PLACE_optlc_2545	0	0.54321
datamem/ram_reg_61__4_	0	0.820841
PLACE_optlc_10757	0	0.481481
PLACE_optlc_3753	0	0.518519
PLACE_optlc_11873	0	1.53086
PLACE_optlc_7564	0	1.55556
PLACE_optlc_10585	0	1.55556
PLACE_optlc_3740	0	0.54321
PLACE_optlc_12140	0	0.45679
datamem/U964	0	0.754039
datamem/U1226	0	1.36085
datamem/U4213	0	0.73571
datamem/ram_reg_232__13_	0	0.760463
datamem/ram_reg_198__11_	0	0.828407
datamem/ram_reg_211__14_	0	1.0468
PLACE_optlc_5328	0	1.53086
PLACE_optlc_10316	0	1.53086
PLACE_optlc_8144	0	0.518519
datamem/U1150	0	2.15566
datamem/ram_reg_52__10_	0	1.47416
datamem/ram_reg_242__13_	0	0.971385
datamem/ram_reg_54__2_	0	0.701331
datamem/U3937	0	1.63617
PLACE_optlc_8578	0	1.55556
PLACE_optlc_2473	0	1.51852
PLACE_optlc_12760	0	0.506173
datamem/U1089	0	0.729491
datamem/ram_reg_52__1_	0	1.71844
datamem/ram_reg_248__4_	0	1.47418
PLACE_optlc_8147	0	0.45679
PLACE_optlc_692	0	1.54321
PLACE_optlc_11717	0	1.54321
PLACE_optlc_12213	0	1.46914
datamem/ram_reg_243__14_	0	0.851682
datamem/U1071	0	0.682122
datamem/U4398	0	1.19889
datamem/U967	0	0.812257
add_64/U108	0	0.703989
datamem/ram_reg_218__10_	0	2.00062
datamem/ram_reg_240__13_	0	0.869911
datamem/U1038	0	0.927488
datamem/ram_reg_74__2_	0	0.588534
PLACE_optlc_7341	0	1.51852
PLACE_optlc_11301	0	0.518519
datamem/U4552	0	0.727473
datamem/ram_reg_55__2_	0	0.945887
datamem/U1008	0	0.866628
datamem/U3612	0	0.98282
PLACE_optlc_12139	0	0.469136
PLACE_optlc_1461	0	1.55556
PLACE_optlc_9086	0	1.46914
PLACE_optlc_4103	0	0.555556
PLACE_optlc_8579	0	0.555556
PLACE_optlc_8145	0	0.555556
PLACE_optlc_344	0	0.530864
datamem/U3964	0	1.08524
datamem/U4360	0	0.602728
datamem/ram_reg_112__13_	0	1.17488
datamem/ram_reg_210__1_	0	0.9989
PLACE_optlc_8875	0	0.555556
PLACE_optlc_505	0	1.49383
PLACE_optlc_3939	0	1.51852
PLACE_optlc_1566	0	0.493827
datamem/ram_reg_235__15_	0	0.575787
datamem/ram_reg_234__13_	0	0.776512
datamem/U4279	0	1.22396
PLACE_optlc_9802	0	0.555556
PLACE_optlc_7846	0	0.518519
PLACE_optlc_12217	0	0.555556
PLACE_optlc_10531	0	1.55556
PLACE_optlc_2446	0	0.518519
datamem/ram_reg_63__13_	0	0.853681
datamem/U4418	0	0.599406
U221	0	1.32955
PLACE_optlc_2665	0	1.55556
PLACE_optlc_9636	0	0.530864
PLACE_optlc_8285	0	0.45679
PLACE_optlc_11461	0	0.518519
PLACE_optlc_7207	0	0.54321
PLACE_optlc_5713	0	1.50617
PLACE_optlc_7783	0	1.44444
PLACE_optlc_2384	0	0.530864
datamem/U4249	0	0.732377
datamem/ram_reg_250__13_	0	1.7913
datamem/ram_reg_63__8_	0	0.963611
PLACE_optlc_8367	0	0.518519
PLACE_optlc_9880	0	1.55556
PLACE_optlc_901	0	0.555556
PLACE_optlc_7501	0	1.55556
datamem/U2039	0	1.28435
PLACE_optlc_12668	0	1.55556
PLACE_optlc_8565	0	0.555556
PLACE_optlc_8327	0	0.530864
PLACE_optlc_10057	0	0.493827
PLACE_optlc_11151	0	1.55556
PLACE_optlc_2719	0	1.40741
PLACE_optlc_12321	0	0.555556
PLACE_optlc_4855	0	1.55556
datamem/ram_reg_216__10_	0	0.610382
datamem/U4315	0	0.643792
datamem/U1931	0	0.634051
datamem/U4530	0	1.17478
PLACE_optlc_12462	0	1.49383
PLACE_optlc_8192	0	1.55556
PLACE_optlc_3404	0	0.54321
PLACE_optlc_5737	0	0.518519
PLACE_optlc_7949	0	1.55556
PLACE_optlc_10750	0	0.555556
PLACE_optlc_3862	0	0.555556
PLACE_optlc_1055	0	0.54321
PLACE_optlc_8851	0	0.506173
datamem/ram_reg_113__13_	0	0.610282
datamem/U3797	0	1.22095
datamem/ram_reg_63__4_	0	0.719483
datamem/ram_reg_62__4_	0	1.0344
PLACE_optlc_7597	0	0.530864
PLACE_optlc_7801	0	1.55556
PLACE_optlc_7171	0	1.55556
PLACE_optlc_10326	0	1.46914
PLACE_optlc_484	0	0.530864
PLACE_optlc_3358	0	0.493827
PLACE_optlc_10290	0	1.54321
datamem/ram_reg_106__15_	0	0.846717
PLACE_optlc_4978	0	1.51852
PLACE_optlc_2626	0	1.55556
PLACE_optlc_6439	0	1.54321
PLACE_optlc_9974	0	1.55556
PLACE_optlc_3442	0	0.506173
PLACE_optlc_1230	0	0.518519
PLACE_optlc_1897	0	0.481481
datamem/U1134	0	0.659109
datamem/ram_reg_66__13_	0	0.934495
datamem/U2201	0	0.969201
PLACE_optlc_649	0	0.54321
PLACE_optlc_8505	0	0.530864
PLACE_optlc_1484	0	0.54321
PLACE_optlc_3140	0	1.55556
PLACE_optlc_2021	0	1.54321
PLACE_optlc_3281	0	0.54321
datamem/ram_reg_63__11_	0	0.577203
PLACE_optlc_5846	0	0.530864
PLACE_optlc_5893	0	0.54321
PLACE_optlc_9727	0	1.53086
PLACE_optlc_10730	0	1.55556
PLACE_optlc_3161	0	0.518519
datamem/ram_reg_75__11_	0	1.49408
datamem/ram_reg_62__1_	0	2.04722
datamem/ram_reg_249__10_	0	2.01274
add_64/U7	0	0.596127
PLACE_optlc_12730	0	1.50617
PLACE_optlc_5229	0	1.55556
PLACE_optlc_5172	0	1.55556
PLACE_optlc_4952	0	0.54321
datamem/U3811	0	0.54561
datamem/ram_reg_208__4_	0	0.774124
datamem/U2220	0	0.660336
datamem/U4250	0	1.42929
PLACE_optlc_5895	0	1.55556
PLACE_optlc_10160	0	0.469136
PLACE_optlc_4662	0	1.54321
PLACE_optlc_12370	0	0.54321
datamem/U3552	0	1.52217
datamem/ram_reg_61__7_	0	0.570899
datamem/U4336	0	0.916227
datamem/U3769	0	1.37808
datamem/U1368	0	1.26956
datamem/U2237	0	1.279
datamem/U1143	0	0.952762
datamem/ram_reg_122__14_	0	0.571196
datamem/U2075	0	0.943009
datamem/U3913	0	0.834128
PLACE_optlc_8900	0	0.555556
PLACE_optlc_7401	0	1.55556
PLACE_optlc_3215	0	0.506173
PLACE_optlc_4396	0	0.518519
PLACE_optlc_6907	0	0.555556
PLACE_optlc_5504	0	0.555556
add_64/U35	0	1.37871
datamem/U3934	0	0.85191
datamem/U4524	0	1.64392
datamem/ram_reg_236__1_	0	0.600671
PLACE_optlc_5936	0	1.55556
PLACE_optlc_4059	0	1.53086
PLACE_optlc_5114	0	0.555556
PLACE_optlc_3422	0	0.54321
PLACE_optlc_4087	0	0.555556
datamem/U3955	0	1.24254
datamem/ram_reg_123__13_	0	0.848696
datamem/ram_reg_74__14_	0	0.586019
datamem/U4251	0	1.42917
datamem/U3787	0	1.95131
PLACE_optlc_4249	0	0.518519
PLACE_optlc_299	0	1.53086
PLACE_optlc_11904	0	1.55556
PLACE_optlc_545	0	1.51852
PLACE_optlc_5111	0	1.49383
PLACE_optlc_1310	0	0.518519
datamem/U1208	0	1.62758
datamem/ram_reg_239__10_	0	1.35396
datamem/U1107	0	1.00378
datamem/U1152	0	1.10329
datamem/U1932	0	1.55127
PLACE_optlc_1917	0	1.55556
PLACE_optlc_3463	0	1.55556
PLACE_optlc_7720	0	0.555556
PLACE_optlc_3594	0	0.518519
PLACE_optlc_5710	0	1.54321
PLACE_optlc_4156	0	0.555556
PLACE_optlc_12104	0	1.55556
PLACE_optlc_1560	0	1.55556
datamem/U4549	0	0.668719
datamem/ram_reg_242__4_	0	0.812407
datamem/ram_reg_250__10_	0	1.3147
datamem/U4380	0	1.09042
datamem/U4269	0	0.74211
datamem/ram_reg_249__4_	0	0.733457
datamem/ram_reg_216__4_	0	0.914614
PLACE_optlc_4799	0	1.45679
PLACE_optlc_7066	0	0.54321
PLACE_optlc_7426	0	0.506173
PLACE_optlc_6283	0	1.55556
PLACE_optlc_2859	0	1.55556
PLACE_optlc_2008	0	0.518519
datamem/ram_reg_217__7_	0	1.30036
datamem/ram_reg_114__13_	0	0.566404
datamem/U4297	0	1.90807
PLACE_optlc_8104	0	1.55556
PLACE_optlc_5629	0	0.555556
PLACE_optlc_9717	0	1.49383
PLACE_optlc_11992	0	1.55556
PLACE_optlc_1304	0	1.50617
PLACE_optlc_1282	0	0.518519
PLACE_optlc_3499	0	1.50617
datamem/ram_reg_123__15_	0	0.66664
datamem/U2203	0	0.521084
PLACE_optlc_10264	0	0.530864
PLACE_optlc_11034	0	1.55556
PLACE_optlc_10364	0	0.518519
PLACE_optlc_10587	0	0.469136
PLACE_optlc_2699	0	1.50617
PLACE_optlc_11914	0	0.506173
PLACE_optlc_9031	0	0.555556
PLACE_optlc_5322	0	0.54321
PLACE_optlc_11375	0	1.54321
PLACE_optlc_8207	0	0.481481
PLACE_optlc_639	0	1.55556
PLACE_optlc_12324	0	1.53086
PLACE_optlc_9161	0	1.55556
PLACE_optlc_644	0	0.506173
PLACE_optlc_7020	0	1.51852
PLACE_optlc_2797	0	0.518519
datamem/U2238	0	1.56208
datamem/U4214	0	0.63505
datamem/ram_reg_250__15_	0	0.655502
PLACE_optlc_6675	0	1.55556
PLACE_optlc_9443	0	0.555556
PLACE_optlc_6225	0	0.555556
PLACE_optlc_8333	0	0.555556
PLACE_optlc_8472	0	0.506173
PLACE_optlc_5473	0	0.506173
PLACE_optlc_1880	0	0.493827
datamem/U3919	0	1.27737
datamem/U1341	0	0.861061
datamem/U3558	0	1.02579
PLACE_optlc_10559	0	1.54321
PLACE_optlc_6014	0	1.55556
PLACE_optlc_10215	0	1.55556
PLACE_optlc_12291	0	1.55556
PLACE_optlc_4559	0	1.51852
PLACE_optlc_12331	0	0.555556
datamem/ram_reg_209__4_	0	1.61198
datamem/ram_reg_233__13_	0	0.71407
datamem/ram_reg_211__1_	0	2.05357
datamem/ram_reg_106__11_	0	1.08182
datamem/ram_reg_53__10_	0	0.972284
datamem/ram_reg_237__7_	0	0.783171
datamem/ram_reg_232__14_	0	1.00899
PLACE_optlc_763	0	1.55556
PLACE_optlc_2339	0	1.53086
PLACE_optlc_10622	0	0.54321
PLACE_optlc_11446	0	0.469136
PLACE_optlc_6630	0	0.518519
PLACE_optlc_9889	0	0.45679
PLACE_optlc_647	0	0.518519
PLACE_optlc_2435	0	1.51852
PLACE_optlc_12638	0	1.49383
PLACE_optlc_6681	0	1.55556
datamem/U1092	0	1.6093
pc_current_reg_14_	0	0.792735
datamem/U3567	0	0.595953
datamem/U3594	0	0.96799
datamem/ram_reg_196__5_	0	0.782315
datamem/U1125	0	1.32824
datamem/ram_reg_54__4_	0	0.811481
datamem/U1147	0	0.888534
datamem/ram_reg_240__14_	0	0.742257
datamem/ram_reg_251__14_	0	0.884398
datamem/ram_reg_52__4_	0	0.631408
datamem/ram_reg_249__7_	0	0.949259
datamem/U997	0	1.43203
PLACE_optlc_2989	0	0.518519
PLACE_optlc_3396	0	0.54321
PLACE_optlc_12268	0	1.49383
PLACE_optlc_3108	0	1.55556
PLACE_optlc_2362	0	0.45679
PLACE_optlc_2461	0	1.49383
PLACE_optlc_11971	0	1.49383
PLACE_optlc_4459	0	1.55556
datamem/U3802	0	1.30423
datamem/U961	0	1.17696
U0_Mux2x1/U2	0	0.55414
PLACE_optlc_4784	0	0.530864
PLACE_optlc_8194	0	0.54321
PLACE_optlc_4865	0	0.506173
PLACE_optlc_5142	0	0.54321
PLACE_optlc_11039	0	0.481481
PLACE_optlc_6364	0	1.55556
datamem/U4379	0	0.91782
datamem/U4232	0	0.535536
datamem/ram_reg_66__14_	0	0.952477
add_64/U34	0	1.93457
datamem/U4399	0	0.661767
PLACE_optlc_296	0	0.555556
PLACE_optlc_6499	0	1.54321
PLACE_optlc_4832	0	1.55556
PLACE_optlc_765	0	0.518519
PLACE_optlc_9083	0	0.506173
PLACE_optlc_5538	0	1.55556
PLACE_optlc_12459	0	0.555556
PLACE_optlc_6667	0	0.481481
datamem/ram_reg_197__2_	0	1.09226
datamem/ram_reg_233__10_	0	1.01579
datamem/ram_reg_241__14_	0	1.52403
datamem/ram_reg_123__14_	0	1.39243
PLACE_optlc_8122	0	1.55556
PLACE_optlc_3527	0	1.53086
PLACE_optlc_6839	0	0.469136
PLACE_optlc_4984	0	0.555556
PLACE_optlc_1497	0	0.530864
PLACE_optlc_8515	0	1.55556
datamem/U1353	0	1.72178
datamem/ram_reg_53__1_	0	1.53715
U0_Mux2x1/U1	0	0.517496
PLACE_optlc_11609	0	0.555556
PLACE_optlc_8170	0	0.518519
PLACE_optlc_6332	0	0.481481
PLACE_optlc_4179	0	0.506173
PLACE_optlc_7201	0	0.555556
PLACE_optlc_9232	0	1.55556
PLACE_optlc_10859	0	1.53086
datamem/U1110	0	0.814846
datamem/ram_reg_241__13_	0	0.921312
datamem/U4273	0	0.909622
datamem/ram_reg_232__10_	0	0.616597
datamem/ram_reg_196__11_	0	1.4872
datamem/ram_reg_119__14_	0	0.994271
PLACE_optlc_11333	0	0.555556
PLACE_optlc_5865	0	0.493827
PLACE_optlc_3634	0	0.555556
PLACE_optlc_4092	0	1.55556
datamem/U1352	0	1.75879
U223	0	0.70586
U333	0	0.953098
datamem/U3609	0	1.80024
PLACE_optlc_11091	0	1.53086
PLACE_optlc_12383	0	0.555556
PLACE_optlc_3053	0	0.518519
PLACE_optlc_9143	0	0.555556
PLACE_optlc_11288	0	1.55556
datamem/U4210	0	0.945841
PLACE_optlc_12665	0	1.55556
PLACE_optlc_5091	0	0.555556
PLACE_optlc_10592	0	1.55556
PLACE_optlc_8575	0	1.55556
PLACE_optlc_9217	0	1.53086
PLACE_optlc_4986	0	0.518519
PLACE_optlc_5478	0	1.51852
PLACE_optlc_11950	0	1.55556
datamem/ram_reg_198__8_	0	0.87012
datamem/U4514	0	0.73738
datamem/ram_reg_242__14_	0	1.31744
PLACE_optlc_10961	0	1.55556
PLACE_optlc_3152	0	0.506173
PLACE_optlc_2874	0	1.51852
PLACE_optlc_5703	0	0.54321
datamem/U1122	0	0.835274
U101	0	0.853727
PLACE_optlc_10535	0	0.493827
PLACE_optlc_12038	0	0.555556
datamem/U2057	0	0.791015
datamem/U4571	0	1.02882
PLACE_optlc_7925	0	0.518519
PLACE_optlc_3682	0	0.54321
PLACE_optlc_12207	0	1.55556
PLACE_optlc_5557	0	0.54321
PLACE_optlc_7663	0	0.54321
PLACE_optlc_2709	0	1.55556
PLACE_optlc_3963	0	1.55556
PLACE_optlc_1459	0	0.555556
PLACE_optlc_611	0	1.55556
datamem/ram_reg_106__14_	0	0.791165
datamem/U4586	0	0.631736
datamem/ram_reg_199__8_	0	1.31707
PLACE_optlc_9581	0	1.50617
PLACE_optlc_3805	0	1.55556
PLACE_optlc_7738	0	0.555556
PLACE_optlc_8416	0	1.55556
PLACE_optlc_3080	0	0.469136
datamem/ram_reg_248__13_	0	0.933542
datamem/U4215	0	0.708816
datamem/U4228	0	1.22076
datamem/ram_reg_233__14_	0	1.23842
PLACE_optlc_9718	0	0.493827
PLACE_optlc_7994	0	0.555556
PLACE_optlc_4417	0	0.54321
PLACE_optlc_8639	0	0.555556
PLACE_optlc_9365	0	1.49383
PLACE_optlc_6177	0	0.518519
PLACE_optlc_225	0	0.54321
datamem/ram_reg_75__2_	0	0.611586
datamem/ram_reg_252__7_	0	1.35298
datamem/U2239	0	1.1596
datamem/U1362	0	1.20005
datamem/ram_reg_53__2_	0	0.840513
datamem/ram_reg_210__10_	0	1.4823
datamem/ram_reg_54__13_	0	2.06235
datamem/ram_reg_121__15_	0	0.735432
PLACE_optlc_6510	0	0.493827
PLACE_optlc_12048	0	0.555556
PLACE_optlc_1234	0	0.518519
datamem/U981	0	0.550841
datamem/U4554	0	1.5757
datamem/ram_reg_251__13_	0	2.50062
datamem/ram_reg_248__10_	0	0.829873
PLACE_optlc_1929	0	0.518519
datamem/ram_reg_60__7_	0	0.678399
datamem/ram_reg_74__11_	0	0.66397
datamem/ram_reg_53__7_	0	2.38526
PLACE_optlc_10850	0	0.555556
PLACE_optlc_2569	0	0.530864
PLACE_optlc_10309	0	0.481481
PLACE_optlc_4412	0	1.55556
datamem/U1928	0	1.00797
datamem/ram_reg_208__10_	0	0.828229
datamem/U969	0	0.672693
PLACE_optlc_876	0	0.530864
PLACE_optlc_10537	0	0.506173
PLACE_optlc_11906	0	1.51852
datamem/ram_reg_232__15_	0	1.24473
datamem/U4527	0	1.03077
datamem/U4318	0	1.20165
PLACE_optlc_3200	0	0.555556
PLACE_optlc_4801	0	1.55556
PLACE_optlc_11106	0	0.506173
datamem/U4231	0	1.56303
datamem/ram_reg_62__10_	0	0.921628
datamem/ram_reg_239__7_	0	0.696273
datamem/U3931	0	1.02308
PLACE_optlc_4693	0	0.555556
PLACE_optlc_5978	0	1.55556
PLACE_optlc_4588	0	0.45679
PLACE_optlc_12447	0	0.493827
PLACE_optlc_8471	0	1.55556
PLACE_optlc_5755	0	0.530864
PLACE_optlc_8552	0	1.46914
datamem/U2166	0	1.77579
datamem/ram_reg_63__5_	0	1.03188
datamem/U945	0	0.686535
datamem/U4389	0	0.923071
datamem/U3591	0	0.735046
PLACE_optlc_7521	0	0.518519
PLACE_optlc_110	0	0.555556
PLACE_optlc_11756	0	1.55556
datamem/ram_reg_217__4_	0	1.76034
datamem/U1209	0	0.765725
datamem/U3820	0	0.885633
datamem/ram_reg_216__1_	0	0.616265
PLACE_optlc_10016	0	1.53086
PLACE_optlc_7945	0	0.506173
PLACE_optlc_11624	0	0.54321
PLACE_optlc_6797	0	0.555556
PLACE_optlc_1409	0	0.555556
PLACE_optlc_2763	0	1.55556
PLACE_optlc_3620	0	0.493827
PLACE_optlc_7122	0	0.518519
datamem/U4361	0	0.954796
datamem/ram_reg_120__15_	0	0.884865
PLACE_optlc_3719	0	1.55556
PLACE_optlc_2659	0	1.51852
PLACE_optlc_3789	0	1.49383
datamem/ram_reg_237__10_	0	0.789703
datamem/ram_reg_70__14_	0	0.90093
datamem/ram_reg_52__7_	0	0.875648
datamem/ram_reg_63__1_	0	1.90263
datamem/U1131	0	1.32009
datamem/U4583	0	1.02566
PLACE_optlc_10466	0	0.555556
PLACE_optlc_2123	0	1.49383
PLACE_optlc_4510	0	0.518519
PLACE_optlc_3268	0	0.518519
PLACE_optlc_4406	0	0.555556
datamem/ram_reg_75__5_	0	1.26163
datamem/ram_reg_228__7_	0	2.28611
datamem/ram_reg_66__15_	0	1.07835
datamem/U3928	0	0.670251
datamem/ram_reg_222__1_	0	0.963125
PLACE_optlc_1490	0	1.50617
PLACE_optlc_10468	0	0.555556
PLACE_optlc_12568	0	1.53086
PLACE_optlc_2701	0	1.55556
PLACE_optlc_12468	0	1.50617
PLACE_optlc_4892	0	1.55556
datamem/ram_reg_240__1_	0	0.791269
PLACE_optlc_6316	0	1.55556
PLACE_optlc_12057	0	0.506173
PLACE_optlc_6655	0	0.530864
PLACE_optlc_7482	0	0.481481
PLACE_optlc_10694	0	1.53086
PLACE_optlc_9532	0	0.555556
PLACE_optlc_1607	0	0.518519
PLACE_optlc_1312	0	0.530864
U305	0	0.756466
datamem/U990	0	0.630671
datamem/ram_reg_106__2_	0	0.824637
datamem/U4572	0	0.762315
PLACE_optlc_3017	0	0.481481
PLACE_optlc_9690	0	0.555556
PLACE_optlc_9968	0	1.55556
PLACE_optlc_3716	0	0.530864
PLACE_optlc_2005	0	1.55556
datamem/ram_reg_122__15_	0	0.63091
datamem/ram_reg_197__5_	0	0.897427
datamem/ram_reg_217__1_	0	1.11301
datamem/ram_reg_252__4_	0	1.65397
datamem/U4135	0	1.8206
datamem/U1144	0	0.64358
PLACE_optlc_7211	0	0.530864
PLACE_optlc_10014	0	0.506173
PLACE_optlc_10786	0	0.518519
PLACE_optlc_11989	0	0.506173
PLACE_optlc_986	0	0.54321
pc_current_reg_13_	0	0.873696
datamem/ram_reg_248__14_	0	1.03429
PLACE_optlc_3297	0	1.51852
PLACE_optlc_10421	0	1.50617
PLACE_optlc_6059	0	1.55556
PLACE_optlc_3897	0	0.493827
PLACE_optlc_984	0	0.555556
datamem/U1281	0	1.36332
datamem/U1210	0	1.03527
datamem/ram_reg_200__5_	0	0.603584
PLACE_optlc_3708	0	1.55556
PLACE_optlc_5842	0	0.530864
PLACE_optlc_3602	0	1.55556
PLACE_optlc_3537	0	1.55556
PLACE_optlc_10992	0	0.506173
PLACE_optlc_8850	0	0.469136
PLACE_optlc_1368	0	1.55556
PLACE_optlc_3012	0	0.518519
datamem/U3775	0	1.24569
datamem/U1140	0	1.31829
datamem/U960	0	1.21944
datamem/ram_reg_241__1_	0	1.07798
datamem/U1350	0	0.741119
PLACE_optlc_1291	0	1.55556
PLACE_optlc_3141	0	1.55556
PLACE_optlc_10763	0	0.469136
PLACE_optlc_1260	0	0.555556
PLACE_optlc_7874	0	0.54321
datamem/ram_reg_74__13_	0	0.585448
datamem/U2095	0	1.35682
datamem/U4511	0	1.48958
datamem/ram_reg_251__15_	0	1.20313
datamem/U4381	0	0.884379
datamem/ram_reg_75__8_	0	0.803422
datamem/ram_reg_227__15_	0	0.911042
datamem/U966	0	1.15052
PLACE_optlc_2468	0	0.493827
PLACE_optlc_6982	0	0.555556
PLACE_optlc_2555	0	1.55556
PLACE_optlc_2474	0	0.506173
PLACE_optlc_8100	0	0.395062
PLACE_optlc_7172	0	1.54321
PLACE_optlc_6732	0	0.530864
PLACE_optlc_6099	0	1.55556
datamem/ram_reg_242__15_	0	0.943283
PLACE_optlc_12531	0	0.555556
PLACE_optlc_7014	0	1.55556
PLACE_optlc_4143	0	1.50617
PLACE_optlc_7296	0	1.51852
datamem/U3576	0	0.962434
datamem/ram_reg_238__10_	0	1.30056
PLACE_optlc_4611	0	0.469136
PLACE_optlc_12492	0	0.555556
PLACE_optlc_8838	0	1.55556
PLACE_optlc_2851	0	1.50617
PLACE_optlc_4707	0	1.55556
PLACE_optlc_6890	0	1.55556
PLACE_optlc_12081	0	1.55556
PLACE_optlc_341	0	1.44444
PLACE_optlc_4288	0	0.518519
datamem/ram_reg_121__14_	0	0.629159
U308	0	0.631516
datamem/U2202	0	1.63309
datamem/ram_reg_240__15_	0	0.869097
datamem/ram_reg_243__15_	0	0.801408
PLACE_optlc_11798	0	0.469136
PLACE_optlc_11342	0	1.55556
PLACE_optlc_150	0	1.51852
PLACE_optlc_2949	0	1.55556
datamem/ram_reg_241__15_	0	0.862596
datamem/ram_reg_53__4_	0	0.632986
datamem/ram_reg_249__13_	0	0.999236
datamem/U4573	0	0.963943
datamem/ram_reg_54__1_	0	0.845926
PLACE_optlc_9593	0	0.555556
PLACE_optlc_12451	0	0.555556
PLACE_optlc_10216	0	1.55556
PLACE_optlc_5670	0	0.518519
PLACE_optlc_12702	0	1.50617
PLACE_optlc_4968	0	0.54321
PLACE_optlc_8812	0	1.49383
datamem/U2093	0	1.18029
datamem/ram_reg_242__10_	0	0.967874
datamem/U1359	0	1.41987
datamem/U1919	0	1.06921
datamem/U2185	0	1.02897
PLACE_optlc_10967	0	1.55556
PLACE_optlc_8882	0	0.407407
PLACE_optlc_3654	0	1.53086
PLACE_optlc_5601	0	1.55556
PLACE_optlc_12211	0	0.469136
datamem/ram_reg_249__1_	0	0.794946
datamem/U991	0	1.68811
datamem/U4515	0	0.972662
datamem/U4300	0	0.597878
datamem/U4533	0	0.661134
datamem/U4367	0	0.796651
datamem/U963	0	0.968364
U1_Mux2x1/U2	0	1.54732
datamem/ram_reg_197__11_	0	1.04518
datamem/U4521	0	0.764992
PLACE_optlc_3104	0	0.481481
PLACE_optlc_154	0	1.50617
PLACE_optlc_2031	0	1.55556
PLACE_optlc_3068	0	1.55556
PLACE_optlc_8135	0	0.530864
PLACE_optlc_5751	0	0.555556
datamem/ram_reg_54__14_	0	1.02715
datamem/ram_reg_238__15_	0	1.15481
U120	0	0.620212
datamem/U3910	0	1.10343
PLACE_optlc_7687	0	0.555556
PLACE_optlc_2690	0	1.55556
PLACE_optlc_6069	0	1.50617
PLACE_optlc_1367	0	1.55556
PLACE_optlc_8531	0	0.469136
PLACE_optlc_4546	0	0.530864
datamem/U4106	0	1.29193
datamem/U1365	0	0.790949
datamem/ram_reg_118__14_	0	0.733553
add_64/U83	0	0.747882
datamem/U3555	0	0.969248
datamem/U4400	0	1.18114
datamem/U1946	0	1.33201
PLACE_optlc_5060	0	0.506173
PLACE_optlc_4616	0	0.469136
PLACE_optlc_2643	0	0.493827
PLACE_optlc_629	0	0.506173
PLACE_optlc_3729	0	0.518519
PLACE_optlc_5351	0	0.54321
datamem/U3624	0	0.989055
datamem/ram_reg_233__15_	0	0.75152
datamem/U4124	0	0.649518
datamem/U4333	0	0.626088
datamem/ram_reg_64__14_	0	1.04965
PLACE_optlc_10996	0	0.555556
PLACE_optlc_1201	0	1.55556
PLACE_optlc_4202	0	1.55556
PLACE_optlc_4398	0	1.55556
PLACE_optlc_4407	0	0.555556
PLACE_optlc_5200	0	1.49383
datamem/ram_reg_107__11_	0	1.05523
datamem/ram_reg_252__1_	0	0.78304
datamem/ram_reg_115__15_	0	0.677824
datamem/U4516	0	1.23483
PLACE_optlc_304	0	1.55556
PLACE_optlc_283	0	1.55556
PLACE_optlc_12690	0	1.46914
PLACE_optlc_3224	0	1.49383
datamem/ram_reg_115__13_	0	1.04313
datamem/ram_reg_196__8_	0	2.47645
datamem/ram_reg_227__14_	0	0.638588
datamem/ram_reg_67__15_	0	0.658326
datamem/U3570	0	1.19748
PLACE_optlc_11833	0	1.55556
PLACE_optlc_11297	0	1.55556
PLACE_optlc_6656	0	0.518519
PLACE_optlc_4788	0	1.49383
PLACE_optlc_11544	0	1.55556
PLACE_optlc_11176	0	0.469136
PLACE_optlc_11139	0	1.49383
PLACE_optlc_9460	0	1.54321
datamem/U4362	0	1.16068
datamem/U948	0	0.744606
PLACE_optlc_11690	0	0.530864
PLACE_optlc_9827	0	0.555556
PLACE_optlc_10060	0	1.53086
PLACE_optlc_10632	0	1.55556
PLACE_optlc_12442	0	0.555556
PLACE_optlc_1357	0	1.55556
PLACE_optlc_4287	0	1.44444
PLACE_optlc_4276	0	0.555556
datamem/U4348	0	0.613391
datamem/U4125	0	1.10515
datamem/U1146	0	0.600417
datamem/U4419	0	1.19224
datamem/U4534	0	0.799892
PLACE_optlc_11912	0	1.53086
PLACE_optlc_4201	0	0.555556
PLACE_optlc_4642	0	0.555556
datamem/U946	0	0.809444
datamem/U4395	0	0.547184
datamem/ram_reg_63__10_	0	1.21343
PLACE_optlc_10272	0	1.53086
PLACE_optlc_8992	0	1.55556
PLACE_optlc_2994	0	0.518519
PLACE_optlc_4813	0	0.555556
PLACE_optlc_8032	0	1.53086
PLACE_optlc_633	0	1.55556
PLACE_optlc_8794	0	1.48148
PLACE_optlc_12205	0	0.555556
PLACE_optlc_9818	0	1.49383
datamem/U978	0	0.624784
datamem/U1002	0	0.884946
PLACE_optlc_2790	0	0.518519
PLACE_optlc_2623	0	0.45679
PLACE_optlc_2881	0	0.518519
PLACE_optlc_4387	0	1.55556
PLACE_optlc_11099	0	1.48148
PLACE_optlc_10563	0	0.555556
PLACE_optlc_10643	0	0.530864
PLACE_optlc_4720	0	1.55556
datamem/U4580	0	0.692569
datamem/ram_reg_62__5_	0	0.870347
datamem/ram_reg_249__14_	0	1.02404
PLACE_optlc_4019	0	0.518519
PLACE_optlc_5767	0	1.55556
PLACE_optlc_1141	0	0.54321
PLACE_optlc_2684	0	0.555556
PLACE_optlc_4210	0	0.54321
PLACE_optlc_12581	0	0.469136
PLACE_optlc_6123	0	0.518519
PLACE_optlc_6971	0	0.555556
PLACE_optlc_6179	0	1.55556
datamem/U1173	0	1.81708
datamem/ram_reg_228__1_	0	0.99419
datamem/U999	0	0.569579
datamem/ram_reg_223__4_	0	0.987936
datamem/U2148	0	1.14917
datamem/U4018	0	1.33947
datamem/ram_reg_240__10_	0	0.659437
datamem/ram_reg_63__7_	0	1.21773
datamem/ram_reg_115__14_	0	0.641833
PLACE_optlc_6323	0	0.54321
PLACE_optlc_5600	0	1.55556
PLACE_optlc_5244	0	0.555556
PLACE_optlc_2115	0	1.53086
PLACE_optlc_7907	0	1.55556
PLACE_optlc_1354	0	0.530864
PLACE_optlc_9371	0	1.55556
PLACE_optlc_2967	0	0.555556
PLACE_optlc_3374	0	0.506173
PLACE_optlc_654	0	1.53086
PLACE_optlc_6755	0	1.55556
datamem/ram_reg_120__14_	0	1.01803
datamem/U1948	0	0.594259
datamem/ram_reg_55__7_	0	1.46723
PLACE_optlc_5604	0	0.555556
PLACE_optlc_5706	0	0.518519
PLACE_optlc_2712	0	1.51852
PLACE_optlc_10384	0	1.54321
PLACE_optlc_12766	0	1.55556
PLACE_optlc_4802	0	1.55556
datamem/ram_reg_54__7_	0	0.875559
datamem/ram_reg_106__8_	0	0.820293
PLACE_optlc_11710	0	0.469136
PLACE_optlc_8027	0	1.55556
PLACE_optlc_12256	0	1.55556
PLACE_optlc_2821	0	0.518519
PLACE_optlc_11042	0	0.506173
PLACE_optlc_8381	0	0.518519
PLACE_optlc_11565	0	1.55556
PLACE_optlc_9797	0	1.55556
PLACE_optlc_11970	0	0.555556
PLACE_optlc_2877	0	0.518519
PLACE_optlc_2808	0	0.54321
PLACE_optlc_2875	0	0.54321
datamem/U4357	0	1.07499
datamem/ram_reg_55__4_	0	1.734
PLACE_optlc_2726	0	1.53086
PLACE_optlc_5533	0	1.51852
PLACE_optlc_8929	0	1.55556
PLACE_optlc_3968	0	0.518519
PLACE_optlc_6753	0	1.55556
PLACE_optlc_6445	0	0.54321
datamem/ram_reg_55__10_	0	1.64329
datamem/ram_reg_52__5_	0	0.916929
datamem/ram_reg_252__10_	0	0.844163
datamem/U4323	0	0.792022
PLACE_optlc_9004	0	1.55556
PLACE_optlc_6102	0	0.506173
PLACE_optlc_7422	0	0.518519
PLACE_optlc_8916	0	0.530864
PLACE_optlc_11433	0	1.55556
datamem/ram_reg_245__7_	0	0.646142
datamem/ram_reg_240__7_	0	0.521782
PLACE_optlc_8401	0	0.530864
PLACE_optlc_2962	0	1.51852
PLACE_optlc_4442	0	1.51852
datamem/U1128	0	0.616917
datamem/ram_reg_248__15_	0	0.675721
datamem/U1228	0	1.76462
datamem/U1949	0	1.00658
PLACE_optlc_12535	0	0.506173
PLACE_optlc_198	0	0.555556
PLACE_optlc_6705	0	1.54321
PLACE_optlc_9519	0	1.55556
PLACE_optlc_12745	0	0.555556
PLACE_optlc_9576	0	0.555556
PLACE_optlc_3680	0	1.55556
datamem/ram_reg_229__1_	0	0.843839
datamem/U4450	0	1.12183
datamem/U4373	0	0.854938
datamem/ram_reg_107__14_	0	0.605274
datamem/U4039	0	0.601508
PLACE_optlc_3967	0	0.555556
PLACE_optlc_3542	0	0.518519
PLACE_optlc_402	0	1.53086
PLACE_optlc_2560	0	0.555556
PLACE_optlc_7582	0	0.506173
PLACE_optlc_9132	0	0.506173
datamem/U4535	0	0.88716
datamem/ram_reg_241__7_	0	0.943573
PLACE_optlc_5429	0	0.518519
PLACE_optlc_4561	0	0.518519
PLACE_optlc_106	0	0.518519
PLACE_optlc_7400	0	1.55556
PLACE_optlc_2965	0	0.555556
PLACE_optlc_707	0	0.493827
datamem/U4129	0	0.616786
datamem/ram_reg_107__13_	0	2.26008
datamem/ram_reg_209__10_	0	1.26728
datamem/U4233	0	1.17972
add_64/U8	0	0.570694
datamem/ram_reg_62__7_	0	1.7561
datamem/U1126	0	1.87368
datamem/U2221	0	0.623916
PLACE_optlc_11626	0	1.50617
PLACE_optlc_4760	0	0.555556
PLACE_optlc_3030	0	1.49383
PLACE_optlc_4814	0	0.518519
PLACE_optlc_5255	0	0.444444
PLACE_optlc_2831	0	0.518519
datamem/U3985	0	0.516373
datamem/ram_reg_204__5_	0	1.03169
datamem/ram_reg_200__2_	0	0.768858
datamem/U1344	0	0.675289
PLACE_optlc_6707	0	1.55556
PLACE_optlc_2378	0	0.54321
PLACE_optlc_4231	0	0.518519
PLACE_optlc_971	0	1.54321
PLACE_optlc_6711	0	0.54321
datamem/ram_reg_249__15_	0	1.02164
datamem/ram_reg_211__10_	0	0.854008
datamem/ram_reg_119__15_	0	0.555255
datamem/ram_reg_226__14_	0	0.827234
PLACE_optlc_2256	0	1.55556
PLACE_optlc_825	0	1.55556
PLACE_optlc_4998	0	1.45679
PLACE_optlc_12389	0	1.55556
PLACE_optlc_10204	0	1.55556
datamem/ram_reg_236__15_	0	0.791273
datamem/ram_reg_224__14_	0	0.589633
datamem/ram_reg_90__13_	0	0.858183
datamem/U4147	0	0.896512
datamem/ram_reg_224__15_	0	0.595536
datamem/ram_reg_55__1_	0	1.23025
PLACE_optlc_6440	0	0.506173
PLACE_optlc_5519	0	1.50617
PLACE_optlc_9811	0	0.555556
datamem/ram_reg_201__5_	0	2.03106
datamem/ram_reg_237__4_	0	0.7626
datamem/ram_reg_67__8_	0	0.680274
datamem/ram_reg_65__14_	0	0.646964
datamem/ram_reg_68__14_	0	1.25512
datamem/ram_reg_66__8_	0	1.23357
PLACE_optlc_10607	0	1.55556
PLACE_optlc_12035	0	1.46914
PLACE_optlc_9115	0	1.55556
PLACE_optlc_9223	0	1.55556
PLACE_optlc_9180	0	0.555556
datamem/U1191	0	1.18909
datamem/U3642	0	1.93035
datamem/ram_reg_226__15_	0	1.98428
datamem/ram_reg_107__2_	0	0.646894
datamem/U4321	0	0.933881
datamem/ram_reg_243__7_	0	0.861617
datamem/U1149	0	1.8136
PLACE_optlc_6081	0	0.518519
PLACE_optlc_1017	0	0.555556
PLACE_optlc_9212	0	0.45679
PLACE_optlc_648	0	0.555556
U326	0	1.26699
datamem/U3829	0	0.675629
datamem/ram_reg_239__1_	0	0.68142
datamem/ram_reg_253__10_	0	0.681447
PLACE_optlc_9285	0	0.481481
PLACE_optlc_11689	0	0.555556
PLACE_optlc_1511	0	1.55556
PLACE_optlc_9255	0	1.55556
PLACE_optlc_10869	0	0.506173
datamem/ram_reg_74__5_	0	0.698819
datamem/U2149	0	1.75447
datamem/U4411	0	0.806728
PLACE_optlc_7921	0	0.54321
PLACE_optlc_8113	0	1.55556
PLACE_optlc_1426	0	1.55556
PLACE_optlc_5860	0	0.530864
PLACE_optlc_5039	0	1.55556
PLACE_optlc_3853	0	0.518519
datamem/U4341	0	0.74939
U262	0	1.53125
datamem/U1925	0	1.15187
PLACE_optlc_5238	0	0.555556
PLACE_optlc_9074	0	1.55556
PLACE_optlc_2865	0	0.493827
U319	0	0.892921
datamem/ram_reg_238__13_	0	1.13863
datamem/U3627	0	1.02854
datamem/U2077	0	0.69216
datamem/U1370	0	0.639823
datamem/U984	0	0.942076
datamem/U4107	0	1.48797
PLACE_optlc_4859	0	1.55556
PLACE_optlc_392	0	1.54321
PLACE_optlc_1809	0	0.493827
PLACE_optlc_8617	0	0.555556
datamem/ram_reg_220__4_	0	1.18384
datamem/ram_reg_239__15_	0	1.2649
PLACE_optlc_7891	0	0.518519
PLACE_optlc_3415	0	0.555556
PLACE_optlc_7639	0	1.55556
PLACE_optlc_4300	0	0.518519
PLACE_optlc_10069	0	1.55556
datamem/ram_reg_75__13_	0	1.06808
datamem/ram_reg_200__8_	0	0.992234
datamem/U3696	0	1.34748
datamem/U2184	0	0.653943
datamem/ram_reg_253__7_	0	0.607751
PLACE_optlc_9050	0	0.555556
PLACE_optlc_1121	0	0.506173
PLACE_optlc_991	0	1.49383
PLACE_optlc_4114	0	0.555556
PLACE_optlc_11090	0	1.55556
PLACE_optlc_10148	0	0.469136
PLACE_optlc_6815	0	1.51852
PLACE_optlc_7130	0	1.53086
datamem/ram_reg_239__4_	0	0.730166
PLACE_optlc_457	0	1.55556
PLACE_optlc_6993	0	0.518519
PLACE_optlc_8793	0	0.518519
PLACE_optlc_12767	0	0.518519
PLACE_optlc_12585	0	0.530864
datamem/U2094	0	0.924726
PLACE_optlc_11788	0	0.493827
PLACE_optlc_210	0	0.54321
PLACE_optlc_5118	0	0.518519
PLACE_optlc_9730	0	1.55556
PLACE_optlc_2483	0	1.54321
datamem/ram_reg_114__14_	0	0.769117
datamem/U4327	0	1.18934
datamem/U3621	0	0.963904
datamem/U4589	0	1.12454
PLACE_optlc_4317	0	0.555556
PLACE_optlc_9801	0	1.54321
PLACE_optlc_10560	0	1.55556
datamem/U4294	0	0.866798
datamem/ram_reg_197__8_	0	0.769209
datamem/U1005	0	0.571493
datamem/ram_reg_238__14_	0	0.605517
PLACE_optlc_3816	0	1.54321
PLACE_optlc_9220	0	1.55556
PLACE_optlc_4093	0	1.55556
PLACE_optlc_11228	0	1.55556
PLACE_optlc_9951	0	0.506173
PLACE_optlc_9992	0	1.53086
datamem/U3573	0	0.620093
datamem/U4354	0	1.20209
datamem/ram_reg_239__14_	0	0.649032
PLACE_optlc_2802	0	0.518519
PLACE_optlc_6493	0	0.518519
PLACE_optlc_7591	0	1.49383
PLACE_optlc_12708	0	1.54321
datamem/ram_reg_67__5_	0	0.601667
datamem/ram_reg_114__15_	0	1.11475
PLACE_optlc_522	0	0.518519
PLACE_optlc_4807	0	0.518519
PLACE_optlc_10320	0	1.55556
PLACE_optlc_6342	0	1.55556
PLACE_optlc_10700	0	0.530864
datamem/U4071	0	0.665521
datamem/ram_reg_67__11_	0	0.922492
datamem/U4340	0	0.72044
datamem/U1937	0	1.36399
datamem/ram_reg_71__14_	0	0.668816
datamem/ram_reg_75__15_	0	0.979008
datamem/ram_reg_242__7_	0	1.04458
datamem/U3995	0	0.606917
PLACE_optlc_4264	0	1.55556
PLACE_optlc_3447	0	1.45679
PLACE_optlc_4995	0	1.54321
PLACE_optlc_290	0	1.55556
datamem/U2076	0	1.85227
datamem/U1641	0	0.656539
datamem/U3994	0	0.575359
datamem/U4609	0	1.0426
datamem/ram_reg_241__4_	0	1.05152
PLACE_optlc_485	0	0.530864
PLACE_optlc_4497	0	1.54321
PLACE_optlc_7786	0	1.54321
PLACE_optlc_3312	0	1.55556
PLACE_optlc_2662	0	1.51852
PLACE_optlc_5028	0	0.493827
PLACE_optlc_12750	0	0.469136
PLACE_optlc_683	0	0.555556
datamem/U4287	0	1.27534
datamem/ram_reg_255__4_	0	1.05032
datamem/ram_reg_253__4_	0	1.01611
PLACE_optlc_1196	0	1.51852
PLACE_optlc_11691	0	1.55556
PLACE_optlc_2398	0	1.49383
PLACE_optlc_5413	0	0.54321
datamem/ram_reg_69__14_	0	1.03814
PLACE_optlc_7779	0	0.493827
PLACE_optlc_2259	0	1.54321
PLACE_optlc_10459	0	1.54321
PLACE_optlc_12152	0	0.555556
PLACE_optlc_9777	0	0.54321
PLACE_optlc_4704	0	0.54321
PLACE_optlc_11127	0	0.555556
PLACE_optlc_1087	0	0.45679
PLACE_optlc_7791	0	1.55556
PLACE_optlc_7585	0	0.518519
datamem/U4070	0	1.45248
datamem/ram_reg_220__13_	0	0.565039
datamem/ram_reg_72__5_	0	0.755648
PLACE_optlc_11793	0	1.55556
PLACE_optlc_179	0	1.55556
PLACE_optlc_7294	0	1.45679
PLACE_optlc_10198	0	0.469136
datamem/U1221	0	1.48555
datamem/U1299	0	0.918866
datamem/ram_reg_107__8_	0	0.814221
datamem/ram_reg_72__11_	0	0.666586
PLACE_optlc_10898	0	1.49383
PLACE_optlc_8293	0	0.555556
PLACE_optlc_835	0	0.54321
datamem/U1203	0	0.748719
datamem/ram_reg_254__7_	0	0.61735
datamem/U1215	0	1.02099
datamem/ram_reg_118__15_	0	0.857674
datamem/U3793	0	1.6315
datamem/ram_reg_106__5_	0	2.24905
datamem/U1372	0	1.262
PLACE_optlc_10927	0	0.555556
PLACE_optlc_4556	0	1.55556
PLACE_optlc_10027	0	1.49383
PLACE_optlc_4354	0	0.518519
PLACE_optlc_5260	0	1.51852
PLACE_optlc_11147	0	1.55556
PLACE_optlc_3038	0	0.54321
PLACE_optlc_9652	0	1.53086
datamem/ram_reg_66__11_	0	1.17939
datamem/ram_reg_254__1_	0	0.745069
datamem/ram_reg_66__5_	0	1.65395
datamem/U996	0	1.15376
datamem/ram_reg_117__15_	0	0.786686
datamem/ram_reg_72__14_	0	0.669954
PLACE_optlc_3767	0	0.518519
PLACE_optlc_1117	0	1.55556
PLACE_optlc_10334	0	0.555556
PLACE_optlc_10032	0	1.54321
PLACE_optlc_10247	0	1.46914
PLACE_optlc_1927	0	0.54321
datamem/ram_reg_67__2_	0	0.853044
datamem/ram_reg_227__13_	0	1.08367
datamem/U4405	0	1.17955
PLACE_optlc_698	0	1.54321
PLACE_optlc_6110	0	1.55556
PLACE_optlc_7463	0	0.555556
PLACE_optlc_1479	0	0.493827
PLACE_optlc_2868	0	1.55556
PLACE_optlc_10671	0	1.50617
datamem/U4620	0	1.12272
datamem/ram_reg_202__5_	0	0.860818
datamem/U4606	0	0.589965
PLACE_optlc_6566	0	0.555556
PLACE_optlc_7224	0	0.530864
PLACE_optlc_1544	0	0.555556
datamem/U1308	0	1.89387
datamem/U2167	0	1.22507
datamem/U4183	0	1.36819
PLACE_optlc_11156	0	1.55556
PLACE_optlc_3125	0	0.555556
PLACE_optlc_4532	0	0.518519
PLACE_optlc_12592	0	1.55556
PLACE_optlc_4476	0	0.518519
PLACE_optlc_3622	0	0.54321
datamem/ram_reg_253__1_	0	0.594329
datamem/ram_reg_107__15_	0	0.556813
datamem/U4600	0	0.8663
PLACE_optlc_11637	0	1.53086
PLACE_optlc_7445	0	1.53086
PLACE_optlc_3445	0	0.555556
PLACE_optlc_5500	0	0.518519
PLACE_optlc_1959	0	0.54321
PLACE_optlc_7203	0	1.55556
PLACE_optlc_1022	0	0.530864
PLACE_optlc_9308	0	1.53086
datamem/U1245	0	0.568781
datamem/U1314	0	1.74149
datamem/ram_reg_242__1_	0	0.596443
PLACE_optlc_5018	0	0.481481
PLACE_optlc_10071	0	0.555556
PLACE_optlc_6633	0	1.55556
PLACE_optlc_11983	0	0.555556
PLACE_optlc_6073	0	1.53086
datamem/U1347	0	1.50738
datamem/U4322	0	0.665478
datamem/ram_reg_224__13_	0	1.0537
datamem/U4392	0	1.85066
datamem/U1922	0	0.741763
datamem/ram_reg_220__14_	0	0.604495
PLACE_optlc_12137	0	0.555556
PLACE_optlc_6300	0	1.55556
PLACE_optlc_7185	0	0.518519
datamem/ram_reg_112__15_	0	1.63306
datamem/U3678	0	0.98625
datamem/ram_reg_240__4_	0	1.23882
datamem/ram_reg_54__10_	0	1.23595
datamem/U1659	0	0.898549
datamem/ram_reg_205__5_	0	0.954637
datamem/ram_reg_74__8_	0	1.04523
datamem/U1263	0	0.725849
datamem/U1943	0	0.798144
PLACE_optlc_3287	0	1.49383
PLACE_optlc_6379	0	1.49383
PLACE_optlc_8218	0	1.55556
PLACE_optlc_12193	0	0.555556
datamem/U1218	0	1.45675
datamem/ram_reg_64__15_	0	0.690154
datamem/ram_reg_236__4_	0	0.640062
PLACE_optlc_12686	0	1.55556
PLACE_optlc_8600	0	1.55556
PLACE_optlc_3547	0	0.530864
PLACE_optlc_3348	0	1.55556
PLACE_optlc_1036	0	0.530864
PLACE_optlc_1922	0	1.44444
datamem/U4370	0	1.08809
datamem/ram_reg_238__4_	0	2.12294
datamem/U4312	0	0.726806
datamem/ram_reg_236__13_	0	1.37271
datamem/U4330	0	1.21193
datamem/U1224	0	1.8583
PLACE_optlc_9325	0	0.555556
PLACE_optlc_7524	0	1.45679
PLACE_optlc_4052	0	0.530864
PLACE_optlc_10232	0	0.54321
PLACE_optlc_441	0	1.55556
PLACE_optlc_7844	0	1.55556
PLACE_optlc_4970	0	0.54321
PLACE_optlc_10024	0	1.55556
PLACE_optlc_6585	0	0.555556
datamem/ram_reg_203__5_	0	0.617975
datamem/ram_reg_225__15_	0	2.03965
datamem/U4351	0	1.00955
datamem/U3657	0	0.84811
datamem/ram_reg_90__11_	0	0.974394
datamem/ram_reg_243__1_	0	1.30043
datamem/U3714	0	0.988129
PLACE_optlc_2390	0	0.555556
PLACE_optlc_7685	0	1.55556
PLACE_optlc_12520	0	0.555556
PLACE_optlc_8734	0	0.506173
PLACE_optlc_7861	0	1.55556
PLACE_optlc_4866	0	1.55556
datamem/U4123	0	1.12358
datamem/ram_reg_91__13_	0	1.07304
PLACE_optlc_10413	0	0.555556
PLACE_optlc_3387	0	1.55556
PLACE_optlc_8332	0	0.506173
PLACE_optlc_2618	0	0.518519
PLACE_optlc_240	0	0.555556
PLACE_optlc_5839	0	0.518519
datamem/ram_reg_200__11_	0	0.660328
datamem/U4013	0	1.29472
datamem/ram_reg_64__11_	0	0.615008
datamem/U987	0	1.42114
datamem/ram_reg_231__1_	0	1.36468
datamem/ram_reg_90__15_	0	0.807184
datamem/ram_reg_64__8_	0	0.769614
PLACE_optlc_1289	0	0.518519
PLACE_optlc_12419	0	0.555556
PLACE_optlc_10039	0	1.55556
PLACE_optlc_11454	0	1.53086
PLACE_optlc_11012	0	0.45679
PLACE_optlc_843	0	0.555556
PLACE_optlc_7032	0	0.518519
PLACE_optlc_3305	0	1.51852
PLACE_optlc_12463	0	0.555556
PLACE_optlc_11851	0	0.45679
datamem/U4339	0	0.613086
datamem/ram_reg_202__2_	0	0.881767
datamem/U4603	0	0.577959
datamem/U4088	0	0.627662
datamem/U4644	0	1.51721
datamem/U2040	0	1.74974
PLACE_optlc_8611	0	0.469136
PLACE_optlc_7440	0	0.530864
PLACE_optlc_5194	0	1.55556
PLACE_optlc_2452	0	1.54321
datamem/U4650	0	0.971038
datamem/ram_reg_226__13_	0	0.701026
datamem/ram_reg_225__14_	0	1.51365
datamem/U4105	0	0.684309
PLACE_optlc_5262	0	1.54321
PLACE_optlc_9978	0	1.55556
PLACE_optlc_12475	0	0.45679
PLACE_optlc_8913	0	0.555556
PLACE_optlc_10813	0	1.49383
datamem/U4305	0	0.927558
datamem/ram_reg_74__15_	0	1.02259
datamem/ram_reg_239__13_	0	1.25056
PLACE_optlc_10736	0	1.53086
PLACE_optlc_12669	0	1.49383
PLACE_optlc_1821	0	1.55556
PLACE_optlc_5242	0	0.530864
PLACE_optlc_8173	0	0.555556
PLACE_optlc_2434	0	0.54321
PLACE_optlc_1269	0	1.55556
PLACE_optlc_764	0	1.49383
datamem/U2130	0	1.05291
datamem/U4386	0	0.796852
datamem/U4063	0	1.0587
datamem/U1200	0	1.00661
PLACE_optlc_1047	0	1.50617
PLACE_optlc_8522	0	0.555556
PLACE_optlc_9302	0	1.55556
PLACE_optlc_678	0	0.518519
PLACE_optlc_3083	0	0.506173
PLACE_optlc_9130	0	0.469136
PLACE_optlc_7655	0	0.506173
PLACE_optlc_3570	0	0.54321
PLACE_optlc_11537	0	1.54321
PLACE_optlc_5638	0	0.54321
PLACE_optlc_4555	0	0.555556
datamem/U1167	0	1.47075
datamem/ram_reg_237__15_	0	0.826165
datamem/U4276	0	1.01188
datamem/ram_reg_255__10_	0	1.86541
datamem/ram_reg_113__15_	0	1.15983
PLACE_optlc_1285	0	0.45679
PLACE_optlc_9972	0	0.555556
PLACE_optlc_7079	0	1.55556
PLACE_optlc_5851	0	1.45679
PLACE_optlc_7464	0	1.45679
PLACE_optlc_6920	0	0.555556
PLACE_optlc_1782	0	1.54321
PLACE_optlc_8461	0	0.530864
datamem/U1206	0	0.56032
datamem/ram_reg_68__13_	0	1.08619
PLACE_optlc_7553	0	1.53086
PLACE_optlc_9311	0	0.555556
PLACE_optlc_7117	0	1.55556
PLACE_optlc_5457	0	1.53086
PLACE_optlc_11837	0	0.45679
PLACE_optlc_3023	0	0.518519
PLACE_optlc_4434	0	1.55556
PLACE_optlc_12296	0	1.55556
PLACE_optlc_5637	0	1.54321
PLACE_optlc_7718	0	0.518519
datamem/U4376	0	0.981674
datamem/ram_reg_255__1_	0	1.10975
datamem/U1317	0	0.942427
PLACE_optlc_11800	0	0.469136
PLACE_optlc_10870	0	0.555556
PLACE_optlc_4500	0	0.45679
PLACE_optlc_8785	0	0.555556
PLACE_optlc_507	0	0.493827
PLACE_optlc_1950	0	1.51852
PLACE_optlc_6492	0	1.51852
PLACE_optlc_1499	0	0.518519
PLACE_optlc_3943	0	0.518519
PLACE_optlc_10577	0	0.555556
PLACE_optlc_197	0	1.55556
PLACE_optlc_6941	0	1.55556
datamem/U3666	0	0.58733
datamem/ram_reg_228__10_	0	0.940702
datamem/U1950	0	1.34616
datamem/ram_reg_231__4_	0	0.720586
PLACE_optlc_8729	0	0.45679
PLACE_optlc_10090	0	1.55556
PLACE_optlc_5874	0	0.555556
PLACE_optlc_4811	0	0.45679
PLACE_optlc_9228	0	1.53086
datamem/U1643	0	0.898372
datamem/U4626	0	1.08399
datamem/U3660	0	1.41411
datamem/ram_reg_112__14_	0	1.15507
PLACE_optlc_5168	0	1.49383
PLACE_optlc_5964	0	0.54321
PLACE_optlc_6203	0	1.55556
PLACE_optlc_8551	0	1.50617
PLACE_optlc_1773	0	0.54321
PLACE_optlc_5466	0	0.555556
PLACE_optlc_11779	0	0.506173
PLACE_optlc_5041	0	1.53086
datamem/ram_reg_236__14_	0	0.930579
datamem/ram_reg_202__11_	0	1.05729
datamem/U1174	0	1.06167
PLACE_optlc_10403	0	0.530864
PLACE_optlc_6799	0	0.493827
PLACE_optlc_10627	0	1.55556
PLACE_optlc_209	0	0.518519
PLACE_optlc_4907	0	1.54321
PLACE_optlc_12276	0	0.506173
PLACE_optlc_2419	0	0.54321
datamem/ram_reg_220__15_	0	0.613337
PLACE_optlc_3096	0	0.54321
PLACE_optlc_11011	0	0.555556
PLACE_optlc_736	0	0.45679
PLACE_optlc_3410	0	1.45679
PLACE_optlc_6783	0	0.54321
PLACE_optlc_2004	0	0.54321
datamem/U4012	0	0.890733
datamem/ram_reg_71__13_	0	0.978329
datamem/ram_reg_73__5_	0	0.787716
datamem/U4069	0	0.710015
datamem/U4286	0	1.27736
PLACE_optlc_3586	0	1.55556
PLACE_optlc_5097	0	1.55556
PLACE_optlc_4035	0	0.506173
PLACE_optlc_4630	0	1.55556
PLACE_optlc_9575	0	0.555556
PLACE_optlc_1676	0	1.55556
datamem/ram_reg_107__5_	0	0.781458
datamem/ram_reg_224__7_	0	1.11678
PLACE_optlc_10376	0	1.55556
PLACE_optlc_10608	0	1.55556
PLACE_optlc_3370	0	0.45679
PLACE_optlc_2167	0	1.49383
PLACE_optlc_9732	0	0.530864
PLACE_optlc_5497	0	1.55556
PLACE_optlc_4060	0	0.506173
datamem/ram_reg_223__10_	0	0.717604
datamem/ram_reg_70__8_	0	0.664946
datamem/U2131	0	0.709776
datamem/ram_reg_117__14_	0	0.956339
PLACE_optlc_2844	0	0.518519
PLACE_optlc_6972	0	0.54321
PLACE_optlc_11883	0	0.45679
PLACE_optlc_5468	0	1.44444
PLACE_optlc_8120	0	1.55556
PLACE_optlc_7641	0	2.55556
datamem/U4285	0	0.852469
datamem/ram_reg_64__13_	0	0.768723
datamem/ram_reg_221__13_	0	0.794425
datamem/U1639	0	0.577253
PLACE_optlc_11852	0	1.53086
PLACE_optlc_10474	0	1.55556
PLACE_optlc_9414	0	1.55556
PLACE_optlc_259	0	0.54321
PLACE_optlc_7074	0	1.53086
datamem/ram_reg_241__10_	0	1.23438
datamem/U1311	0	1.73111
datamem/ram_reg_229__7_	0	0.593175
datamem/U4089	0	1.30261
datamem/U1161	0	0.903499
datamem/ram_reg_72__8_	0	0.87534
datamem/ram_reg_254__4_	0	0.807346
PLACE_optlc_10611	0	0.555556
PLACE_optlc_2527	0	1.55556
PLACE_optlc_2250	0	0.54321
datamem/ram_reg_72__2_	0	0.733002
datamem/ram_reg_64__2_	0	1.47897
datamem/U1633	0	0.98772
datamem/U3630	0	1.40737
datamem/ram_reg_64__5_	0	0.864564
datamem/ram_reg_254__10_	0	0.934927
datamem/U1172	0	0.623002
PLACE_optlc_1194	0	1.55556
PLACE_optlc_7313	0	1.55556
PLACE_optlc_5559	0	1.54321
PLACE_optlc_4224	0	1.55556
datamem/U1164	0	0.574271
datamem/ram_reg_231__13_	0	0.980837
datamem/ram_reg_65__15_	0	0.573245
datamem/U2041	0	0.611003
PLACE_optlc_8742	0	0.469136
PLACE_optlc_12134	0	0.469136
PLACE_optlc_11029	0	1.48148
PLACE_optlc_6578	0	1.55556
PLACE_optlc_3118	0	0.54321
datamem/U1170	0	0.935112
datamem/U1513	0	1.50252
datamem/U4153	0	0.815135
datamem/U4641	0	0.989965
datamem/ram_reg_83__11_	0	1.12488
PLACE_optlc_3872	0	1.50617
PLACE_optlc_7862	0	0.54321
PLACE_optlc_2678	0	1.51852
PLACE_optlc_2351	0	0.395062
PLACE_optlc_6926	0	1.55556
PLACE_optlc_6008	0	1.55556
datamem/ram_reg_73__14_	0	0.772986
PLACE_optlc_5747	0	1.55556
PLACE_optlc_12437	0	1.55556
PLACE_optlc_1477	0	0.54321
PLACE_optlc_1279	0	0.530864
datamem/U1244	0	1.31428
datamem/ram_reg_221__14_	0	0.591914
datamem/ram_reg_65__2_	0	0.700255
datamem/U4081	0	0.986115
PLACE_optlc_11060	0	0.518519
PLACE_optlc_7876	0	0.358025
PLACE_optlc_1943	0	0.54321
PLACE_optlc_5921	0	0.555556
PLACE_optlc_8620	0	0.555556
datamem/U4629	0	0.750313
datamem/ram_reg_90__5_	0	0.60659
datamem/ram_reg_207__5_	0	1.00637
datamem/ram_reg_225__7_	0	1.16063
datamem/ram_reg_243__10_	0	1.72042
PLACE_optlc_4953	0	1.55556
PLACE_optlc_10307	0	0.555556
PLACE_optlc_8292	0	0.45679
datamem/U1197	0	0.564896
datamem/U4171	0	1.40781
datamem/ram_reg_243__4_	0	0.720621
datamem/ram_reg_206__5_	0	0.590907
datamem/U1298	0	1.50985
datamem/U1275	0	1.79929
PLACE_optlc_1106	0	1.55556
PLACE_optlc_10066	0	0.493827
PLACE_optlc_8784	0	0.555556
PLACE_optlc_10663	0	0.469136
PLACE_optlc_11325	0	0.469136
PLACE_optlc_458	0	0.518519
PLACE_optlc_551	0	0.555556
PLACE_optlc_11705	0	0.555556
datamem/U4057	0	0.940174
datamem/ram_reg_203__2_	0	0.96559
datamem/U1354	0	1.44
datamem/ram_reg_229__13_	0	0.692809
PLACE_optlc_11145	0	0.555556
PLACE_optlc_1768	0	0.555556
PLACE_optlc_4186	0	1.55556
PLACE_optlc_7247	0	0.555556
datamem/ram_reg_91__15_	0	0.979406
datamem/ram_reg_229__14_	0	1.01311
datamem/U2072	0	1.31436
datamem/ram_reg_71__11_	0	0.771219
datamem/ram_reg_66__2_	0	1.85172
datamem/U2059	0	0.575895
PLACE_optlc_12090	0	1.55556
PLACE_optlc_5427	0	0.518519
PLACE_optlc_1397	0	1.49383
PLACE_optlc_7081	0	0.54321
PLACE_optlc_47	0	1.50617
PLACE_optlc_12072	0	0.555556
PLACE_optlc_8677	0	0.345679
PLACE_optlc_8894	0	0.555556
PLACE_optlc_7504	0	1.55556
PLACE_optlc_2948	0	0.506173
PLACE_optlc_9563	0	0.530864
datamem/U1305	0	0.84674
datamem/U1296	0	1.48437
datamem/ram_reg_82__13_	0	0.949225
datamem/U1192	0	0.681366
PLACE_optlc_5882	0	0.518519
PLACE_optlc_1073	0	0.54321
PLACE_optlc_3392	0	0.518519
PLACE_optlc_2368	0	0.530864
PLACE_optlc_4136	0	1.55556
datamem/ram_reg_104__14_	0	2.23967
datamem/ram_reg_228__13_	0	0.933885
datamem/ram_reg_65__8_	0	1.0075
PLACE_optlc_6902	0	1.55556
PLACE_optlc_10482	0	1.55556
PLACE_optlc_4527	0	0.45679
PLACE_optlc_1520	0	1.55556
PLACE_optlc_9998	0	0.469136
datamem/U4623	0	0.568669
datamem/ram_reg_224__1_	0	2.24696
datamem/U3675	0	1.29632
datamem/U2058	0	1.00424
PLACE_optlc_12053	0	0.530864
PLACE_optlc_2562	0	1.55556
PLACE_optlc_7939	0	1.55556
PLACE_optlc_2029	0	0.555556
PLACE_optlc_4931	0	1.55556
PLACE_optlc_5512	0	0.54321
PLACE_optlc_11598	0	1.55556
datamem/ram_reg_237__13_	0	0.548314
datamem/ram_reg_228__14_	0	1.12676
datamem/ram_reg_225__13_	0	0.584174
PLACE_optlc_3430	0	1.55556
PLACE_optlc_10346	0	0.493827
PLACE_optlc_12412	0	0.555556
PLACE_optlc_10767	0	0.469136
PLACE_optlc_1754	0	0.54321
PLACE_optlc_10699	0	0.493827
PLACE_optlc_2703	0	1.55556
PLACE_optlc_3964	0	0.518519
PLACE_optlc_1327	0	1.55556
datamem/U4045	0	0.750822
datamem/U3996	0	1.49846
PLACE_optlc_12632	0	1.53086
PLACE_optlc_5786	0	0.530864
PLACE_optlc_11575	0	1.53086
PLACE_optlc_6540	0	0.555556
PLACE_optlc_3464	0	1.55556
datamem/U4160	0	1.59313
datamem/ram_reg_90__2_	0	0.567438
datamem/ram_reg_202__8_	0	0.664522
datamem/U1326	0	1.02912
datamem/ram_reg_114__10_	0	0.617095
datamem/U3750	0	1.36522
datamem/ram_reg_255__7_	0	0.987369
PLACE_optlc_5033	0	0.555556
PLACE_optlc_4677	0	1.55556
PLACE_optlc_2488	0	1.54321
datamem/ram_reg_230__7_	0	1.01089
datamem/U4138	0	1.36145
datamem/ram_reg_65__5_	0	0.775108
datamem/U4186	0	1.43854
PLACE_optlc_11362	0	0.555556
PLACE_optlc_12693	0	1.55556
PLACE_optlc_11555	0	0.555556
PLACE_optlc_1156	0	1.55556
PLACE_optlc_5749	0	1.51852
PLACE_optlc_121	0	0.518519
datamem/ram_reg_229__10_	0	0.57765
datamem/ram_reg_90__14_	0	0.732585
datamem/U1940	0	1.54452
datamem/U3663	0	0.979495
datamem/U2112	0	0.754938
datamem/U4141	0	0.931026
datamem/U4632	0	0.838735
PLACE_optlc_3424	0	1.55556
PLACE_optlc_7114	0	1.53086
PLACE_optlc_2516	0	0.518519
PLACE_optlc_12513	0	0.555556
PLACE_optlc_7246	0	1.50617
datamem/U4304	0	0.568326
datamem/U1642	0	0.616968
datamem/U4447	0	1.02063
datamem/U3693	0	1.20504
PLACE_optlc_11831	0	1.46914
PLACE_optlc_3736	0	1.51852
PLACE_optlc_11755	0	1.55556
PLACE_optlc_1784	0	0.555556
PLACE_optlc_7104	0	0.493827
PLACE_optlc_4563	0	0.555556
PLACE_optlc_812	0	1.51852
datamem/U3732	0	1.01502
datamem/U4156	0	1.09207
datamem/ram_reg_254__13_	0	0.970772
datamem/U4408	0	0.762257
datamem/U1318	0	0.557207
PLACE_optlc_3518	0	0.555556
PLACE_optlc_2961	0	1.53086
PLACE_optlc_3149	0	1.55556
PLACE_optlc_4390	0	0.493827
PLACE_optlc_6731	0	1.55556
PLACE_optlc_2508	0	1.55556
PLACE_optlc_6487	0	1.50617
PLACE_optlc_10375	0	0.555556
PLACE_optlc_4044	0	0.530864
PLACE_optlc_3502	0	0.444444
PLACE_optlc_6933	0	0.506173
datamem/U4195	0	1.31431
datamem/U1895	0	1.78137
datamem/U1246	0	0.825718
PLACE_optlc_6272	0	1.55556
PLACE_optlc_4463	0	0.54321
PLACE_optlc_11742	0	0.493827
PLACE_optlc_7062	0	0.54321
PLACE_optlc_4749	0	0.506173
PLACE_optlc_2624	0	0.518519
PLACE_optlc_9922	0	1.53086
PLACE_optlc_5107	0	1.50617
PLACE_optlc_2263	0	1.49383
PLACE_optlc_3944	0	0.493827
PLACE_optlc_9692	0	1.54321
datamem/ram_reg_237__14_	0	0.623981
datamem/U3684	0	0.686894
datamem/ram_reg_247__1_	0	0.567215
datamem/ram_reg_113__14_	0	0.773881
datamem/U4159	0	0.565498
PLACE_optlc_3489	0	0.45679
PLACE_optlc_5076	0	1.55556
PLACE_optlc_7433	0	1.51852
PLACE_optlc_10775	0	0.469136
PLACE_optlc_7156	0	1.55556
PLACE_optlc_561	0	0.555556
PLACE_optlc_10565	0	0.555556
PLACE_optlc_5565	0	1.53086
datamem/U1179	0	1.37402
datamem/U2090	0	0.757323
datamem/U1630	0	1.13238
PLACE_optlc_5447	0	1.45679
PLACE_optlc_12252	0	1.53086
PLACE_optlc_3632	0	1.48148
PLACE_optlc_1529	0	0.555556
PLACE_optlc_5055	0	1.55556
PLACE_optlc_9300	0	1.55556
datamem/ram_reg_203__11_	0	0.972222
datamem/U4060	0	1.28752
datamem/U4117	0	0.883962
datamem/U1185	0	0.673283
datamem/ram_reg_254__14_	0	0.752103
PLACE_optlc_8317	0	0.45679
PLACE_optlc_2055	0	0.45679
PLACE_optlc_10110	0	1.55556
PLACE_optlc_12192	0	1.46914
PLACE_optlc_11277	0	0.555556
PLACE_optlc_1275	0	1.55556
PLACE_optlc_12511	0	0.555556
PLACE_optlc_11053	0	1.54321
PLACE_optlc_6448	0	1.55556
PLACE_optlc_1160	0	0.555556
PLACE_optlc_5361	0	0.518519
datamem/U4087	0	0.819888
datamem/U2036	0	0.979541
datamem/U1332	0	0.715602
datamem/ram_reg_70__13_	0	0.810409
PLACE_optlc_9461	0	1.48148
PLACE_optlc_9436	0	0.481481
PLACE_optlc_12070	0	0.469136
PLACE_optlc_3758	0	1.51852
PLACE_optlc_5686	0	1.51852
PLACE_optlc_143	0	1.50617
PLACE_optlc_8783	0	0.493827
PLACE_optlc_6359	0	1.55556
PLACE_optlc_8356	0	1.55556
PLACE_optlc_5340	0	1.49383
PLACE_optlc_12469	0	1.45679
PLACE_optlc_4464	0	0.555556
datamem/U4414	0	0.805945
datamem/U1497	0	1.11895
datamem/U1282	0	0.921578
PLACE_optlc_1295	0	1.45679
PLACE_optlc_688	0	0.54321
PLACE_optlc_11177	0	0.555556
PLACE_optlc_6722	0	0.518519
PLACE_optlc_9522	0	1.50617
PLACE_optlc_7512	0	0.530864
datamem/U1278	0	0.983816
datamem/ram_reg_112__10_	0	0.569583
datamem/U1335	0	0.944356
PLACE_optlc_7698	0	1.55556
PLACE_optlc_6996	0	1.55556
PLACE_optlc_10861	0	0.518519
PLACE_optlc_11687	0	0.555556
PLACE_optlc_1509	0	1.49383
PLACE_optlc_3228	0	1.45679
PLACE_optlc_10705	0	0.555556
PLACE_optlc_11442	0	1.55556
PLACE_optlc_2788	0	0.555556
PLACE_optlc_3399	0	1.55556
PLACE_optlc_2136	0	0.54321
PLACE_optlc_7792	0	1.51852
datamem/ram_reg_73__15_	0	1.23014
datamem/ram_reg_228__4_	0	0.954055
datamem/ram_reg_68__15_	0	0.95603
datamem/ram_reg_116__14_	0	1.07353
PLACE_optlc_6652	0	0.54321
PLACE_optlc_7137	0	0.54321
PLACE_optlc_3809	0	0.530864
PLACE_optlc_10509	0	0.481481
PLACE_optlc_6762	0	1.53086
PLACE_optlc_1980	0	0.530864
PLACE_optlc_6664	0	0.506173
datamem/ram_reg_70__11_	0	1.30693
datamem/ram_reg_230__13_	0	1.13939
PLACE_optlc_10246	0	0.469136
PLACE_optlc_10358	0	1.53086
PLACE_optlc_8098	0	0.419753
PLACE_optlc_8624	0	0.555556
PLACE_optlc_2024	0	1.55556
PLACE_optlc_11769	0	1.55556
datamem/ram_reg_223__7_	0	0.940301
datamem/U4192	0	0.735081
datamem/U1661	0	1.21121
datamem/U1329	0	0.601103
datamem/U4021	0	0.767731
datamem/ram_reg_73__11_	0	0.739529
datamem/ram_reg_224__4_	0	1.02965
datamem/ram_reg_65__13_	0	1.85485
datamem/U4633	0	1.17679
datamem/ram_reg_221__15_	0	1.04529
datamem/U4303	0	0.76728
datamem/U4647	0	1.36318
datamem/ram_reg_223__13_	0	1.11209
datamem/U4142	0	1.16361
datamem/ram_reg_245__4_	0	1.80758
PLACE_optlc_9125	0	1.45679
PLACE_optlc_8316	0	0.54321
PLACE_optlc_1332	0	0.493827
PLACE_optlc_11749	0	1.55556
PLACE_optlc_8175	0	0.530864
PLACE_optlc_3958	0	1.55556
datamem/U1190	0	1.67804
datamem/ram_reg_115__10_	0	1.1837
datamem/ram_reg_82__8_	0	0.963075
PLACE_optlc_2785	0	0.555556
PLACE_optlc_6864	0	0.555556
PLACE_optlc_9152	0	0.555556
PLACE_optlc_8712	0	0.469136
PLACE_optlc_3315	0	0.45679
PLACE_optlc_837	0	0.54321
PLACE_optlc_8831	0	0.469136
PLACE_optlc_10640	0	1.55556
PLACE_optlc_2417	0	1.55556
PLACE_optlc_7640	0	1.55556
PLACE_optlc_11260	0	1.50617
datamem/U4165	0	0.675934
datamem/ram_reg_69__13_	0	0.558299
datamem/U1233	0	0.604811
PLACE_optlc_965	0	0.506173
PLACE_optlc_9705	0	1.53086
PLACE_optlc_3252	0	0.493827
PLACE_optlc_846	0	1.50617
PLACE_optlc_7750	0	0.530864
PLACE_optlc_8659	0	1.55556
PLACE_optlc_6449	0	0.45679
PLACE_optlc_9114	0	1.49383
PLACE_optlc_4444	0	1.55556
PLACE_optlc_3961	0	1.55556
datamem/U1495	0	1.91771
datamem/ram_reg_82__11_	0	0.61885
datamem/U4048	0	0.83142
datamem/ram_reg_204__2_	0	1.1007
PLACE_optlc_9108	0	1.55556
PLACE_optlc_8128	0	0.493827
PLACE_optlc_4881	0	1.51852
PLACE_optlc_7497	0	1.55556
PLACE_optlc_4597	0	0.555556
PLACE_optlc_7407	0	1.55556
datamem/ram_reg_70__15_	0	1.7496
datamem/ram_reg_73__2_	0	0.717288
datamem/U1654	0	0.763939
datamem/ram_reg_222__4_	0	1.30924
datamem/ram_reg_83__5_	0	0.940845
PLACE_optlc_3936	0	0.506173
PLACE_optlc_6031	0	0.518519
PLACE_optlc_3425	0	1.49383
PLACE_optlc_6543	0	0.555556
PLACE_optlc_3907	0	0.530864
PLACE_optlc_1277	0	1.55556
PLACE_optlc_1981	0	1.55556
datamem/U1323	0	0.624282
datamem/U1507	0	0.797234
datamem/ram_reg_227__7_	0	1.3859
datamem/ram_reg_91__11_	0	0.709769
PLACE_optlc_332	0	1.55556
PLACE_optlc_6361	0	0.54321
PLACE_optlc_2733	0	0.45679
datamem/U1182	0	0.551478
datamem/ram_reg_230__1_	0	0.932712
datamem/ram_reg_73__8_	0	1.39712
datamem/ram_reg_83__2_	0	1.58198
datamem/U4177	0	0.960054
datamem/U4003	0	1.0037
datamem/U4482	0	1.31471
datamem/U1492	0	0.847677
datamem/ram_reg_201__2_	0	0.729417
PLACE_optlc_12719	0	1.55556
PLACE_optlc_8105	0	1.51852
PLACE_optlc_12162	0	1.46914
PLACE_optlc_2553	0	1.55556
PLACE_optlc_3332	0	0.518519
PLACE_optlc_10785	0	0.54321
PLACE_optlc_9388	0	1.55556
PLACE_optlc_10356	0	1.49383
PLACE_optlc_6456	0	1.49383
PLACE_optlc_12026	0	0.555556
PLACE_optlc_3704	0	1.55556
PLACE_optlc_4741	0	1.49383
datamem/ram_reg_231__10_	0	0.858927
PLACE_optlc_12330	0	1.55556
PLACE_optlc_12467	0	1.55556
PLACE_optlc_6412	0	1.51852
PLACE_optlc_5408	0	1.55556
PLACE_optlc_10412	0	1.55556
PLACE_optlc_11192	0	0.45679
PLACE_optlc_3159	0	0.530864
datamem/ram_reg_221__4_	0	0.838603
datamem/ram_reg_68__2_	0	1.07858
datamem/ram_reg_223__15_	0	0.636335
datamem/ram_reg_91__8_	0	0.944637
PLACE_optlc_9041	0	1.55556
PLACE_optlc_859	0	1.55556
datamem/ram_reg_219__6_	0	0.798885
datamem/ram_reg_229__4_	0	0.861713
datamem/ram_reg_72__15_	0	0.761782
datamem/ram_reg_116__15_	0	1.48707
datamem/U4189	0	0.626721
PLACE_optlc_2298	0	1.55556
PLACE_optlc_10874	0	1.53086
PLACE_optlc_4109	0	0.506173
PLACE_optlc_12673	0	1.46914
datamem/ram_reg_229__15_	0	0.875849
datamem/ram_reg_206__2_	0	2.00816
datamem/U1293	0	0.777079
PLACE_optlc_12360	0	1.55556
PLACE_optlc_696	0	0.518519
PLACE_optlc_513	0	1.48148
PLACE_optlc_354	0	0.518519
PLACE_optlc_7212	0	0.555556
PLACE_optlc_5976	0	0.518519
PLACE_optlc_1996	0	0.530864
datamem/U1459	0	1.02106
datamem/U4050	0	0.99488
datamem/U4143	0	1.04002
PLACE_optlc_10943	0	1.50617
PLACE_optlc_6918	0	0.530864
PLACE_optlc_7727	0	1.55556
PLACE_optlc_624	0	0.469136
PLACE_optlc_3043	0	0.506173
PLACE_optlc_11379	0	0.555556
PLACE_optlc_6704	0	1.54321
datamem/U1280	0	1.35001
datamem/U4120	0	1.45331
datamem/U4093	0	0.803368
PLACE_optlc_5210	0	1.55556
PLACE_optlc_604	0	0.555556
PLACE_optlc_10909	0	1.53086
PLACE_optlc_2364	0	1.55556
PLACE_optlc_5535	0	1.55556
PLACE_optlc_11389	0	0.555556
PLACE_optlc_8788	0	1.53086
PLACE_optlc_11450	0	1.54321
PLACE_optlc_12374	0	0.555556
PLACE_optlc_4548	0	1.55556
datamem/ram_reg_226__1_	0	0.661512
datamem/ram_reg_231__7_	0	1.76253
datamem/ram_reg_91__2_	0	0.781289
PLACE_optlc_977	0	0.518519
PLACE_optlc_135	0	1.55556
PLACE_optlc_6411	0	1.55556
PLACE_optlc_8235	0	0.506173
datamem/ram_reg_80__11_	0	1.51458
datamem/ram_reg_71__8_	0	1.26619
datamem/ram_reg_83__13_	0	1.01909
datamem/U3729	0	1.89125
datamem/U1896	0	0.555417
datamem/ram_reg_72__13_	0	1.02537
PLACE_optlc_7159	0	1.50617
PLACE_optlc_4294	0	1.50617
PLACE_optlc_4395	0	0.555556
datamem/ram_reg_230__10_	0	0.57669
datamem/ram_reg_255__13_	0	1.26053
datamem/U4161	0	0.712874
datamem/U3645	0	0.78039
datamem/ram_reg_228__15_	0	1.5821
datamem/ram_reg_245__1_	0	0.876937
datamem/U4437	0	1.52268
datamem/U1269	0	0.56495
PLACE_optlc_4461	0	1.54321
PLACE_optlc_4876	0	0.530864
PLACE_optlc_1254	0	0.54321
PLACE_optlc_5724	0	0.555556
PLACE_optlc_6376	0	0.555556
PLACE_optlc_8780	0	1.55556
datamem/U1894	0	0.929379
datamem/ram_reg_227__10_	0	1.17112
datamem/U1316	0	0.936451
datamem/U2066	0	0.996678
datamem/ram_reg_254__15_	0	1.04939
datamem/U4592	0	0.786366
datamem/U4014	0	0.912948
PLACE_optlc_3182	0	0.518519
PLACE_optlc_1243	0	1.55556
PLACE_optlc_5555	0	1.49383
PLACE_optlc_7670	0	1.49383
PLACE_optlc_6236	0	1.55556
PLACE_optlc_4969	0	0.555556
PLACE_optlc_3465	0	1.51852
PLACE_optlc_6360	0	0.54321
PLACE_optlc_3941	0	0.518519
PLACE_optlc_12328	0	0.469136
PLACE_optlc_230	0	0.506173
PLACE_optlc_3417	0	1.55556
datamem/U4439	0	0.742064
datamem/U4042	0	0.691439
datamem/ram_reg_70__2_	0	1.39704
datamem/U1262	0	0.884417
PLACE_optlc_9035	0	0.555556
PLACE_optlc_1719	0	0.506173
PLACE_optlc_858	0	1.55556
PLACE_optlc_9678	0	1.55556
PLACE_optlc_838	0	0.493827
PLACE_optlc_5758	0	1.50617
PLACE_optlc_10540	0	0.530864
PLACE_optlc_2121	0	0.518519
datamem/ram_reg_104__13_	0	0.860891
datamem/ram_reg_65__11_	0	0.937141
datamem/ram_reg_201__8_	0	1.18106
PLACE_optlc_9032	0	1.49383
PLACE_optlc_1660	0	1.45679
PLACE_optlc_6277	0	1.54321
PLACE_optlc_3329	0	1.45679
PLACE_optlc_11196	0	0.469136
PLACE_optlc_1195	0	0.506173
PLACE_optlc_3797	0	1.51852
PLACE_optlc_4388	0	0.54321
PLACE_optlc_9738	0	0.469136
datamem/ram_reg_104__15_	0	0.71037
datamem/ram_reg_218__6_	0	1.00086
datamem/ram_reg_203__8_	0	2.30904
PLACE_optlc_4188	0	1.55556
datamem/ram_reg_244__13_	0	1.30712
datamem/ram_reg_252__13_	0	1.38804
PLACE_optlc_8508	0	1.55556
PLACE_optlc_9919	0	0.506173
PLACE_optlc_10005	0	1.55556
PLACE_optlc_3419	0	0.518519
PLACE_optlc_12709	0	0.469136
PLACE_optlc_10367	0	1.49383
PLACE_optlc_9987	0	0.469136
PLACE_optlc_8887	0	1.55556
PLACE_optlc_11452	0	0.45679
PLACE_optlc_3165	0	0.54321
datamem/ram_reg_244__15_	0	2.06849
datamem/ram_reg_85__13_	0	0.663387
datamem/U3639	0	1.48118
datamem/U4132	0	1.05394
datamem/U1504	0	1.16044
PLACE_optlc_11650	0	0.555556
PLACE_optlc_8828	0	1.55556
PLACE_optlc_4805	0	1.55556
PLACE_optlc_9626	0	1.55556
PLACE_optlc_1671	0	1.55556
datamem/U1336	0	0.781817
PLACE_optlc_3724	0	0.530864
PLACE_optlc_4358	0	1.54321
PLACE_optlc_12032	0	1.55556
PLACE_optlc_10725	0	1.55556
PLACE_optlc_6680	0	1.50617
PLACE_optlc_12286	0	1.55556
datamem/U4655	0	1.00378
datamem/ram_reg_114__4_	0	0.669738
datamem/ram_reg_224__10_	0	1.17855
datamem/ram_reg_69__8_	0	0.946528
datamem/U4150	0	1.78349
datamem/U1515	0	1.06278
PLACE_optlc_4041	0	1.49383
datamem/U4030	0	0.6399
datamem/ram_reg_71__2_	0	0.750745
datamem/U4463	0	0.938113
datamem/U3951	0	0.980428
PLACE_optlc_6167	0	0.555556
PLACE_optlc_7158	0	0.493827
PLACE_optlc_4959	0	1.51852
PLACE_optlc_5680	0	0.555556
datamem/U2054	0	0.567805
datamem/ram_reg_255__15_	0	0.634595
datamem/ram_reg_230__4_	0	0.892631
datamem/U3711	0	0.978048
PLACE_optlc_8075	0	0.555556
PLACE_optlc_1147	0	0.54321
PLACE_optlc_285	0	0.54321
PLACE_optlc_621	0	1.45679
PLACE_optlc_7187	0	0.555556
datamem/U2113	0	1.21792
datamem/U2081	0	0.732388
datamem/ram_reg_223__1_	0	0.636373
datamem/U3969	0	1.03969
datamem/ram_reg_69__15_	0	1.5916
datamem/U4036	0	0.684676
PLACE_optlc_4067	0	0.506173
PLACE_optlc_3456	0	0.518519
PLACE_optlc_404	0	1.55556
PLACE_optlc_3565	0	1.51852
PLACE_optlc_3060	0	0.518519
PLACE_optlc_2406	0	0.481481
PLACE_optlc_6770	0	0.493827
PLACE_optlc_3696	0	0.518519
datamem/ram_reg_118__10_	0	0.631825
datamem/U1657	0	1.26534
datamem/ram_reg_222__15_	0	0.962801
datamem/U2144	0	1.00484
datamem/U1648	0	0.622658
PLACE_optlc_5677	0	1.55556
PLACE_optlc_2857	0	1.55556
PLACE_optlc_11101	0	1.55556
PLACE_optlc_5974	0	1.54321
PLACE_optlc_335	0	0.518519
PLACE_optlc_2438	0	0.444444
datamem/ram_reg_222__13_	0	1.35681
PLACE_optlc_10056	0	0.555556
PLACE_optlc_12705	0	1.55556
PLACE_optlc_10932	0	0.45679
PLACE_optlc_11615	0	1.55556
PLACE_optlc_7751	0	1.55556
PLACE_optlc_5719	0	1.50617
PLACE_optlc_8362	0	1.55556
PLACE_optlc_2187	0	0.555556
PLACE_optlc_7136	0	0.54321
PLACE_optlc_4806	0	1.55556
datamem/ram_reg_113__10_	0	1.4651
datamem/ram_reg_83__8_	0	0.97892
datamem/ram_reg_80__13_	0	0.842812
datamem/ram_reg_227__1_	0	0.555498
datamem/ram_reg_68__8_	0	0.679865
PLACE_optlc_10054	0	1.55556
PLACE_optlc_12015	0	1.55556
PLACE_optlc_6477	0	1.50617
datamem/ram_reg_68__11_	0	0.87613
datamem/U4472	0	1.11951
datamem/U4428	0	1.01329
PLACE_optlc_3636	0	0.555556
PLACE_optlc_7839	0	0.518519
PLACE_optlc_2168	0	0.506173
PLACE_optlc_9553	0	1.55556
PLACE_optlc_9224	0	1.55556
PLACE_optlc_11520	0	1.55556
datamem/ram_reg_230__15_	0	1.11326
datamem/ram_reg_223__14_	0	0.685197
datamem/ram_reg_244__1_	0	1.02628
datamem/U4174	0	1.37935
datamem/U4634	0	0.744012
datamem/ram_reg_115__1_	0	2.07574
PLACE_optlc_12179	0	0.506173
PLACE_optlc_5082	0	0.45679
PLACE_optlc_8399	0	0.530864
PLACE_optlc_12426	0	1.49383
PLACE_optlc_4039	0	0.54321
datamem/ram_reg_225__1_	0	0.580486
datamem/U1489	0	0.563129
datamem/ram_reg_246__1_	0	1.11388
datamem/ram_reg_82__2_	0	0.94755
datamem/ram_reg_91__5_	0	0.758233
datamem/U4469	0	0.648202
datamem/U1479	0	0.589352
PLACE_optlc_9075	0	0.469136
PLACE_optlc_10868	0	1.51852
PLACE_optlc_3309	0	1.49383
PLACE_optlc_10222	0	0.469136
PLACE_optlc_5858	0	0.518519
PLACE_optlc_53	0	0.555556
PLACE_optlc_6480	0	1.55556
datamem/U4444	0	1.10897
datamem/U2162	0	0.710664
datamem/U4653	0	0.73466
datamem/ram_reg_82__5_	0	0.60772
PLACE_optlc_1856	0	1.55556
PLACE_optlc_6148	0	1.44444
PLACE_optlc_3514	0	0.54321
PLACE_optlc_7040	0	1.50617
PLACE_optlc_12687	0	1.49383
PLACE_optlc_10108	0	1.54321
PLACE_optlc_9637	0	1.54321
PLACE_optlc_2373	0	0.555556
PLACE_optlc_3015	0	0.530864
PLACE_optlc_5496	0	1.55556
PLACE_optlc_5008	0	1.55556
PLACE_optlc_9622	0	1.55556
PLACE_optlc_6505	0	0.518519
datamem/U1461	0	0.818403
datamem/U1260	0	0.914954
datamem/U1334	0	0.686582
datamem/U1486	0	1.28752
PLACE_optlc_244	0	0.555556
PLACE_optlc_7052	0	0.518519
PLACE_optlc_6860	0	0.506173
PLACE_optlc_8252	0	1.49383
PLACE_optlc_4462	0	1.55556
datamem/ram_reg_84__13_	0	0.546312
datamem/ram_reg_244__4_	0	1.51914
datamem/ram_reg_205__2_	0	0.557492
PLACE_optlc_6166	0	0.555556
PLACE_optlc_4587	0	1.55556
PLACE_optlc_7252	0	1.54321
PLACE_optlc_3354	0	1.51852
PLACE_optlc_6654	0	0.506173
PLACE_optlc_1852	0	1.54321
PLACE_optlc_343	0	0.506173
datamem/ram_reg_98__8_	0	1.45015
datamem/U3681	0	1.21089
PLACE_optlc_2442	0	0.506173
PLACE_optlc_7448	0	1.51852
PLACE_optlc_9360	0	0.45679
PLACE_optlc_10809	0	0.506173
PLACE_optlc_7741	0	0.518519
PLACE_optlc_5836	0	1.51852
PLACE_optlc_2774	0	1.55556
PLACE_optlc_3119	0	1.45679
datamem/ram_reg_246__7_	0	1.16362
datamem/U1287	0	0.696231
datamem/ram_reg_230__14_	0	0.617546
datamem/U1188	0	0.846705
datamem/ram_reg_227__4_	0	1.11931
PLACE_optlc_12018	0	0.469136
PLACE_optlc_2150	0	1.51852
PLACE_optlc_11823	0	1.55556
PLACE_optlc_8960	0	1.55556
PLACE_optlc_4040	0	1.55556
datamem/ram_reg_69__11_	0	0.556049
datamem/ram_reg_68__5_	0	0.689059
datamem/ram_reg_81__11_	0	0.918654
datamem/U3747	0	0.600251
PLACE_optlc_10691	0	0.493827
PLACE_optlc_11587	0	0.481481
PLACE_optlc_2018	0	0.555556
PLACE_optlc_6266	0	0.530864
PLACE_optlc_3610	0	0.54321
datamem/ram_reg_226__10_	0	1.70316
datamem/U1533	0	0.880872
datamem/U4168	0	0.997346
datamem/U1264	0	0.877789
PLACE_optlc_10610	0	1.55556
PLACE_optlc_10147	0	1.50617
datamem/ram_reg_207__2_	0	1.22214
datamem/ram_reg_246__10_	0	1.82375
datamem/U1242	0	1.33361
PLACE_optlc_10974	0	1.55556
PLACE_optlc_503	0	0.555556
PLACE_optlc_6261	0	1.55556
PLACE_optlc_11258	0	1.55556
PLACE_optlc_9997	0	0.54321
PLACE_optlc_10545	0	0.469136
PLACE_optlc_4511	0	0.518519
PLACE_optlc_1037	0	0.555556
PLACE_optlc_8473	0	1.50617
datamem/U1510	0	0.88365
datamem/U3738	0	1.7386
datamem/ram_reg_73__13_	0	1.87298
datamem/ram_reg_231__15_	0	1.02772
datamem/ram_reg_206__11_	0	1.40191
datamem/ram_reg_105__14_	0	0.560783
datamem/U3699	0	0.66586
datamem/ram_reg_119__10_	0	0.554406
datamem/ram_reg_81__13_	0	1.52221
PLACE_optlc_1716	0	1.50617
PLACE_optlc_1489	0	1.55556
PLACE_optlc_6473	0	1.39506
PLACE_optlc_3177	0	1.49383
datamem/U4197	0	0.670849
datamem/ram_reg_70__5_	0	0.589074
datamem/U1651	0	0.936431
datamem/ram_reg_226__7_	0	0.676686
datamem/ram_reg_201__11_	0	1.23164
datamem/ram_reg_204__8_	0	2.03294
PLACE_optlc_7421	0	0.555556
PLACE_optlc_9093	0	1.55556
PLACE_optlc_7457	0	0.518519
PLACE_optlc_7555	0	0.555556
PLACE_optlc_6037	0	0.518519
datamem/U1883	0	1.46478
datamem/U4032	0	0.811408
datamem/U4196	0	1.88832
datamem/ram_reg_104__2_	0	0.641015
datamem/U1257	0	1.54239
datamem/ram_reg_245__10_	0	0.992033
PLACE_optlc_7169	0	1.45679
PLACE_optlc_4085	0	0.54321
PLACE_optlc_11675	0	1.55556
PLACE_optlc_2215	0	1.35802
PLACE_optlc_841	0	1.55556
PLACE_optlc_3582	0	0.530864
PLACE_optlc_820	0	0.506173
PLACE_optlc_10743	0	1.55556
PLACE_optlc_1082	0	0.555556
datamem/U4453	0	0.975042
datamem/U1551	0	1.37908
datamem/ram_reg_253__13_	0	0.754097
datamem/ram_reg_71__15_	0	0.84093
PLACE_optlc_11469	0	1.55556
PLACE_optlc_58	0	0.518519
datamem/ram_reg_231__14_	0	0.665046
datamem/U4075	0	1.5285
PLACE_optlc_12694	0	1.55556
PLACE_optlc_9104	0	1.49383
PLACE_optlc_10457	0	0.555556
PLACE_optlc_1172	0	0.493827
PLACE_optlc_8270	0	0.493827
PLACE_optlc_8166	0	0.54321
datamem/U4066	0	0.68321
datamem/U1660	0	0.772353
datamem/U1239	0	0.77135
datamem/ram_reg_82__14_	0	1.02478
PLACE_optlc_1287	0	1.55556
PLACE_optlc_9447	0	1.55556
PLACE_optlc_10166	0	1.55556
PLACE_optlc_12100	0	0.45679
PLACE_optlc_8242	0	0.555556
datamem/U1912	0	0.543978
datamem/U4425	0	1.16414
datamem/U4456	0	0.746119
datamem/ram_reg_253__15_	0	0.763461
datamem/ram_reg_91__14_	0	0.58189
datamem/ram_reg_247__7_	0	0.982782
PLACE_optlc_12299	0	1.55556
PLACE_optlc_2880	0	0.518519
PLACE_optlc_5145	0	1.55556
PLACE_optlc_883	0	0.555556
PLACE_optlc_11280	0	1.55556
PLACE_optlc_7866	0	0.555556
PLACE_optlc_8269	0	0.555556
datamem/U1498	0	0.916277
PLACE_optlc_4726	0	0.54321
PLACE_optlc_10390	0	2.53086
PLACE_optlc_11279	0	1.53086
PLACE_optlc_10146	0	0.469136
PLACE_optlc_1272	0	0.518519
datamem/U3812	0	0.798519
datamem/ram_reg_80__8_	0	0.648129
datamem/U2063	0	1.06096
datamem/U4438	0	0.799012
PLACE_optlc_4516	0	0.54321
PLACE_optlc_10568	0	1.53086
PLACE_optlc_4070	0	0.518519
PLACE_optlc_7726	0	0.518519
PLACE_optlc_5390	0	1.55556
PLACE_optlc_8342	0	0.530864
PLACE_optlc_3834	0	1.55556
PLACE_optlc_679	0	0.518519
PLACE_optlc_8869	0	1.54321
datamem/U4049	0	1.31209
datamem/U3804	0	0.92978
datamem/U4179	0	0.866204
datamem/ram_reg_245__13_	0	1.22128
datamem/U3927	0	1.81605
PLACE_optlc_12317	0	1.55556
PLACE_optlc_9901	0	0.555556
PLACE_optlc_1947	0	1.49383
PLACE_optlc_5972	0	1.55556
datamem/ram_reg_112__4_	0	0.671944
datamem/U1913	0	0.643542
datamem/ram_reg_105__13_	0	1.24023
datamem/U2135	0	0.856208
datamem/U1781	0	1.27275
PLACE_optlc_4746	0	1.55556
PLACE_optlc_6985	0	1.55556
PLACE_optlc_3690	0	1.53086
PLACE_optlc_6060	0	1.54321
PLACE_optlc_1060	0	0.555556
PLACE_optlc_5872	0	0.493827
PLACE_optlc_11321	0	0.555556
PLACE_optlc_8419	0	0.518519
datamem/ram_reg_244__14_	0	0.838515
datamem/U4111	0	1.21164
datamem/ram_reg_210__3_	0	1.29477
datamem/ram_reg_217__0_	0	0.620787
PLACE_optlc_11051	0	0.506173
PLACE_optlc_4867	0	0.506173
PLACE_optlc_8754	0	0.555556
PLACE_optlc_11506	0	1.55556
PLACE_optlc_11201	0	1.55556
datamem/ram_reg_210__11_	0	2.53904
PLACE_optlc_8464	0	0.493827
PLACE_optlc_2533	0	0.518519
PLACE_optlc_1101	0	1.51852
PLACE_optlc_1926	0	0.481481
PLACE_optlc_12623	0	1.55556
PLACE_optlc_9807	0	1.55556
PLACE_optlc_3406	0	1.51852
datamem/ram_reg_112__1_	0	0.98282
datamem/ram_reg_69__2_	0	1.01131
datamem/U1552	0	0.881674
PLACE_optlc_4828	0	1.54321
PLACE_optlc_12554	0	0.555556
PLACE_optlc_7770	0	1.54321
PLACE_optlc_7520	0	0.54321
PLACE_optlc_11585	0	0.469136
PLACE_optlc_5398	0	1.55556
datamem/ram_reg_71__5_	0	0.90081
datamem/U4654	0	0.839564
PLACE_optlc_8700	0	1.55556
PLACE_optlc_4177	0	0.530864
PLACE_optlc_755	0	1.55556
PLACE_optlc_926	0	0.54321
PLACE_optlc_7935	0	0.54321
PLACE_optlc_4076	0	0.493827
PLACE_optlc_11245	0	0.469136
PLACE_optlc_3381	0	0.530864
datamem/ram_reg_114__1_	0	0.527874
datamem/ram_reg_86__13_	0	1.08478
datamem/U3972	0	0.873171
datamem/U4488	0	1.23307
datamem/U1236	0	1.22628
datamem/U4613	0	0.693025
datamem/ram_reg_223__6_	0	0.752465
datamem/ram_reg_255__14_	0	1.30153
datamem/ram_reg_219__9_	0	0.611651
PLACE_optlc_8570	0	1.55556
PLACE_optlc_7882	0	1.55556
PLACE_optlc_7851	0	1.48148
PLACE_optlc_10696	0	0.530864
PLACE_optlc_6145	0	0.555556
PLACE_optlc_4065	0	0.555556
PLACE_optlc_10753	0	0.555556
PLACE_optlc_3718	0	0.555556
PLACE_optlc_1329	0	0.493827
PLACE_optlc_9667	0	0.469136
datamem/U4099	0	0.740293
datamem/U1477	0	0.561346
datamem/U1272	0	0.939198
PLACE_optlc_7848	0	0.493827
PLACE_optlc_9591	0	0.469136
PLACE_optlc_9147	0	1.55556
PLACE_optlc_10305	0	1.55556
PLACE_optlc_6695	0	1.49383
datamem/U4114	0	1.09235
datamem/ram_reg_221__6_	0	0.68787
datamem/ram_reg_98__11_	0	0.888403
datamem/U4178	0	1.29653
PLACE_optlc_3021	0	1.55556
PLACE_optlc_11880	0	1.53086
PLACE_optlc_4012	0	0.518519
PLACE_optlc_2691	0	0.518519
PLACE_optlc_8346	0	0.54321
PLACE_optlc_248	0	1.49383
PLACE_optlc_1336	0	0.518519
PLACE_optlc_3074	0	0.54321
datamem/U2084	0	0.862249
datamem/ram_reg_80__5_	0	1.01247
datamem/U3702	0	1.44464
datamem/ram_reg_81__14_	0	0.734198
PLACE_optlc_7205	0	1.55556
PLACE_optlc_1772	0	1.49383
PLACE_optlc_6324	0	1.44444
datamem/U1636	0	0.996111
datamem/U3991	0	0.612323
datamem/ram_reg_69__5_	0	0.712535
datamem/ram_reg_253__14_	0	0.852689
PLACE_optlc_2526	0	1.54321
PLACE_optlc_1110	0	1.55556
PLACE_optlc_9873	0	0.493827
PLACE_optlc_8088	0	0.555556
PLACE_optlc_2295	0	0.54321
PLACE_optlc_662	0	0.493827
PLACE_optlc_2286	0	0.555556
datamem/U1892	0	0.579699
datamem/U1450	0	1.62342
datamem/ram_reg_118__1_	0	0.933117
datamem/U4612	0	1.27134
datamem/U4005	0	0.867188
datamem/U4102	0	0.710806
PLACE_optlc_2313	0	0.555556
PLACE_optlc_3450	0	0.530864
PLACE_optlc_6771	0	1.55556
PLACE_optlc_9274	0	1.55556
PLACE_optlc_1303	0	1.55556
PLACE_optlc_8387	0	1.48148
PLACE_optlc_8375	0	1.53086
PLACE_optlc_1860	0	0.555556
datamem/ram_reg_218__0_	0	0.712315
datamem/U4031	0	0.955675
datamem/U4614	0	0.858619
datamem/ram_reg_104__5_	0	0.953553
datamem/U3648	0	0.696173
datamem/U1886	0	1.07083
PLACE_optlc_6483	0	0.54321
PLACE_optlc_10666	0	1.55556
PLACE_optlc_4333	0	1.51852
PLACE_optlc_8506	0	1.53086
PLACE_optlc_103	0	1.55556
PLACE_optlc_7235	0	0.555556
PLACE_optlc_1328	0	1.49383
PLACE_optlc_7515	0	0.518519
PLACE_optlc_9582	0	1.55556
PLACE_optlc_11919	0	0.469136
PLACE_optlc_4167	0	0.518519
datamem/ram_reg_80__2_	0	0.674456
PLACE_optlc_6552	0	0.54321
PLACE_optlc_8863	0	0.555556
PLACE_optlc_2251	0	0.530864
PLACE_optlc_7971	0	1.49383
PLACE_optlc_9313	0	1.55556
PLACE_optlc_7417	0	1.50617
PLACE_optlc_5998	0	0.518519
PLACE_optlc_9309	0	0.469136
PLACE_optlc_5494	0	0.493827
datamem/U3975	0	0.813287
datamem/ram_reg_115__4_	0	0.718083
datamem/U4485	0	0.768144
datamem/U1480	0	0.898121
datamem/ram_reg_222__14_	0	1.44382
datamem/U1290	0	1.02138
PLACE_optlc_1462	0	0.555556
PLACE_optlc_8150	0	1.45679
PLACE_optlc_12384	0	0.555556
PLACE_optlc_3812	0	1.55556
PLACE_optlc_320	0	0.518519
PLACE_optlc_10819	0	1.49383
datamem/U3753	0	1.71735
datamem/ram_reg_90__8_	0	1.2097
datamem/ram_reg_219__12_	0	1.16397
datamem/U1300	0	1.19536
datamem/ram_reg_98__5_	0	1.32343
PLACE_optlc_2482	0	0.555556
PLACE_optlc_11293	0	1.54321
PLACE_optlc_11344	0	0.469136
PLACE_optlc_2347	0	0.432099
datamem/U1534	0	0.741628
datamem/ram_reg_96__13_	0	0.966543
datamem/ram_reg_85__14_	0	0.750216
datamem/ram_reg_104__11_	0	2.03856
datamem/U4434	0	0.824545
datamem/U4496	0	1.02447
datamem/ram_reg_220__10_	0	1.6824
datamem/ram_reg_119__1_	0	1.43783
PLACE_optlc_1348	0	0.555556
PLACE_optlc_5869	0	1.49383
PLACE_optlc_3283	0	1.51852
PLACE_optlc_3810	0	0.518519
PLACE_optlc_12181	0	1.46914
PLACE_optlc_11915	0	0.506173
PLACE_optlc_9029	0	1.55556
PLACE_optlc_2357	0	0.54321
datamem/U1251	0	0.964533
datamem/ram_reg_84__14_	0	1.22105
datamem/ram_reg_204__11_	0	1.1759
datamem/ram_reg_88__11_	0	0.55559
PLACE_optlc_4562	0	1.55556
PLACE_optlc_12527	0	0.506173
PLACE_optlc_11736	0	0.469136
PLACE_optlc_4615	0	0.54321
PLACE_optlc_10396	0	0.481481
PLACE_optlc_5313	0	0.518519
PLACE_optlc_5808	0	0.54321
datamem/ram_reg_226__4_	0	0.759792
datamem/U1804	0	0.967203
datamem/U4096	0	0.824244
PLACE_optlc_7642	0	0.54321
PLACE_optlc_9047	0	0.469136
PLACE_optlc_1636	0	0.555556
PLACE_optlc_4857	0	0.506173
PLACE_optlc_7379	0	0.54321
PLACE_optlc_10135	0	1.55556
PLACE_optlc_4873	0	0.518519
PLACE_optlc_8674	0	1.54321
PLACE_optlc_4738	0	0.493827
PLACE_optlc_12479	0	1.49383
datamem/ram_reg_247__4_	0	0.714653
datamem/ram_reg_207__11_	0	0.600849
alu_unit/U46	0	0.592488
PLACE_optlc_9828	0	1.55556
PLACE_optlc_12434	0	0.555556
PLACE_optlc_12548	0	0.45679
PLACE_optlc_1750	0	0.518519
PLACE_optlc_7043	0	1.55556
PLACE_optlc_3323	0	0.45679
PLACE_optlc_1361	0	1.55556
datamem/U2030	0	1.48561
datamem/ram_reg_247__15_	0	1.30764
datamem/ram_reg_246__15_	0	1.30341
datamem/ram_reg_246__4_	0	1.32257
datamem/ram_reg_105__15_	0	0.804232
datamem/ram_reg_87__2_	0	0.569838
datamem/ram_reg_207__8_	0	1.12017
PLACE_optlc_6377	0	0.518519
PLACE_optlc_10741	0	0.469136
alu_unit/U43	0	1.30096
U1_Mux2x1/U1	0	0.551262
datamem/ram_reg_246__13_	0	0.568418
PLACE_optlc_1276	0	1.55556
PLACE_optlc_11234	0	0.493827
PLACE_optlc_10300	0	0.555556
PLACE_optlc_11092	0	1.55556
PLACE_optlc_5215	0	1.55556
PLACE_optlc_4007	0	1.55556
datamem/U3756	0	0.712836
datamem/U3717	0	0.817091
datamem/ram_reg_205__8_	0	2.01002
datamem/ram_reg_81__5_	0	0.63588
PLACE_optlc_9735	0	0.555556
PLACE_optlc_4645	0	0.555556
PLACE_optlc_10791	0	1.55556
PLACE_optlc_4393	0	0.530864
PLACE_optlc_10287	0	1.55556
PLACE_optlc_1210	0	1.49383
datamem/U1569	0	1.29589
datamem/U2027	0	1.42389
datamem/U3810	0	1.16927
datamem/U1522	0	1.03287
datamem/ram_reg_210__9_	0	0.582758
datamem/ram_reg_113__4_	0	0.840718
datamem/ram_reg_244__10_	0	1.48152
PLACE_optlc_12757	0	0.469136
PLACE_optlc_6305	0	0.54321
PLACE_optlc_8020	0	1.54321
PLACE_optlc_3814	0	1.49383
PLACE_optlc_1119	0	1.55556
datamem/ram_reg_83__14_	0	0.918318
datamem/U4475	0	0.796551
datamem/U1784	0	1.00078
datamem/ram_reg_99__13_	0	1.86467
datamem/U1605	0	0.891466
datamem/ram_reg_217__6_	0	1.03252
datamem/U2048	0	0.925629
PLACE_optlc_8896	0	0.506173
PLACE_optlc_4519	0	1.55556
PLACE_optlc_3476	0	1.45679
PLACE_optlc_5175	0	1.55556
PLACE_optlc_2746	0	1.51852
PLACE_optlc_3774	0	0.518519
PLACE_optlc_3193	0	1.55556
PLACE_optlc_2922	0	1.55556
datamem/U1456	0	1.20835
datamem/U1453	0	1.41012
PLACE_optlc_11533	0	0.530864
PLACE_optlc_4911	0	1.51852
PLACE_optlc_4659	0	1.45679
PLACE_optlc_1838	0	0.555556
PLACE_optlc_8244	0	1.55556
PLACE_optlc_1132	0	0.469136
datamem/U4041	0	1.02304
PLACE_optlc_7656	0	0.555556
PLACE_optlc_9697	0	1.55556
PLACE_optlc_1752	0	1.55556
alu_unit/U13	0	1.18237
datamem/ram_reg_88__14_	0	0.922218
datamem/U1474	0	0.898191
datamem/ram_reg_84__2_	0	1.19511
PLACE_optlc_11840	0	1.55556
PLACE_optlc_10905	0	0.530864
PLACE_optlc_2905	0	1.55556
PLACE_optlc_4699	0	0.518519
PLACE_optlc_7674	0	1.55556
PLACE_optlc_3275	0	0.555556
PLACE_optlc_9208	0	0.45679
datamem/ram_reg_245__14_	0	1.63375
datamem/U2045	0	0.641474
datamem/ram_reg_252__15_	0	0.888773
datamem/ram_reg_247__13_	0	1.04316
datamem/ram_reg_209__11_	0	1.04108
PLACE_optlc_3316	0	1.50617
PLACE_optlc_11861	0	0.45679
PLACE_optlc_4271	0	1.55556
alu_unit/U22	0	0.636497
datamem/ram_reg_81__8_	0	0.778893
datamem/ram_reg_247__10_	0	1.0293
datamem/ram_reg_88__13_	0	0.808843
datamem/U1254	0	0.796343
PLACE_optlc_11900	0	0.469136
PLACE_optlc_4100	0	1.51852
PLACE_optlc_12016	0	0.530864
PLACE_optlc_9070	0	0.481481
alu_unit/U25	0	0.531887
datamem/U4458	0	1.02751
datamem/U3830	0	0.916991
PLACE_optlc_9015	0	1.53086
PLACE_optlc_1178	0	1.54321
PLACE_optlc_9239	0	0.469136
PLACE_optlc_9297	0	0.469136
PLACE_optlc_7970	0	1.55556
PLACE_optlc_2791	0	0.555556
PLACE_optlc_7099	0	1.54321
datamem/ram_reg_87__13_	0	0.63762
PLACE_optlc_9037	0	0.481481
PLACE_optlc_9703	0	1.53086
PLACE_optlc_11734	0	1.55556
datamem/ram_reg_245__15_	0	1.89553
datamem/U3945	0	0.691644
datamem/ram_reg_211__11_	0	1.45918
datamem/U1471	0	0.821034
PLACE_optlc_1213	0	0.530864
PLACE_optlc_4909	0	0.518519
PLACE_optlc_9559	0	1.55556
PLACE_optlc_8469	0	1.53086
PLACE_optlc_8386	0	0.54321
PLACE_optlc_867	0	0.555556
PLACE_optlc_8277	0	1.55556
datamem/U1778	0	0.701485
datamem/U1914	0	1.04539
datamem/ram_reg_216__6_	0	1.75971
datamem/ram_reg_252__14_	0	0.7137
PLACE_optlc_1145	0	1.51852
PLACE_optlc_12604	0	0.469136
PLACE_optlc_5651	0	0.382716
PLACE_optlc_7155	0	1.55556
alu_unit/r58/U1_12	0	0.728978
datamem/ram_reg_113__1_	0	0.641944
datamem/ram_reg_112__7_	0	0.70147
PLACE_optlc_2191	0	0.493827
PLACE_optlc_2485	0	0.45679
PLACE_optlc_10890	0	0.518519
PLACE_optlc_5036	0	0.518519
PLACE_optlc_675	0	0.530864
PLACE_optlc_4446	0	1.51852
PLACE_optlc_4091	0	0.45679
PLACE_optlc_10360	0	0.469136
datamem/U1587	0	0.757967
PLACE_optlc_4000	0	1.55556
PLACE_optlc_2114	0	0.518519
PLACE_optlc_399	0	1.53086
PLACE_optlc_2048	0	1.55556
PLACE_optlc_6744	0	1.55556
PLACE_optlc_1471	0	1.53086
PLACE_optlc_1028	0	1.40741
datamem/U1750	0	1.25696
datamem/U1570	0	0.706817
datamem/ram_reg_211__0_	0	0.80064
datamem/U1531	0	0.530436
datamem/ram_reg_115__7_	0	0.868804
alu_unit/U10	0	0.966721
datamem/ram_reg_86__2_	0	0.623951
PLACE_optlc_5623	0	0.555556
PLACE_optlc_11898	0	1.54321
PLACE_optlc_11128	0	1.49383
PLACE_optlc_11420	0	1.55556
PLACE_optlc_3728	0	1.55556
PLACE_optlc_7442	0	1.53086
datamem/U4000	0	0.674471
datamem/U1603	0	1.50664
datamem/U2069	0	0.728584
datamem/U4477	0	0.58265
datamem/U2153	0	1.42506
datamem/ram_reg_80__14_	0	0.618615
datamem/U3915	0	1.3518
PLACE_optlc_3246	0	1.55556
PLACE_optlc_11242	0	0.518519
PLACE_optlc_500	0	1.55556
PLACE_optlc_5125	0	0.493827
PLACE_optlc_1888	0	0.530864
PLACE_optlc_9089	0	1.53086
datamem/ram_reg_222__6_	0	0.739205
datamem/U4491	0	0.880012
datamem/U1516	0	1.12113
PLACE_optlc_6340	0	0.45679
PLACE_optlc_12156	0	1.50617
PLACE_optlc_2110	0	0.518519
datamem/ram_reg_98__2_	0	0.828484
datamem/ram_reg_116__10_	0	0.733935
datamem/U3848	0	0.55169
PLACE_HFSBUF_23195_42	0	0.52093
PLACE_optlc_5306	0	1.51852
PLACE_optlc_7034	0	1.51852
PLACE_optlc_11343	0	2.55556
PLACE_optlc_1115	0	1.51852
PLACE_optlc_2554	0	1.55556
PLACE_optlc_6075	0	0.555556
PLACE_optlc_12484	0	1.53086
PLACE_optlc_6001	0	1.51852
datamem/U1468	0	0.604533
PLACE_optlc_8160	0	1.48148
datamem/U1576	0	1.54091
datamem/ram_reg_88__5_	0	0.650583
PLACE_optlc_11451	0	0.530864
PLACE_optlc_5493	0	0.555556
PLACE_optlc_7870	0	1.55556
PLACE_optlc_1915	0	0.518519
PLACE_optlc_7337	0	0.54321
PLACE_optlc_12003	0	1.55556
datamem/ram_reg_88__8_	0	0.92495
datamem/ram_reg_81__2_	0	0.569637
datamem/U1558	0	0.691493
datamem/ram_reg_87__11_	0	0.572508
datamem/U1553	0	0.570868
datamem/U1889	0	1.77603
datamem/U4457	0	0.732423
datamem/ram_reg_221__10_	0	0.692689
PLACE_optlc_9963	0	0.54321
PLACE_optlc_4348	0	0.555556
PLACE_optlc_4766	0	0.555556
PLACE_optlc_12189	0	0.555556
PLACE_optlc_2589	0	1.44444
PLACE_optlc_3628	0	0.506173
PLACE_optlc_525	0	0.518519
datamem/ram_reg_114__7_	0	1.20039
datamem/ram_reg_212__11_	0	1.34701
datamem/U3819	0	0.883457
datamem/ram_reg_104__8_	0	0.593827
datamem/U4009	0	1.60537
PLACE_optlc_2820	0	0.407407
PLACE_optlc_1600	0	1.55556
PLACE_optlc_11604	0	1.53086
PLACE_optlc_11802	0	0.555556
PLACE_optlc_11891	0	0.555556
PLACE_optlc_8696	0	1.50617
PLACE_optlc_10315	0	1.50617
datamem/U3720	0	0.743727
datamem/ram_reg_86__14_	0	1.03014
datamem/U4594	0	1.49034
datamem/U3866	0	1.76844
datamem/U4035	0	0.73233
PLACE_optlc_983	0	0.518519
PLACE_optlc_6230	0	0.555556
PLACE_optlc_8699	0	1.55556
PLACE_optlc_6410	0	1.41975
PLACE_optlc_155	0	0.493827
PLACE_optlc_4733	0	0.555556
PLACE_optlc_7218	0	0.518519
datamem/ram_reg_96__8_	0	1.30818
datamem/U3794	0	0.771393
datamem/ram_reg_84__11_	0	1.36196
datamem/ram_reg_211__9_	0	0.821562
datamem/ram_reg_96__5_	0	1.07606
PLACE_optlc_3285	0	0.555556
PLACE_optlc_3339	0	0.518519
PLACE_optlc_10000	0	1.55556
PLACE_optlc_7753	0	0.54321
PLACE_optlc_10243	0	0.555556
PLACE_optlc_5428	0	1.55556
PLACE_optlc_1824	0	1.55556
PLACE_optlc_12190	0	1.55556
datamem/U1535	0	0.588746
datamem/U4466	0	0.80902
datamem/ram_reg_213__11_	0	0.803735
datamem/U1606	0	1.31674
alu_unit/r58/U1_11	0	1.00755
PLACE_optlc_3403	0	0.530864
PLACE_optlc_2930	0	0.493827
PLACE_optlc_3895	0	0.506173
PLACE_optlc_3888	0	0.481481
PLACE_optlc_11562	0	0.493827
PLACE_optlc_8012	0	0.555556
PLACE_optlc_4457	0	0.54321
datamem/U4593	0	0.909267
datamem/ram_reg_99__11_	0	1.76586
datamem/U4494	0	0.855729
datamem/ram_reg_223__0_	0	1.68847
datamem/ram_reg_210__6_	0	1.46018
PLACE_optlc_7427	0	1.55556
PLACE_optlc_779	0	0.54321
PLACE_optlc_9583	0	1.53086
PLACE_optlc_4163	0	1.55556
PLACE_optlc_2676	0	0.54321
PLACE_optlc_2514	0	1.51852
alu_unit/U49	0	0.937708
datamem/ram_reg_97__13_	0	1.23143
datamem/U1588	0	1.27627
datamem/U3933	0	0.853194
alu_unit/U28	0	0.553056
PLACE_optlc_292	0	0.518519
PLACE_optlc_7559	0	0.530864
PLACE_optlc_1646	0	1.55556
PLACE_optlc_5409	0	1.55556
PLACE_optlc_5414	0	0.518519
PLACE_optlc_12230	0	2.55556
PLACE_optlc_9795	0	0.555556
PLACE_optlc_8614	0	0.506173
PLACE_optlc_3342	0	0.530864
PLACE_optlc_12543	0	0.481481
PLACE_optlc_2535	0	0.555556
datamem/ram_reg_99__15_	0	2.19628
datamem/U3920	0	0.669035
datamem/ram_reg_221__1_	0	0.86907
datamem/ram_reg_84__15_	0	1.18777
datamem/ram_reg_87__14_	0	1.26951
datamem/ram_reg_211__12_	0	0.799008
PLACE_optlc_7332	0	1.55556
PLACE_optlc_970	0	0.555556
PLACE_optlc_4633	0	0.54321
PLACE_optlc_10634	0	0.555556
PLACE_optlc_10214	0	0.555556
PLACE_optlc_8755	0	1.55556
alu_unit/r58/U1_13	0	0.776547
datamem/ram_reg_205__11_	0	0.886462
datamem/ram_reg_206__8_	0	0.778098
datamem/ram_reg_218__9_	0	1.12083
PLACE_optlc_7543	0	0.493827
PLACE_optlc_8683	0	0.481481
PLACE_optlc_10569	0	0.555556
PLACE_optlc_8280	0	1.54321
PLACE_optlc_12253	0	0.493827
datamem/ram_reg_88__2_	0	1.23542
datamem/ram_reg_84__8_	0	1.18751
datamem/ram_reg_98__13_	0	0.625922
datamem/U1775	0	1.08389
datamem/ram_reg_85__15_	0	1.64411
datamem/U3987	0	0.8463
datamem/ram_reg_113__7_	0	0.863642
PLACE_optlc_6215	0	0.530864
PLACE_optlc_5355	0	1.51852
PLACE_optlc_7001	0	0.518519
PLACE_optlc_10981	0	1.55556
datamem/ram_reg_246__14_	0	0.807975
datamem/U3735	0	0.61061
datamem/U3912	0	1.30334
datamem/ram_reg_216__11_	0	1.36337
datamem/ram_reg_218__11_	0	0.907689
datamem/U1462	0	1.34382
datamem/U3956	0	1.0387
PLACE_optlc_7396	0	0.493827
PLACE_optlc_133	0	0.530864
PLACE_optlc_11307	0	0.530864
PLACE_optlc_9671	0	0.506173
PLACE_optlc_9614	0	1.55556
PLACE_optlc_8330	0	1.49383
PLACE_optlc_7943	0	0.54321
datamem/U2087	0	0.693198
datamem/U1600	0	1.17324
PLACE_optlc_10188	0	0.530864
PLACE_optlc_3497	0	0.54321
PLACE_optlc_3440	0	0.555556
PLACE_optlc_10644	0	1.55556
alu_unit/U47	0	1.28161
datamem/U2033	0	1.27071
datamem/U1579	0	1.08765
PLACE_optlc_10229	0	1.54321
PLACE_optlc_4261	0	1.51852
PLACE_optlc_538	0	0.45679
PLACE_optlc_12493	0	0.555556
PLACE_optlc_10778	0	1.55556
PLACE_optlc_1165	0	0.54321
PLACE_optlc_1512	0	1.45679
alu_unit/r58/U1_8	0	0.84907
datamem/ram_reg_86__5_	0	0.88037
alu_unit/r58/U1_10	0	1.85911
datamem/U3807	0	1.31318
PLACE_optlc_6778	0	1.55556
PLACE_optlc_2786	0	0.555556
PLACE_optlc_7197	0	1.54321
PLACE_optlc_3858	0	0.518519
PLACE_optlc_1703	0	1.55556
datamem/U1597	0	0.894267
PLACE_optlc_4053	0	1.51852
PLACE_optlc_3752	0	1.50617
PLACE_optlc_4279	0	1.55556
PLACE_optlc_5465	0	0.555556
datamem/ram_reg_220__6_	0	0.843218
datamem/ram_reg_118__4_	0	0.628067
PLACE_optlc_10053	0	0.555556
PLACE_optlc_6625	0	1.55556
PLACE_optlc_6292	0	1.53086
PLACE_optlc_7794	0	0.54321
PLACE_optlc_6116	0	0.518519
datamem/ram_reg_220__0_	0	0.597303
PLACE_optlc_7993	0	0.518519
PLACE_optlc_4389	0	1.54321
PLACE_optlc_1495	0	0.54321
PLACE_optlc_12066	0	1.55556
PLACE_optlc_9755	0	0.481481
PLACE_optlc_4480	0	1.55556
PLACE_optlc_4718	0	0.54321
PLACE_optlc_9786	0	1.46914
datamem/ram_reg_210__8_	0	0.685856
alu_unit/r58/U1_7	0	0.869043
datamem/U1499	0	1.83975
datamem/U1594	0	0.92973
datamem/ram_reg_88__15_	0	1.30936
PLACE_optlc_10366	0	1.54321
PLACE_optlc_589	0	0.555556
PLACE_optlc_1718	0	0.54321
PLACE_optlc_4340	0	1.53086
PLACE_optlc_10966	0	1.55556
PLACE_optlc_9763	0	0.506173
PLACE_optlc_1259	0	1.53086
alu_unit/U50	0	1.00104
datamem/ram_reg_216__3_	0	1.11823
datamem/U2051	0	0.568835
datamem/U3831	0	1.15235
datamem/ram_reg_82__15_	0	0.615656
PLACE_optlc_12724	0	1.55556
PLACE_optlc_8564	0	1.55556
PLACE_optlc_8970	0	0.555556
PLACE_optlc_5733	0	0.555556
datamem/U2108	0	1.27581
datamem/ram_reg_87__5_	0	1.55357
PLACE_optlc_9462	0	0.506173
PLACE_optlc_6250	0	0.45679
PLACE_optlc_4871	0	0.54321
PLACE_optlc_8326	0	0.493827
datamem/U3822	0	1.11386
datamem/U1623	0	0.59811
datamem/U1585	0	1.94656
datamem/U3776	0	0.75963
datamem/U1742	0	1.03882
datamem/U3824	0	0.715648
datamem/ram_reg_210__0_	0	1.02886
datamem/U3828	0	1.298
datamem/ram_reg_208__11_	0	1.05855
PLACE_optlc_2658	0	0.518519
PLACE_optlc_10121	0	0.530864
PLACE_optlc_8299	0	0.518519
PLACE_optlc_3178	0	0.518519
PLACE_optlc_1480	0	1.53086
datamem/U3902	0	0.99174
datamem/U3765	0	1.23319
datamem/ram_reg_117__10_	0	0.798519
datamem/U2198	0	0.644394
PLACE_optlc_3227	0	1.49383
PLACE_optlc_4027	0	0.555556
PLACE_optlc_4277	0	1.49383
PLACE_optlc_7315	0	1.55556
PLACE_optlc_2711	0	1.55556
datamem/U3806	0	0.977103
datamem/ram_reg_210__5_	0	1.02572
datamem/ram_reg_86__11_	0	0.670216
PLACE_optlc_7397	0	1.54321
PLACE_optlc_3709	0	1.54321
PLACE_optlc_7346	0	0.54321
PLACE_optlc_8338	0	0.518519
PLACE_optlc_4014	0	1.55556
PLACE_optlc_1935	0	1.55556
PLACE_optlc_6892	0	1.54321
PLACE_optlc_6424	0	0.506173
datamem/ram_reg_215__11_	0	0.672157
datamem/U1786	0	1.0281
PLACE_optlc_305	0	1.49383
PLACE_optlc_933	0	0.555556
PLACE_optlc_9609	0	1.49383
PLACE_optlc_6768	0	1.45679
PLACE_optlc_4979	0	0.54321
PLACE_optlc_8622	0	0.481481
PLACE_optlc_3052	0	1.55556
datamem/ram_reg_211__5_	0	2.4894
datamem/U1745	0	1.5314
PLACE_optlc_395	0	0.518519
PLACE_optlc_5135	0	1.51852
PLACE_optlc_11284	0	1.53086
PLACE_optlc_11860	0	0.530864
alu_unit/U31	0	1.48588
datamem/U4023	0	0.799606
datamem/U1796	0	1.43217
datamem/ram_reg_122__10_	0	0.958218
datamem/ram_reg_221__7_	0	1.53414
datamem/ram_reg_214__11_	0	0.980579
datamem/U4476	0	0.775957
datamem/ram_reg_211__3_	0	1.41137
PLACE_optlc_12028	0	1.51852
PLACE_optlc_12659	0	1.55556
PLACE_optlc_8483	0	0.54321
PLACE_optlc_905	0	1.51852
alu_unit/U77	0	1.14486
datamem/U1806	0	0.735679
datamem/U1802	0	0.60887
datamem/U1528	0	1.3998
datamem/ram_reg_123__10_	0	1.0236
datamem/ram_reg_121__10_	0	2.70157
datamem/ram_reg_99__2_	0	0.596686
datamem/ram_reg_85__11_	0	0.774695
PLACE_optlc_9444	0	0.555556
PLACE_optlc_12147	0	0.493827
PLACE_optlc_12184	0	0.469136
PLACE_optlc_6382	0	0.481481
PLACE_optlc_11353	0	0.555556
PLACE_optlc_9036	0	0.45679
PLACE_optlc_11167	0	0.555556
datamem/U1768	0	0.745463
datamem/ram_reg_118__7_	0	0.890644
PLACE_optlc_4099	0	1.55556
PLACE_optlc_12744	0	0.518519
PLACE_optlc_11731	0	1.55556
PLACE_optlc_8691	0	1.51852
PLACE_optlc_3885	0	0.555556
PLACE_optlc_8857	0	0.45679
PLACE_optlc_528	0	0.481481
datamem/U3884	0	1.43374
datamem/U1799	0	0.724626
datamem/U1561	0	0.849147
PLACE_optlc_4131	0	0.518519
PLACE_optlc_3792	0	0.54321
PLACE_optlc_8106	0	0.518519
PLACE_optlc_6677	0	1.49383
datamem/U3954	0	1.39845
datamem/ram_reg_89__8_	0	0.838931
datamem/U3842	0	1.00039
datamem/ram_reg_217__11_	0	0.598881
datamem/ram_reg_89__11_	0	0.578727
PLACE_optlc_3291	0	0.518519
PLACE_optlc_7911	0	1.53086
PLACE_optlc_3231	0	0.530864
PLACE_optlc_6381	0	1.54321
PLACE_optlc_3349	0	0.555556
PLACE_optlc_903	0	1.53086
alu_unit/r58/U1_6	0	0.559491
datamem/U1904	0	0.600853
datamem/U3809	0	1.45038
datamem/U3825	0	0.844981
datamem/ram_reg_99__8_	0	0.913904
datamem/U1751	0	0.595089
PLACE_optlc_4816	0	0.518519
PLACE_optlc_7469	0	0.45679
PLACE_optlc_2328	0	0.506173
PLACE_optlc_7963	0	0.54321
PLACE_optlc_5768	0	1.55556
PLACE_optlc_5435	0	0.54321
PLACE_optlc_11944	0	1.55556
PLACE_optlc_139	0	0.54321
PLACE_optlc_10811	0	0.555556
PLACE_optlc_236	0	1.45679
PLACE_optlc_955	0	0.530864
datamem/ram_reg_86__15_	0	1.32993
datamem/U3981	0	0.90235
PLACE_optlc_3032	0	1.55556
PLACE_optlc_3893	0	0.555556
PLACE_optlc_1526	0	1.46914
PLACE_optlc_2388	0	0.555556
PLACE_optlc_4581	0	0.493827
PLACE_optlc_6876	0	1.50617
PLACE_optlc_4160	0	0.518519
PLACE_optlc_11764	0	0.555556
PLACE_optlc_9142	0	0.555556
datamem/ram_reg_87__15_	0	1.28638
datamem/ram_reg_99__5_	0	0.936667
datamem/ram_reg_96__11_	0	0.929552
datamem/ram_reg_212__5_	0	1.7257
PLACE_optlc_1155	0	1.54321
PLACE_optlc_11437	0	1.55556
PLACE_optlc_2270	0	0.518519
PLACE_optlc_9266	0	1.53086
PLACE_optlc_10094	0	0.481481
PLACE_optlc_3208	0	0.506173
PLACE_optlc_10794	0	1.55556
PLACE_optlc_4601	0	1.55556
PLACE_optlc_4634	0	1.55556
PLACE_optlc_9479	0	1.53086
PLACE_optlc_1012	0	0.518519
datamem/U2234	0	0.726262
datamem/ram_reg_105__5_	0	0.902569
datamem/ram_reg_96__14_	0	1.20173
datamem/ram_reg_89__2_	0	1.31744
PLACE_optlc_3928	0	0.518519
PLACE_optlc_7548	0	0.518519
PLACE_optlc_4313	0	0.555556
PLACE_optlc_12641	0	0.45679
alu_unit/U84	0	1.43269
datamem/ram_reg_208__0_	0	0.56429
datamem/U1567	0	1.0494
datamem/ram_reg_89__13_	0	2.21775
datamem/U1525	0	1.50613
PLACE_optlc_9716	0	0.469136
PLACE_optlc_2458	0	0.530864
PLACE_optlc_7892	0	0.54321
PLACE_optlc_10416	0	1.54321
PLACE_optlc_9305	0	1.53086
datamem/ram_reg_102__14_	0	0.7025
datamem/ram_reg_219__11_	0	0.625189
datamem/U2138	0	1.4984
datamem/ram_reg_217__5_	0	1.09612
datamem/U2174	0	0.751586
datamem/U1760	0	0.697392
PLACE_optlc_4169	0	0.54321
PLACE_optlc_8538	0	0.555556
PLACE_optlc_3455	0	0.518519
PLACE_optlc_6023	0	1.55556
PLACE_optlc_6951	0	0.518519
PLACE_optlc_1774	0	0.54321
PLACE_optlc_10347	0	0.506173
PLACE_optlc_1777	0	1.55556
PLACE_optlc_6975	0	1.50617
PLACE_optlc_1708	0	1.55556
PLACE_optlc_3695	0	1.55556
datamem/U1517	0	0.901821
datamem/ram_reg_208__9_	0	0.989039
PLACE_optlc_10193	0	1.55556
PLACE_optlc_8411	0	0.555556
PLACE_optlc_12269	0	1.55556
PLACE_optlc_9868	0	0.555556
PLACE_optlc_1377	0	1.55556
PLACE_optlc_9270	0	1.55556
PLACE_optlc_162	0	1.55556
PLACE_optlc_4664	0	1.55556
PLACE_optlc_963	0	1.51852
datamem/U3801	0	0.772515
datamem/ram_reg_211__6_	0	1.77417
alu_unit/U82	0	1.1488
PLACE_optlc_2670	0	1.51852
PLACE_optlc_2627	0	0.481481
PLACE_optlc_2542	0	1.55556
PLACE_optlc_5221	0	1.55556
PLACE_optlc_7013	0	1.53086
PLACE_optlc_4332	0	0.506173
PLACE_optlc_12503	0	1.55556
PLACE_optlc_6307	0	0.530864
PLACE_optlc_6564	0	1.55556
PLACE_optlc_7759	0	0.530864
PLACE_optlc_4710	0	1.55556
datamem/ram_reg_122__4_	0	0.987002
datamem/ram_reg_67__10_	0	1.6258
alu_unit/U83	0	0.678561
PLACE_optlc_7444	0	1.55556
PLACE_optlc_5505	0	1.51852
PLACE_optlc_8231	0	0.54321
PLACE_optlc_2995	0	1.51852
datamem/ram_reg_98__15_	0	0.567002
datamem/ram_reg_208__12_	0	0.770984
datamem/ram_reg_97__14_	0	0.900475
datamem/ram_reg_120__4_	0	0.663025
datamem/ram_reg_83__15_	0	1.10505
datamem/ram_reg_84__5_	0	1.29468
datamem/U1607	0	0.69544
PLACE_optlc_11669	0	1.55556
PLACE_optlc_5325	0	0.54321
PLACE_optlc_3487	0	0.54321
PLACE_HFSINV_22959_41	0	1.06688
datamem/ram_reg_220__3_	0	1.29845
datamem/ram_reg_210__12_	0	0.54946
datamem/U1793	0	0.606732
datamem/U3950	0	0.878326
alu_unit/U71	0	1.06868
PLACE_optlc_1293	0	1.54321
PLACE_optlc_464	0	1.55556
PLACE_optlc_2707	0	0.54321
PLACE_optlc_12160	0	0.54321
PLACE_optlc_10919	0	0.555556
PLACE_optlc_7083	0	0.481481
PLACE_optlc_6489	0	0.54321
datamem/ram_reg_85__2_	0	1.55632
datamem/ram_reg_222__3_	0	0.816447
datamem/U2126	0	0.613032
datamem/ram_reg_218__5_	0	1.01948
datamem/ram_reg_216__0_	0	0.649715
PLACE_optlc_6750	0	1.54321
PLACE_optlc_12215	0	1.53086
PLACE_optlc_7231	0	0.555556
PLACE_optlc_8837	0	1.53086
PLACE_optlc_1840	0	0.555556
PLACE_optlc_8757	0	1.55556
PLACE_optlc_8733	0	0.45679
U177	0	0.597643
datamem/ram_reg_97__5_	0	1.47065
alu_unit/U76	0	0.745745
datamem/U2216	0	1.83414
datamem/ram_reg_89__15_	0	0.745216
PLACE_optlc_1698	0	0.506173
PLACE_optlc_5655	0	1.4321
PLACE_optlc_1812	0	1.55556
PLACE_optlc_5469	0	0.54321
alu_unit/U70	0	1.05656
datamem/U4006	0	1.20312
PLACE_optlc_2885	0	0.54321
PLACE_optlc_12482	0	0.54321
PLACE_optlc_3932	0	0.518519
PLACE_optlc_8902	0	0.555556
datamem/U2141	0	1.00383
alu_unit/r58/U1_9	0	0.649869
alu_unit/U72	0	2.00824
PLACE_optlc_1510	0	0.419753
PLACE_optlc_3372	0	1.49383
PLACE_optlc_2493	0	0.54321
PLACE_optlc_4895	0	1.55556
PLACE_optlc_5712	0	0.555556
PLACE_optlc_5249	0	1.55556
alu_unit/U55	0	0.744464
datamem/U3777	0	0.651157
PLACE_optlc_811	0	1.55556
PLACE_optlc_5021	0	1.51852
PLACE_optlc_743	0	0.469136
datamem/U1582	0	1.21626
alu_unit/r58/U1_14	0	1.04
datamem/U1618	0	1.38998
datamem/U3974	0	0.694248
PLACE_optlc_4267	0	1.55556
PLACE_optlc_7814	0	1.55556
PLACE_optlc_7098	0	1.45679
PLACE_optlc_11364	0	0.530864
PLACE_optlc_10591	0	1.55556
PLACE_optlc_9105	0	1.54321
PLACE_optlc_8115	0	1.55556
datamem/U1621	0	1.02787
datamem/U1625	0	1.12027
PLACE_optlc_7381	0	0.54321
PLACE_optlc_8581	0	0.555556
PLACE_optlc_1470	0	0.530864
PLACE_optlc_7560	0	1.51852
PLACE_optlc_735	0	0.54321
PLACE_optlc_9686	0	1.55556
datamem/U1463	0	1.86021
datamem/ram_reg_97__8_	0	1.04119
datamem/ram_reg_80__15_	0	0.701898
datamem/U2210	0	1.1251
datamem/ram_reg_215__5_	0	1.22502
PLACE_optlc_191	0	0.493827
PLACE_optlc_3498	0	1.54321
PLACE_optlc_10175	0	1.46914
PLACE_optlc_6339	0	1.55556
PLACE_optlc_8068	0	1.53086
datamem/U1589	0	0.646593
datamem/ram_reg_247__14_	0	0.854684
PLACE_optlc_3195	0	0.54321
PLACE_optlc_11776	0	1.49383
PLACE_optlc_10252	0	1.55556
PLACE_optlc_7924	0	1.51852
datamem/U3770	0	0.951798
datamem/U1549	0	0.826574
U174	0	0.921987
datamem/U4002	0	0.555451
alu_unit/r58/U1_15	0	1.757
datamem/ram_reg_221__0_	0	1.00711
PLACE_optlc_8119	0	0.555556
PLACE_optlc_7511	0	0.45679
PLACE_optlc_8126	0	1.55556
datamem/U1612	0	1.9266
datamem/U3774	0	1.36528
datamem/U2102	0	1.79459
datamem/U3938	0	1.40926
alu_unit/r58/U1_5	0	1.37245
datamem/ram_reg_210__2_	0	0.773272
PLACE_optlc_7506	0	1.46914
PLACE_optlc_359	0	0.555556
PLACE_optlc_2918	0	0.54321
PLACE_optlc_11227	0	1.55556
PLACE_optlc_10815	0	0.506173
datamem/ram_reg_208__5_	0	1.58529
datamem/ram_reg_86__8_	0	0.610247
datamem/U1564	0	1.16324
datamem/ram_reg_89__14_	0	0.625413
datamem/ram_reg_211__2_	0	0.775945
datamem/U2159	0	0.62387
PLACE_optlc_9616	0	1.55556
PLACE_optlc_8563	0	0.555556
PLACE_optlc_3226	0	0.518519
PLACE_optlc_1214	0	0.555556
PLACE_optlc_5673	0	0.555556
PLACE_optlc_9484	0	1.55556
datamem/U3788	0	0.750208
datamem/U3803	0	0.583225
datamem/U3932	0	0.646107
datamem/ram_reg_214__5_	0	0.625856
datamem/ram_reg_221__3_	0	1.45127
datamem/U3821	0	1.10611
datamem/U2120	0	0.997245
datamem/U2156	0	0.620976
PLACE_optlc_11332	0	1.55556
PLACE_optlc_11507	0	0.555556
PLACE_optlc_8038	0	1.49383
PLACE_optlc_61	0	1.53086
PLACE_optlc_1458	0	1.55556
PLACE_optlc_4946	0	0.555556
PLACE_optlc_2819	0	1.48148
PLACE_optlc_5226	0	0.518519
alu_unit/U58	0	0.773773
PLACE_HFSBUF_143_40	0	1.59816
datamem/U2180	0	0.725258
datamem/ram_reg_209__5_	0	0.95081
PLACE_optlc_8446	0	1.55556
PLACE_optlc_7694	0	1.55556
PLACE_optlc_3920	0	1.49383
PLACE_optlc_9645	0	0.555556
PLACE_optlc_10428	0	1.46914
datamem/U1540	0	0.906474
PLACE_optlc_2536	0	1.55556
PLACE_optlc_9464	0	0.54321
PLACE_optlc_9199	0	0.555556
PLACE_optlc_741	0	1.45679
PLACE_optlc_803	0	1.55556
PLACE_optlc_5613	0	0.518519
PLACE_optlc_7124	0	1.51852
PLACE_optlc_4072	0	1.55556
alu_unit/U56	0	1.35445
alu_unit/U59	0	0.908248
datamem/U1748	0	1.47733
datamem/ram_reg_96__2_	0	1.83514
PLACE_optlc_7740	0	1.55556
PLACE_optlc_4025	0	1.55556
PLACE_optlc_10436	0	0.555556
PLACE_optlc_5816	0	1.55556
PLACE_optlc_10258	0	1.51852
PLACE_optlc_8810	0	1.55556
PLACE_optlc_6712	0	1.55556
PLACE_optlc_3167	0	0.54321
PLACE_optlc_12232	0	1.53086
PLACE_optlc_1991	0	1.55556
PLACE_optlc_8442	0	0.506173
datamem/ram_reg_66__10_	0	0.548978
datamem/U1859	0	0.902955
PLACE_optlc_11188	0	0.506173
PLACE_optlc_12553	0	1.55556
PLACE_optlc_5296	0	0.555556
PLACE_optlc_9859	0	0.506173
PLACE_optlc_10808	0	0.469136
PLACE_optlc_5754	0	1.55556
PLACE_optlc_161	0	1.55556
datamem/ram_reg_97__2_	0	1.0003
datamem/U3909	0	0.725463
datamem/ram_reg_117__4_	0	0.768819
datamem/ram_reg_213__5_	0	0.739506
PLACE_optlc_1567	0	0.530864
PLACE_optlc_3604	0	0.555556
PLACE_optlc_3451	0	0.54321
PLACE_optlc_12481	0	0.555556
PLACE_optlc_760	0	1.51852
PLACE_optlc_10319	0	0.45679
PLACE_optlc_4402	0	0.555556
PLACE_optlc_1421	0	1.55556
alu_unit/r58/U1_4	0	1.48485
alu_unit/U78	0	0.603738
datamem/U3984	0	0.871138
datamem/ram_reg_87__8_	0	1.16929
datamem/U3813	0	1.57163
datamem/ram_reg_116__4_	0	0.569961
datamem/ram_reg_105__11_	0	0.988009
PLACE_optlc_9644	0	0.506173
PLACE_optlc_7186	0	1.55556
PLACE_optlc_8984	0	0.469136
PLACE_optlc_3257	0	1.49383
PLACE_optlc_8904	0	1.55556
PLACE_optlc_11935	0	1.55556
PLACE_optlc_7325	0	0.555556
PLACE_optlc_11200	0	0.469136
PLACE_optlc_10667	0	1.55556
datamem/ram_reg_222__10_	0	1.02789
datamem/ram_reg_120__10_	0	0.776219
datamem/U1571	0	0.887863
U166	0	1.47728
datamem/U2228	0	1.04088
datamem/U1788	0	1.26779
alu_unit/U52	0	0.797623
datamem/ram_reg_119__7_	0	0.962492
alu_unit/U53	0	0.977951
PLACE_optlc_6094	0	1.49383
PLACE_optlc_4666	0	1.55556
PLACE_optlc_4637	0	0.54321
PLACE_optlc_2983	0	1.51852
PLACE_optlc_10887	0	0.469136
PLACE_optlc_7059	0	0.555556
datamem/U4027	0	1.17939
datamem/ram_reg_208__3_	0	0.982415
datamem/ram_reg_208__6_	0	0.654792
datamem/U1769	0	1.16657
datamem/ram_reg_105__8_	0	1.38118
PLACE_optlc_10322	0	1.49383
PLACE_optlc_1589	0	1.55556
PLACE_optlc_1895	0	1.55556
PLACE_optlc_4599	0	0.555556
PLACE_optlc_3022	0	0.530864
PLACE_optlc_1534	0	0.493827
datamem/ram_reg_89__5_	0	2.31103
datamem/U1481	0	0.631053
datamem/ram_reg_100__8_	0	2.14502
datamem/U4020	0	1.02249
PLACE_optlc_10717	0	0.555556
PLACE_optlc_6823	0	1.55556
PLACE_optlc_9383	0	1.55556
PLACE_optlc_4117	0	0.518519
PLACE_optlc_4800	0	0.54321
PLACE_optlc_3070	0	1.55556
PLACE_optlc_2143	0	0.54321
PLACE_optlc_7572	0	0.506173
PLACE_optlc_2892	0	1.45679
PLACE_optlc_3328	0	1.55556
datamem/ram_reg_103__14_	0	0.64934
datamem/U1766	0	1.25957
datamem/U4078	0	0.914549
datamem/U1204	0	1.9361
datamem/U1223	0	0.60076
datamem/ram_reg_119__4_	0	1.25464
U168	0	0.879518
PLACE_optlc_6851	0	0.481481
PLACE_optlc_11381	0	1.53086
PLACE_optlc_766	0	1.55556
PLACE_optlc_3600	0	1.51852
datamem/ram_reg_216__5_	0	0.642797
datamem/ram_reg_105__2_	0	0.966605
datamem/ram_reg_219__5_	0	1.02319
datamem/U1763	0	0.92436
datamem/ram_reg_97__11_	0	0.988962
datamem/ram_reg_123__4_	0	0.625563
PLACE_optlc_12723	0	0.555556
PLACE_optlc_5472	0	1.55556
PLACE_optlc_9908	0	0.555556
PLACE_optlc_3250	0	1.54321
PLACE_optlc_2449	0	1.49383
PLACE_optlc_5137	0	1.50617
PLACE_optlc_7587	0	0.506173
datamem/ram_reg_219__0_	0	1.11605
datamem/U3896	0	0.70488
datamem/ram_reg_81__15_	0	0.717137
datamem/U3878	0	0.904595
PLACE_optlc_12319	0	0.530864
PLACE_optlc_5088	0	0.54321
PLACE_optlc_3677	0	1.48148
PLACE_optlc_4570	0	1.49383
PLACE_optlc_1433	0	0.518519
PLACE_optlc_3501	0	1.49383
PLACE_optlc_12560	0	0.54321
datamem/ram_reg_65__10_	0	0.673823
PLACE_optlc_11517	0	1.55556
PLACE_optlc_12637	0	0.555556
PLACE_optlc_2578	0	0.54321
PLACE_optlc_9619	0	0.555556
PLACE_optlc_1189	0	1.50617
PLACE_optlc_11632	0	0.469136
datamem/ram_reg_85__5_	0	0.821763
datamem/U1877	0	1.71453
datamem/ram_reg_102__13_	0	0.653538
PLACE_optlc_7054	0	1.45679
PLACE_optlc_5451	0	1.45679
PLACE_optlc_5748	0	1.55556
PLACE_optlc_10883	0	1.46914
PLACE_optlc_817	0	1.55556
PLACE_optlc_10704	0	1.53086
U179	0	1.23421
datamem/U2192	0	0.88603
datamem/U3857	0	0.922087
datamem/U1823	0	0.958615
U314	0	0.8562
PLACE_optlc_3750	0	1.46914
PLACE_optlc_10138	0	0.555556
PLACE_optlc_2866	0	0.555556
PLACE_optlc_12403	0	1.55556
PLACE_optlc_12473	0	0.469136
PLACE_optlc_5156	0	0.506173
PLACE_optlc_3027	0	0.54321
PLACE_optlc_5078	0	1.55556
datamem/ram_reg_208__8_	0	1.0396
datamem/ram_reg_209__12_	0	0.754352
U176	0	0.632762
datamem/U1910	0	1.17875
datamem/U3999	0	1.01176
PLACE_optlc_7060	0	1.55556
PLACE_optlc_11118	0	1.54321
PLACE_optlc_12597	0	1.55556
PLACE_optlc_2912	0	1.49383
PLACE_optlc_4508	0	0.530864
PLACE_optlc_12263	0	0.493827
PLACE_optlc_9567	0	0.555556
PLACE_optlc_6944	0	0.54321
datamem/ram_reg_100__5_	0	0.630193
U164	0	0.805802
datamem/U3947	0	1.03088
PLACE_optlc_10131	0	0.555556
PLACE_optlc_7934	0	1.55556
PLACE_optlc_4350	0	1.55556
PLACE_optlc_3760	0	1.55556
PLACE_optlc_8383	0	0.518519
PLACE_optlc_3233	0	0.54321
PLACE_optlc_5672	0	1.55556
datamem/ram_reg_100__14_	0	1.25104
datamem/U2207	0	0.584294
datamem/ram_reg_225__4_	0	0.597724
pc_current_reg_11_	0	1.05039
datamem/ram_reg_121__4_	0	1.24784
PLACE_optlc_6504	0	0.493827
PLACE_optlc_7951	0	0.555556
PLACE_optlc_4006	0	0.518519
PLACE_optlc_2020	0	0.54321
PLACE_optlc_7033	0	1.55556
PLACE_optlc_9210	0	1.50617
PLACE_optlc_10856	0	0.469136
PLACE_optlc_4375	0	0.493827
PLACE_optlc_1220	0	1.51852
datamem/ram_reg_211__8_	0	0.704302
datamem/ram_reg_66__9_	0	0.600876
datamem/ram_reg_122__1_	0	0.840702
datamem/ram_reg_97__15_	0	0.585694
PLACE_optlc_8406	0	0.54321
PLACE_optlc_1046	0	1.55556
PLACE_optlc_8279	0	1.51852
PLACE_optlc_2212	0	0.506173
PLACE_optlc_12628	0	0.555556
datamem/U1624	0	1.4313
datamem/ram_reg_220__1_	0	0.826802
datamem/U1787	0	0.701154
datamem/U4495	0	0.585918
datamem/U1805	0	0.819371
datamem/U1205	0	0.843673
PLACE_optlc_5445	0	1.55556
PLACE_optlc_1343	0	0.45679
PLACE_optlc_472	0	0.54321
PLACE_optlc_11096	0	1.55556
PLACE_optlc_5894	0	0.518519
PLACE_optlc_2416	0	1.55556
PLACE_optlc_8721	0	0.555556
PLACE_optlc_7746	0	0.54321
PLACE_optlc_1167	0	1.55556
datamem/ram_reg_218__2_	0	1.53375
datamem/ram_reg_98__14_	0	1.64152
U324	0	0.62811
datamem/U1739	0	0.617361
datamem/U1199	0	1.59555
datamem/ram_reg_213__2_	0	0.87966
datamem/ram_reg_70__10_	0	0.569383
PLACE_optlc_9016	0	1.55556
PLACE_optlc_7403	0	0.54321
PLACE_optlc_9754	0	1.53086
PLACE_optlc_8613	0	0.469136
PLACE_optlc_7569	0	0.54321
PLACE_optlc_7544	0	1.54321
PLACE_optlc_4971	0	1.55556
datamem/U1907	0	1.77704
PLACE_optlc_6696	0	1.49383
PLACE_optlc_7488	0	1.55556
PLACE_optlc_1157	0	0.518519
PLACE_optlc_11547	0	0.419753
PLACE_optlc_3202	0	1.54321
PLACE_optlc_4484	0	1.51852
datamem/U3795	0	0.942384
datamem/U3773	0	1.19752
datamem/U1615	0	0.791254
PLACE_optlc_152	0	0.555556
PLACE_optlc_10955	0	1.45679
PLACE_optlc_10389	0	1.55556
PLACE_optlc_11065	0	0.555556
PLACE_optlc_476	0	1.55556
PLACE_optlc_11513	0	1.55556
datamem/U1822	0	1.01313
datamem/ram_reg_216__9_	0	0.891154
datamem/U1757	0	0.825177
datamem/ram_reg_102__5_	0	0.844178
datamem/U3860	0	1.25568
datamem/U3771	0	0.669931
PLACE_optlc_5490	0	1.49383
PLACE_optlc_6021	0	0.45679
PLACE_optlc_7067	0	0.54321
U284	0	0.965058
datamem/U3968	0	0.725579
alu_unit/U80	0	1.05046
PLACE_optlc_6513	0	0.518519
PLACE_optlc_4347	0	1.55556
datamem/ram_reg_209__8_	0	0.981146
datamem/ram_reg_209__2_	0	0.773372
datamem/U1878	0	0.808534
datamem/ram_reg_99__14_	0	1.17786
PLACE_optlc_11936	0	1.53086
PLACE_optlc_622	0	1.55556
PLACE_optlc_1009	0	1.45679
PLACE_optlc_4837	0	1.55556
PLACE_optlc_9887	0	0.444444
PLACE_optlc_11329	0	1.54321
PLACE_optlc_10270	0	0.469136
PLACE_optlc_11546	0	0.555556
PLACE_optlc_3978	0	1.55556
datamem/ram_reg_220__9_	0	2.15498
alu_unit/U79	0	0.75534
datamem/ram_reg_208__2_	0	0.841242
pc_current_reg_12_	0	0.625224
PLACE_optlc_10454	0	0.555556
PLACE_optlc_10873	0	0.518519
PLACE_optlc_3265	0	1.54321
datamem/U1901	0	1.4864
datamem/ram_reg_100__13_	0	1.18099
PLACE_optlc_1523	0	1.53086
PLACE_optlc_6959	0	0.555556
PLACE_optlc_3173	0	0.54321
PLACE_optlc_9930	0	1.55556
PLACE_optlc_9809	0	1.55556
datamem/U3893	0	0.641049
alu_unit/U81	0	0.730185
datamem/U3768	0	0.761748
U276	0	0.659433
datamem/U1295	0	0.853688
PLACE_optlc_4997	0	1.55556
PLACE_optlc_11878	0	1.53086
PLACE_optlc_10096	0	0.555556
datamem/U1543	0	1.05572
datamem/U3914	0	1.21899
alu_unit/U40	0	1.24839
PLACE_optlc_7519	0	0.54321
PLACE_optlc_2070	0	0.518519
PLACE_optlc_12654	0	1.54321
PLACE_optlc_11225	0	0.469136
PLACE_optlc_8094	0	0.45679
PLACE_optlc_11647	0	1.55556
datamem/ram_reg_66__4_	0	0.692002
datamem/U4068	0	0.731543
datamem/U3875	0	0.988789
datamem/ram_reg_215__2_	0	0.853885
datamem/ram_reg_102__8_	0	0.692103
U312	0	0.74537
datamem/U1858	0	0.720401
PLACE_optlc_11457	0	1.54321
PLACE_optlc_12172	0	1.55556
PLACE_optlc_7109	0	1.49383
PLACE_optlc_6629	0	1.55556
PLACE_optlc_1416	0	1.55556
PLACE_optlc_5698	0	0.54321
PLACE_optlc_3826	0	1.55556
PLACE_optlc_1246	0	1.55556
PLACE_optlc_6207	0	0.493827
datamem/ram_reg_123__1_	0	0.587461
datamem/ram_reg_220__7_	0	1.19321
datamem/ram_reg_92__14_	0	0.580224
datamem/U1817	0	0.5574
datamem/U3966	0	0.737697
PLACE_optlc_257	0	0.493827
PLACE_optlc_7890	0	1.55556
PLACE_optlc_5011	0	1.50617
PLACE_optlc_10853	0	1.54321
PLACE_optlc_8466	0	1.54321
PLACE_optlc_7748	0	0.518519
PLACE_optlc_4623	0	1.54321
datamem/ram_reg_120__7_	0	1.32289
datamem/ram_reg_214__2_	0	0.751582
datamem/ram_reg_67__12_	0	0.975328
datamem/ram_reg_71__10_	0	1.31595
PLACE_optlc_5682	0	1.55556
PLACE_optlc_1974	0	0.45679
PLACE_optlc_4197	0	1.51852
PLACE_optlc_2870	0	1.45679
PLACE_optlc_4110	0	0.54321
PLACE_optlc_7592	0	0.518519
datamem/U1187	0	1.07707
datamem/ram_reg_219__3_	0	0.764144
datamem/U1195	0	0.720135
datamem/ram_reg_68__10_	0	1.19194
PLACE_optlc_1521	0	0.530864
PLACE_optlc_219	0	1.50617
PLACE_optlc_11895	0	0.506173
PLACE_optlc_12174	0	0.45679
PLACE_optlc_6459	0	1.55556
PLACE_optlc_4705	0	1.51852
PLACE_optlc_958	0	1.55556
datamem/ram_reg_212__2_	0	0.706265
datamem/ram_reg_103__15_	0	0.610995
datamem/U3839	0	0.710374
U291	0	0.879568
U266	0	0.852072
datamem/ram_reg_64__10_	0	0.570968
alu_unit/U16	0	0.910467
PLACE_optlc_11429	0	0.555556
PLACE_optlc_4680	0	0.518519
PLACE_optlc_1559	0	1.55556
PLACE_optlc_519	0	0.555556
datamem/ram_reg_67__4_	0	0.861161
datamem/U3982	0	0.989522
datamem/U1814	0	0.628769
datamem/U2117	0	1.19898
alu_unit/U19	0	0.66353
U321	0	1.45972
PLACE_optlc_3206	0	0.493827
PLACE_optlc_136	0	1.53086
PLACE_optlc_12525	0	1.55556
PLACE_optlc_7612	0	0.54321
PLACE_optlc_6752	0	1.50617
PLACE_optlc_7522	0	0.54321
PLACE_optlc_9289	0	1.53086
PLACE_optlc_11541	0	1.49383
PLACE_optlc_11899	0	1.53086
PLACE_optlc_10885	0	0.45679
datamem/U3988	0	0.830351
datamem/ram_reg_66__0_	0	0.711231
PLACE_optlc_8609	0	0.469136
PLACE_optlc_1550	0	1.55556
PLACE_optlc_11215	0	0.530864
PLACE_optlc_5757	0	0.518519
PLACE_optlc_6465	0	0.555556
datamem/ram_reg_64__4_	0	1.39607
U282	0	0.877157
datamem/ram_reg_103__13_	0	1.03437
datamem/U3791	0	1.11239
datamem/ram_reg_122__7_	0	0.852812
alu_unit/r58/U1_3	0	0.79647
datamem/ram_reg_209__6_	0	0.932249
PLACE_optlc_1487	0	1.51852
PLACE_optlc_10472	0	0.54321
PLACE_optlc_8064	0	1.55556
PLACE_optlc_11522	0	0.469136
PLACE_optlc_4270	0	0.506173
PLACE_optlc_7990	0	1.49383
PLACE_optlc_12671	0	1.55556
PLACE_optlc_8911	0	0.555556
PLACE_optlc_1666	0	1.51852
datamem/U1669	0	0.773812
datamem/U3827	0	1.01118
PLACE_optlc_6765	0	1.55556
PLACE_optlc_571	0	0.54321
PLACE_optlc_5931	0	1.55556
PLACE_optlc_4503	0	1.53086
datamem/ram_reg_92__5_	0	0.799348
datamem/U1277	0	1.52258
PLACE_optlc_6357	0	1.48148
PLACE_optlc_9774	0	1.53086
PLACE_optlc_4220	0	0.518519
PLACE_optlc_9363	0	1.53086
PLACE_optlc_3026	0	0.518519
PLACE_optlc_157	0	1.51852
datamem/U3963	0	0.802431
datamem/ram_reg_224__12_	0	1.41922
datamem/U1752	0	0.959946
datamem/U3767	0	0.90784
datamem/U3863	0	0.860436
alu_unit/U34	0	1.11965
datamem/ram_reg_100__11_	0	2.41667
datamem/U3785	0	0.673029
datamem/U1850	0	0.830826
PLACE_optlc_85	0	0.518519
PLACE_optlc_8247	0	1.55556
PLACE_optlc_3011	0	1.49383
PLACE_optlc_7899	0	0.555556
PLACE_optlc_740	0	1.49383
PLACE_optlc_105	0	1.55556
PLACE_optlc_11677	0	1.55556
PLACE_optlc_4064	0	1.49383
U281	0	0.951628
U277	0	1.19362
datamem/U1666	0	0.801601
PLACE_optlc_9984	0	1.55556
PLACE_optlc_1345	0	1.55556
PLACE_optlc_12611	0	1.55556
PLACE_optlc_11842	0	0.555556
PLACE_optlc_7356	0	1.54321
PLACE_optlc_10731	0	1.55556
PLACE_optlc_587	0	0.555556
PLACE_optlc_7771	0	0.54321
PLACE_optlc_2037	0	0.518519
PLACE_optlc_6042	0	0.54321
datamem/U1672	0	0.853708
datamem/ram_reg_225__10_	0	0.584684
U320	0	0.952373
U175	0	0.703677
U264	0	1.26289
datamem/ram_reg_92__8_	0	1.15269
datamem/ram_reg_216__2_	0	0.914097
PLACE_optlc_3611	0	0.555556
PLACE_optlc_5181	0	1.50617
PLACE_optlc_4592	0	1.45679
PLACE_optlc_6165	0	0.555556
PLACE_optlc_7680	0	1.55556
PLACE_optlc_9103	0	0.45679
PLACE_optlc_6024	0	1.55556
PLACE_optlc_1396	0	0.518519
PLACE_optlc_12143	0	1.54321
PLACE_optlc_7829	0	0.481481
PLACE_optlc_7754	0	1.55556
datamem/U1770	0	0.680289
datamem/ram_reg_209__3_	0	0.614333
datamem/ram_reg_92__13_	0	0.955035
datamem/ram_reg_96__15_	0	1.43577
datamem/ram_reg_92__2_	0	0.557955
datamem/ram_reg_209__9_	0	0.567022
PLACE_optlc_1274	0	0.506173
PLACE_optlc_4219	0	0.493827
PLACE_optlc_2804	0	1.51852
PLACE_optlc_7737	0	1.51852
PLACE_optlc_3530	0	1.49383
datamem/ram_reg_120__1_	0	0.803692
datamem/U2225	0	0.959379
datamem/ram_reg_117__1_	0	1.35171
U289	0	1.10559
datamem/ram_reg_102__15_	0	0.578916
datamem/ram_reg_69__10_	0	1.06129
U178	0	0.545768
PLACE_optlc_3190	0	0.530864
PLACE_optlc_315	0	0.518519
PLACE_optlc_11602	0	1.53086
PLACE_optlc_4158	0	1.53086
datamem/ram_reg_227__8_	0	0.706076
datamem/ram_reg_85__8_	0	0.791555
datamem/ram_reg_219__2_	0	0.555459
datamem/ram_reg_213__8_	0	1.18724
datamem/ram_reg_217__2_	0	0.611782
datamem/U3911	0	1.11094
datamem/U1824	0	0.933106
PLACE_optlc_2523	0	0.54321
PLACE_optlc_8775	0	1.51852
PLACE_optlc_1726	0	0.45679
PLACE_optlc_2361	0	1.55556
PLACE_optlc_11302	0	1.54321
datamem/U3786	0	1.54205
datamem/ram_reg_100__2_	0	0.609911
PLACE_optlc_9397	0	0.555556
PLACE_optlc_9782	0	1.48148
PLACE_optlc_9043	0	1.55556
PLACE_optlc_6217	0	1.49383
PLACE_optlc_2320	0	1.54321
PLACE_optlc_11169	0	0.469136
PLACE_optlc_5599	0	1.55556
PLACE_optlc_1307	0	0.530864
PLACE_optlc_2736	0	1.49383
PLACE_optlc_8737	0	1.55556
U298	0	0.761485
datamem/ram_reg_121__1_	0	0.938202
datamem/ram_reg_100__15_	0	1.04411
datamem/ram_reg_92__15_	0	0.682454
datamem/U3990	0	0.730575
PLACE_optlc_11782	0	0.518519
PLACE_optlc_7045	0	1.55556
PLACE_optlc_12685	0	0.469136
PLACE_optlc_11331	0	1.55556
PLACE_optlc_11204	0	0.54321
datamem/U3965	0	1.22563
PLACE_optlc_5318	0	1.45679
PLACE_optlc_5068	0	1.55556
PLACE_optlc_8017	0	1.50617
PLACE_optlc_6737	0	1.54321
PLACE_optlc_380	0	1.51852
U231	0	0.793102
datamem/U3918	0	0.790606
datamem/U2189	0	1.40081
PLACE_optlc_4011	0	0.555556
PLACE_optlc_12111	0	0.444444
PLACE_optlc_5812	0	1.55556
PLACE_optlc_8502	0	1.53086
PLACE_optlc_11981	0	0.45679
PLACE_optlc_8667	0	0.518519
datamem/U1876	0	1.35025
datamem/U1853	0	1.19586
datamem/U1217	0	0.563337
datamem/U1225	0	0.97936
datamem/U4024	0	0.571046
PLACE_optlc_11499	0	1.55556
PLACE_optlc_5861	0	0.54321
PLACE_optlc_6658	0	1.55556
PLACE_optlc_496	0	0.555556
PLACE_optlc_6536	0	1.55556
PLACE_optlc_5112	0	0.555556
alu_unit/U66	0	0.877249
U330	0	1.03865
datamem/U2213	0	0.766825
datamem/U1389	0	0.660934
PLACE_optlc_8909	0	0.54321
PLACE_optlc_3770	0	0.54321
PLACE_optlc_4679	0	1.50617
PLACE_optlc_6028	0	0.555556
PLACE_optlc_8035	0	0.506173
PLACE_optlc_8460	0	0.555556
PLACE_optlc_8041	0	0.555556
PLACE_optlc_9357	0	0.469136
datamem/U4100	0	0.583935
datamem/U1169	0	0.736381
datamem/ram_reg_101__14_	0	0.688808
datamem/U1678	0	1.23076
PLACE_optlc_1052	0	0.518519
PLACE_optlc_2890	0	0.518519
PLACE_optlc_1105	0	0.506173
PLACE_optlc_5948	0	0.506173
PLACE_optlc_2094	0	0.481481
PLACE_optlc_9682	0	0.555556
U296	0	0.665621
datamem/U3789	0	1.14043
datamem/ram_reg_76__14_	0	0.635988
datamem/U2177	0	1.75782
datamem/ram_reg_86__10_	0	0.58331
datamem/U4118	0	0.770679
datamem/U1679	0	1.21746
PLACE_optlc_7251	0	1.4321
PLACE_optlc_7282	0	0.493827
PLACE_optlc_277	0	0.518519
PLACE_optlc_2463	0	1.55556
alu_unit/U65	0	1.27194
PLACE_optlc_9389	0	1.55556
PLACE_optlc_3614	0	1.53086
U311	0	0.638638
datamem/U1220	0	1.2837
datamem/ram_reg_215__8_	0	0.709722
datamem/ram_reg_227__11_	0	1.18194
datamem/ram_reg_222__7_	0	0.760212
datamem/U1677	0	1.21389
PLACE_optlc_8607	0	0.555556
PLACE_optlc_9403	0	1.55556
PLACE_optlc_4206	0	1.53086
PLACE_optlc_10740	0	1.55556
PLACE_optlc_9798	0	1.55556
PLACE_optlc_7216	0	1.55556
PLACE_optlc_1466	0	0.45679
datamem/U1207	0	0.63027
datamem/U1163	0	0.573773
datamem/U2171	0	1.35098
alu_unit/U69	0	1.78402
PLACE_optlc_5691	0	0.518519
PLACE_optlc_11642	0	1.53086
PLACE_optlc_12591	0	1.55556
PLACE_optlc_11489	0	0.530864
PLACE_optlc_8558	0	1.55556
reg_file/reg_array_reg_7__1_	0	1.466
datamem/U3792	0	0.549645
datamem/ram_reg_220__12_	0	0.822774
datamem/ram_reg_214__8_	0	2.20901
PLACE_optlc_3453	0	0.555556
PLACE_optlc_7972	0	1.55556
PLACE_optlc_2813	0	0.555556
PLACE_optlc_11150	0	0.481481
PLACE_optlc_1819	0	0.530864
PLACE_optlc_4401	0	1.55556
PLACE_optlc_12271	0	1.55556
PLACE_optlc_10405	0	0.506173
datamem/ram_reg_103__5_	0	1.05406
datamem/U1241	0	0.802207
U328	0	0.884498
datamem/ram_reg_102__2_	0	1.18714
datamem/ram_reg_226__2_	0	1.00275
datamem/ram_reg_222__0_	0	0.884159
PLACE_optlc_9073	0	1.53086
PLACE_optlc_2945	0	0.530864
PLACE_optlc_5453	0	0.555556
PLACE_optlc_5424	0	1.55556
PLACE_optlc_3938	0	1.55556
datamem/U1546	0	0.686582
datamem/ram_reg_227__2_	0	0.683202
datamem/U4017	0	1.53057
datamem/ram_reg_226__8_	0	1.43608
reg_file/reg_array_reg_1__1_	0	0.648553
PLACE_optlc_11023	0	1.54321
PLACE_optlc_9427	0	1.46914
PLACE_optlc_8610	0	0.555556
PLACE_optlc_11249	0	0.555556
PLACE_optlc_6370	0	0.493827
PLACE_optlc_1688	0	0.54321
PLACE_optlc_5032	0	0.518519
PLACE_optlc_10491	0	0.555556
PLACE_optlc_5332	0	1.55556
PLACE_optlc_6769	0	0.518519
datamem/U3930	0	0.770432
datamem/U4431	0	0.755613
datamem/U3929	0	0.844279
reg_file/reg_array_reg_5__1_	0	0.914846
datamem/U4112	0	0.597014
datamem/U1847	0	1.24926
PLACE_optlc_1372	0	1.55556
PLACE_optlc_3951	0	0.518519
PLACE_optlc_590	0	1.51852
PLACE_optlc_10804	0	1.53086
PLACE_optlc_4032	0	0.518519
PLACE_optlc_217	0	0.555556
PLACE_optlc_1431	0	0.555556
datamem/U2099	0	0.593819
datamem/U1860	0	1.06174
PLACE_optlc_3992	0	1.51852
PLACE_optlc_6637	0	0.530864
PLACE_optlc_7015	0	1.50617
PLACE_optlc_606	0	0.518519
PLACE_optlc_12377	0	0.555556
PLACE_optlc_1374	0	1.55556
PLACE_optlc_2656	0	0.493827
PLACE_optlc_7948	0	0.555556
reg_file/U166	0	0.984001
datamem/ram_reg_67__7_	0	1.59186
datamem/U2123	0	0.814506
datamem/U4084	0	1.17972
datamem/ram_reg_66__12_	0	0.651011
PLACE_optlc_2984	0	1.55556
PLACE_optlc_5704	0	0.555556
PLACE_optlc_5258	0	1.51852
PLACE_optlc_11643	0	1.53086
PLACE_optlc_4341	0	1.51852
PLACE_optlc_11868	0	1.55556
PLACE_optlc_987	0	0.555556
PLACE_optlc_7165	0	0.444444
PLACE_optlc_7904	0	0.555556
PLACE_optlc_8081	0	0.518519
PLACE_optlc_12650	0	0.530864
U288	0	0.810559
datamem/ram_reg_66__3_	0	0.784915
datamem/U1840	0	1.78119
datamem/ram_reg_101__8_	0	0.897238
PLACE_optlc_381	0	0.518519
PLACE_optlc_10460	0	0.555556
PLACE_optlc_6559	0	1.55556
PLACE_optlc_12710	0	0.555556
PLACE_optlc_3384	0	0.54321
PLACE_optlc_4872	0	0.54321
PLACE_optlc_4847	0	0.54321
PLACE_optlc_3076	0	1.55556
PLACE_optlc_4339	0	0.506173
datamem/ram_reg_212__8_	0	1.00439
datamem/U1259	0	0.750968
U246	0	0.800891
datamem/U1198	0	1.34906
U263	0	0.756069
datamem/ram_reg_217__3_	0	1.23548
reg_file/reg_array_reg_3__1_	0	1.13753
PLACE_optlc_501	0	0.54321
PLACE_optlc_2086	0	0.530864
PLACE_optlc_1868	0	0.469136
PLACE_optlc_9062	0	0.518519
PLACE_optlc_4079	0	1.55556
PLACE_optlc_337	0	0.54321
PLACE_optlc_2429	0	1.53086
PLACE_optlc_8527	0	0.506173
PLACE_optlc_1053	0	0.518519
datamem/ram_reg_218__3_	0	1.2065
datamem/U3845	0	0.892427
datamem/ram_reg_93__14_	0	0.886331
datamem/ram_reg_64__1_	0	0.582674
datamem/ram_reg_244__7_	0	2.21418
datamem/U4104	0	0.760644
PLACE_optlc_479	0	1.55556
PLACE_optlc_2305	0	0.54321
PLACE_optlc_11606	0	0.45679
PLACE_optlc_6865	0	1.55556
PLACE_optlc_12701	0	0.530864
PLACE_optlc_10688	0	1.55556
PLACE_optlc_9615	0	0.555556
datamem/U4094	0	1.17517
datamem/ram_reg_76__2_	0	0.988893
datamem/ram_reg_66__7_	0	0.739232
datamem/U1820	0	0.967647
datamem/U2038	0	1.03373
datamem/ram_reg_117__7_	0	0.604626
alu_unit/U8	0	1.40783
datamem/U3917	0	0.849641
U274	0	1.67444
PLACE_optlc_8007	0	1.46914
PLACE_optlc_7594	0	0.493827
PLACE_optlc_2089	0	1.54321
PLACE_optlc_11920	0	1.46914
PLACE_optlc_3765	0	1.55556
PLACE_optlc_8366	0	0.555556
PLACE_optlc_12639	0	0.54321
PLACE_optlc_9233	0	0.493827
PLACE_optlc_12075	0	1.55556
PLACE_optlc_6391	0	1.55556
PLACE_optlc_6683	0	1.51852
PLACE_optlc_1751	0	1.55556
PLACE_optlc_11828	0	0.555556
PLACE_optlc_11347	0	1.55556
datamem/ram_reg_209__0_	0	1.05571
U228	0	0.758596
datamem/U3899	0	0.735737
U102	0	0.818569
PLACE_optlc_9167	0	1.53086
PLACE_optlc_11721	0	1.53086
PLACE_optlc_7498	0	1.55556
PLACE_optlc_1025	0	0.518519
PLACE_optlc_7302	0	0.555556
datamem/ram_reg_64__7_	0	0.868858
datamem/U1811	0	1.47767
datamem/ram_reg_65__1_	0	1.01669
datamem/ram_reg_221__9_	0	2.35044
PLACE_optlc_6829	0	0.518519
PLACE_optlc_9401	0	0.469136
PLACE_optlc_11716	0	0.555556
PLACE_optlc_12417	0	1.55556
PLACE_optlc_5282	0	0.54321
datamem/U2231	0	0.711663
datamem/U1502	0	0.977365
datamem/U1841	0	1.02017
datamem/ram_reg_112__12_	0	0.783916
PLACE_optlc_11395	0	0.518519
PLACE_optlc_11854	0	1.54321
PLACE_optlc_6358	0	0.555556
PLACE_optlc_2933	0	0.493827
PLACE_optlc_6994	0	0.555556
PLACE_optlc_6429	0	1.55556
PLACE_optlc_1376	0	0.530864
datamem/ram_reg_116__1_	0	0.903048
datamem/ram_reg_101__13_	0	1.27679
datamem/U1566	0	0.94211
datamem/ram_reg_92__11_	0	0.825559
datamem/ram_reg_83__0_	0	1.12233
U327	0	1.05922
PLACE_optlc_8727	0	0.469136
PLACE_optlc_10445	0	1.54321
PLACE_optlc_12042	0	1.55556
PLACE_optlc_10816	0	1.55556
datamem/U2252	0	0.625305
datamem/ram_reg_121__7_	0	0.74978
datamem/ram_reg_93__13_	0	0.798503
U336	0	0.761192
datamem/ram_reg_216__8_	0	0.821462
datamem/U1690	0	0.592523
datamem/U1842	0	0.806551
PLACE_optlc_1617	0	1.50617
PLACE_optlc_1605	0	0.518519
PLACE_optlc_636	0	1.51852
PLACE_optlc_11581	0	0.555556
PLACE_optlc_4026	0	0.518519
PLACE_optlc_12523	0	1.55556
PLACE_optlc_11292	0	0.530864
PLACE_optlc_2484	0	0.555556
PLACE_optlc_5663	0	1.51852
PLACE_optlc_8802	0	1.53086
PLACE_optlc_4607	0	1.55556
PLACE_optlc_5456	0	1.55556
datamem/ram_reg_225__12_	0	0.734182
datamem/ram_reg_226__12_	0	1.73723
datamem/ram_reg_123__7_	0	1.04128
datamem/U3935	0	0.77853
datamem/U4121	0	0.906196
PLACE_optlc_3132	0	0.54321
PLACE_optlc_708	0	1.51852
PLACE_optlc_527	0	0.530864
PLACE_optlc_9817	0	0.481481
PLACE_optlc_3094	0	0.555556
datamem/ram_reg_219__8_	0	0.764649
reg_file/reg_array_reg_2__1_	0	0.79098
PLACE_optlc_6900	0	0.506173
PLACE_optlc_2608	0	1.55556
PLACE_optlc_8439	0	1.55556
PLACE_optlc_12274	0	1.53086
datamem/ram_reg_93__8_	0	0.853684
datamem/U1201	0	0.850494
alu_unit/r58/U1_2	0	2.12964
datamem/U1675	0	0.895463
datamem/ram_reg_83__6_	0	0.935216
datamem/U1514	0	1.62024
U295	0	0.787809
PLACE_optlc_2404	0	0.555556
PLACE_optlc_2335	0	1.53086
PLACE_optlc_11999	0	1.55556
PLACE_optlc_6579	0	0.506173
PLACE_optlc_5387	0	1.49383
PLACE_optlc_10128	0	0.555556
PLACE_optlc_8246	0	1.55556
datamem/ram_reg_101__5_	0	1.00307
datamem/U3953	0	0.812693
datamem/U4122	0	1.02366
datamem/U1508	0	0.914012
datamem/ram_reg_124__10_	0	1.10177
PLACE_optlc_1805	0	0.555556
PLACE_optlc_5004	0	0.54321
PLACE_optlc_4173	0	0.555556
PLACE_optlc_6989	0	1.55556
PLACE_optlc_8623	0	0.469136
PLACE_optlc_8329	0	0.518519
PLACE_optlc_3402	0	0.45679
PLACE_optlc_9252	0	0.506173
PLACE_optlc_7531	0	0.555556
datamem/U1271	0	1.3677
U103	0	0.681381
datamem/U3971	0	0.650698
datamem/U3881	0	0.762801
datamem/U1868	0	0.905343
datamem/U1838	0	0.548503
PLACE_optlc_3005	0	1.45679
PLACE_optlc_4148	0	0.506173
PLACE_optlc_10524	0	1.53086
PLACE_optlc_818	0	1.55556
PLACE_optlc_12406	0	0.45679
PLACE_optlc_4761	0	0.518519
datamem/ram_reg_101__15_	0	1.49708
datamem/U1697	0	0.883329
datamem/ram_reg_227__12_	0	1.1449
datamem/U3989	0	0.876096
PLACE_optlc_7339	0	0.506173
PLACE_optlc_4205	0	0.493827
PLACE_optlc_2607	0	1.51852
PLACE_optlc_5272	0	0.518519
PLACE_optlc_7707	0	1.49383
PLACE_optlc_12422	0	1.55556
PLACE_optlc_1722	0	1.54321
PLACE_optlc_4783	0	0.518519
PLACE_optlc_10994	0	0.469136
U269	0	0.922064
datamem/U1390	0	1.88273
datamem/ram_reg_93__15_	0	1.24365
datamem/ram_reg_217__8_	0	0.816802
datamem/U3993	0	1.27662
datamem/ram_reg_101__11_	0	0.600559
reg_file/reg_array_reg_2__11_	0	0.765779
PLACE_optlc_9378	0	0.530864
PLACE_optlc_6496	0	1.55556
PLACE_optlc_4618	0	0.555556
PLACE_optlc_10863	0	0.469136
PLACE_optlc_3020	0	0.555556
PLACE_optlc_12769	0	0.555556
PLACE_optlc_6049	0	1.53086
datamem/ram_reg_218__8_	0	1.45777
datamem/U1383	0	1.72615
reg_file/reg_array_reg_0__11_	0	1.02169
datamem/U1202	0	0.69985
PLACE_optlc_9271	0	1.55556
PLACE_optlc_5594	0	0.506173
PLACE_optlc_3284	0	0.45679
PLACE_optlc_9776	0	1.55556
PLACE_optlc_3744	0	1.54321
alu_unit/U6	0	0.901624
datamem/U1377	0	0.98088
PLACE_optlc_5564	0	1.55556
PLACE_optlc_8496	0	0.469136
PLACE_optlc_10662	0	0.469136
PLACE_optlc_10997	0	1.55556
PLACE_optlc_10324	0	1.55556
PLACE_optlc_3950	0	0.518519
PLACE_optlc_5901	0	1.55556
PLACE_optlc_1084	0	1.49383
PLACE_optlc_8748	0	0.530864
datamem/ram_reg_83__12_	0	0.578225
datamem/ram_reg_66__6_	0	1.27336
datamem/U3948	0	1.01271
PLACE_optlc_12267	0	1.55556
PLACE_optlc_8752	0	1.50617
datamem/ram_reg_217__12_	0	1.37899
datamem/ram_reg_220__8_	0	2.57377
PLACE_optlc_2782	0	0.54321
PLACE_optlc_10485	0	0.555556
PLACE_optlc_10064	0	0.555556
PLACE_optlc_1531	0	0.555556
PLACE_optlc_465	0	1.55556
PLACE_optlc_12556	0	0.530864
datamem/U1160	0	1.06538
datamem/U1493	0	0.726535
datamem/ram_reg_70__4_	0	0.545444
datamem/ram_reg_227__5_	0	0.585104
datamem/U1835	0	1.14255
PLACE_optlc_12549	0	1.55556
PLACE_optlc_10451	0	1.55556
PLACE_optlc_9548	0	0.493827
PLACE_optlc_12684	0	0.518519
PLACE_optlc_3922	0	1.55556
PLACE_optlc_6388	0	0.506173
PLACE_optlc_10570	0	0.555556
datamem/ram_reg_76__15_	0	1.7547
datamem/ram_reg_87__10_	0	0.734552
datamem/ram_reg_103__2_	0	0.612018
datamem/U4416	0	1.47416
datamem/U1696	0	1.07339
datamem/U4008	0	0.639336
PLACE_optlc_11589	0	1.55556
PLACE_optlc_7316	0	0.54321
datamem/ram_reg_67__9_	0	1.35066
U317	0	1.26872
reg_file/reg_array_reg_2__15_	0	0.99939
datamem/U3783	0	1.091
datamem/U4064	0	0.864298
PLACE_optlc_5204	0	1.55556
PLACE_optlc_1340	0	1.55556
PLACE_optlc_8868	0	1.54321
datamem/U1178	0	1.04413
datamem/U4086	0	1.13289
datamem/U1695	0	1.02176
datamem/ram_reg_116__7_	0	0.772481
datamem/ram_reg_226__11_	0	0.847106
PLACE_optlc_2895	0	1.55556
PLACE_optlc_3334	0	1.55556
PLACE_optlc_3225	0	0.555556
PLACE_optlc_5209	0	0.54321
PLACE_optlc_1836	0	0.54321
PLACE_optlc_6692	0	1.50617
PLACE_optlc_11856	0	1.55556
PLACE_optlc_5077	0	0.493827
PLACE_optlc_3957	0	1.55556
reg_file/U56	0	0.912608
alu_unit/U9	0	0.678862
U273	0	1.04589
datamem/U1166	0	1.34317
datamem/U3939	0	1.04441
PLACE_optlc_10827	0	1.55556
PLACE_optlc_11746	0	1.55556
PLACE_optlc_7178	0	1.50617
PLACE_optlc_2028	0	0.54321
reg_file/reg_array_reg_5__15_	0	0.968056
datamem/U4058	0	1.03628
reg_file/U130	0	1.03694
datamem/U4082	0	0.609136
PLACE_optlc_4030	0	1.49383
PLACE_optlc_6366	0	1.55556
PLACE_optlc_12725	0	1.55556
PLACE_optlc_7517	0	0.54321
PLACE_optlc_6691	0	0.518519
PLACE_optlc_5243	0	0.469136
PLACE_optlc_5224	0	1.51852
PLACE_optlc_626	0	1.55556
PLACE_optlc_1098	0	0.555556
PLACE_optlc_1483	0	1.55556
PLACE_optlc_4942	0	1.55556
datamem/ram_reg_82__9_	0	0.679769
datamem/ram_reg_224__8_	0	0.834645
datamem/ram_reg_103__8_	0	1.32956
datamem/U1196	0	0.829664
datamem/ram_reg_218__12_	0	1.21326
PLACE_optlc_1320	0	0.518519
PLACE_optlc_5440	0	0.506173
PLACE_optlc_384	0	0.555556
PLACE_optlc_6216	0	1.53086
PLACE_optlc_9345	0	1.53086
datamem/ram_reg_224__11_	0	0.881343
datamem/U1832	0	1.26868
datamem/U2195	0	1.24838
PLACE_optlc_5971	0	0.555556
PLACE_optlc_8731	0	0.469136
PLACE_optlc_3214	0	1.55556
PLACE_optlc_4137	0	0.518519
PLACE_optlc_4357	0	1.49383
PLACE_optlc_3544	0	0.530864
PLACE_optlc_11166	0	1.55556
PLACE_optlc_2647	0	0.54321
PLACE_optlc_4222	0	1.55556
PLACE_optlc_7929	0	1.45679
datamem/ram_reg_224__2_	0	0.81309
reg_file/U92	0	0.854479
datamem/ram_reg_225__8_	0	1.03673
PLACE_optlc_5197	0	0.518519
PLACE_optlc_11670	0	1.55556
PLACE_optlc_3130	0	0.493827
PLACE_optlc_10892	0	1.55556
PLACE_optlc_1705	0	0.506173
PLACE_optlc_11477	0	0.469136
PLACE_optlc_12376	0	1.54321
PLACE_optlc_8201	0	1.55556
PLACE_optlc_9133	0	0.518519
datamem/U2074	0	0.941632
datamem/ram_reg_66__1_	0	1.70328
reg_file/reg_array_reg_6__11_	0	1.03186
PLACE_optlc_7944	0	1.48148
PLACE_optlc_278	0	1.55556
PLACE_optlc_7961	0	1.54321
PLACE_optlc_8709	0	0.506173
datamem/U4079	0	0.866385
add_64/U110	0	1.52477
PLACE_optlc_581	0	1.55556
PLACE_optlc_8503	0	1.51852
PLACE_optlc_8772	0	1.55556
PLACE_optlc_10179	0	1.55556
PLACE_optlc_1083	0	0.555556
PLACE_optlc_9771	0	0.469136
PLACE_optlc_1225	0	1.55556
reg_file/reg_array_reg_0__10_	0	1.06499
datamem/ram_reg_225__5_	0	0.691026
U247	0	0.937145
PLACE_optlc_10359	0	1.55556
PLACE_optlc_8165	0	1.55556
PLACE_optlc_9975	0	1.55556
PLACE_optlc_1606	0	1.55556
PLACE_optlc_11283	0	1.55556
PLACE_optlc_8001	0	0.530864
PLACE_optlc_10097	0	0.469136
datamem/ram_reg_115__12_	0	0.755405
datamem/ram_reg_98__9_	0	1.02141
datamem/U1865	0	0.613927
datamem/ram_reg_77__2_	0	1.35674
PLACE_optlc_5362	0	0.518519
PLACE_optlc_9034	0	1.55556
PLACE_optlc_5216	0	1.55556
PLACE_optlc_8715	0	0.555556
PLACE_optlc_4695	0	0.54321
reg_file/U84	0	0.881728
datamem/ram_reg_93__11_	0	1.15989
datamem/ram_reg_65__7_	0	0.804035
PLACE_optlc_4378	0	0.54321
PLACE_optlc_1889	0	0.518519
PLACE_optlc_6091	0	0.54321
PLACE_optlc_10512	0	1.53086
PLACE_optlc_9494	0	1.50617
datamem/U1222	0	1.61766
datamem/ram_reg_114__12_	0	1.35913
datamem/ram_reg_243__12_	0	0.665795
datamem/ram_reg_83__3_	0	1.04126
PLACE_optlc_7447	0	1.53086
PLACE_optlc_2182	0	1.55556
PLACE_optlc_610	0	0.530864
PLACE_optlc_9584	0	0.555556
datamem/U1874	0	1.29704
reg_file/reg_array_reg_3__15_	0	1.60456
datamem/ram_reg_95__2_	0	2.26094
datamem/ram_reg_115__6_	0	0.751983
datamem/U4119	0	0.953245
datamem/U1733	0	1.2596
PLACE_optlc_12497	0	0.555556
PLACE_optlc_7603	0	1.54321
PLACE_optlc_4078	0	1.53086
PLACE_optlc_5696	0	1.55556
PLACE_optlc_7140	0	0.518519
PLACE_optlc_11965	0	1.55556
reg_file/U74	0	1.16458
datamem/U4043	0	0.580841
datamem/ram_reg_226__9_	0	0.9589
PLACE_optlc_804	0	0.54321
PLACE_optlc_4763	0	1.50617
PLACE_optlc_2274	0	0.555556
datamem/U1584	0	0.654614
datamem/U3921	0	0.719066
datamem/ram_reg_65__4_	0	0.682535
datamem/U1214	0	0.697936
datamem/U4115	0	1.35123
PLACE_optlc_8222	0	1.55556
PLACE_optlc_4307	0	0.481481
PLACE_optlc_4161	0	0.518519
datamem/ram_reg_67__1_	0	0.921385
datamem/ram_reg_76__8_	0	1.69769
datamem/ram_reg_98__3_	0	0.550988
datamem/ram_reg_226__6_	0	0.623029
datamem/ram_reg_94__14_	0	1.04602
datamem/ram_reg_223__8_	0	0.608762
datamem/ram_reg_227__3_	0	1.66421
PLACE_optlc_706	0	1.55556
PLACE_optlc_6109	0	0.518519
PLACE_optlc_5934	0	1.54321
PLACE_optlc_7112	0	1.53086
PLACE_optlc_3534	0	0.54321
reg_file/U158	0	1.92008
datamem/U2270	0	1.08105
datamem/U1684	0	0.956312
PLACE_optlc_64	0	1.55556
PLACE_optlc_2552	0	1.50617
PLACE_optlc_9862	0	0.54321
PLACE_optlc_8082	0	0.54321
PLACE_optlc_9790	0	0.530864
PLACE_optlc_1865	0	1.55556
datamem/ram_reg_83__9_	0	0.901192
add_64/U73	0	1.21404
datamem/ram_reg_124__7_	0	1.02271
datamem/ram_reg_227__9_	0	0.638939
datamem/ram_reg_77__14_	0	0.808565
PLACE_optlc_9306	0	0.555556
PLACE_optlc_8816	0	1.55556
datamem/ram_reg_70__7_	0	0.979375
datamem/ram_reg_103__11_	0	1.59634
datamem/U1505	0	1.67799
datamem/ram_reg_125__7_	0	1.13631
reg_file/reg_array_reg_3__11_	0	1.37378
datamem/U2056	0	0.60728
U230	0	0.683954
datamem/ram_reg_95__15_	0	0.642373
PLACE_optlc_2960	0	1.55556
PLACE_optlc_9628	0	0.469136
PLACE_optlc_6333	0	1.55556
PLACE_optlc_2904	0	1.55556
PLACE_optlc_3097	0	0.555556
datamem/ram_reg_93__2_	0	1.38222
datamem/U1274	0	1.08586
datamem/U2105	0	0.595201
reg_file/U48	0	1.03819
datamem/ram_reg_243__9_	0	1.89007
PLACE_optlc_7811	0	1.53086
PLACE_optlc_9169	0	0.555556
PLACE_optlc_9699	0	1.55556
PLACE_optlc_339	0	0.555556
PLACE_optlc_2254	0	0.518519
PLACE_optlc_9742	0	0.506173
add_64/U90	0	1.00265
datamem/U3986	0	0.655255
datamem/U1171	0	0.572616
PLACE_optlc_2660	0	0.518519
PLACE_optlc_8567	0	0.469136
PLACE_optlc_3870	0	0.518519
PLACE_optlc_10818	0	1.54321
PLACE_optlc_1493	0	1.55556
PLACE_optlc_8348	0	1.55556
PLACE_optlc_9254	0	1.53086
U219	0	0.888684
datamem/U1511	0	1.27106
datamem/U1496	0	1.4984
datamem/ram_reg_216__12_	0	0.595822
datamem/U2249	0	1.10236
datamem/ram_reg_125__10_	0	0.639406
PLACE_optlc_7700	0	0.518519
PLACE_optlc_3169	0	1.55556
PLACE_optlc_9377	0	1.54321
PLACE_optlc_7690	0	1.54321
PLACE_optlc_8467	0	0.54321
PLACE_optlc_1207	0	1.49383
PLACE_optlc_6054	0	1.54321
PLACE_optlc_1071	0	0.555556
PLACE_optlc_11751	0	0.45679
datamem/ram_reg_222__8_	0	0.926258
datamem/U4103	0	1.39573
datamem/ram_reg_71__4_	0	1.05138
reg_file/U144	0	1.20825
reg_file/U88	0	0.636717
datamem/U1216	0	1.68719
PLACE_optlc_7675	0	1.53086
PLACE_optlc_11610	0	1.49383
PLACE_optlc_4938	0	1.54321
PLACE_optlc_3046	0	1.49383
PLACE_optlc_3839	0	0.493827
PLACE_optlc_8718	0	0.555556
U216	0	1.11417
U32	0	0.994769
PLACE_optlc_943	0	0.54321
PLACE_optlc_6913	0	1.51852
PLACE_optlc_5474	0	0.518519
PLACE_optlc_6880	0	1.50617
PLACE_optlc_7285	0	1.44444
PLACE_optlc_1937	0	0.555556
datamem/U4038	0	0.605725
datamem/ram_reg_101__2_	0	1.5192
U214	0	1.72123
datamem/U1408	0	1.02388
datamem/ram_reg_64__12_	0	0.768588
alu_unit/r58/U1_1	0	1.34468
datamem/U1395	0	1.1065
datamem/U1871	0	0.80865
PLACE_optlc_12762	0	1.55556
PLACE_optlc_5582	0	1.55556
PLACE_optlc_5246	0	1.51852
PLACE_optlc_2943	0	1.53086
PLACE_optlc_4724	0	1.51852
PLACE_optlc_12371	0	0.555556
PLACE_optlc_8379	0	1.55556
PLACE_optlc_7324	0	0.506173
PLACE_optlc_2663	0	1.49383
datamem/U1829	0	1.51091
datamem/ram_reg_220__5_	0	1.46595
reg_file/U122	0	1.19458
datamem/ram_reg_113__12_	0	1.44203
datamem/U2092	0	1.02899
PLACE_optlc_9853	0	1.51852
PLACE_optlc_8836	0	0.469136
PLACE_optlc_11571	0	1.55556
PLACE_optlc_3658	0	1.55556
datamem/U1782	0	1.49201
reg_file/U38	0	0.634151
datamem/ram_reg_82__12_	0	0.601867
datamem/U1720	0	1.69172
PLACE_optlc_1591	0	0.54321
PLACE_optlc_2273	0	1.55556
PLACE_optlc_12738	0	0.481481
PLACE_optlc_7790	0	0.54321
PLACE_optlc_5744	0	0.54321
PLACE_optlc_7290	0	1.48148
PLACE_optlc_3618	0	1.55556
datamem/ram_reg_223__3_	0	0.754317
datamem/U1693	0	1.24017
datamem/U2086	0	0.983696
PLACE_optlc_8951	0	0.469136
PLACE_optlc_12041	0	1.55556
PLACE_optlc_11235	0	1.50617
PLACE_optlc_3390	0	1.55556
datamem/U1184	0	1.02544
datamem/ram_reg_67__3_	0	0.987762
PLACE_optlc_4709	0	0.555556
PLACE_optlc_2133	0	1.44444
PLACE_optlc_8705	0	0.444444
PLACE_optlc_9618	0	0.493827
PLACE_optlc_9693	0	1.55556
PLACE_optlc_12362	0	1.55556
add_64/U109	0	0.770694
datamem/U1213	0	1.21868
reg_file/reg_array_reg_0__1_	0	0.609954
PLACE_optlc_9743	0	1.55556
PLACE_optlc_4780	0	0.493827
PLACE_optlc_10536	0	0.530864
PLACE_optlc_1476	0	0.45679
datamem/ram_reg_242__12_	0	0.990062
reg_file/reg_array_reg_4__10_	0	0.671481
datamem/U4067	0	0.797708
datamem/U3957	0	0.921285
datamem/ram_reg_77__15_	0	1.05505
datamem/ram_reg_102__11_	0	0.698295
datamem/ram_reg_226__5_	0	0.64809
datamem/U1803	0	1.81726
PLACE_optlc_10605	0	0.555556
PLACE_optlc_11264	0	1.54321
PLACE_optlc_8840	0	0.555556
PLACE_optlc_11622	0	0.54321
PLACE_optlc_7898	0	1.54321
PLACE_optlc_11237	0	0.555556
datamem/ram_reg_67__0_	0	0.664282
datamem/U1181	0	1.35535
datamem/U4101	0	0.715802
PLACE_optlc_12688	0	0.54321
PLACE_optlc_10013	0	0.469136
PLACE_optlc_12293	0	1.55556
PLACE_optlc_9520	0	1.53086
PLACE_optlc_2800	0	0.555556
PLACE_optlc_1845	0	1.54321
PLACE_optlc_1930	0	0.555556
PLACE_optlc_4898	0	0.518519
PLACE_optlc_3966	0	1.49383
datamem/ram_reg_224__5_	0	0.734425
datamem/ram_reg_225__11_	0	1.07769
datamem/ram_reg_82__4_	0	1.62684
datamem/ram_reg_225__2_	0	1.01489
datamem/U1856	0	0.584753
PLACE_optlc_5002	0	1.48148
PLACE_optlc_6139	0	0.530864
PLACE_optlc_10047	0	0.506173
PLACE_optlc_10394	0	0.555556
PLACE_optlc_6968	0	0.506173
datamem/U1578	0	0.855525
datamem/U1714	0	0.798584
datamem/U1794	0	0.559097
datamem/ram_reg_87__4_	0	0.945347
reg_file/reg_array_reg_0__15_	0	0.637782
PLACE_optlc_11724	0	1.55556
PLACE_optlc_7977	0	1.55556
PLACE_optlc_206	0	1.55556
PLACE_optlc_10752	0	1.51852
PLACE_optlc_2776	0	0.555556
reg_file/U148	0	1.00531
datamem/U4412	0	0.731624
PLACE_optlc_5970	0	0.506173
PLACE_optlc_1627	0	0.54321
PLACE_optlc_6614	0	0.530864
PLACE_optlc_10303	0	1.55556
datamem/ram_reg_243__8_	0	0.677157
reg_file/reg_array_reg_2__10_	0	0.85294
reg_file/U121	0	1.36472
PLACE_optlc_934	0	1.55556
PLACE_optlc_6184	0	0.530864
PLACE_optlc_6523	0	0.555556
PLACE_optlc_5669	0	0.555556
PLACE_optlc_5219	0	1.55556
datamem/U1530	0	0.723083
datamem/U1407	0	1.42961
reg_file/U106	0	0.792921
datamem/U1776	0	1.27744
PLACE_optlc_8337	0	0.518519
PLACE_optlc_7896	0	0.506173
PLACE_optlc_8988	0	1.55556
PLACE_optlc_10526	0	1.55556
PLACE_optlc_12596	0	0.493827
PLACE_optlc_1967	0	1.55556
PLACE_optlc_7089	0	1.53086
PLACE_optlc_5941	0	0.530864
datamem/U4097	0	0.783144
datamem/U2068	0	0.772689
datamem/ram_reg_76__11_	0	0.889537
datamem/U4076	0	0.690741
PLACE_optlc_3142	0	1.55556
PLACE_optlc_10489	0	1.55556
PLACE_optlc_8488	0	0.555556
PLACE_optlc_10107	0	1.55556
PLACE_optlc_3948	0	1.54321
PLACE_optlc_2968	0	0.481481
PLACE_optlc_6045	0	1.48148
PLACE_optlc_990	0	0.555556
PLACE_optlc_3320	0	0.506173
PLACE_optlc_2771	0	1.49383
datamem/U1289	0	0.771404
datamem/U2267	0	0.786034
reg_file/U70	0	0.717897
reg_file/reg_array_reg_4__11_	0	2.18288
PLACE_optlc_7389	0	0.481481
PLACE_optlc_10793	0	1.55556
PLACE_optlc_2222	0	0.555556
PLACE_optlc_1472	0	1.55556
PLACE_optlc_44	0	1.53086
reg_file/reg_array_reg_4__1_	0	0.924869
datamem/U4025	0	1.29349
PLACE_optlc_3908	0	0.54321
PLACE_optlc_7802	0	1.45679
PLACE_optlc_10399	0	0.555556
PLACE_optlc_9894	0	1.50617
PLACE_optlc_8227	0	0.518519
PLACE_optlc_5245	0	1.55556
PLACE_optlc_10067	0	1.55556
PLACE_optlc_6273	0	1.55556
reg_file/reg_array_reg_7__15_	0	0.943677
datamem/U4098	0	0.545775
PLACE_optlc_1227	0	1.55556
PLACE_optlc_11706	0	0.555556
PLACE_optlc_1339	0	1.55556
PLACE_optlc_1563	0	1.55556
PLACE_optlc_12222	0	1.55556
PLACE_optlc_5460	0	1.49383
PLACE_optlc_742	0	1.49383
datamem/U1487	0	0.872558
datamem/U4061	0	0.584853
datamem/ram_reg_64__9_	0	1.38963
datamem/ram_reg_93__5_	0	0.571412
datamem/U3936	0	1.32387
datamem/ram_reg_243__6_	0	1.16039
PLACE_optlc_3133	0	1.55556
PLACE_optlc_3981	0	1.54321
PLACE_optlc_5592	0	0.530864
PLACE_optlc_3095	0	1.55556
PLACE_optlc_8880	0	0.555556
PLACE_optlc_546	0	0.469136
PLACE_optlc_3444	0	1.55556
datamem/ram_reg_76__5_	0	0.865054
datamem/U4085	0	1.40602
datamem/ram_reg_81__1_	0	0.842296
datamem/ram_reg_82__6_	0	0.738214
datamem/ram_reg_114__6_	0	1.11372
datamem/ram_reg_112__9_	0	0.763059
datamem/ram_reg_94__8_	0	0.846929
add_64/U2	0	1.47458
PLACE_optlc_9539	0	1.53086
PLACE_optlc_5488	0	1.48148
PLACE_optlc_10201	0	0.518519
PLACE_optlc_11564	0	0.54321
datamem/ram_reg_221__12_	0	0.557955
datamem/ram_reg_70__1_	0	0.869823
datamem/ram_reg_94__2_	0	0.733299
datamem/U2243	0	0.702292
datamem/ram_reg_82__3_	0	0.653341
PLACE_optlc_5373	0	0.518519
PLACE_optlc_2154	0	1.55556
PLACE_optlc_11070	0	1.55556
PLACE_optlc_10271	0	1.55556
PLACE_optlc_114	0	1.55556
PLACE_optlc_2217	0	0.54321
PLACE_optlc_3401	0	0.54321
PLACE_optlc_9092	0	0.555556
PLACE_optlc_11882	0	0.506173
PLACE_optlc_8946	0	0.469136
PLACE_optlc_10830	0	1.53086
PLACE_optlc_3566	0	2.55556
PLACE_optlc_4691	0	0.54321
reg_file/reg_array_reg_6__1_	0	0.680594
datamem/U1401	0	0.567176
add_64/U52	0	1.45507
add_64/U68	0	0.762789
datamem/U1506	0	0.575077
datamem/ram_reg_124__1_	0	0.933468
datamem/ram_reg_84__10_	0	1.43916
datamem/ram_reg_114__9_	0	0.809259
add_64/U3	0	0.889217
datamem/ram_reg_77__8_	0	1.04069
datamem/ram_reg_226__3_	0	0.557149
datamem/U1800	0	0.883075
PLACE_optlc_3234	0	0.54321
PLACE_optlc_9150	0	1.55556
PLACE_optlc_4531	0	0.518519
PLACE_optlc_8238	0	0.530864
PLACE_optlc_12325	0	1.55556
PLACE_optlc_4604	0	0.493827
datamem/ram_reg_126__7_	0	1.28335
datamem/ram_reg_99__9_	0	1.01204
datamem/ram_reg_80__1_	0	0.576721
datamem/ram_reg_65__12_	0	0.879074
datamem/ram_reg_124__4_	0	0.703596
datamem/ram_reg_217__9_	0	0.943553
datamem/ram_reg_83__4_	0	1.05198
datamem/ram_reg_94__15_	0	0.706046
PLACE_optlc_1266	0	0.54321
PLACE_optlc_2258	0	1.54321
datamem/U1488	0	1.06578
datamem/U1732	0	0.594093
datamem/ram_reg_99__12_	0	0.923507
reg_file/U47	0	1.6211
PLACE_optlc_8650	0	1.51852
PLACE_optlc_884	0	1.53086
PLACE_optlc_2985	0	1.55556
PLACE_optlc_6297	0	0.555556
PLACE_optlc_753	0	1.51852
PLACE_optlc_11239	0	0.555556
datamem/ram_reg_99__3_	0	0.668383
datamem/U2035	0	1.4615
datamem/U4113	0	1.84038
datamem/ram_reg_79__14_	0	0.660212
PLACE_optlc_9340	0	0.555556
PLACE_optlc_2509	0	0.54321
PLACE_optlc_3603	0	0.555556
PLACE_optlc_10414	0	1.46914
reg_file/reg_array_reg_1__15_	0	0.783796
reg_file/reg_array_reg_3__10_	0	0.81689
PLACE_optlc_8044	0	0.555556
PLACE_optlc_2109	0	0.54321
PLACE_optlc_188	0	0.518519
PLACE_optlc_4311	0	1.55556
PLACE_optlc_5100	0	0.54321
PLACE_optlc_12096	0	0.530864
datamem/ram_reg_95__14_	0	1.15932
datamem/ram_reg_77__11_	0	0.612353
PLACE_optlc_7438	0	1.55556
PLACE_optlc_6615	0	0.518519
PLACE_optlc_2348	0	0.530864
PLACE_optlc_3101	0	0.506173
datamem/U4413	0	0.619938
reg_file/U83	0	1.58005
PLACE_optlc_6663	0	0.54321
PLACE_optlc_12536	0	0.555556
PLACE_optlc_12502	0	0.555556
PLACE_optlc_11748	0	0.481481
reg_file/U180	0	1.09059
datamem/ram_reg_127__7_	0	0.647573
datamem/U3983	0	0.952894
datamem/U4397	0	1.27815
PLACE_optlc_8595	0	0.555556
PLACE_optlc_11191	0	1.55556
PLACE_optlc_5186	0	1.55556
PLACE_optlc_4187	0	0.54321
datamem/U1484	0	0.76934
datamem/ram_reg_71__1_	0	1.17246
datamem/U2246	0	1.04204
reg_file/U102	0	0.706435
datamem/U4092	0	0.826489
reg_file/U157	0	1.12402
datamem/ram_reg_67__6_	0	1.13328
datamem/ram_reg_113__9_	0	1.79011
datamem/U4004	0	0.686061
PLACE_optlc_10584	0	0.555556
PLACE_optlc_5681	0	1.55556
PLACE_optlc_2645	0	0.555556
PLACE_optlc_2605	0	0.506173
PLACE_optlc_998	0	0.518519
datamem/U2071	0	0.580174
PLACE_optlc_9745	0	0.506173
PLACE_optlc_602	0	0.493827
PLACE_optlc_11158	0	0.493827
PLACE_optlc_494	0	0.530864
PLACE_optlc_2300	0	1.49383
PLACE_optlc_6591	0	0.45679
PLACE_optlc_4668	0	1.48148
datamem/U4095	0	1.03649
PLACE_optlc_2281	0	0.54321
PLACE_optlc_1964	0	0.518519
PLACE_optlc_2330	0	0.54321
PLACE_optlc_4106	0	1.55556
PLACE_optlc_4133	0	1.55556
PLACE_optlc_5025	0	1.54321
datamem/U1159	0	1.2146
datamem/U3992	0	1.63721
datamem/U1708	0	0.760802
PLACE_optlc_5799	0	0.45679
PLACE_optlc_4472	0	1.55556
PLACE_optlc_5649	0	1.55556
PLACE_optlc_1217	0	0.419753
PLACE_optlc_5595	0	0.54321
PLACE_optlc_12571	0	1.55556
PLACE_optlc_10336	0	0.506173
PLACE_optlc_6286	0	0.555556
PLACE_optlc_4778	0	0.555556
PLACE_optlc_8630	0	0.555556
datamem/U4011	0	0.695559
datamem/ram_reg_220__2_	0	0.74463
datamem/U1268	0	1.24489
datamem/U1687	0	1.52366
datamem/U1443	0	1.45206
reg_file/U112	0	1.38739
add_64/U67	0	0.644024
datamem/U4415	0	0.855818
PLACE_optlc_4455	0	1.49383
PLACE_optlc_11214	0	1.55556
PLACE_optlc_2459	0	1.55556
PLACE_optlc_10614	0	1.55556
PLACE_optlc_11780	0	0.469136
PLACE_optlc_3014	0	1.55556
datamem/U4410	0	0.675899
datamem/ram_reg_102__7_	0	0.800957
datamem/ram_reg_82__0_	0	1.32978
datamem/U1467	0	0.980718
add_64/U55	0	1.42201
datamem/ram_reg_223__9_	0	0.787542
reg_file/reg_array_reg_6__10_	0	1.06223
PLACE_optlc_322	0	1.55556
PLACE_optlc_10797	0	0.555556
PLACE_optlc_11019	0	1.54321
PLACE_optlc_11373	0	0.518519
PLACE_optlc_8761	0	0.469136
PLACE_optlc_8510	0	1.45679
PLACE_optlc_12499	0	1.48148
datamem/U4396	0	0.618573
U167	0	0.591142
datamem/ram_reg_86__4_	0	0.862913
datamem/U1386	0	1.18217
datamem/U1702	0	1.4376
datamem/U1490	0	0.926389
add_64/U75	0	0.932948
datamem/ram_reg_240__11_	0	0.825494
PLACE_optlc_7206	0	1.49383
PLACE_optlc_203	0	1.55556
PLACE_optlc_6309	0	1.45679
PLACE_optlc_9688	0	0.555556
PLACE_optlc_7383	0	1.55556
PLACE_optlc_6498	0	1.55556
add_64/U85	0	0.898935
datamem/ram_reg_226__0_	0	1.07057
PLACE_optlc_8947	0	0.530864
PLACE_optlc_5524	0	1.54321
PLACE_optlc_2188	0	0.54321
U165	0	0.667496
add_64/U80	0	1.09061
datamem/ram_reg_243__2_	0	0.662774
datamem/ram_reg_242__8_	0	1.00598
datamem/U1380	0	1.53712
datamem/ram_reg_243__5_	0	2.06132
PLACE_optlc_10387	0	1.55556
PLACE_optlc_8186	0	0.518519
PLACE_optlc_543	0	0.530864
PLACE_optlc_3937	0	1.55556
PLACE_optlc_2303	0	1.45679
PLACE_optlc_2503	0	0.555556
PLACE_optlc_11218	0	0.555556
datamem/ram_reg_220__11_	0	0.965934
add_64/U94	0	0.718781
datamem/ram_reg_221__5_	0	2.49191
datamem/U1426	0	0.893762
datamem/U1449	0	1.36309
datamem/ram_reg_64__0_	0	0.603823
PLACE_optlc_1875	0	1.55556
PLACE_optlc_7654	0	0.530864
PLACE_optlc_11400	0	1.55556
PLACE_optlc_1353	0	0.54321
PLACE_optlc_3273	0	1.55556
add_64/U112	0	0.762056
datamem/ram_reg_83__1_	0	1.60277
PLACE_optlc_10298	0	1.54321
PLACE_optlc_2581	0	0.506173
PLACE_optlc_8513	0	0.555556
PLACE_optlc_8062	0	0.469136
PLACE_optlc_6033	0	1.55556
PLACE_optlc_12703	0	0.530864
PLACE_optlc_11290	0	1.55556
PLACE_optlc_12393	0	1.54321
PLACE_optlc_6724	0	1.50617
PLACE_optlc_11402	0	1.44444
PLACE_optlc_11696	0	1.55556
PLACE_optlc_2498	0	1.55556
reg_file/U101	0	1.13197
datamem/U2285	0	1.60402
datamem/U1715	0	1.08337
datamem/ram_reg_242__11_	0	1.35107
datamem/ram_reg_243__11_	0	2.03713
PLACE_optlc_9056	0	1.55556
PLACE_optlc_11198	0	0.530864
PLACE_optlc_5266	0	0.530864
PLACE_optlc_88	0	0.419753
PLACE_optlc_9866	0	0.45679
PLACE_optlc_2499	0	0.493827
datamem/U1168	0	0.635949
add_64/U72	0	0.965397
datamem/U1404	0	0.700965
PLACE_optlc_9446	0	1.53086
PLACE_optlc_5985	0	0.518519
PLACE_optlc_930	0	0.518519
PLACE_optlc_11295	0	0.506173
PLACE_optlc_9956	0	0.530864
PLACE_optlc_11352	0	1.54321
PLACE_optlc_6984	0	1.53086
add_64/U36	0	1.73264
PLACE_optlc_3598	0	1.55556
datamem/U1189	0	0.750988
datamem/U4409	0	1.87341
datamem/U4391	0	0.566802
reg_file/U52	0	0.83348
PLACE_optlc_3031	0	0.518519
PLACE_optlc_627	0	0.555556
PLACE_optlc_11524	0	0.555556
PLACE_optlc_5732	0	0.481481
PLACE_optlc_5614	0	0.54321
PLACE_optlc_1385	0	0.518519
PLACE_optlc_547	0	1.55556
PLACE_optlc_8305	0	0.518519
PLACE_optlc_12692	0	1.46914
PLACE_optlc_1314	0	1.55556
PLACE_optlc_2312	0	0.518519
datamem/U1852	0	0.819221
datamem/ram_reg_98__12_	0	0.626624
U163	0	0.72005
add_64/U6	0	0.811258
PLACE_optlc_413	0	1.55556
PLACE_optlc_5066	0	1.55556
PLACE_optlc_2963	0	0.555556
PLACE_optlc_12402	0	1.55556
PLACE_optlc_5585	0	0.518519
PLACE_optlc_5980	0	0.518519
PLACE_optlc_12610	0	1.55556
PLACE_optlc_5919	0	1.55556
PLACE_optlc_8377	0	0.469136
datamem/U1548	0	0.876844
datamem/U4406	0	0.783769
add_64/U53	0	0.953133
datamem/U2065	0	0.564931
datamem/U1286	0	0.986968
datamem/U1791	0	1.28023
PLACE_optlc_9117	0	1.54321
PLACE_optlc_1424	0	0.530864
PLACE_optlc_124	0	1.55556
PLACE_optlc_3318	0	0.555556
PLACE_optlc_5014	0	0.555556
PLACE_optlc_10101	0	1.55556
add_64/U27	0	0.654834
datamem/ram_reg_78__8_	0	1.63743
datamem/ram_reg_82__1_	0	0.957176
datamem/ram_reg_78__2_	0	1.71728
datamem/ram_reg_125__1_	0	0.637029
datamem/ram_reg_78__13_	0	0.553214
PLACE_optlc_8389	0	0.469136
PLACE_optlc_7090	0	0.518519
PLACE_optlc_3912	0	1.54321
PLACE_optlc_8572	0	0.555556
reg_file/reg_array_reg_6__14_	0	0.928742
datamem/U1219	0	0.931508
datamem/U1425	0	1.20193
reg_file/U175	0	0.867269
reg_file/reg_array_reg_1__14_	0	0.949383
datamem/ram_reg_227__6_	0	1.02368
datamem/U4080	0	0.970363
PLACE_optlc_2708	0	0.469136
PLACE_optlc_1283	0	0.518519
PLACE_optlc_2829	0	0.518519
PLACE_optlc_7986	0	0.530864
PLACE_optlc_6012	0	0.518519
PLACE_optlc_440	0	0.54321
PLACE_optlc_9759	0	1.55556
PLACE_optlc_1721	0	1.55556
datamem/ram_reg_125__4_	0	1.01987
datamem/ram_reg_79__2_	0	1.24342
reg_file/U139	0	1.02041
datamem/ram_reg_112__3_	0	0.783083
PLACE_optlc_8771	0	0.555556
PLACE_optlc_10277	0	0.506173
PLACE_optlc_9341	0	0.555556
datamem/U4407	0	0.891524
datamem/ram_reg_80__3_	0	0.786385
datamem/ram_reg_95__8_	0	1.81779
add_64/U33	0	0.884587
datamem/U2053	0	1.38605
datamem/ram_reg_71__7_	0	0.71919
datamem/U2029	0	0.91733
datamem/ram_reg_114__3_	0	1.04232
PLACE_optlc_12151	0	0.555556
PLACE_optlc_3555	0	0.518519
PLACE_optlc_2848	0	0.493827
PLACE_optlc_3270	0	0.555556
PLACE_optlc_6351	0	1.55556
PLACE_optlc_1212	0	1.55556
PLACE_optlc_10842	0	1.55556
PLACE_optlc_8008	0	1.49383
PLACE_optlc_3503	0	0.518519
PLACE_optlc_4168	0	0.555556
PLACE_optlc_4020	0	0.481481
datamem/ram_reg_78__15_	0	0.824765
datamem/ram_reg_243__3_	0	1.25777
datamem/ram_reg_115__9_	0	0.829973
datamem/U4393	0	0.927832
datamem/U1451	0	0.954707
datamem/ram_reg_224__3_	0	0.886103
datamem/ram_reg_65__9_	0	0.737469
reg_file/reg_array_reg_5__11_	0	1.40273
PLACE_optlc_2423	0	0.555556
PLACE_optlc_4338	0	0.54321
PLACE_optlc_6029	0	0.518519
PLACE_optlc_7065	0	1.49383
PLACE_optlc_10922	0	1.55556
U237	0	1.55357
datamem/ram_reg_80__6_	0	0.9174
datamem/ram_reg_94__13_	0	0.649676
reg_file/reg_array_reg_1__10_	0	0.656582
datamem/ram_reg_242__6_	0	1.95877
U254	0	0.748565
reg_file/U69	0	1.52845
datamem/ram_reg_80__4_	0	0.72635
datamem/ram_reg_85__10_	0	1.73579
PLACE_optlc_5441	0	0.506173
PLACE_optlc_12678	0	0.530864
PLACE_optlc_6191	0	1.55556
PLACE_optlc_11487	0	1.55556
PLACE_optlc_9469	0	0.506173
PLACE_optlc_7716	0	1.55556
PLACE_optlc_5384	0	1.51852
PLACE_optlc_7241	0	0.493827
PLACE_optlc_5913	0	1.55556
PLACE_optlc_10206	0	1.54321
datamem/U1503	0	1.06929
datamem/U1560	0	1.28532
datamem/ram_reg_99__0_	0	2.01109
datamem/U1186	0	1.0296
reg_file/reg_array_reg_6__15_	0	1.03741
datamem/ram_reg_78__14_	0	0.931007
PLACE_optlc_6455	0	0.54321
PLACE_optlc_10448	0	1.53086
PLACE_optlc_3607	0	1.45679
PLACE_optlc_234	0	1.55556
PLACE_optlc_8576	0	1.46914
PLACE_optlc_5968	0	0.54321
datamem/U1870	0	0.774552
datamem/U4358	0	1.17498
reg_file/U51	0	1.4888
datamem/U4044	0	0.775563
datamem/ram_reg_225__6_	0	1.49919
U200	0	1.31939
PLACE_optlc_9530	0	0.555556
PLACE_optlc_1535	0	1.55556
PLACE_optlc_5007	0	0.555556
PLACE_optlc_9910	0	1.53086
PLACE_optlc_8311	0	0.555556
datamem/ram_reg_126__1_	0	1.33335
datamem/ram_reg_108__13_	0	0.873576
PLACE_optlc_11083	0	0.469136
PLACE_optlc_4108	0	0.506173
PLACE_optlc_3511	0	1.55556
PLACE_optlc_9897	0	0.555556
PLACE_optlc_2119	0	0.506173
datamem/U1454	0	0.616813
datamem/ram_reg_77__5_	0	0.868592
datamem/U1966	0	0.6812
reg_file/U66	0	0.587249
datamem/U1470	0	1.75945
datamem/U1452	0	1.07952
PLACE_optlc_4152	0	1.55556
PLACE_optlc_12366	0	1.50617
PLACE_optlc_5212	0	0.555556
PLACE_optlc_4361	0	0.518519
PLACE_optlc_9236	0	1.55556
PLACE_optlc_807	0	0.493827
PLACE_optlc_9294	0	1.55556
PLACE_optlc_5311	0	0.518519
PLACE_optlc_975	0	0.555556
add_64/U84	0	0.671265
datamem/U4059	0	0.984776
datamem/ram_reg_81__4_	0	0.88691
datamem/U2089	0	0.784182
PLACE_optlc_9038	0	0.555556
PLACE_optlc_5263	0	1.49383
PLACE_optlc_10751	0	0.469136
PLACE_optlc_665	0	1.53086
U229	0	0.940995
datamem/ram_reg_103__7_	0	2.58958
reg_file/PLACE_HFSBUF_6701_11	0	0.956046
datamem/ram_reg_221__11_	0	0.538816
reg_file/U161	0	0.879043
PLACE_optlc_49	0	0.54321
PLACE_optlc_3521	0	0.493827
PLACE_optlc_11087	0	0.469136
PLACE_optlc_5365	0	0.518519
PLACE_optlc_2667	0	0.555556
PLACE_optlc_8125	0	0.518519
PLACE_optlc_7092	0	0.45679
U286	0	1.31444
datamem/U1431	0	1.25143
datamem/ram_reg_113__3_	0	0.885822
datamem/U2303	0	1.55159
datamem/U1243	0	1.76315
datamem/U1413	0	1.52881
PLACE_optlc_2208	0	1.45679
PLACE_optlc_4132	0	1.55556
PLACE_optlc_11486	0	0.555556
PLACE_optlc_9002	0	0.469136
PLACE_optlc_12490	0	0.493827
PLACE_optlc_10281	0	0.493827
datamem/U1726	0	1.0473
PLACE_optlc_4275	0	1.53086
PLACE_optlc_6884	0	0.444444
PLACE_optlc_1113	0	0.469136
PLACE_optlc_11149	0	1.55556
PLACE_optlc_10521	0	0.54321
datamem/ram_reg_64__6_	0	0.775602
reg_file/U125	0	1.26601
datamem/ram_reg_224__9_	0	1.29622
datamem/U2261	0	0.557203
U244	0	1.12561
datamem/U1448	0	1.07217
reg_file/U162	0	1.2472
PLACE_optlc_9067	0	0.493827
PLACE_optlc_2392	0	1.49383
PLACE_optlc_10213	0	0.555556
PLACE_optlc_8822	0	1.45679
PLACE_optlc_5418	0	0.54321
datamem/U1292	0	1.00236
reg_file/reg_array_reg_5__10_	0	0.752404
PLACE_optlc_9241	0	0.54321
PLACE_optlc_10034	0	0.481481
PLACE_optlc_12446	0	0.555556
PLACE_optlc_8255	0	0.555556
PLACE_optlc_1136	0	1.55556
datamem/ram_reg_221__2_	0	1.30407
datamem/ram_reg_221__8_	0	0.941991
datamem/ram_reg_102__10_	0	0.935401
datamem/ram_reg_87__7_	0	1.12649
PLACE_optlc_7331	0	0.45679
PLACE_optlc_419	0	0.54321
PLACE_optlc_3219	0	0.506173
PLACE_optlc_4323	0	1.55556
PLACE_optlc_10631	0	0.469136
PLACE_optlc_8963	0	0.469136
datamem/U1424	0	0.555853
add_64/U69	0	0.7749
add_64/U100	0	0.912157
datamem/U2264	0	0.763202
reg_file/reg_array_reg_7__10_	0	0.879394
datamem/U1713	0	0.734934
datamem/U4116	0	1.42626
add_64/U15	0	0.802072
PLACE_optlc_1068	0	0.530864
PLACE_optlc_1163	0	1.55556
PLACE_optlc_5707	0	1.55556
PLACE_optlc_12689	0	1.51852
PLACE_optlc_2592	0	0.469136
PLACE_optlc_3827	0	1.55556
datamem/U1485	0	1.19329
add_64/U21	0	0.782392
datamem/U1162	0	1.29826
datamem/ram_reg_242__9_	0	0.692728
PLACE_optlc_11172	0	0.518519
PLACE_optlc_8760	0	1.55556
PLACE_optlc_11869	0	0.555556
PLACE_optlc_10170	0	1.46914
PLACE_optlc_10178	0	1.50617
PLACE_optlc_7215	0	0.530864
PLACE_optlc_2510	0	1.55556
datamem/U1581	0	1.83509
add_64/U31	0	0.747477
U260	0	1.00642
datamem/U1419	0	0.575521
datamem/U2279	0	0.806678
PLACE_optlc_11001	0	0.555556
PLACE_optlc_11455	0	0.555556
PLACE_optlc_4681	0	0.54321
PLACE_optlc_5611	0	1.51852
PLACE_optlc_6288	0	1.55556
datamem/ram_reg_80__0_	0	0.981451
datamem/U1785	0	1.10721
add_64/U25	0	0.574321
reg_file/reg_array_reg_2__14_	0	1.18088
datamem/U4352	0	1.01247
PLACE_optlc_9276	0	1.54321
PLACE_optlc_12092	0	1.55556
PLACE_optlc_12308	0	0.469136
PLACE_optlc_5716	0	1.55556
PLACE_optlc_3072	0	0.481481
datamem/U4390	0	0.722257
reg_file/reg_array_reg_1__11_	0	0.581825
datamem/ram_reg_242__2_	0	0.743684
PLACE_optlc_7526	0	0.555556
PLACE_optlc_9420	0	0.54321
PLACE_optlc_9821	0	0.530864
PLACE_optlc_932	0	1.55556
PLACE_optlc_3267	0	1.55556
PLACE_optlc_98	0	0.469136
add_64/U99	0	1.37558
PLACE_optlc_9506	0	0.481481
PLACE_optlc_9687	0	0.555556
PLACE_optlc_6854	0	0.530864
PLACE_optlc_1775	0	0.54321
PLACE_optlc_2022	0	0.518519
datamem/ram_reg_64__3_	0	0.621107
add_64/U101	0	0.979275
datamem/U4349	0	0.846493
PLACE_optlc_6607	0	1.55556
PLACE_optlc_2401	0	0.518519
PLACE_optlc_6693	0	0.54321
PLACE_optlc_6756	0	1.54321
PLACE_optlc_12258	0	1.55556
add_64/U81	0	0.864541
datamem/ram_reg_83__7_	0	1.47441
datamem/U4377	0	0.728673
PLACE_optlc_3965	0	1.55556
PLACE_optlc_11646	0	0.555556
PLACE_optlc_12361	0	1.55556
PLACE_optlc_7657	0	0.518519
PLACE_optlc_7672	0	1.55556
PLACE_optlc_12254	0	0.518519
PLACE_optlc_180	0	0.555556
PLACE_optlc_8915	0	0.481481
datamem/ram_reg_242__5_	0	1.0518
datamem/U1524	0	1.0288
datamem/ram_reg_240__5_	0	2.41561
datamem/U4387	0	1.07904
datamem/ram_reg_68__12_	0	1.17519
PLACE_optlc_11440	0	0.530864
PLACE_optlc_2720	0	0.518519
PLACE_optlc_8014	0	0.506173
PLACE_optlc_798	0	1.55556
PLACE_optlc_9315	0	1.53086
PLACE_optlc_9256	0	0.555556
PLACE_optlc_1892	0	1.55556
reg_file/reg_array_reg_0__14_	0	0.974255
datamem/U1444	0	0.834402
add_64/U30	0	0.640498
datamem/ram_reg_240__2_	0	0.903468
datamem/U1398	0	0.91716
PLACE_optlc_11271	0	1.55556
PLACE_optlc_4410	0	1.55556
PLACE_optlc_9260	0	0.493827
PLACE_optlc_10456	0	0.45679
PLACE_optlc_1192	0	0.481481
PLACE_optlc_6431	0	0.518519
PLACE_optlc_7073	0	0.469136
datamem/ram_reg_241__11_	0	1.27342
add_64/U70	0	1.56293
U196	0	0.774082
add_64/U37	0	0.724209
PLACE_optlc_2032	0	1.49383
PLACE_optlc_2603	0	1.55556
PLACE_optlc_1632	0	0.518519
PLACE_optlc_3164	0	1.54321
PLACE_optlc_411	0	0.469136
U253	0	0.90512
PLACE_optlc_7465	0	1.51852
PLACE_optlc_5536	0	1.54321
PLACE_optlc_5807	0	1.55556
reg_file/PLACE_HFSBUF_6432_3	0	0.99603
datamem/U4010	0	1.19765
PLACE_optlc_4372	0	0.54321
PLACE_optlc_7119	0	1.50617
PLACE_optlc_8368	0	1.51852
PLACE_optlc_347	0	1.55556
PLACE_optlc_7323	0	1.55556
PLACE_optlc_5419	0	0.555556
datamem/U1855	0	0.680448
datamem/ram_reg_80__12_	0	0.86169
datamem/U1478	0	1.88207
add_64/U23	0	0.851829
datamem/U4404	0	0.755448
datamem/ram_reg_99__6_	0	0.641914
PLACE_optlc_2925	0	1.54321
PLACE_optlc_2207	0	0.530864
PLACE_optlc_6708	0	1.55556
PLACE_optlc_11943	0	0.481481
PLACE_optlc_11726	0	0.506173
PLACE_optlc_4223	0	0.518519
datamem/ram_reg_85__4_	0	0.88034
datamem/ram_reg_68__4_	0	0.709167
datamem/ram_reg_127__1_	0	0.753661
add_64/U18	0	0.945814
datamem/ram_reg_223__2_	0	0.938546
PLACE_optlc_8233	0	1.55556
PLACE_optlc_8866	0	1.55556
PLACE_optlc_3493	0	0.54321
PLACE_optlc_6905	0	1.55556
PLACE_optlc_6293	0	0.54321
PLACE_optlc_12625	0	0.469136
PLACE_optlc_5841	0	0.555556
PLACE_optlc_11184	0	1.51852
datamem/U2062	0	0.683503
datamem/ram_reg_78__5_	0	1.09743
datamem/U1388	0	0.897099
datamem/ram_reg_84__4_	0	1.55409
datamem/ram_reg_227__0_	0	1.05318
pc_current_reg_10_	0	0.937766
datamem/ram_reg_83__10_	0	1.2972
PLACE_optlc_2978	0	1.55556
PLACE_optlc_7182	0	1.55556
PLACE_optlc_9526	0	1.55556
PLACE_optlc_658	0	0.506173
PLACE_optlc_2389	0	1.55556
PLACE_optlc_5741	0	0.555556
datamem/U1437	0	0.749518
datamem/U1779	0	1.79937
datamem/U1773	0	0.674128
U279	0	1.40962
datamem/U4065	0	1.09416
datamem/U4388	0	1.04504
reg_file/reg_array_reg_4__14_	0	0.642785
datamem/U1457	0	0.914001
datamem/U1723	0	0.937712
PLACE_optlc_7973	0	1.54321
PLACE_optlc_1693	0	0.45679
PLACE_optlc_1811	0	0.555556
PLACE_optlc_7223	0	0.493827
PLACE_optlc_4129	0	1.55556
datamem/U4007	0	0.917045
datamem/U1509	0	1.48824
datamem/ram_reg_95__13_	0	0.968978
datamem/ram_reg_127__10_	0	2.25389
datamem/U2083	0	0.603696
datamem/U1165	0	1.0301
reg_file/PLACE_HFSBUF_5796_15	0	0.625455
datamem/U4026	0	0.848858
datamem/ram_reg_79__15_	0	0.776547
datamem/ram_reg_115__3_	0	0.736898
reg_file/U65	0	0.827307
datamem/ram_reg_81__12_	0	0.598194
datamem/ram_reg_225__3_	0	0.837199
datamem/U1985	0	0.683839
U338	0	0.949726
datamem/U4394	0	1.35926
PLACE_optlc_3435	0	0.518519
PLACE_optlc_3579	0	0.555556
PLACE_optlc_6574	0	0.555556
PLACE_optlc_2779	0	1.55556
PLACE_optlc_1814	0	0.555556
PLACE_optlc_5410	0	1.55556
PLACE_optlc_3367	0	0.555556
datamem/U2047	0	1.4386
datamem/ram_reg_98__0_	0	0.634043
datamem/ram_reg_242__3_	0	0.626694
datamem/U4001	0	0.602508
datamem/ram_reg_114__0_	0	1.091
U339	0	0.873569
PLACE_optlc_521	0	1.54321
PLACE_optlc_2327	0	1.55556
PLACE_optlc_5938	0	0.518519
PLACE_optlc_3180	0	1.55556
PLACE_optlc_1923	0	1.50617
PLACE_optlc_4036	0	1.49383
PLACE_optlc_8034	0	1.55556
PLACE_optlc_2199	0	0.506173
datamem/ram_reg_79__8_	0	2.24472
datamem/ram_reg_103__10_	0	0.611439
datamem/ram_reg_115__0_	0	0.804429
reg_file/reg_array_reg_6__8_	0	0.723711
datamem/ram_reg_95__11_	0	0.627242
datamem/U1729	0	1.16025
datamem/ram_reg_81__10_	0	0.894236
datamem/U1984	0	0.840042
U293	0	0.653611
PLACE_optlc_3220	0	1.50617
PLACE_optlc_12047	0	1.53086
PLACE_optlc_6816	0	0.518519
PLACE_optlc_814	0	1.49383
PLACE_optlc_10602	0	0.518519
PLACE_optlc_11392	0	1.54321
PLACE_optlc_9578	0	0.493827
PLACE_optlc_6938	0	0.518519
PLACE_optlc_9172	0	0.555556
PLACE_optlc_4849	0	0.493827
PLACE_optlc_7434	0	1.55556
PLACE_optlc_5961	0	0.518519
datamem/ram_reg_243__0_	0	2.04574
datamem/ram_reg_80__9_	0	1.70091
datamem/ram_reg_95__5_	0	1.97123
datamem/U2288	0	0.641937
datamem/U2080	0	0.955953
datamem/U1476	0	0.870845
datamem/ram_reg_126__10_	0	0.995887
U271	0	1.83115
PLACE_optlc_1830	0	0.555556
PLACE_optlc_6178	0	0.407407
PLACE_optlc_11448	0	0.45679
datamem/U1458	0	1.76147
PLACE_optlc_10692	0	1.55556
PLACE_optlc_1203	0	1.49383
PLACE_optlc_7432	0	0.555556
PLACE_optlc_11411	0	0.493827
PLACE_optlc_6421	0	0.506173
PLACE_optlc_10867	0	1.51852
PLACE_optlc_9348	0	1.51852
PLACE_optlc_4233	0	0.358025
PLACE_optlc_1222	0	1.55556
reg_file/reg_array_reg_3__14_	0	0.731894
datamem/ram_reg_222__9_	0	1.41961
datamem/ram_reg_109__14_	0	0.85593
PLACE_optlc_10185	0	0.469136
PLACE_optlc_10240	0	1.55556
PLACE_optlc_5383	0	1.44444
PLACE_optlc_3301	0	0.518519
PLACE_optlc_11241	0	1.45679
PLACE_optlc_12277	0	0.530864
PLACE_optlc_2026	0	0.506173
PLACE_optlc_7080	0	0.555556
PLACE_optlc_12646	0	0.555556
PLACE_optlc_11732	0	1.55556
datamem/ram_reg_79__5_	0	0.508279
datamem/ram_reg_76__13_	0	1.44495
U259	0	1.55082
datamem/ram_reg_80__10_	0	0.649171
PLACE_optlc_10683	0	0.506173
PLACE_optlc_9014	0	1.55556
PLACE_optlc_11298	0	1.53086
PLACE_optlc_8991	0	1.53086
PLACE_optlc_9882	0	0.469136
PLACE_optlc_11403	0	1.55556
PLACE_optlc_9394	0	0.493827
PLACE_optlc_3536	0	0.493827
PLACE_optlc_11045	0	0.469136
PLACE_optlc_7064	0	0.54321
datamem/U4077	0	2.04035
reg_file/U140	0	1.00578
datamem/ram_reg_109__13_	0	2.47017
pc_current_reg_9_	0	0.639147
PLACE_optlc_7565	0	0.555556
PLACE_optlc_4068	0	1.55556
PLACE_optlc_6435	0	1.54321
PLACE_optlc_12658	0	0.555556
PLACE_optlc_8549	0	0.555556
reg_file/U87	0	0.832581
reg_file/reg_array_reg_4__15_	0	1.0113
datamem/ram_reg_98__6_	0	0.998492
PLACE_optlc_10920	0	0.493827
PLACE_optlc_10077	0	0.345679
datamem/ram_reg_223__5_	0	0.73885
datamem/U1460	0	1.40062
datamem/ram_reg_86__1_	0	0.994533
PLACE_optlc_7333	0	1.55556
PLACE_optlc_2372	0	1.55556
PLACE_optlc_4851	0	1.49383
PLACE_optlc_8949	0	1.55556
PLACE_optlc_7789	0	1.55556
PLACE_optlc_9793	0	0.469136
PLACE_optlc_2606	0	0.518519
PLACE_optlc_10044	0	0.518519
PLACE_optlc_10117	0	1.55556
PLACE_optlc_2837	0	0.555556
PLACE_optlc_5528	0	0.530864
PLACE_optlc_8239	0	1.51852
PLACE_optlc_1464	0	1.49383
PLACE_optlc_10991	0	0.481481
datamem/U1235	0	0.887998
datamem/ram_reg_81__0_	0	1.01534
PLACE_optlc_455	0	0.530864
PLACE_optlc_3657	0	0.54321
PLACE_optlc_894	0	0.530864
PLACE_optlc_6606	0	0.54321
PLACE_optlc_3223	0	1.45679
PLACE_optlc_353	0	0.469136
pc_current_reg_6_	0	1.00872
add_64/U4	0	0.852326
reg_file/U176	0	1.1151
reg_file/U126	0	0.99358
datamem/U4037	0	0.762307
PLACE_optlc_126	0	1.55556
PLACE_optlc_12635	0	0.493827
datamem/ram_reg_112__6_	0	1.13718
datamem/U1731	0	1.33846
add_64/U5	0	0.800718
datamem/ram_reg_225__9_	0	0.820035
datamem/ram_reg_102__4_	0	0.907967
datamem/ram_reg_65__0_	0	1.3106
PLACE_optlc_99	0	1.55556
PLACE_optlc_11620	0	0.530864
PLACE_optlc_9685	0	1.46914
PLACE_optlc_7267	0	1.55556
PLACE_optlc_4473	0	1.51852
datamem/ram_reg_229__11_	0	1.1224
reg_file/PLACE_HFSBUF_1170_35	0	1.31558
datamem/U1180	0	0.756609
U185	0	0.661304
datamem/U1297	0	0.927909
PLACE_optlc_2223	0	1.55556
PLACE_optlc_4571	0	0.506173
PLACE_optlc_4566	0	1.48148
datamem/ram_reg_241__2_	0	0.743237
reg_file/U105	0	1.87577
pc_current_reg_8_	0	2.34873
datamem/ram_reg_241__5_	0	1.03083
PLACE_optlc_2447	0	1.51852
PLACE_optlc_6897	0	1.55556
PLACE_optlc_3461	0	1.49383
PLACE_optlc_10871	0	0.469136
datamem/U1797	0	1.83513
datamem/U4110	0	0.5676
PLACE_optlc_6077	0	1.44444
PLACE_optlc_11372	0	0.555556
PLACE_optlc_6430	0	1.53086
datamem/U4046	0	0.605039
datamem/ram_reg_240__8_	0	0.598376
reg_file/reg_array_reg_5__14_	0	0.871397
PLACE_optlc_3997	0	0.555556
PLACE_optlc_11998	0	0.555556
PLACE_optlc_4171	0	0.555556
datamem/U1512	0	0.836088
PLACE_HFSBUF_795_37	0	1.02445
datamem/ram_reg_230__11_	0	0.77262
PLACE_optlc_9712	0	1.49383
PLACE_optlc_8714	0	0.469136
PLACE_optlc_12001	0	0.469136
datamem/U1542	0	0.869815
datamem/U4359	0	0.589194
PLACE_optlc_8934	0	0.555556
PLACE_optlc_9433	0	0.506173
PLACE_optlc_2756	0	0.518519
PLACE_optlc_4405	0	0.555556
PLACE_optlc_2363	0	1.49383
datamem/ram_reg_65__3_	0	1.79726
reg_file/U155	0	1.43793
datamem/U4350	0	0.592762
reg_file/U143	0	1.11083
reg_file/reg_array_reg_7__14_	0	0.873704
datamem/U1416	0	0.928569
PLACE_optlc_1116	0	0.555556
PLACE_optlc_11474	0	1.55556
datamem/U1849	0	1.58869
U233	0	1.01454
PLACE_optlc_7472	0	0.54321
PLACE_optlc_7540	0	1.45679
PLACE_optlc_6246	0	0.518519
PLACE_optlc_9766	0	0.54321
datamem/U1557	0	0.83593
datamem/U4355	0	0.745876
datamem/ram_reg_223__11_	0	1.45475
reg_file/reg_array_reg_3__8_	0	0.715285
PLACE_optlc_3051	0	1.49383
PLACE_optlc_1041	0	1.55556
PLACE_optlc_3335	0	0.530864
PLACE_optlc_247	0	0.481481
PLACE_optlc_8706	0	0.530864
PLACE_optlc_10181	0	0.54321
PLACE_optlc_8324	0	0.518519
reg_file/U179	0	0.758337
datamem/U2297	0	0.619819
datamem/U1491	0	0.746289
PLACE_HFSBUF_635_30	0	0.809495
datamem/ram_reg_240__12_	0	1.42778
PLACE_HFSBUF_296_39	0	0.555802
datamem/ram_reg_109__15_	0	0.763071
datamem/ram_reg_82__7_	0	1.79035
reg_file/PLACE_HFSBUF_19154_29	0	0.586439
PLACE_optlc_12487	0	1.55556
PLACE_optlc_1637	0	0.555556
datamem/ram_reg_71__12_	0	1.15908
datamem/ram_reg_240__3_	0	1.04663
PLACE_optlc_173	0	0.493827
PLACE_optlc_7412	0	1.55556
PLACE_optlc_12135	0	1.55556
PLACE_optlc_8686	0	1.55556
datamem/ram_reg_69__4_	0	1.00263
PLACE_optlc_11100	0	0.506173
PLACE_optlc_11098	0	1.55556
PLACE_optlc_6398	0	0.518519
PLACE_optlc_3294	0	1.49383
datamem/ram_reg_86__7_	0	1.17221
U252	0	0.695899
U193	0	0.575795
reg_file/reg_array_reg_7__11_	0	1.45091
PLACE_optlc_3561	0	0.530864
PLACE_optlc_5784	0	0.518519
PLACE_optlc_11874	0	0.506173
PLACE_optlc_10314	0	1.53086
PLACE_optlc_10475	0	1.54321
datamem/U1434	0	1.10025
datamem/U1873	0	1.07395
datamem/ram_reg_108__11_	0	0.733885
datamem/ram_reg_118__12_	0	1.02702
PLACE_optlc_11733	0	0.555556
PLACE_optlc_8454	0	1.55556
PLACE_optlc_8669	0	1.53086
PLACE_optlc_12715	0	0.555556
datamem/U4040	0	0.946254
datamem/ram_reg_81__6_	0	0.592635
datamem/ram_reg_84__12_	0	0.652226
datamem/U1469	0	1.58789
PLACE_optlc_388	0	1.55556
PLACE_optlc_9839	0	0.45679
PLACE_optlc_792	0	1.54321
PLACE_optlc_8931	0	1.53086
datamem/U2306	0	1.24736
datamem/ram_reg_222__2_	0	0.857704
datamem/ram_reg_126__4_	0	0.773522
datamem/ram_reg_96__9_	0	0.81429
PLACE_optlc_9106	0	1.55556
PLACE_optlc_6329	0	1.55556
PLACE_optlc_762	0	1.55556
PLACE_optlc_10244	0	1.53086
datamem/U1563	0	1.28806
datamem/ram_reg_113__6_	0	0.980467
datamem/U3885	0	0.601458
datamem/ram_reg_77__13_	0	0.988002
datamem/U2026	0	0.907191
datamem/ram_reg_81__3_	0	0.554336
datamem/ram_reg_108__15_	0	0.631049
datamem/U1466	0	1.01912
datamem/U4356	0	0.870212
PLACE_optlc_2650	0	1.49383
PLACE_optlc_7500	0	0.54321
PLACE_optlc_5892	0	0.555556
PLACE_optlc_3426	0	1.51852
PLACE_optlc_4413	0	1.49383
PLACE_optlc_1652	0	0.555556
PLACE_optlc_5739	0	1.55556
datamem/U1177	0	1.3008
reg_file/U81	0	1.58404
datamem/U4157	0	0.691956
datamem/U1737	0	0.526231
PLACE_optlc_5016	0	1.51852
PLACE_optlc_5407	0	0.54321
PLACE_optlc_6407	0	0.555556
PLACE_optlc_5587	0	0.506173
PLACE_optlc_948	0	1.50617
PLACE_optlc_2638	0	1.55556
add_64/U103	0	0.682384
datamem/ram_reg_108__8_	0	0.685679
datamem/ram_reg_81__7_	0	0.573194
datamem/U4083	0	0.882041
datamem/ram_reg_94__11_	0	0.920517
datamem/ram_reg_112__0_	0	0.714633
datamem/ram_reg_240__9_	0	0.567076
datamem/U2164	0	0.55414
datamem/ram_reg_108__14_	0	0.999117
PLACE_optlc_8219	0	0.518519
PLACE_optlc_1448	0	1.55556
PLACE_optlc_757	0	0.555556
PLACE_optlc_8079	0	1.55556
PLACE_optlc_3535	0	0.419753
PLACE_optlc_2531	0	0.518519
PLACE_optlc_4552	0	0.506173
datamem/U1494	0	1.16798
datamem/U4047	0	0.800772
datamem/U3837	0	1.01208
datamem/U4385	0	0.897407
datamem/ram_reg_119__12_	0	1.47059
datamem/ram_reg_242__0_	0	1.35558
datamem/U1711	0	0.817924
PLACE_optlc_751	0	1.53086
PLACE_optlc_7604	0	0.555556
PLACE_optlc_7461	0	1.55556
PLACE_optlc_2445	0	1.55556
PLACE_optlc_12128	0	0.555556
PLACE_optlc_2287	0	0.518519
PLACE_optlc_9184	0	1.55556
PLACE_optlc_5897	0	0.518519
PLACE_optlc_4673	0	1.46914
reg_file/reg_array_reg_4__13_	0	1.00191
datamem/U1749	0	1.1325
datamem/U4175	0	1.45211
datamem/U4371	0	0.882677
datamem/U1746	0	0.684653
datamem/ram_reg_214__12_	0	1.02874
datamem/U1705	0	0.710818
PLACE_optlc_7909	0	0.530864
PLACE_optlc_1928	0	0.506173
PLACE_optlc_11534	0	1.53086
PLACE_optlc_2621	0	1.53086
PLACE_optlc_10597	0	1.53086
PLACE_optlc_1102	0	0.555556
PLACE_optlc_11421	0	0.469136
PLACE_optlc_10136	0	1.53086
PLACE_optlc_1704	0	0.555556
datamem/U2032	0	0.897145
datamem/ram_reg_78__11_	0	1.38204
datamem/U4368	0	1.5451
datamem/U1455	0	0.757361
datamem/ram_reg_94__5_	0	1.37584
datamem/U1961	0	0.823627
PLACE_optlc_1647	0	1.49383
PLACE_optlc_9932	0	1.55556
PLACE_optlc_11849	0	0.493827
PLACE_optlc_4365	0	1.55556
PLACE_optlc_5324	0	1.55556
PLACE_optlc_5009	0	0.481481
PLACE_optlc_1435	0	1.49383
PLACE_optlc_7996	0	0.506173
PLACE_optlc_12292	0	1.50617
PLACE_optlc_6152	0	0.555556
reg_file/reg_array_reg_4__2_	0	0.964117
datamem/U2050	0	1.13579
datamem/ram_reg_96__0_	0	1.21687
datamem/ram_reg_212__0_	0	0.810363
PLACE_optlc_6672	0	0.518519
PLACE_optlc_2900	0	0.493827
PLACE_optlc_12078	0	1.50617
PLACE_optlc_10076	0	0.45679
PLACE_optlc_11573	0	1.53086
PLACE_optlc_5793	0	1.44444
PLACE_optlc_1837	0	0.530864
PLACE_optlc_10386	0	1.55556
datamem/U1253	0	1.12986
datamem/U1473	0	0.723264
datamem/U1532	0	0.565868
datamem/U2282	0	0.772342
datamem/ram_reg_223__12_	0	1.11706
PLACE_optlc_2353	0	0.555556
PLACE_optlc_2302	0	1.54321
PLACE_optlc_7010	0	1.55556
PLACE_optlc_2472	0	0.518519
PLACE_optlc_12278	0	0.555556
PLACE_optlc_4745	0	0.506173
PLACE_optlc_10250	0	0.506173
PLACE_optlc_7226	0	0.555556
PLACE_optlc_7115	0	1.45679
PLACE_optlc_10093	0	0.555556
datamem/ram_reg_79__11_	0	1.82947
datamem/ram_reg_101__10_	0	0.728746
reg_file/reg_array_reg_1__13_	0	0.878098
datamem/ram_reg_82__10_	0	2.01726
datamem/ram_reg_80__7_	0	1.3376
PLACE_optlc_12204	0	0.45679
PLACE_optlc_10739	0	0.45679
PLACE_optlc_8174	0	0.493827
PLACE_optlc_11673	0	1.53086
PLACE_optlc_7476	0	0.530864
PLACE_optlc_10953	0	0.444444
PLACE_optlc_11694	0	1.55556
PLACE_optlc_7496	0	1.55556
datamem/ram_reg_87__1_	0	0.917249
datamem/ram_reg_102__1_	0	0.608623
U189	0	0.794549
PLACE_optlc_9746	0	1.55556
PLACE_optlc_1855	0	0.493827
PLACE_optlc_7303	0	0.518519
PLACE_optlc_448	0	1.51852
PLACE_optlc_5967	0	1.53086
PLACE_optlc_981	0	0.530864
PLACE_optlc_8768	0	1.53086
PLACE_optlc_10149	0	1.55556
U243	0	1.61579
datamem/ram_reg_228__2_	0	0.807423
U188	0	0.968511
PLACE_optlc_9407	0	1.55556
PLACE_optlc_11143	0	1.53086
PLACE_optlc_11387	0	1.4321
PLACE_optlc_11273	0	1.53086
PLACE_optlc_6417	0	1.54321
datamem/ram_reg_96__12_	0	1.10308
U170	0	0.603029
add_64/U98	0	1.53328
reg_file/PLACE_HFSBUF_9938_13	0	1.41941
PLACE_optlc_11079	0	1.53086
PLACE_optlc_10888	0	0.555556
PLACE_optlc_1844	0	0.54321
PLACE_optlc_8999	0	0.469136
PLACE_optlc_9012	0	1.55556
PLACE_optlc_2893	0	0.54321
reg_file/U45	0	1.04294
U210	0	1.33757
PLACE_optlc_10697	0	0.469136
PLACE_optlc_946	0	1.55556
PLACE_optlc_10876	0	1.49383
PLACE_optlc_1624	0	1.51852
PLACE_optlc_11639	0	0.469136
PLACE_optlc_3494	0	0.54321
PLACE_optlc_4904	0	1.55556
pc_current_reg_1_	0	1.06231
datamem/U2146	0	1.09466
PLACE_optlc_5723	0	1.50617
PLACE_optlc_10801	0	1.50617
PLACE_optlc_9196	0	0.518519
PLACE_optlc_12180	0	1.55556
datamem/U4019	0	0.712029
datamem/ram_reg_84__9_	0	0.924753
datamem/ram_reg_65__6_	0	0.692967
datamem/U1986	0	0.814456
datamem/U1527	0	1.11501
datamem/ram_reg_228__11_	0	0.986767
PLACE_optlc_1019	0	1.49383
PLACE_optlc_4349	0	1.55556
PLACE_optlc_6801	0	0.518519
PLACE_optlc_5195	0	1.54321
PLACE_optlc_7023	0	0.555556
PLACE_optlc_4812	0	0.54321
reg_file/U119	0	0.732897
datamem/ram_reg_224__6_	0	0.663372
datamem/U1964	0	0.741844
datamem/U1472	0	1.01036
U342	0	0.718495
PLACE_optlc_8574	0	0.54321
PLACE_optlc_548	0	0.54321
PLACE_optlc_4534	0	0.555556
PLACE_optlc_2582	0	1.55556
PLACE_optlc_5886	0	1.51852
PLACE_optlc_5126	0	1.44444
reg_file/U113	0	1.30386
datamem/ram_reg_222__5_	0	0.608171
datamem/ram_reg_231__2_	0	0.874985
PLACE_optlc_445	0	0.518519
PLACE_optlc_2095	0	0.530864
PLACE_optlc_3154	0	0.54321
PLACE_optlc_663	0	0.481481
PLACE_optlc_312	0	0.54321
PLACE_optlc_6470	0	0.493827
PLACE_optlc_7679	0	1.55556
PLACE_optlc_183	0	0.506173
datamem/ram_reg_113__0_	0	0.979711
reg_file/PLACE_HFSBUF_1829_33	0	1.23377
datamem/U1575	0	0.999279
datamem/ram_reg_230__2_	0	0.893665
PLACE_optlc_3575	0	1.49383
PLACE_optlc_5275	0	0.469136
PLACE_optlc_1355	0	1.54321
PLACE_optlc_3454	0	1.50617
PLACE_optlc_3437	0	1.55556
pc_current_reg_0_	0	0.777716
datamem/U1294	0	0.96799
add_64/U59	0	0.726535
PLACE_optlc_2144	0	1.55556
PLACE_optlc_12748	0	1.50617
add_64/U74	0	0.672153
datamem/ram_reg_241__8_	0	1.04465
datamem/U1967	0	0.634016
datamem/U1968	0	1.41519
PLACE_optlc_7868	0	1.55556
PLACE_optlc_8861	0	0.493827
PLACE_optlc_8409	0	1.55556
datamem/U4193	0	0.961894
reg_file/U124	0	0.709772
datamem/ram_reg_231__11_	0	1.536
reg_file/reg_array_reg_0__8_	0	0.916258
datamem/ram_reg_222__11_	0	1.05952
datamem/ram_reg_98__1_	0	1.41882
PLACE_optlc_10265	0	1.55556
PLACE_optlc_10189	0	1.55556
PLACE_optlc_11592	0	1.55556
PLACE_optlc_10588	0	1.51852
PLACE_optlc_1657	0	1.55556
datamem/U1279	0	0.928742
datamem/U1406	0	1.51696
U272	0	0.57407
datamem/ram_reg_71__9_	0	1.43374
add_64/U97	0	0.707882
U303	0	1.33897
PLACE_optlc_9206	0	1.53086
PLACE_optlc_311	0	1.49383
PLACE_optlc_9704	0	1.55556
datamem/U4378	0	0.764074
pc_current_reg_7_	0	0.659591
reg_file/reg_array_reg_2__8_	0	2.12409
datamem/U1846	0	1.27901
datamem/ram_reg_229__2_	0	0.814163
PLACE_optlc_8690	0	0.469136
PLACE_optlc_7394	0	1.55556
datamem/U1232	0	0.684035
reg_file/reg_array_reg_7__13_	0	0.627091
add_64/U13	0	0.828646
PLACE_optlc_8440	0	1.45679
PLACE_optlc_6734	0	0.555556
PLACE_optlc_12657	0	1.55556
PLACE_optlc_11633	0	0.555556
reg_file/U99	0	1.54417
U301	0	1.12595
datamem/ram_reg_79__13_	0	0.61103
PLACE_optlc_3990	0	0.555556
PLACE_optlc_5213	0	0.518519
PLACE_optlc_8845	0	0.469136
PLACE_optlc_4057	0	1.55556
reg_file/U178	0	1.2663
datamem/ram_reg_241__12_	0	1.31868
PLACE_optlc_3019	0	0.518519
PLACE_optlc_7027	0	1.51852
PLACE_optlc_10958	0	1.55556
datamem/ram_reg_70__12_	0	0.89385
add_64/U63	0	0.969302
PLACE_optlc_11226	0	0.555556
PLACE_optlc_9604	0	0.506173
PLACE_optlc_12052	0	0.45679
PLACE_optlc_11160	0	1.54321
PLACE_optlc_1985	0	1.54321
PLACE_optlc_11961	0	0.555556
datamem/ram_reg_127__4_	0	0.695833
datamem/ram_reg_84__7_	0	0.761269
datamem/ram_reg_68__1_	0	0.764433
reg_file/reg_array_reg_1__8_	0	1.03405
datamem/U1521	0	1.15766
PLACE_optlc_9412	0	0.555556
PLACE_optlc_10340	0	0.45679
PLACE_optlc_4009	0	0.54321
datamem/ram_reg_109__2_	0	0.997126
add_64/U58	0	1.34707
datamem/ram_reg_81__9_	0	0.909985
datamem/U2110	0	0.644232
datamem/U4148	0	0.785594
PLACE_optlc_5350	0	1.49383
PLACE_optlc_11444	0	0.555556
datamem/U1565	0	1.00747
reg_file/reg_array_reg_4__8_	0	1.00101
PLACE_optlc_1090	0	1.51852
PLACE_optlc_1176	0	1.44444
PLACE_optlc_4028	0	1.55556
PLACE_optlc_7590	0	1.49383
PLACE_optlc_2156	0	0.530864
PLACE_optlc_3204	0	1.49383
PLACE_optlc_12305	0	1.55556
datamem/ram_reg_119__9_	0	0.923449
datamem/ram_reg_240__0_	0	0.556825
datamem/ram_reg_97__1_	0	0.904163
datamem/U1837	0	1.04134
PLACE_optlc_4373	0	1.44444
PLACE_optlc_1202	0	0.54321
PLACE_optlc_9332	0	1.55556
add_64/U77	0	0.515108
datamem/U4130	0	1.11457
datamem/U1743	0	0.842496
datamem/U1982	0	0.783681
datamem/ram_reg_85__9_	0	0.849896
datamem/ram_reg_109__8_	0	0.880216
datamem/U1774	0	1.04978
datamem/U2098	0	0.761038
datamem/ram_reg_86__9_	0	0.771354
datamem/U4369	0	1.09191
PLACE_optlc_2336	0	1.55556
PLACE_optlc_5000	0	1.53086
PLACE_optlc_3949	0	0.54321
PLACE_optlc_12649	0	0.555556
PLACE_optlc_5073	0	1.45679
PLACE_optlc_3556	0	1.55556
PLACE_optlc_6438	0	0.54321
PLACE_optlc_591	0	0.555556
PLACE_optlc_6136	0	0.54321
datamem/U1547	0	0.697917
datamem/ram_reg_116__12_	0	1.36933
datamem/ram_reg_96__6_	0	1.01636
datamem/U1958	0	1.01914
datamem/ram_reg_97__9_	0	0.637589
add_64/U17	0	1.31807
datamem/ram_reg_110__13_	0	0.678495
PLACE_optlc_3524	0	0.54321
PLACE_optlc_1910	0	1.55556
PLACE_optlc_7813	0	1.55556
PLACE_optlc_5995	0	0.493827
PLACE_optlc_5753	0	0.555556
datamem/U2143	0	0.811944
datamem/ram_reg_225__0_	0	1.20662
U250	0	1.04853
datamem/U1422	0	0.95966
datamem/U4220	0	0.710027
datamem/U4353	0	0.734387
PLACE_optlc_8445	0	0.518519
PLACE_optlc_3441	0	1.55556
PLACE_optlc_7069	0	1.55556
PLACE_optlc_1122	0	1.55556
PLACE_optlc_9672	0	1.55556
PLACE_optlc_5372	0	1.55556
datamem/U1821	0	0.8937
datamem/U4139	0	1.36254
datamem/ram_reg_241__3_	0	1.41559
datamem/U1183	0	1.28259
reg_file/U68	0	1.23447
datamem/ram_reg_68__7_	0	1.05294
datamem/ram_reg_109__11_	0	1.23106
reg_file/U137	0	0.902828
add_64/U16	0	0.656481
datamem/ram_reg_116__0_	0	1.38413
PLACE_optlc_4055	0	0.530864
PLACE_optlc_1080	0	1.55556
PLACE_optlc_3313	0	0.518519
PLACE_optlc_11934	0	0.469136
PLACE_optlc_2593	0	1.55556
PLACE_optlc_6263	0	1.49383
PLACE_optlc_3356	0	1.55556
PLACE_optlc_5825	0	1.55556
PLACE_optlc_3647	0	1.55556
PLACE_optlc_4214	0	1.55556
U224	0	1.41128
datamem/U4029	0	0.625687
datamem/ram_reg_96__3_	0	0.595428
datamem/ram_reg_111__13_	0	1.08866
datamem/ram_reg_240__6_	0	0.74407
datamem/U4062	0	1.18834
datamem/ram_reg_118__9_	0	0.743677
PLACE_optlc_5109	0	0.555556
PLACE_optlc_11554	0	1.54321
PLACE_optlc_1430	0	1.55556
PLACE_optlc_11414	0	0.469136
PLACE_optlc_6373	0	1.51852
PLACE_optlc_5572	0	1.55556
PLACE_optlc_6078	0	1.55556
PLACE_optlc_12014	0	0.555556
reg_file/reg_array_reg_5__8_	0	0.718422
datamem/ram_reg_233__2_	0	1.21677
PLACE_optlc_12316	0	0.555556
PLACE_optlc_7318	0	1.55556
PLACE_optlc_2972	0	1.49383
PLACE_optlc_3975	0	0.555556
PLACE_optlc_4815	0	1.49383
datamem/ram_reg_99__7_	0	0.949753
datamem/U1529	0	1.39666
datamem/U1762	0	0.651894
datamem/ram_reg_103__1_	0	0.61799
datamem/U4022	0	1.09186
datamem/ram_reg_84__1_	0	0.609221
PLACE_optlc_5957	0	1.51852
PLACE_optlc_9665	0	0.469136
PLACE_optlc_8684	0	1.55556
PLACE_optlc_8763	0	1.53086
PLACE_optlc_12516	0	1.55556
PLACE_optlc_8534	0	1.53086
PLACE_optlc_1745	0	0.518519
PLACE_optlc_186	0	1.55556
PLACE_optlc_8539	0	0.469136
PLACE_optlc_11977	0	1.53086
datamem/ram_reg_100__12_	0	0.660347
datamem/U4166	0	0.836184
datamem/U2044	0	0.8749
datamem/U1979	0	1.41379
datamem/U1442	0	0.974564
datamem/ram_reg_222__12_	0	1.11565
PLACE_optlc_9993	0	1.55556
PLACE_optlc_9384	0	0.45679
PLACE_optlc_2823	0	1.55556
datamem/U4184	0	1.63264
datamem/U4028	0	1.30466
datamem/U4374	0	0.829437
datamem/U1440	0	0.943592
datamem/ram_reg_108__5_	0	1.82219
PLACE_optlc_9373	0	0.555556
PLACE_optlc_8627	0	0.469136
PLACE_optlc_892	0	1.53086
PLACE_optlc_11722	0	0.45679
PLACE_optlc_8189	0	1.55556
PLACE_optlc_10579	0	1.53086
PLACE_optlc_9936	0	0.469136
datamem/U1756	0	0.754174
datamem/ram_reg_97__7_	0	0.625837
reg_file/U173	0	0.54892
reg_file/reg_array_reg_6__2_	0	0.699792
PLACE_optlc_10433	0	0.54321
PLACE_optlc_11231	0	0.469136
PLACE_optlc_2326	0	1.49383
PLACE_optlc_9962	0	0.54321
PLACE_optlc_1612	0	0.54321
PLACE_optlc_4310	0	0.555556
PLACE_optlc_12583	0	1.54321
PLACE_optlc_10590	0	1.55556
add_64/U104	0	0.612566
reg_file/reg_array_reg_6__13_	0	1.01879
datamem/U2020	0	1.16507
add_64/U49	0	0.644826
datamem/U1867	0	0.652535
datamem/U2300	0	0.766335
PLACE_optlc_8309	0	1.55556
PLACE_optlc_10858	0	1.54321
PLACE_optlc_1508	0	1.51852
PLACE_optlc_6946	0	1.49383
datamem/U2002	0	0.641782
PLACE_optlc_5788	0	1.54321
PLACE_optlc_2062	0	0.530864
PLACE_optlc_7446	0	1.45679
PLACE_optlc_1103	0	2.49383
datamem/ram_reg_224__0_	0	0.835748
datamem/U2161	0	1.34341
PLACE_optlc_10530	0	0.469136
PLACE_optlc_7026	0	0.518519
PLACE_optlc_11987	0	1.55556
PLACE_optlc_10926	0	1.53086
PLACE_optlc_3960	0	1.54321
datamem/U1973	0	1.50816
U346	0	0.680355
datamem/ram_reg_103__4_	0	1.04176
U209	0	0.818812
datamem/U4347	0	0.882099
PLACE_optlc_8855	0	1.53086
PLACE_optlc_8234	0	1.55556
PLACE_optlc_12251	0	1.53086
PLACE_optlc_9680	0	1.55556
PLACE_optlc_176	0	0.530864
PLACE_optlc_11112	0	1.55556
reg_file/U160	0	0.597658
PLACE_HFSBUF_868_36	0	0.554676
reg_file/reg_array_reg_3__13_	0	0.89012
PLACE_optlc_9059	0	0.45679
PLACE_optlc_9715	0	0.555556
PLACE_optlc_10208	0	0.54321
PLACE_optlc_580	0	1.54321
PLACE_optlc_5136	0	1.55556
PLACE_optlc_12238	0	1.51852
PLACE_optlc_6786	0	1.55556
datamem/U4202	0	1.29119
PLACE_optlc_12343	0	0.481481
PLACE_optlc_3057	0	1.51852
PLACE_optlc_6436	0	1.54321
PLACE_optlc_703	0	1.50617
PLACE_optlc_9729	0	0.469136
datamem/ram_reg_231__5_	0	0.917485
datamem/U1875	0	0.567269
PLACE_optlc_8719	0	0.506173
PLACE_optlc_3714	0	0.555556
PLACE_optlc_6648	0	0.518519
PLACE_optlc_9948	0	0.469136
PLACE_optlc_7425	0	1.55556
PLACE_optlc_4097	0	1.51852
datamem/ram_reg_215__12_	0	0.648152
datamem/U1475	0	1.4542
datamem/ram_reg_231__8_	0	2.07507
PLACE_optlc_4416	0	1.54321
PLACE_optlc_7138	0	1.51852
PLACE_optlc_5840	0	0.518519
PLACE_optlc_4698	0	1.55556
PLACE_optlc_9938	0	1.55556
PLACE_optlc_6577	0	1.54321
PLACE_optlc_10969	0	0.555556
datamem/U1819	0	0.903704
datamem/U1267	0	0.622623
add_64/U82	0	0.626026
datamem/U1276	0	1.17152
PLACE_optlc_666	0	1.55556
PLACE_optlc_10910	0	1.49383
PLACE_optlc_7732	0	1.45679
PLACE_optlc_7958	0	0.481481
PLACE_optlc_4844	0	0.395062
PLACE_optlc_2374	0	0.54321
PLACE_optlc_8193	0	0.54321
PLACE_optlc_410	0	1.48148
PLACE_optlc_7969	0	0.530864
datamem/U1545	0	0.891397
datamem/ram_reg_244__12_	0	0.792674
datamem/U4229	0	1.11409
datamem/U4074	0	1.05352
pc_current_reg_5_	0	0.969556
PLACE_optlc_2431	0	1.53086
PLACE_optlc_4119	0	1.55556
PLACE_optlc_3933	0	1.54321
PLACE_optlc_12098	0	1.49383
PLACE_optlc_11383	0	0.555556
PLACE_optlc_7736	0	1.55556
PLACE_optlc_255	0	0.54321
datamem/U1792	0	0.573642
datamem/U1238	0	0.978048
datamem/U2104	0	1.20062
datamem/ram_reg_232__2_	0	0.79071
datamem/ram_reg_248__2_	0	1.16589
PLACE_optlc_4299	0	0.555556
PLACE_optlc_816	0	1.53086
PLACE_optlc_5074	0	0.555556
PLACE_optlc_9095	0	0.555556
PLACE_optlc_71	0	0.45679
PLACE_optlc_5746	0	0.555556
PLACE_optlc_6703	0	2.55556
PLACE_optlc_2358	0	1.55556
PLACE_optlc_7219	0	1.51852
PLACE_optlc_1683	0	1.49383
PLACE_optlc_7509	0	1.50617
PLACE_optlc_1257	0	1.49383
datamem/ram_reg_111__15_	0	1.46233
reg_file/U149	0	0.711744
datamem/U4169	0	0.878414
datamem/ram_reg_70__0_	0	0.565116
datamem/U4133	0	0.97434
PLACE_optlc_7676	0	1.44444
PLACE_optlc_3508	0	0.555556
PLACE_optlc_3694	0	1.45679
PLACE_optlc_10395	0	1.53086
PLACE_optlc_4789	0	0.54321
datamem/ram_reg_70__9_	0	1.29312
datamem/ram_reg_228__5_	0	0.552867
datamem/ram_reg_229__5_	0	0.641157
PLACE_optlc_8344	0	0.54321
PLACE_optlc_2127	0	0.518519
PLACE_optlc_8110	0	1.55556
PLACE_optlc_2843	0	0.518519
PLACE_optlc_10337	0	0.469136
PLACE_optlc_7454	0	0.518519
PLACE_optlc_2355	0	1.55556
datamem/U4167	0	0.695004
datamem/ram_reg_233__11_	0	0.985536
datamem/U2022	0	0.602797
PLACE_optlc_3341	0	1.55556
PLACE_optlc_1491	0	0.555556
PLACE_optlc_10630	0	0.432099
PLACE_optlc_6321	0	0.54321
PLACE_optlc_325	0	0.518519
PLACE_optlc_8865	0	0.54321
PLACE_optlc_1887	0	0.555556
datamem/U4151	0	0.618627
U116	0	1.21082
datamem/U1583	0	1.71678
reg_file/U50	0	0.723395
PLACE_optlc_11918	0	1.53086
PLACE_optlc_5160	0	0.54321
PLACE_optlc_8097	0	1.55556
PLACE_optlc_1687	0	1.55556
PLACE_optlc_9126	0	0.555556
PLACE_optlc_4860	0	1.51852
datamem/U1764	0	0.597778
datamem/ram_reg_99__1_	0	1.73281
reg_file/U86	0	1.05033
datamem/ram_reg_103__12_	0	0.862762
PLACE_optlc_11663	0	1.53086
PLACE_optlc_9187	0	0.555556
PLACE_optlc_6089	0	0.555556
PLACE_optlc_9585	0	0.506173
PLACE_optlc_6389	0	0.518519
PLACE_optlc_10062	0	1.53086
datamem/ram_reg_230__5_	0	1.27515
datamem/ram_reg_116__6_	0	1.32392
datamem/U1256	0	0.640066
datamem/ram_reg_69__7_	0	0.647114
datamem/ram_reg_244__9_	0	1.96689
reg_file/U142	0	0.719452
PLACE_optlc_2142	0	0.506173
PLACE_optlc_2546	0	1.49383
PLACE_optlc_11781	0	1.55556
PLACE_optlc_11635	0	0.555556
PLACE_optlc_11867	0	1.55556
PLACE_optlc_10122	0	0.530864
PLACE_optlc_9046	0	1.55556
PLACE_optlc_6729	0	0.555556
datamem/ram_reg_87__9_	0	0.886219
datamem/ram_reg_116__3_	0	0.637103
datamem/ram_reg_230__3_	0	1.06201
datamem/ram_reg_100__10_	0	1.04282
reg_file/U63	0	1.01606
datamem/U1740	0	1.30383
PLACE_optlc_12171	0	1.49383
PLACE_optlc_709	0	1.55556
PLACE_optlc_4489	0	0.555556
datamem/ram_reg_108__2_	0	0.917049
datamem/ram_reg_116__9_	0	0.701535
reg_file/reg_array_reg_5__13_	0	0.593152
datamem/U3840	0	0.590174
datamem/U1864	0	1.61285
datamem/ram_reg_85__7_	0	0.677959
reg_file/reg_array_reg_7__8_	0	1.40147
U208	0	0.97093
datamem/ram_reg_110__2_	0	0.776439
PLACE_optlc_4262	0	1.49383
PLACE_optlc_1170	0	0.555556
PLACE_optlc_3010	0	0.518519
PLACE_optlc_1038	0	0.54321
PLACE_optlc_11095	0	1.55556
PLACE_optlc_5399	0	0.54321
PLACE_optlc_3931	0	0.518519
datamem/ram_reg_110__11_	0	0.593264
datamem/U4056	0	0.991285
datamem/ram_reg_110__14_	0	0.724919
datamem/ram_reg_97__3_	0	0.593603
datamem/U1520	0	0.804024
PLACE_optlc_1436	0	1.55556
PLACE_optlc_1063	0	1.49383
PLACE_optlc_2596	0	0.518519
PLACE_optlc_8303	0	1.55556
PLACE_optlc_8769	0	0.45679
PLACE_optlc_6452	0	1.55556
datamem/ram_reg_118__0_	0	1.02131
add_64/U115	0	1.15121
datamem/ram_reg_71__0_	0	2.20313
datamem/ram_reg_241__9_	0	0.612249
datamem/U1798	0	1.02442
reg_file/reg_array_reg_2__13_	0	1.35198
datamem/U1550	0	0.747577
PLACE_optlc_4853	0	1.55556
PLACE_optlc_7237	0	0.518519
PLACE_optlc_8382	0	0.54321
PLACE_optlc_8588	0	0.555556
PLACE_optlc_6619	0	1.54321
PLACE_optlc_3879	0	1.53086
PLACE_optlc_9054	0	0.493827
PLACE_optlc_1643	0	0.555556
PLACE_optlc_4719	0	0.555556
datamem/U4436	0	1.35288
datamem/ram_reg_111__14_	0	0.727886
datamem/ram_reg_234__11_	0	0.859811
datamem/U1857	0	0.699263
add_64/U88	0	0.787832
datamem/ram_reg_212__3_	0	1.07327
PLACE_optlc_7153	0	1.55556
PLACE_optlc_11817	0	1.49383
PLACE_optlc_4334	0	1.55556
PLACE_optlc_11405	0	0.530864
PLACE_optlc_1064	0	1.55556
datamem/ram_reg_85__12_	0	1.49037
reg_file/PLACE_HFSBUF_7731_6	0	0.650548
datamem/U1994	0	0.714244
datamem/U2107	0	1.36547
datamem/ram_reg_241__0_	0	0.891848
datamem/ram_reg_84__0_	0	1.88039
datamem/U1741	0	0.648465
datamem/U2152	0	1.68264
PLACE_optlc_3715	0	1.54321
PLACE_optlc_4112	0	0.518519
PLACE_optlc_3889	0	0.555556
PLACE_optlc_916	0	1.55556
PLACE_optlc_11791	0	0.506173
PLACE_optlc_3144	0	0.530864
PLACE_optlc_10649	0	1.55556
reg_file/reg_array_reg_0__13_	0	1.56443
datamem/U1539	0	0.545478
datamem/ram_reg_213__12_	0	0.858299
datamem/U1976	0	0.915667
datamem/U1839	0	1.0874
PLACE_optlc_12624	0	1.55556
PLACE_optlc_8979	0	0.518519
PLACE_optlc_10675	0	1.49383
PLACE_optlc_6749	0	0.555556
PLACE_optlc_6556	0	1.54321
PLACE_optlc_6406	0	1.55556
PLACE_optlc_5759	0	0.555556
datamem/U1758	0	0.869703
datamem/ram_reg_96__4_	0	1.34818
add_64/U78	0	0.615181
PLACE_optlc_11394	0	0.469136
PLACE_optlc_7429	0	0.518519
PLACE_optlc_4878	0	0.481481
PLACE_optlc_9858	0	1.55556
PLACE_optlc_4617	0	0.506173
PLACE_optlc_1506	0	0.518519
PLACE_optlc_10426	0	1.55556
PLACE_optlc_6571	0	0.493827
PLACE_optlc_4525	0	0.506173
PLACE_optlc_6447	0	1.53086
datamem/ram_reg_96__1_	0	2.12665
datamem/ram_reg_119__0_	0	0.60314
datamem/U1761	0	1.16593
PLACE_optlc_2091	0	1.55556
PLACE_optlc_10817	0	0.469136
PLACE_optlc_2132	0	0.518519
PLACE_optlc_4596	0	1.49383
datamem/ram_reg_102__12_	0	1.24067
datamem/U3846	0	0.919595
PLACE_optlc_5854	0	1.54321
PLACE_optlc_5316	0	0.555556
PLACE_optlc_5476	0	0.469136
PLACE_optlc_6135	0	0.530864
PLACE_optlc_11969	0	1.55556
PLACE_optlc_10239	0	1.55556
PLACE_optlc_8129	0	1.49383
datamem/U3903	0	0.713221
U127	0	1.10875
datamem/U1250	0	0.818002
PLACE_optlc_12449	0	0.469136
PLACE_optlc_11730	0	0.469136
datamem/U4366	0	0.557346
datamem/U2134	0	1.12756
add_64/U92	0	0.909799
datamem/U3843	0	0.742423
PLACE_optlc_9048	0	1.55556
PLACE_optlc_676	0	1.55556
PLACE_optlc_10723	0	1.54321
PLACE_optlc_9171	0	0.493827
PLACE_optlc_10139	0	0.555556
PLACE_optlc_7776	0	0.555556
PLACE_optlc_175	0	0.518519
PLACE_optlc_4577	0	0.555556
PLACE_optlc_246	0	0.493827
datamem/ram_reg_100__4_	0	0.593954
datamem/ram_reg_110__5_	0	1.27688
datamem/U2101	0	1.09433
datamem/U4187	0	0.719664
datamem/ram_reg_100__1_	0	0.588056
datamem/ram_reg_101__12_	0	2.21082
datamem/ram_reg_212__9_	0	1.76667
add_64/U79	0	1.33556
PLACE_optlc_6570	0	1.55556
PLACE_optlc_8942	0	1.55556
PLACE_optlc_11597	0	0.518519
PLACE_optlc_9967	0	1.50617
PLACE_optlc_11997	0	0.481481
PLACE_optlc_4794	0	1.55556
reg_file/U104	0	0.563619
datamem/ram_reg_109__5_	0	1.14059
datamem/ram_reg_85__1_	0	1.44498
PLACE_optlc_1901	0	1.55556
PLACE_optlc_3540	0	0.518519
PLACE_optlc_3114	0	0.518519
datamem/U4433	0	1.86056
reg_file/U75	0	0.798519
reg_file/reg_array_reg_1__2_	0	0.688592
reg_file/reg_array_reg_6__7_	0	1.73827
reg_file/reg_array_reg_2__2_	0	0.56294
datamem/ram_reg_69__1_	0	1.98441
PLACE_optlc_5294	0	1.55556
PLACE_optlc_12614	0	1.53086
datamem/U4375	0	0.893152
datamem/U4247	0	0.972234
PLACE_optlc_12120	0	1.55556
PLACE_optlc_5883	0	0.54321
PLACE_optlc_3913	0	1.50617
PLACE_optlc_3319	0	0.518519
PLACE_optlc_113	0	0.555556
datamem/U4190	0	1.20674
datamem/U1955	0	0.584734
datamem/ram_reg_97__6_	0	0.982458
datamem/U4503	0	0.667307
PLACE_optlc_9550	0	0.469136
PLACE_optlc_11760	0	0.54321
datamem/U2000	0	0.871817
reg_file/PLACE_HFSBUF_7214_12	0	0.74505
PLACE_optlc_3646	0	1.55556
PLACE_optlc_4903	0	0.481481
PLACE_optlc_11338	0	1.55556
PLACE_optlc_12483	0	1.55556
PLACE_optlc_11255	0	0.54321
datamem/U2021	0	0.55841
datamem/U1991	0	1.02233
datamem/U1780	0	0.6513
datamem/ram_reg_212__6_	0	1.62704
datamem/ram_reg_230__8_	0	0.903484
add_64/U46	0	1.79644
PLACE_optlc_8494	0	0.530864
PLACE_optlc_10042	0	0.469136
PLACE_optlc_10152	0	0.555556
PLACE_optlc_8019	0	1.55556
datamem/U1755	0	1.31847
datamem/U1759	0	1.0123
PLACE_optlc_1502	0	1.55556
datamem/ram_reg_102__9_	0	1.45921
datamem/U4205	0	0.747874
PLACE_optlc_7039	0	1.55556
PLACE_optlc_10615	0	0.469136
PLACE_optlc_1265	0	1.55556
PLACE_optlc_10924	0	0.555556
PLACE_optlc_3952	0	0.530864
datamem/U2003	0	1.54319
datamem/U2004	0	1.83403
datamem/U4211	0	0.697369
reg_file/reg_array_reg_0__2_	0	0.939425
PLACE_optlc_904	0	0.530864
PLACE_optlc_10068	0	1.53086
PLACE_optlc_2794	0	1.55556
PLACE_optlc_6788	0	1.53086
PLACE_optlc_10311	0	0.555556
PLACE_optlc_2244	0	1.53086
PLACE_optlc_6795	0	0.555556
PLACE_optlc_6308	0	1.53086
PLACE_optlc_5922	0	1.50617
datamem/ram_reg_245__9_	0	0.947917
datamem/ram_reg_214__0_	0	0.585849
datamem/U1285	0	1.09658
PLACE_optlc_9328	0	0.555556
PLACE_optlc_1216	0	0.54321
PLACE_optlc_9052	0	1.53086
PLACE_optlc_777	0	1.55556
PLACE_optlc_11491	0	1.54321
PLACE_optlc_5730	0	0.45679
datamem/ram_reg_98__7_	0	1.54448
reg_file/U39	0	0.920999
datamem/U1231	0	0.763052
datamem/U3867	0	1.4277
datamem/ram_reg_117__0_	0	0.529468
PLACE_optlc_3815	0	0.555556
PLACE_optlc_9640	0	0.555556
PLACE_optlc_6609	0	1.51852
PLACE_optlc_8254	0	1.54321
PLACE_optlc_3559	0	1.55556
PLACE_optlc_11596	0	1.55556
datamem/U1240	0	0.837303
datamem/ram_reg_232__5_	0	0.525868
U341	0	1.38332
datamem/U1738	0	0.699861
datamem/ram_reg_215__6_	0	2.48
PLACE_optlc_11661	0	1.55556
PLACE_optlc_875	0	1.55556
PLACE_optlc_3078	0	1.55556
PLACE_optlc_10912	0	0.469136
PLACE_optlc_4655	0	1.54321
PLACE_optlc_7596	0	0.54321
PLACE_optlc_4153	0	0.45679
PLACE_optlc_10826	0	0.555556
PLACE_optlc_12704	0	1.53086
datamem/U4483	0	0.846173
datamem/ram_reg_101__1_	0	1.16918
datamem/U4172	0	0.601127
datamem/U4154	0	0.774252
datamem/U1813	0	1.61256
datamem/ram_reg_232__11_	0	2.0453
datamem/ram_reg_72__7_	0	0.606258
datamem/U4140	0	0.740158
datamem/ram_reg_69__12_	0	0.696759
PLACE_optlc_2315	0	1.55556
PLACE_optlc_8459	0	0.518519
PLACE_optlc_7311	0	0.54321
PLACE_optlc_3850	0	0.493827
PLACE_optlc_5896	0	1.55556
PLACE_optlc_8069	0	0.506173
PLACE_optlc_12700	0	1.49383
datamem/ram_reg_110__15_	0	0.632438
datamem/U2122	0	0.59358
datamem/ram_reg_68__0_	0	1.35946
datamem/ram_reg_68__9_	0	2.01252
PLACE_optlc_1562	0	0.54321
PLACE_optlc_8313	0	1.55556
PLACE_optlc_9748	0	1.53086
PLACE_optlc_5096	0	1.55556
PLACE_optlc_5678	0	0.530864
PLACE_optlc_2269	0	1.55556
PLACE_optlc_2686	0	1.55556
datamem/ram_reg_228__8_	0	1.30642
reg_file/reg_array_reg_7__7_	0	0.781208
datamem/U4136	0	0.98831
datamem/ram_reg_117__9_	0	1.00758
datamem/ram_reg_229__8_	0	0.728557
PLACE_optlc_912	0	0.555556
PLACE_optlc_355	0	1.54321
PLACE_optlc_9326	0	0.469136
PLACE_optlc_6852	0	1.45679
PLACE_optlc_4370	0	1.55556
PLACE_optlc_5990	0	0.518519
PLACE_optlc_10423	0	1.53086
PLACE_optlc_5667	0	1.55556
PLACE_optlc_7922	0	0.530864
PLACE_optlc_4912	0	1.53086
PLACE_optlc_9099	0	0.555556
datamem/ram_reg_97__0_	0	0.681971
datamem/U1767	0	0.847226
PLACE_optlc_11148	0	1.55556
PLACE_optlc_851	0	0.493827
PLACE_optlc_1987	0	1.55556
PLACE_optlc_2863	0	0.54321
PLACE_optlc_3900	0	1.54321
datamem/ram_reg_235__11_	0	1.25807
datamem/ram_reg_248__11_	0	0.613623
datamem/ram_reg_246__12_	0	0.554973
datamem/ram_reg_228__12_	0	0.688549
PLACE_optlc_733	0	0.555556
PLACE_optlc_3608	0	1.55556
PLACE_optlc_10837	0	1.55556
PLACE_optlc_370	0	0.530864
PLACE_optlc_12394	0	0.469136
PLACE_optlc_7928	0	1.55556
PLACE_optlc_5406	0	0.518519
datamem/U4506	0	0.801393
datamem/ram_reg_84__6_	0	0.568364
datamem/ram_reg_85__0_	0	1.01472
PLACE_optlc_6979	0	0.555556
PLACE_optlc_10601	0	0.469136
PLACE_optlc_130	0	1.55556
datamem/ram_reg_247__2_	0	1.07889
PLACE_optlc_529	0	1.51852
PLACE_optlc_11761	0	0.506173
PLACE_optlc_8795	0	1.55556
PLACE_optlc_12353	0	1.53086
PLACE_optlc_10930	0	1.55556
PLACE_optlc_9324	0	1.55556
PLACE_optlc_11006	0	0.518519
PLACE_optlc_12335	0	1.53086
datamem/ram_reg_241__6_	0	0.906173
PLACE_optlc_1085	0	1.55556
PLACE_optlc_1565	0	0.518519
PLACE_optlc_6469	0	0.530864
PLACE_optlc_12582	0	1.55556
datamem/U1810	0	1.08879
datamem/ram_reg_96__10_	0	0.571296
datamem/ram_reg_117__6_	0	1.90255
add_64/U28	0	0.725992
PLACE_optlc_7608	0	1.55556
datamem/ram_reg_72__1_	0	0.917944
reg_file/U154	0	0.854008
datamem/ram_reg_111__8_	0	0.898839
add_64/U11	0	1.74973
datamem/ram_reg_97__4_	0	0.976952
datamem/ram_reg_97__12_	0	1.31684
datamem/ram_reg_111__11_	0	1.03701
datamem/U4452	0	0.86272
PLACE_optlc_9268	0	0.45679
PLACE_optlc_5256	0	0.518519
PLACE_optlc_6256	0	0.54321
reg_file/reg_array_reg_5__7_	0	2.22471
datamem/ram_reg_228__9_	0	0.747554
datamem/U4137	0	0.64902
datamem/ram_reg_118__3_	0	0.856019
add_64/U107	0	1.04207
datamem/ram_reg_111__2_	0	0.570741
reg_file/U118	0	0.933391
PLACE_optlc_6962	0	1.55556
PLACE_optlc_3675	0	0.54321
PLACE_optlc_3277	0	1.55556
PLACE_optlc_362	0	1.51852
reg_file/U93	0	0.833789
datamem/ram_reg_100__9_	0	1.13814
datamem/ram_reg_248__5_	0	1.23364
datamem/U4455	0	0.856563
PLACE_optlc_430	0	1.55556
PLACE_optlc_287	0	1.49383
PLACE_optlc_9010	0	1.55556
datamem/U2137	0	0.575467
reg_file/U131	0	1.66902
datamem/U1601	0	0.555544
datamem/U4493	0	0.727037
PLACE_optlc_3181	0	0.530864
PLACE_optlc_7430	0	0.506173
PLACE_optlc_8402	0	1.49383
PLACE_optlc_1958	0	1.51852
PLACE_optlc_220	0	0.555556
PLACE_optlc_5382	0	1.49383
datamem/ram_reg_247__12_	0	1.31387
datamem/U1270	0	0.755853
reg_file/reg_array_reg_3__2_	0	0.610135
datamem/U2155	0	0.631092
add_64/U51	0	1.19716
PLACE_optlc_6188	0	1.55556
PLACE_optlc_1045	0	1.55556
PLACE_optlc_5584	0	0.555556
datamem/ram_reg_88__12_	0	0.794641
datamem/U1604	0	0.664286
datamem/U1854	0	0.663557
datamem/U2009	0	1.11649
datamem/U2015	0	1.5304
datamem/U1310	0	0.810459
add_64/U61	0	1.04672
reg_file/U57	0	0.79537
datamem/ram_reg_100__7_	0	0.546971
PLACE_optlc_2057	0	0.555556
PLACE_optlc_608	0	0.506173
PLACE_optlc_4284	0	0.518519
PLACE_optlc_8237	0	0.493827
PLACE_optlc_12425	0	1.55556
PLACE_optlc_6114	0	1.51852
datamem/U3873	0	1.07927
datamem/U2018	0	0.783175
PLACE_optlc_216	0	1.51852
PLACE_optlc_9160	0	1.55556
datamem/ram_reg_88__9_	0	0.894799
datamem/U4158	0	0.570995
datamem/U3849	0	0.662458
datamem/U1818	0	0.794626
PLACE_optlc_10701	0	0.469136
PLACE_optlc_11062	0	0.45679
PLACE_optlc_9612	0	1.55556
PLACE_optlc_1412	0	0.518519
PLACE_optlc_11305	0	0.555556
PLACE_optlc_5482	0	0.555556
PLACE_optlc_72	0	1.48148
datamem/U2125	0	0.667527
datamem/ram_reg_73__1_	0	0.722257
datamem/U2012	0	0.97326
reg_file/U167	0	0.973295
datamem/U1261	0	1.46269
datamem/ram_reg_119__3_	0	1.80321
datamem/ram_reg_70__3_	0	1.5332
PLACE_optlc_3385	0	0.555556
PLACE_optlc_2836	0	2.49383
PLACE_optlc_9501	0	0.530864
PLACE_optlc_8675	0	0.493827
datamem/ram_reg_111__5_	0	0.570285
datamem/ram_reg_247__11_	0	1.21561
datamem/U1893	0	1.00747
datamem/U1322	0	1.50301
datamem/ram_reg_103__9_	0	0.786937
datamem/ram_reg_229__12_	0	0.851547
datamem/U1828	0	0.946489
datamem/U1744	0	0.696157
PLACE_optlc_12203	0	1.50617
PLACE_optlc_12399	0	1.54321
PLACE_optlc_847	0	1.55556
PLACE_optlc_5051	0	0.555556
PLACE_optlc_2371	0	0.506173
PLACE_optlc_8288	0	2.50617
PLACE_optlc_2172	0	0.493827
PLACE_optlc_3221	0	0.518519
PLACE_optlc_9366	0	1.55556
PLACE_optlc_584	0	1.55556
datamem/U3897	0	1.01926
PLACE_optlc_6583	0	1.50617
PLACE_optlc_12373	0	0.469136
PLACE_optlc_2769	0	1.49383
PLACE_optlc_6906	0	0.530864
PLACE_optlc_9265	0	0.45679
PLACE_optlc_10628	0	1.49383
PLACE_optlc_6866	0	1.55556
PLACE_optlc_2073	0	1.49383
pc_current_reg_2_	0	1.00004
datamem/U2116	0	1.33972
datamem/U1526	0	0.801535
datamem/ram_reg_212__12_	0	1.42071
datamem/U1304	0	1.16709
datamem/U1538	0	1.42925
datamem/ram_reg_96__7_	0	1.2441
PLACE_optlc_12754	0	0.555556
PLACE_optlc_8429	0	1.55556
PLACE_optlc_6362	0	1.51852
PLACE_optlc_9141	0	0.555556
PLACE_optlc_5124	0	1.49383
PLACE_optlc_9303	0	0.555556
PLACE_optlc_6573	0	1.44444
PLACE_optlc_10980	0	1.53086
PLACE_optlc_4641	0	0.518519
PLACE_optlc_9063	0	0.506173
U399	0	0.97027
datamem/ram_reg_245__12_	0	0.898418
datamem/U1801	0	0.917728
PLACE_optlc_9610	0	0.530864
PLACE_optlc_6871	0	0.481481
PLACE_optlc_2537	0	0.555556
PLACE_optlc_9934	0	0.518519
add_64/U42	0	0.968264
datamem/U4474	0	1.16597
datamem/U1834	0	1.46752
datamem/ram_reg_104__12_	0	1.80351
datamem/U4372	0	0.782242
PLACE_optlc_11175	0	1.49383
PLACE_optlc_2047	0	1.45679
PLACE_optlc_2399	0	1.51852
PLACE_optlc_8593	0	1.55556
PLACE_optlc_6269	0	0.555556
PLACE_optlc_10849	0	0.506173
U187	0	1.06088
datamem/U4512	0	1.19681
PLACE_optlc_11714	0	0.555556
PLACE_optlc_12228	0	0.469136
PLACE_optlc_9434	0	1.55556
PLACE_optlc_2932	0	0.444444
PLACE_optlc_10745	0	0.555556
PLACE_optlc_9554	0	1.49383
PLACE_optlc_7489	0	1.48148
PLACE_optlc_3203	0	0.506173
datamem/U4265	0	1.83997
reg_file/reg_array_reg_2__5_	0	0.863356
PLACE_optlc_5987	0	0.54321
PLACE_optlc_10720	0	0.506173
PLACE_optlc_3293	0	1.4321
PLACE_optlc_4547	0	0.54321
PLACE_optlc_9452	0	0.506173
PLACE_optlc_1065	0	0.54321
PLACE_optlc_672	0	0.518519
PLACE_optlc_2999	0	0.469136
PLACE_optlc_12202	0	1.51852
reg_file/reg_array_reg_0__7_	0	1.03338
reg_file/PLACE_HFSBUF_8336_7	0	0.820413
add_64/U86	0	1.05576
PLACE_optlc_1720	0	1.55556
PLACE_optlc_7856	0	1.53086
PLACE_optlc_11708	0	0.481481
PLACE_optlc_5265	0	1.55556
PLACE_optlc_9068	0	1.49383
PLACE_optlc_1896	0	1.55556
PLACE_optlc_3756	0	0.493827
PLACE_optlc_6807	0	0.518519
PLACE_optlc_11268	0	1.54321
datamem/ram_reg_88__0_	0	1.86218
datamem/U1816	0	0.742631
datamem/ram_reg_232__8_	0	1.03742
datamem/ram_reg_101__9_	0	1.4009
reg_file/U44	0	0.928441
PLACE_optlc_10782	0	1.55556
PLACE_optlc_5734	0	0.518519
PLACE_optlc_9979	0	1.53086
PLACE_optlc_8146	0	1.55556
PLACE_optlc_12084	0	0.469136
datamem/ram_reg_68__3_	0	0.867079
reg_file/reg_array_reg_5__2_	0	0.612079
datamem/U1747	0	1.27954
datamem/U4223	0	1.1206
datamem/ram_reg_247__3_	0	1.0309
datamem/ram_reg_69__9_	0	0.729402
PLACE_optlc_3799	0	0.54321
PLACE_optlc_9592	0	1.55556
PLACE_optlc_4479	0	1.55556
PLACE_optlc_2619	0	1.54321
PLACE_optlc_12438	0	0.555556
PLACE_optlc_8462	0	0.54321
datamem/ram_reg_244__2_	0	0.683542
reg_file/reg_array_reg_4__7_	0	1.91603
datamem/U1891	0	0.724471
datamem/ram_reg_244__11_	0	1.34357
PLACE_optlc_8974	0	1.54321
PLACE_optlc_9060	0	0.555556
PLACE_optlc_3593	0	0.45679
PLACE_optlc_4134	0	1.55556
PLACE_optlc_5720	0	0.493827
reg_file/reg_array_reg_7__2_	0	2.36349
reg_file/U78	0	1.38357
reg_file/reg_array_reg_0__0_	0	1.0194
datamem/ram_reg_101__7_	0	0.801319
PLACE_optlc_3486	0	1.55556
PLACE_optlc_7881	0	1.51852
PLACE_optlc_6242	0	1.53086
PLACE_optlc_10616	0	1.53086
PLACE_optlc_12407	0	1.54321
datamem/ram_reg_99__10_	0	1.57132
datamem/ram_reg_247__0_	0	1.43488
reg_file/U172	0	0.629414
datamem/U1809	0	1.2104
PLACE_optlc_10073	0	1.54321
PLACE_optlc_5470	0	0.518519
PLACE_optlc_7877	0	1.55556
PLACE_optlc_5127	0	0.530864
PLACE_optlc_426	0	1.48148
PLACE_optlc_4164	0	0.518519
datamem/ram_reg_233__5_	0	0.743573
datamem/ram_reg_119__6_	0	1.63316
reg_file/U136	0	1.41579
datamem/U4492	0	1.43081
datamem/ram_reg_101__4_	0	2.38981
datamem/ram_reg_215__0_	0	1.08877
PLACE_optlc_2910	0	0.54321
PLACE_optlc_7742	0	1.53086
datamem/ram_reg_73__7_	0	0.57669
datamem/U1795	0	1.11382
PLACE_optlc_3414	0	1.55556
PLACE_optlc_5174	0	1.51852
PLACE_optlc_2716	0	1.55556
PLACE_optlc_6643	0	1.51852
PLACE_optlc_11044	0	0.530864
PLACE_optlc_345	0	1.49383
PLACE_optlc_2815	0	0.555556
datamem/U4464	0	0.877712
datamem/U3879	0	1.30517
datamem/ram_reg_249__2_	0	0.811551
U340	0	0.861825
datamem/ram_reg_104__9_	0	1.0369
PLACE_optlc_3705	0	1.55556
PLACE_optlc_5352	0	1.49383
PLACE_optlc_3835	0	0.506173
PLACE_optlc_417	0	1.49383
PLACE_optlc_9219	0	1.50617
PLACE_optlc_10331	0	0.469136
PLACE_optlc_5083	0	1.48148
PLACE_optlc_5416	0	1.50617
datamem/U1827	0	0.735552
datamem/U1593	0	0.956377
datamem/U1358	0	0.590023
datamem/ram_reg_214__6_	0	0.609363
PLACE_optlc_3763	0	1.48148
PLACE_optlc_4848	0	0.54321
PLACE_optlc_8891	0	1.50617
PLACE_optlc_4603	0	0.54321
PLACE_optlc_6965	0	0.530864
PLACE_optlc_5818	0	1.50617
PLACE_optlc_4382	0	0.506173
datamem/U2128	0	0.930532
datamem/ram_reg_84__3_	0	0.761049
datamem/U1568	0	0.650324
PLACE_optlc_3691	0	1.55556
PLACE_optlc_4894	0	1.53086
PLACE_optlc_8084	0	1.55556
PLACE_optlc_9137	0	0.555556
PLACE_optlc_3050	0	0.518519
datamem/ram_reg_247__9_	0	0.549603
datamem/ram_reg_249__11_	0	0.80706
U236	0	0.564996
datamem/ram_reg_110__8_	0	0.83684
PLACE_optlc_1570	0	0.518519
PLACE_optlc_481	0	1.55556
PLACE_optlc_6612	0	1.53086
PLACE_optlc_6057	0	1.55556
PLACE_optlc_1546	0	0.555556
PLACE_optlc_12691	0	1.55556
PLACE_optlc_10975	0	1.55556
PLACE_optlc_8952	0	1.48148
datamem/U4238	0	0.932573
datamem/U1328	0	0.898345
datamem/ram_reg_104__7_	0	0.580957
datamem/U4256	0	0.800995
PLACE_optlc_8347	0	1.53086
PLACE_optlc_5257	0	0.506173
PLACE_optlc_3111	0	1.55556
PLACE_optlc_6760	0	0.45679
PLACE_optlc_2833	0	1.55556
PLACE_optlc_11447	0	0.555556
datamem/U1872	0	1.50742
add_64/U105	0	0.687265
add_64/U64	0	0.805039
add_64/U50	0	1.22802
datamem/ram_reg_247__6_	0	0.88728
PLACE_optlc_9785	0	1.49383
PLACE_optlc_3917	0	0.555556
PLACE_optlc_10755	0	0.481481
PLACE_optlc_6653	0	0.555556
PLACE_optlc_11809	0	1.53086
datamem/ram_reg_71__6_	0	0.765907
datamem/U3891	0	0.682967
datamem/ram_reg_246__2_	0	2.237
datamem/ram_reg_214__9_	0	0.959333
datamem/ram_reg_86__12_	0	1.43924
datamem/ram_reg_117__12_	0	0.964726
datamem/ram_reg_89__12_	0	1.11626
datamem/ram_reg_244__0_	0	0.852924
PLACE_optlc_710	0	0.54321
PLACE_optlc_12418	0	1.53086
PLACE_optlc_1434	0	1.55556
PLACE_optlc_6119	0	1.55556
datamem/U1900	0	0.725876
datamem/ram_reg_100__0_	0	1.15249
datamem/ram_reg_104__10_	0	0.762133
datamem/U1541	0	1.81124
datamem/U4484	0	0.683314
PLACE_optlc_9945	0	0.45679
PLACE_optlc_250	0	0.518519
PLACE_optlc_4902	0	1.55556
PLACE_optlc_420	0	1.55556
PLACE_optlc_9566	0	0.518519
PLACE_optlc_12379	0	0.518519
PLACE_optlc_11501	0	1.54321
add_64/U93	0	0.956362
reg_file/reg_array_reg_1__7_	0	1.10961
datamem/U1592	0	0.862685
datamem/ram_reg_105__1_	0	0.771856
datamem/ram_reg_99__4_	0	0.6926
datamem/ram_reg_88__6_	0	2.22367
add_64/U89	0	1.04195
PLACE_optlc_9290	0	1.55556
PLACE_optlc_8315	0	0.54321
PLACE_optlc_2755	0	1.45679
datamem/ram_reg_85__3_	0	1.1327
datamem/U1258	0	0.78098
datamem/ram_reg_88__1_	0	1.55261
datamem/U1364	0	0.712743
reg_file/reg_array_reg_3__5_	0	2.34183
datamem/ram_reg_71__3_	0	0.593935
PLACE_optlc_147	0	0.506173
PLACE_optlc_4166	0	1.51852
PLACE_optlc_6813	0	1.55556
PLACE_optlc_783	0	1.55556
datamem/U4208	0	1.44032
datamem/ram_reg_235__2_	0	1.3759
datamem/U1313	0	0.759047
datamem/ram_reg_101__0_	0	1.69412
datamem/U4426	0	1.29043
datamem/U4435	0	1.23318
PLACE_optlc_1401	0	1.55556
PLACE_optlc_10207	0	1.53086
PLACE_optlc_10744	0	1.55556
PLACE_optlc_12155	0	0.555556
PLACE_optlc_3189	0	0.518519
PLACE_optlc_1944	0	1.55556
PLACE_optlc_10143	0	0.555556
PLACE_optlc_5760	0	0.432099
datamem/U3882	0	1.11002
datamem/ram_reg_75__1_	0	1.67046
datamem/ram_reg_234__2_	0	1.18059
datamem/ram_reg_88__10_	0	0.859502
PLACE_optlc_3643	0	1.51852
PLACE_optlc_221	0	1.55556
PLACE_optlc_7101	0	1.53086
PLACE_optlc_6791	0	1.55556
datamem/U1234	0	1.34263
datamem/ram_reg_104__1_	0	0.673526
PLACE_optlc_10964	0	0.45679
PLACE_optlc_4602	0	1.55556
PLACE_optlc_8933	0	1.55556
datamem/U2140	0	1.63075
U235	0	0.493989
datamem/U1836	0	1.32659
datamem/ram_reg_97__10_	0	1.1781
datamem/ram_reg_215__9_	0	0.641867
datamem/ram_reg_247__5_	0	1.05667
PLACE_optlc_10511	0	0.555556
PLACE_optlc_4013	0	0.555556
PLACE_optlc_6988	0	1.51852
PLACE_optlc_10241	0	1.46914
datamem/U1291	0	0.560174
datamem/U4522	0	1.22688
datamem/U3864	0	0.869383
PLACE_optlc_1107	0	0.54321
PLACE_optlc_9386	0	1.46914
PLACE_optlc_11223	0	1.49383
reg_file/PLACE_HFSBUF_13430_16	0	1.05379
datamem/ram_reg_105__12_	0	0.820019
datamem/ram_reg_246__11_	0	0.766647
add_64/U106	0	0.624753
datamem/ram_reg_213__9_	0	0.901073
reg_file/PLACE_HFSBUF_17697_28	0	1.386
U142	0	0.94451
datamem/U4481	0	0.910482
PLACE_optlc_7263	0	1.53086
PLACE_optlc_1322	0	0.555556
PLACE_optlc_3507	0	1.55556
PLACE_optlc_11393	0	1.55556
PLACE_optlc_9916	0	1.53086
PLACE_optlc_8184	0	0.518519
datamem/ram_reg_75__7_	0	2.25318
U240	0	1.2812
PLACE_optlc_11483	0	1.53086
PLACE_optlc_8259	0	0.506173
PLACE_optlc_10114	0	0.481481
PLACE_optlc_8501	0	0.506173
PLACE_optlc_11739	0	0.45679
PLACE_optlc_1114	0	1.51852
add_64/U47	0	1.25996
datamem/ram_reg_118__6_	0	1.34777
PLACE_optlc_3651	0	0.54321
PLACE_optlc_8127	0	0.469136
PLACE_optlc_3822	0	1.53086
PLACE_optlc_4842	0	1.45679
datamem/ram_reg_72__10_	0	1.16392
PLACE_optlc_9757	0	0.518519
datamem/U1523	0	1.41333
reg_file/U98	0	1.30066
datamem/U1997	0	1.47912
reg_file/reg_array_reg_1__5_	0	0.571107
PLACE_optlc_5583	0	1.55556
PLACE_optlc_2481	0	1.41975
PLACE_optlc_6553	0	1.55556
PLACE_optlc_9198	0	0.555556
PLACE_optlc_11130	0	0.506173
PLACE_optlc_8480	0	0.469136
datamem/U2158	0	0.709815
datamem/U4424	0	1.13963
PLACE_optlc_10780	0	1.55556
PLACE_optlc_4428	0	0.555556
PLACE_optlc_10589	0	0.530864
PLACE_optlc_3866	0	0.469136
PLACE_optlc_436	0	0.518519
datamem/U1888	0	0.876366
datamem/U1845	0	1.4609
datamem/U1890	0	1.36922
datamem/U4490	0	1.20828
PLACE_optlc_7542	0	1.53086
PLACE_optlc_3360	0	0.506173
PLACE_optlc_10074	0	1.51852
PLACE_optlc_6613	0	1.55556
PLACE_optlc_10557	0	1.54321
PLACE_optlc_11244	0	1.54321
PLACE_optlc_4213	0	1.54321
reg_file/reg_array_reg_3__7_	0	1.63046
datamem/U4487	0	0.737909
datamem/ram_reg_98__4_	0	1.64844
datamem/U4531	0	1.05175
datamem/ram_reg_88__4_	0	1.56013
datamem/ram_reg_102__0_	0	0.618356
PLACE_optlc_7634	0	1.49383
PLACE_optlc_929	0	1.55556
PLACE_optlc_2680	0	1.54321
PLACE_optlc_164	0	0.518519
PLACE_optlc_4880	0	1.55556
datamem/U1831	0	0.630891
datamem/ram_reg_213__3_	0	1.34355
PLACE_optlc_5065	0	1.49383
PLACE_optlc_168	0	1.45679
PLACE_optlc_6812	0	0.45679
PLACE_optlc_1094	0	1.49383
reg_file/reg_array_reg_0__4_	0	2.06208
U227	0	0.687743
datamem/ram_reg_233__8_	0	1.0698
PLACE_optlc_7275	0	0.518519
PLACE_optlc_7291	0	1.51852
PLACE_optlc_716	0	0.530864
PLACE_optlc_3036	0	0.518519
datamem/ram_reg_72__4_	0	0.54831
datamem/U1622	0	1.4116
pc_current_reg_4_	0	0.817982
datamem/U1602	0	0.958434
datamem/ram_reg_104__0_	0	1.31354
PLACE_optlc_10715	0	1.54321
PLACE_optlc_11956	0	0.506173
PLACE_optlc_8968	0	1.55556
PLACE_optlc_474	0	0.419753
datamem/ram_reg_244__3_	0	0.766281
reg_file/U42	0	0.920787
reg_file/reg_array_reg_2__7_	0	2.19251
PLACE_optlc_12541	0	1.55556
PLACE_optlc_520	0	1.54321
PLACE_optlc_4430	0	0.493827
PLACE_optlc_4105	0	0.469136
PLACE_optlc_7196	0	1.54321
PLACE_optlc_12507	0	0.469136
datamem/U4473	0	0.772396
reg_file/U170	0	1.36609
datamem/U4259	0	0.922782
datamem/ram_reg_88__3_	0	0.97321
datamem/U1882	0	0.849664
PLACE_optlc_5252	0	0.444444
PLACE_optlc_4485	0	1.49383
PLACE_optlc_8608	0	0.469136
PLACE_optlc_9225	0	1.49383
PLACE_optlc_9145	0	0.555556
PLACE_optlc_9470	0	1.48148
PLACE_optlc_3707	0	1.45679
PLACE_optlc_12633	0	1.53086
datamem/ram_reg_244__8_	0	0.757029
datamem/U1288	0	1.43444
datamem/ram_reg_244__5_	0	0.798279
datamem/ram_reg_72__12_	0	0.884811
datamem/ram_reg_213__0_	0	0.682859
datamem/U1598	0	1.74152
reg_file/reg_array_reg_0__5_	0	0.656705
PLACE_optlc_9064	0	1.53086
datamem/U1595	0	0.779988
datamem/ram_reg_235__5_	0	0.647631
datamem/U1249	0	0.550135
PLACE_optlc_2839	0	0.555556
PLACE_optlc_119	0	0.518519
PLACE_optlc_115	0	1.55556
PLACE_optlc_1180	0	0.493827
PLACE_optlc_10520	0	0.555556
PLACE_optlc_6639	0	1.45679
PLACE_optlc_11503	0	0.54321
PLACE_optlc_1548	0	1.53086
pc_current_reg_3_	0	0.976605
reg_file/U134	0	0.949055
datamem/ram_reg_117__3_	0	1.03549
reg_file/U62	0	1.12619
datamem/U1765	0	1.38034
add_64/U12	0	0.672577
PLACE_optlc_7979	0	1.55556
PLACE_optlc_7120	0	1.53086
PLACE_optlc_6952	0	0.555556
PLACE_optlc_7667	0	1.55556
datamem/ram_reg_86__3_	0	1.10633
datamem/U1911	0	0.773522
datamem/U2182	0	0.718183
datamem/U1315	0	0.879167
datamem/ram_reg_121__9_	0	1.24725
datamem/ram_reg_100__3_	0	0.774931
datamem/ram_reg_246__8_	0	0.584695
add_64/U44	0	0.776956
PLACE_optlc_1442	0	0.506173
PLACE_optlc_7567	0	0.518519
PLACE_optlc_8939	0	0.469136
PLACE_optlc_2190	0	0.54321
PLACE_optlc_2280	0	1.55556
PLACE_optlc_8554	0	0.432099
PLACE_optlc_1392	0	0.444444
PLACE_optlc_7423	0	0.555556
PLACE_optlc_7374	0	0.45679
datamem/U4486	0	1.2675
datamem/ram_reg_69__0_	0	0.763985
PLACE_optlc_7198	0	1.55556
PLACE_optlc_7088	0	2.55556
PLACE_optlc_4184	0	0.555556
PLACE_optlc_4869	0	0.530864
datamem/U4449	0	1.00447
datamem/ram_reg_101__3_	0	1.25274
PLACE_optlc_5898	0	1.50617
PLACE_optlc_2494	0	0.530864
PLACE_optlc_11094	0	1.55556
PLACE_optlc_2010	0	0.481481
PLACE_optlc_10598	0	0.469136
PLACE_optlc_4765	0	0.518519
PLACE_optlc_5346	0	0.506173
PLACE_optlc_7950	0	0.54321
PLACE_optlc_8589	0	1.53086
reg_file/reg_array_reg_2__4_	0	1.16004
datamem/U1960	0	0.664969
datamem/ram_reg_104__4_	0	0.666678
PLACE_optlc_6969	0	1.55556
PLACE_optlc_2013	0	1.55556
PLACE_optlc_11810	0	0.555556
PLACE_optlc_10289	0	1.55556
PLACE_optlc_10116	0	1.45679
PLACE_optlc_11557	0	0.555556
datamem/ram_reg_86__6_	0	0.668368
datamem/ram_reg_251__11_	0	0.639853
datamem/U1783	0	0.980725
reg_file/U96	0	1.52537
reg_file/reg_array_reg_5__5_	0	0.918399
datamem/ram_reg_230__12_	0	2.09383
PLACE_optlc_12348	0	0.493827
PLACE_optlc_4195	0	1.55556
PLACE_optlc_6775	0	1.51852
datamem/U3900	0	1.45077
reg_file/reg_array_reg_7__5_	0	2.14941
datamem/U1909	0	0.790926
datamem/ram_reg_102__3_	0	0.883839
datamem/ram_reg_70__6_	0	0.670814
PLACE_optlc_9392	0	1.46914
PLACE_optlc_2654	0	1.55556
PLACE_optlc_11953	0	1.46914
PLACE_optlc_10854	0	0.45679
PLACE_optlc_1694	0	0.506173
datamem/U1599	0	1.4199
datamem/U4432	0	0.79228
datamem/U1954	0	1.30185
datamem/U4525	0	0.755775
datamem/ram_reg_105__7_	0	0.972249
datamem/U4563	0	1.05205
datamem/U4429	0	0.962056
datamem/U4465	0	1.01152
datamem/ram_reg_245__6_	0	0.773407
PLACE_optlc_3734	0	0.530864
PLACE_optlc_10221	0	1.53086
PLACE_optlc_4883	0	1.55556
PLACE_optlc_7385	0	0.555556
PLACE_optlc_3574	0	0.555556
PLACE_optlc_3512	0	0.518519
PLACE_optlc_207	0	1.48148
PLACE_optlc_6728	0	0.555556
PLACE_optlc_3868	0	1.55556
PLACE_optlc_7070	0	0.493827
PLACE_optlc_8898	0	0.506173
PLACE_optlc_1629	0	0.518519
PLACE_optlc_10140	0	1.49383
PLACE_optlc_7222	0	1.55556
PLACE_optlc_12559	0	0.555556
PLACE_optlc_12161	0	0.45679
PLACE_optlc_8016	0	1.53086
PLACE_optlc_3310	0	0.54321
PLACE_optlc_2717	0	0.506173
PLACE_optlc_12225	0	0.530864
PLACE_optlc_2916	0	1.54321
datamem/U1596	0	1.24371
reg_file/PLACE_HFSBUF_13504_17	0	1.30008
datamem/U1331	0	1.32633
datamem/U4427	0	1.26004
U257	0	0.821968
datamem/ram_reg_120__12_	0	1.38665
datamem/ram_reg_105__10_	0	1.61202
PLACE_optlc_7456	0	0.555556
PLACE_optlc_6661	0	0.493827
PLACE_optlc_2564	0	0.518519
PLACE_optlc_6690	0	0.493827
PLACE_optlc_5443	0	0.518519
PLACE_optlc_4252	0	1.55556
PLACE_optlc_4468	0	1.55556
U242	0	0.85277
add_64/U45	0	1.87101
reg_file/U60	0	0.754537
datamem/U4471	0	0.568121
datamem/U4430	0	0.810297
datamem/U1848	0	1.31202
reg_file/U80	0	1.28771
datamem/U1906	0	1.29922
PLACE_optlc_2161	0	1.45679
PLACE_optlc_8447	0	0.54321
PLACE_optlc_4312	0	0.555556
PLACE_optlc_3795	0	1.49383
PLACE_optlc_12141	0	0.493827
PLACE_optlc_12351	0	1.54321
PLACE_optlc_2310	0	0.555556
PLACE_optlc_3286	0	0.555556
datamem/ram_reg_89__0_	0	0.544927
datamem/ram_reg_249__5_	0	1.16513
datamem/ram_reg_98__10_	0	1.00758
datamem/ram_reg_105__0_	0	0.526462
datamem/U1367	0	1.00497
datamem/U4176	0	0.559456
PLACE_optlc_7274	0	0.518519
PLACE_optlc_1198	0	1.49383
PLACE_optlc_11777	0	0.54321
PLACE_optlc_4037	0	0.481481
PLACE_optlc_11814	0	0.469136
PLACE_optlc_5510	0	0.555556
datamem/U4226	0	0.56034
datamem/U1619	0	0.64392
datamem/ram_reg_246__3_	0	1.81323
datamem/U1777	0	0.724865
datamem/U1273	0	0.557137
datamem/U1340	0	0.614931
PLACE_optlc_330	0	0.518519
PLACE_optlc_3844	0	0.54321
PLACE_optlc_8108	0	1.55556
PLACE_optlc_12006	0	0.493827
PLACE_optlc_1692	0	0.506173
PLACE_optlc_2427	0	1.41975
PLACE_optlc_12682	0	0.518519
PLACE_optlc_778	0	1.49383
PLACE_optlc_9396	0	0.493827
PLACE_optlc_11219	0	1.55556
PLACE_optlc_11052	0	0.45679
PLACE_optlc_8029	0	0.518519
PLACE_optlc_6062	0	0.555556
PLACE_optlc_6699	0	0.518519
datamem/U3858	0	0.897782
datamem/ram_reg_246__9_	0	1.0204
datamem/ram_reg_120__0_	0	2.08963
datamem/ram_reg_108__7_	0	1.31186
datamem/ram_reg_89__9_	0	0.564248
datamem/ram_reg_244__6_	0	1.43841
datamem/ram_reg_88__7_	0	1.69058
datamem/U1927	0	0.890131
PLACE_optlc_1794	0	0.506173
PLACE_optlc_4550	0	1.55556
PLACE_optlc_8906	0	1.55556
PLACE_optlc_9295	0	0.555556
PLACE_optlc_3681	0	1.54321
PLACE_optlc_8136	0	0.530864
PLACE_optlc_11652	0	1.53086
PLACE_optlc_11240	0	1.53086
PLACE_optlc_12747	0	1.54321
datamem/ram_reg_105__9_	0	0.760594
datamem/ram_reg_251__5_	0	1.0607
datamem/U1237	0	0.931138
datamem/ram_reg_232__12_	0	0.96174
PLACE_optlc_690	0	0.506173
PLACE_optlc_712	0	1.55556
PLACE_optlc_2492	0	0.54321
datamem/U3855	0	1.25381
datamem/U1620	0	1.77206
datamem/U1885	0	0.609707
PLACE_optlc_12159	0	0.469136
PLACE_optlc_2219	0	0.54321
PLACE_optlc_10550	0	1.53086
PLACE_optlc_1843	0	0.493827
PLACE_optlc_9490	0	0.45679
PLACE_optlc_9923	0	1.55556
datamem/U2119	0	1.48848
datamem/U1881	0	0.555972
datamem/U4212	0	1.32596
PLACE_optlc_4864	0	1.55556
PLACE_optlc_9769	0	1.55556
PLACE_optlc_12183	0	0.506173
PLACE_optlc_4063	0	1.49383
PLACE_optlc_7371	0	1.49383
PLACE_optlc_10283	0	1.55556
PLACE_optlc_12450	0	1.41975
PLACE_optlc_12435	0	1.55556
datamem/ram_reg_246__5_	0	1.30137
datamem/ram_reg_247__8_	0	0.551848
datamem/ram_reg_108__1_	0	1.20566
PLACE_optlc_6534	0	0.518519
PLACE_optlc_10200	0	1.54321
PLACE_optlc_9178	0	1.55556
PLACE_optlc_2970	0	1.44444
PLACE_optlc_2216	0	0.54321
PLACE_optlc_9852	0	1.54321
PLACE_optlc_6832	0	1.55556
PLACE_optlc_1021	0	0.555556
reg_file/reg_array_reg_2__9_	0	0.919549
datamem/ram_reg_68__6_	0	0.608738
PLACE_optlc_9661	0	0.555556
PLACE_optlc_3064	0	1.53086
PLACE_optlc_9851	0	0.555556
PLACE_optlc_4404	0	1.45679
PLACE_optlc_8649	0	1.53086
datamem/ram_reg_74__7_	0	0.949985
datamem/ram_reg_106__10_	0	1.90562
reg_file/U41	0	0.565617
datamem/ram_reg_89__10_	0	0.78914
datamem/ram_reg_74__1_	0	1.11279
PLACE_optlc_10553	0	0.530864
PLACE_optlc_4834	0	0.45679
PLACE_optlc_10186	0	0.555556
PLACE_optlc_5389	0	1.55556
PLACE_optlc_6249	0	0.518519
PLACE_optlc_10237	0	1.51852
PLACE_optlc_7399	0	0.518519
datamem/U1346	0	0.780517
datamem/U2197	0	0.884008
datamem/ram_reg_75__10_	0	1.80152
reg_file/reg_array_reg_5__4_	0	0.63716
PLACE_optlc_7960	0	0.395062
PLACE_optlc_10052	0	1.55556
PLACE_optlc_2752	0	1.55556
datamem/U4489	0	0.734028
datamem/ram_reg_103__3_	0	0.987388
datamem/U4569	0	0.828391
datamem/U1559	0	1.50135
datamem/ram_reg_231__9_	0	0.609645
PLACE_optlc_727	0	1.53086
PLACE_optlc_11529	0	1.55556
PLACE_optlc_12145	0	1.46914
PLACE_optlc_11360	0	1.53086
datamem/ram_reg_89__3_	0	0.617708
datamem/ram_reg_73__10_	0	2.16814
PLACE_optlc_4833	0	0.358025
PLACE_optlc_12223	0	1.55556
PLACE_optlc_5983	0	0.54321
PLACE_optlc_8854	0	0.469136
PLACE_optlc_3854	0	0.530864
PLACE_optlc_1360	0	0.54321
datamem/U4470	0	1.54296
datamem/U1562	0	0.720691
datamem/U1830	0	1.44286
datamem/U1866	0	0.683395
PLACE_optlc_9965	0	0.555556
PLACE_optlc_7815	0	0.518519
PLACE_optlc_5852	0	1.55556
datamem/ram_reg_89__4_	0	0.827323
datamem/U1812	0	1.31867
PLACE_optlc_2714	0	1.53086
PLACE_optlc_8450	0	0.506173
PLACE_optlc_6730	0	0.493827
PLACE_optlc_5484	0	1.54321
PLACE_optlc_5501	0	1.54321
PLACE_optlc_1124	0	1.55556
datamem/ram_reg_73__12_	0	0.77311
datamem/ram_reg_214__3_	0	0.60772
datamem/U1415	0	0.810598
PLACE_optlc_318	0	1.54321
PLACE_optlc_4090	0	0.555556
PLACE_optlc_4031	0	1.41975
PLACE_optlc_12237	0	0.333333
reg_file/U59	0	1.6965
reg_file/U82	0	1.4837
datamem/ram_reg_248__8_	0	0.661744
PLACE_optlc_461	0	1.55556
PLACE_optlc_1799	0	1.54321
PLACE_optlc_10719	0	0.530864
PLACE_optlc_3596	0	1.55556
PLACE_optlc_7527	0	0.530864
reg_file/reg_array_reg_3__9_	0	0.775204
datamem/U4164	0	0.783245
datamem/ram_reg_245__2_	0	1.02584
PLACE_optlc_5658	0	1.53086
PLACE_optlc_12210	0	0.555556
PLACE_optlc_11220	0	1.53086
PLACE_optlc_11787	0	0.530864
PLACE_optlc_6631	0	0.54321
PLACE_optlc_7673	0	1.53086
datamem/ram_reg_245__3_	0	0.59978
datamem/ram_reg_245__8_	0	0.620779
datamem/U4131	0	0.731535
datamem/U1610	0	0.864082
PLACE_optlc_2976	0	0.555556
PLACE_optlc_5122	0	0.555556
datamem/U4528	0	0.972901
datamem/ram_reg_105__3_	0	1.17736
U143	0	0.708206
PLACE_optlc_11153	0	0.54321
PLACE_optlc_10255	0	1.53086
PLACE_optlc_533	0	0.555556
PLACE_optlc_11211	0	0.506173
PLACE_optlc_11124	0	0.493827
PLACE_optlc_1223	0	1.53086
PLACE_optlc_12275	0	1.55556
datamem/ram_reg_213__6_	0	0.798785
datamem/U2170	0	1.1152
PLACE_optlc_2512	0	1.55556
datamem/ram_reg_249__8_	0	0.987492
PLACE_optlc_12424	0	0.555556
PLACE_optlc_6104	0	0.530864
PLACE_optlc_273	0	0.518519
PLACE_optlc_620	0	0.54321
PLACE_optlc_8437	0	0.518519
PLACE_optlc_401	0	1.51852
PLACE_optlc_12722	0	0.530864
reg_file/U77	0	1.30653
datamem/ram_reg_78__4_	0	1.6683
datamem/U1252	0	0.835378
reg_file/U116	0	1.77223
reg_file/reg_array_reg_1__4_	0	0.634815
PLACE_optlc_5650	0	1.55556
PLACE_optlc_10571	0	0.54321
PLACE_optlc_12126	0	0.530864
PLACE_optlc_7072	0	1.53086
datamem/U1307	0	1.01455
datamem/ram_reg_86__0_	0	0.686211
datamem/U4188	0	0.658125
datamem/ram_reg_230__0_	0	0.960285
datamem/ram_reg_231__12_	0	0.827207
PLACE_optlc_5393	0	0.555556
PLACE_optlc_3852	0	0.54321
PLACE_optlc_6218	0	0.506173
PLACE_optlc_11799	0	1.54321
PLACE_optlc_2917	0	1.51852
PLACE_optlc_6945	0	0.530864
PLACE_optlc_6501	0	0.555556
PLACE_optlc_7135	0	1.55556
datamem/ram_reg_85__6_	0	0.820822
datamem/U1908	0	0.878063
datamem/ram_reg_69__3_	0	1.0273
datamem/ram_reg_120__6_	0	0.80341
datamem/ram_reg_251__2_	0	0.580309
PLACE_optlc_1258	0	0.555556
PLACE_optlc_3296	0	0.530864
PLACE_optlc_5549	0	0.530864
PLACE_optlc_8811	0	1.55556
PLACE_optlc_1763	0	0.493827
PLACE_optlc_2909	0	1.55556
PLACE_optlc_184	0	1.51852
datamem/ram_reg_229__9_	0	0.702944
datamem/ram_reg_120__9_	0	2.10822
reg_file/reg_array_reg_1__9_	0	1.94525
datamem/ram_reg_105__4_	0	1.03709
datamem/ram_reg_91__12_	0	0.821728
reg_file/reg_array_reg_3__4_	0	0.861119
datamem/ram_reg_245__5_	0	0.783465
datamem/U1899	0	0.859637
PLACE_optlc_10338	0	1.55556
PLACE_optlc_2278	0	0.518519
PLACE_optlc_55	0	0.518519
PLACE_optlc_9949	0	0.518519
datamem/U2179	0	0.967608
reg_file/U95	0	0.905552
PLACE_optlc_9527	0	1.55556
PLACE_optlc_5905	0	0.555556
PLACE_optlc_4748	0	0.518519
reg_file/U151	0	0.623113
datamem/ram_reg_228__3_	0	1.05675
datamem/U4467	0	0.566798
datamem/ram_reg_101__6_	0	1.05233
datamem/U2176	0	1.07728
U130	0	1.2459
datamem/U4451	0	0.984032
datamem/ram_reg_89__1_	0	1.53303
datamem/ram_reg_72__3_	0	0.784707
PLACE_optlc_1602	0	0.555556
PLACE_optlc_12411	0	1.55556
datamem/ram_reg_251__8_	0	0.994877
datamem/ram_reg_246__6_	0	0.83566
reg_file/reg_array_reg_4__5_	0	0.678719
datamem/U1349	0	0.820039
PLACE_optlc_3235	0	1.55556
PLACE_optlc_11441	0	1.55556
PLACE_optlc_3539	0	1.55556
PLACE_optlc_8511	0	0.469136
PLACE_optlc_978	0	0.518519
PLACE_optlc_4023	0	1.49383
PLACE_optlc_8612	0	0.530864
PLACE_optlc_4454	0	0.518519
datamem/ram_reg_91__9_	0	0.613113
datamem/ram_reg_87__3_	0	0.57446
datamem/U1614	0	0.85892
datamem/ram_reg_106__1_	0	0.818206
datamem/U1833	0	1.31993
datamem/U1306	0	0.568233
datamem/U4446	0	0.747168
PLACE_optlc_10141	0	1.55556
PLACE_optlc_5664	0	0.518519
datamem/ram_reg_231__6_	0	1.24505
datamem/U4509	0	0.916049
datamem/ram_reg_89__7_	0	1.89285
datamem/U4445	0	0.688866
datamem/U1918	0	0.591879
datamem/U1613	0	0.554383
PLACE_optlc_8426	0	0.555556
PLACE_optlc_7096	0	1.55556
PLACE_optlc_12241	0	0.54321
PLACE_optlc_5436	0	0.518519
PLACE_optlc_4650	0	0.555556
PLACE_optlc_7317	0	1.54321
datamem/U4155	0	0.802581
reg_file/reg_array_reg_6__4_	0	1.08291
datamem/ram_reg_234__5_	0	0.840347
datamem/U1544	0	1.45011
datamem/U4443	0	0.971744
datamem/U4241	0	0.755417
datamem/ram_reg_89__6_	0	1.01409
PLACE_optlc_383	0	0.493827
PLACE_optlc_4151	0	0.506173
PLACE_optlc_1091	0	0.493827
PLACE_optlc_11608	0	1.55556
datamem/U1333	0	1.45248
datamem/ram_reg_232__3_	0	0.573125
datamem/U4462	0	0.74642
datamem/U1658	0	1.72774
datamem/U1903	0	1.53907
datamem/U1902	0	1.75926
PLACE_optlc_8091	0	0.444444
PLACE_optlc_2810	0	1.49383
PLACE_optlc_6507	0	0.555556
PLACE_optlc_1626	0	0.555556
PLACE_optlc_7377	0	1.55556
PLACE_optlc_1331	0	0.555556
PLACE_optlc_9301	0	0.469136
PLACE_optlc_12423	0	1.54321
datamem/U1851	0	1.33902
datamem/ram_reg_76__10_	0	0.633341
datamem/ram_reg_74__10_	0	0.694159
datamem/ram_reg_246__0_	0	0.810498
datamem/ram_reg_69__6_	0	1.31304
PLACE_optlc_9772	0	0.555556
PLACE_optlc_11328	0	0.45679
PLACE_optlc_5027	0	0.45679
PLACE_optlc_11885	0	1.55556
PLACE_optlc_10070	0	0.555556
PLACE_optlc_2594	0	1.55556
PLACE_optlc_6155	0	1.44444
PLACE_optlc_11636	0	0.555556
PLACE_optlc_6960	0	0.506173
datamem/ram_reg_121__12_	0	0.764834
datamem/ram_reg_245__0_	0	2.49554
datamem/U1947	0	0.89963
reg_file/reg_array_reg_5__9_	0	0.638461
PLACE_optlc_1623	0	0.518519
PLACE_optlc_954	0	1.55556
PLACE_optlc_6500	0	0.518519
datamem/ram_reg_248__12_	0	1.04109
datamem/ram_reg_107__12_	0	0.947801
datamem/ram_reg_107__1_	0	1.14426
PLACE_optlc_9649	0	1.55556
PLACE_optlc_8872	0	0.530864
PLACE_optlc_10392	0	1.55556
PLACE_optlc_12116	0	0.555556
PLACE_optlc_5992	0	1.49383
PLACE_optlc_1756	0	1.55556
PLACE_optlc_6645	0	1.51852
datamem/ram_reg_121__0_	0	0.74424
reg_file/U138	0	1.3024
datamem/U3876	0	1.49405
PLACE_optlc_459	0	1.49383
PLACE_optlc_9339	0	1.45679
PLACE_optlc_9148	0	1.46914
PLACE_optlc_10661	0	1.53086
PLACE_optlc_2370	0	0.530864
PLACE_optlc_12372	0	0.555556
PLACE_optlc_9570	0	0.555556
reg_file/U152	0	0.732153
datamem/U1325	0	0.652157
PLACE_optlc_3848	0	0.555556
PLACE_optlc_1418	0	0.54321
PLACE_optlc_9701	0	1.55556
PLACE_optlc_9657	0	0.469136
PLACE_optlc_11020	0	0.493827
PLACE_optlc_5544	0	0.54321
PLACE_optlc_5577	0	0.54321
datamem/U4191	0	0.749603
datamem/U1433	0	0.668719
datamem/U1815	0	0.649302
datamem/ram_reg_102__6_	0	0.646563
PLACE_optlc_6527	0	1.50617
PLACE_optlc_10144	0	0.506173
PLACE_optlc_10496	0	1.49383
PLACE_optlc_10306	0	0.481481
PLACE_optlc_187	0	1.55556
PLACE_optlc_7145	0	1.55556
PLACE_optlc_8648	0	0.555556
PLACE_optlc_10799	0	1.53086
PLACE_optlc_9353	0	0.555556
datamem/U1343	0	0.719664
PLACE_optlc_6248	0	1.55556
PLACE_optlc_7490	0	0.518519
PLACE_optlc_3137	0	1.55556
PLACE_optlc_937	0	0.518519
PLACE_optlc_6475	0	0.518519
PLACE_optlc_6608	0	0.54321
PLACE_optlc_8212	0	0.555556
PLACE_optlc_5086	0	1.54321
datamem/U1884	0	1.27207
datamem/U3861	0	1.15324
reg_file/reg_array_reg_6__5_	0	1.45929
datamem/U1972	0	0.803264
datamem/ram_reg_74__4_	0	0.833306
PLACE_optlc_2926	0	0.54321
PLACE_optlc_3261	0	0.54321
PLACE_optlc_6793	0	1.51852
PLACE_optlc_3386	0	1.55556
PLACE_optlc_10115	0	0.555556
PLACE_optlc_3529	0	0.493827
PLACE_optlc_2015	0	1.55556
datamem/U1361	0	0.58363
datamem/ram_reg_108__4_	0	0.588765
datamem/U4560	0	0.897218
datamem/ram_reg_248__3_	0	0.810378
PLACE_optlc_5295	0	1.50617
PLACE_optlc_4723	0	1.55556
PLACE_optlc_537	0	0.555556
PLACE_optlc_2620	0	1.54321
PLACE_optlc_2267	0	0.45679
PLACE_optlc_3631	0	0.518519
PLACE_optlc_8206	0	1.55556
reg_file/reg_array_reg_0__9_	0	0.774147
reg_file/U133	0	0.64983
datamem/U4513	0	1.54848
PLACE_optlc_8486	0	0.555556
PLACE_optlc_7575	0	1.55556
PLACE_optlc_364	0	0.54321
PLACE_optlc_1788	0	0.54321
PLACE_optlc_10917	0	1.50617
PLACE_optlc_2451	0	0.54321
PLACE_optlc_8307	0	1.55556
PLACE_optlc_1710	0	0.530864
PLACE_optlc_6063	0	1.55556
PLACE_optlc_9204	0	0.506173
PLACE_optlc_11853	0	1.53086
PLACE_optlc_4791	0	0.518519
datamem/ram_reg_106__12_	0	0.796304
datamem/U4194	0	1.26958
datamem/ram_reg_235__8_	0	0.693221
datamem/ram_reg_79__4_	0	1.25343
datamem/U4468	0	1.42585
datamem/ram_reg_73__4_	0	1.59664
PLACE_optlc_7184	0	1.55556
PLACE_optlc_11473	0	0.555556
PLACE_optlc_9969	0	1.54321
PLACE_optlc_3833	0	0.54321
PLACE_optlc_8647	0	0.469136
datamem/U1924	0	1.14223
datamem/U1617	0	0.89777
datamem/U4203	0	1.13664
reg_file/U174	0	0.553966
PLACE_optlc_6159	0	1.55556
PLACE_optlc_10001	0	0.506173
datamem/U1611	0	1.48101
PLACE_optlc_8312	0	1.55556
PLACE_optlc_8738	0	1.55556
PLACE_optlc_2421	0	1.49383
PLACE_optlc_4253	0	0.54321
PLACE_optlc_8625	0	1.53086
PLACE_optlc_12021	0	0.493827
PLACE_optlc_1358	0	1.50617
PLACE_optlc_9708	0	1.55556
datamem/ram_reg_72__9_	0	1.04046
datamem/ram_reg_75__4_	0	1.42615
PLACE_optlc_999	0	1.49383
PLACE_optlc_3303	0	0.469136
PLACE_optlc_11845	0	1.53086
PLACE_optlc_4991	0	1.55556
datamem/U1556	0	1.04265
datamem/ram_reg_248__6_	0	0.928198
datamem/ram_reg_100__6_	0	1.49136
datamem/ram_reg_234__8_	0	0.890756
datamem/ram_reg_104__6_	0	0.684896
datamem/U4566	0	0.616454
PLACE_optlc_2850	0	0.54321
PLACE_optlc_5439	0	2.55556
PLACE_optlc_9472	0	0.555556
datamem/U1655	0	0.658156
datamem/ram_reg_253__2_	0	0.63086
PLACE_optlc_10532	0	0.555556
PLACE_optlc_4974	0	1.55556
datamem/U1421	0	0.561856
datamem/ram_reg_104__3_	0	0.597793
PLACE_optlc_11390	0	1.53086
PLACE_optlc_8420	0	1.55556
PLACE_optlc_3846	0	0.518519
PLACE_optlc_7358	0	0.555556
PLACE_optlc_4686	0	1.55556
PLACE_optlc_12144	0	1.49383
datamem/U4448	0	1.26782
datamem/ram_reg_120__3_	0	0.680413
reg_file/reg_array_reg_7__4_	0	0.928461
datamem/ram_reg_250__11_	0	0.914379
datamem/ram_reg_245__11_	0	1.011
datamem/U1616	0	1.13748
datamem/ram_reg_72__0_	0	0.765992
PLACE_optlc_6201	0	1.55556
PLACE_optlc_9503	0	1.49383
PLACE_optlc_1518	0	0.530864
PLACE_optlc_7278	0	1.53086
PLACE_optlc_10680	0	0.555556
PLACE_optlc_10609	0	0.469136
datamem/ram_reg_90__12_	0	0.613619
datamem/ram_reg_106__4_	0	0.960135
datamem/ram_reg_105__6_	0	1.84323
reg_file/U46	0	1.3235
PLACE_optlc_327	0	0.54321
PLACE_optlc_2830	0	0.518519
PLACE_optlc_11521	0	1.49383
PLACE_optlc_3984	0	0.54321
PLACE_optlc_12696	0	0.555556
PLACE_optlc_1639	0	0.530864
datamem/U4544	0	0.855316
datamem/ram_reg_232__9_	0	0.736782
datamem/ram_reg_250__5_	0	0.868573
datamem/U3894	0	0.824672
datamem/U4185	0	0.889429
datamem/ram_reg_230__9_	0	0.745089
datamem/U4146	0	0.909217
PLACE_optlc_686	0	0.555556
PLACE_optlc_5433	0	1.53086
PLACE_optlc_12219	0	0.555556
PLACE_optlc_3411	0	0.54321
datamem/ram_reg_109__1_	0	0.815397
datamem/ram_reg_87__12_	0	0.684911
datamem/U4601	0	1.04736
datamem/U1385	0	1.0886
datamem/ram_reg_231__3_	0	0.867025
datamem/ram_reg_78__10_	0	1.79914
PLACE_optlc_12509	0	1.53086
PLACE_optlc_7116	0	0.555556
PLACE_optlc_4050	0	0.493827
PLACE_optlc_1574	0	1.55556
datamem/ram_reg_72__6_	0	0.56875
datamem/U1957	0	1.10014
datamem/U4244	0	1.3768
PLACE_optlc_12094	0	0.555556
PLACE_optlc_7367	0	0.518519
PLACE_optlc_8065	0	0.530864
PLACE_optlc_4579	0	0.506173
PLACE_optlc_10151	0	0.555556
PLACE_optlc_2793	0	0.530864
PLACE_optlc_8525	0	1.55556
PLACE_optlc_4725	0	0.54321
PLACE_optlc_2601	0	1.50617
datamem/ram_reg_229__0_	0	0.944317
datamem/ram_reg_107__10_	0	0.853237
reg_file/reg_array_reg_6__9_	0	0.673248
datamem/U1577	0	0.773356
datamem/ram_reg_87__0_	0	0.5662
datamem/U1255	0	0.555687
datamem/ram_reg_250__2_	0	0.533522
PLACE_optlc_366	0	1.55556
PLACE_optlc_8096	0	1.55556
PLACE_optlc_8980	0	1.55556
U138	0	0.690127
datamem/ram_reg_233__12_	0	1.53787
reg_file/U150	0	1.00628
datamem/ram_reg_106__7_	0	0.962076
datamem/U2200	0	1.12883
PLACE_optlc_5134	0	1.55556
datamem/ram_reg_215__3_	0	2.32316
PLACE_optlc_7439	0	1.55556
PLACE_optlc_8695	0	1.54321
PLACE_optlc_2111	0	0.555556
datamem/ram_reg_250__8_	0	0.831316
datamem/U1586	0	0.560691
reg_file/U120	0	0.631856
reg_file/U100	0	1.1619
datamem/U4262	0	0.634927
datamem/ram_reg_107__9_	0	0.856416
datamem/U2188	0	0.723372
U134	0	1.27072
PLACE_optlc_11407	0	1.53086
PLACE_optlc_1951	0	1.55556
PLACE_optlc_9174	0	0.555556
PLACE_optlc_1630	0	0.54321
PLACE_optlc_12381	0	1.55556
PLACE_optlc_238	0	0.530864
PLACE_optlc_12061	0	0.493827
datamem/ram_reg_248__0_	0	0.622685
reg_file/U169	0	1.39984
datamem/ram_reg_248__9_	0	0.800201
datamem/U1303	0	1.42044
U140	0	0.901119
PLACE_optlc_10516	0	0.530864
PLACE_optlc_5951	0	1.55556
PLACE_optlc_3825	0	0.54321
datamem/U4510	0	1.10949
datamem/U4504	0	0.742203
reg_file/U115	0	1.09833
datamem/ram_reg_91__0_	0	0.8425
reg_file/reg_array_reg_4__9_	0	0.651327
PLACE_optlc_3881	0	0.555556
PLACE_optlc_6276	0	1.55556
PLACE_optlc_5870	0	0.555556
PLACE_optlc_12056	0	0.555556
PLACE_optlc_4796	0	1.51852
PLACE_optlc_185	0	1.55556
PLACE_optlc_9496	0	1.55556
PLACE_optlc_4654	0	0.518519
datamem/U1312	0	0.832261
datamem/ram_reg_249__6_	0	0.809715
datamem/U4507	0	0.767481
reg_file/U64	0	0.605448
datamem/ram_reg_91__1_	0	0.727234
PLACE_optlc_5092	0	1.55556
PLACE_optlc_7368	0	1.49383
PLACE_optlc_1302	0	1.55556
PLACE_optlc_1761	0	0.506173
PLACE_optlc_9947	0	0.555556
datamem/ram_reg_91__6_	0	0.531115
datamem/U4550	0	1.18253
datamem/U4206	0	1.31069
datamem/U1418	0	1.03677
datamem/U4173	0	0.894217
datamem/U1869	0	0.824352
PLACE_optlc_111	0	0.555556
PLACE_optlc_2290	0	0.54321
PLACE_optlc_11179	0	1.54321
PLACE_optlc_3351	0	0.54321
PLACE_optlc_12557	0	0.555556
PLACE_optlc_4244	0	0.518519
datamem/U4454	0	0.797901
datamem/U1936	0	0.948148
reg_file/reg_array_reg_7__9_	0	1.39694
datamem/ram_reg_91__7_	0	0.672998
PLACE_optlc_10253	0	1.55556
PLACE_optlc_1218	0	0.518519
PLACE_optlc_598	0	1.55556
PLACE_optlc_9450	0	0.555556
PLACE_optlc_585	0	1.45679
PLACE_optlc_2548	0	0.555556
PLACE_optlc_5742	0	0.518519
PLACE_optlc_8372	0	1.51852
datamem/U1887	0	0.732365
datamem/ram_reg_232__6_	0	1.72209
datamem/U1929	0	1.04005
datamem/U1653	0	1.14095
datamem/U2173	0	0.589641
datamem/ram_reg_251__12_	0	0.84598
datamem/U4541	0	1.49425
datamem/U1647	0	1.11694
PLACE_optlc_1924	0	0.54321
PLACE_optlc_10484	0	0.469136
PLACE_optlc_12580	0	0.530864
PLACE_optlc_8724	0	1.50617
PLACE_optlc_2087	0	1.55556
PLACE_optlc_9529	0	1.53086
PLACE_optlc_7259	0	0.518519
datamem/ram_reg_78__7_	0	1.10057
U136	0	1.08096
PLACE_optlc_9781	0	1.55556
PLACE_optlc_2812	0	0.555556
PLACE_optlc_12266	0	1.55556
PLACE_optlc_2157	0	1.51852
PLACE_optlc_6113	0	0.481481
PLACE_optlc_1900	0	1.54321
PLACE_optlc_10500	0	0.469136
PLACE_optlc_3564	0	1.55556
datamem/U1574	0	0.573947
datamem/U1309	0	0.903708
datamem/ram_reg_91__10_	0	0.568144
reg_file/reg_array_reg_1__12_	0	0.575548
PLACE_optlc_6280	0	0.555556
PLACE_optlc_5909	0	0.54321
PLACE_optlc_9629	0	0.506173
PLACE_optlc_12404	0	0.555556
PLACE_optlc_9778	0	0.555556
PLACE_optlc_2853	0	1.55556
datamem/ram_reg_123__12_	0	1.31571
PLACE_optlc_12357	0	1.44444
PLACE_optlc_4336	0	0.54321
PLACE_optlc_9291	0	1.53086
PLACE_optlc_10561	0	0.530864
PLACE_optlc_1618	0	0.518519
PLACE_optlc_5054	0	0.54321
PLACE_optlc_7507	0	0.518519
datamem/U2194	0	1.10573
reg_file/reg_array_reg_6__3_	0	1.28656
datamem/U4209	0	0.750664
datamem/U4570	0	0.612527
datamem/ram_reg_76__4_	0	0.82027
reg_file/reg_array_reg_0__3_	0	1.53532
PLACE_optlc_11181	0	0.469136
PLACE_optlc_6914	0	1.55556
PLACE_optlc_6124	0	0.518519
PLACE_optlc_12306	0	0.555556
PLACE_optlc_11164	0	1.53086
PLACE_optlc_10171	0	1.55556
PLACE_optlc_8741	0	0.54321
PLACE_optlc_218	0	0.518519
PLACE_optlc_5274	0	1.50617
datamem/U1324	0	0.914807
datamem/ram_reg_103__6_	0	1.887
reg_file/reg_array_reg_4__4_	0	1.79166
PLACE_optlc_12212	0	0.555556
PLACE_optlc_6942	0	0.518519
PLACE_optlc_11186	0	1.55556
PLACE_optlc_6955	0	0.481481
datamem/U1640	0	0.895752
datamem/U4526	0	1.09958
datamem/U4547	0	0.980216
PLACE_optlc_7508	0	1.54321
PLACE_optlc_12567	0	1.55556
PLACE_optlc_640	0	0.54321
PLACE_optlc_12739	0	1.55556
PLACE_optlc_8901	0	0.530864
PLACE_optlc_8907	0	0.555556
PLACE_optlc_11698	0	1.55556
PLACE_optlc_4293	0	1.48148
PLACE_optlc_269	0	0.54321
PLACE_optlc_4048	0	1.54321
datamem/ram_reg_77__10_	0	0.876929
datamem/ram_reg_108__10_	0	1.0523
datamem/U1905	0	0.644653
PLACE_optlc_3674	0	1.51852
PLACE_optlc_8099	0	1.53086
PLACE_optlc_1882	0	1.53086
PLACE_optlc_12380	0	0.555556
PLACE_optlc_3780	0	1.55556
PLACE_optlc_864	0	0.530864
PLACE_optlc_7668	0	0.530864
PLACE_optlc_167	0	0.45679
PLACE_optlc_2413	0	0.54321
PLACE_optlc_11033	0	0.555556
PLACE_optlc_10884	0	0.469136
reg_file/reg_array_reg_3__3_	0	0.92559
reg_file/PLACE_HFSBUF_12252_26	0	0.57875
datamem/ram_reg_249__12_	0	0.908237
datamem/U1379	0	0.848056
datamem/U1863	0	1.24748
PLACE_optlc_7889	0	0.54321
PLACE_optlc_3817	0	1.54321
PLACE_optlc_8092	0	1.55556
PLACE_optlc_438	0	1.55556
datamem/U1376	0	0.599132
PLACE_optlc_6899	0	0.530864
PLACE_optlc_4366	0	1.55556
PLACE_optlc_7395	0	1.49383
PLACE_optlc_5006	0	1.55556
PLACE_optlc_10665	0	1.53086
PLACE_optlc_10806	0	1.51852
PLACE_optlc_10960	0	0.518519
PLACE_optlc_4200	0	0.54321
PLACE_optlc_1734	0	0.555556
PLACE_optlc_7364	0	1.55556
PLACE_optlc_5966	0	1.55556
PLACE_optlc_262	0	0.518519
PLACE_optlc_720	0	0.555556
PLACE_optlc_11485	0	0.530864
datamem/U1935	0	1.17967
datamem/ram_reg_73__9_	0	0.713611
datamem/U4584	0	1.55323
datamem/ram_reg_76__1_	0	0.600779
datamem/U1921	0	1.16578
PLACE_optlc_5336	0	1.49383
PLACE_optlc_3790	0	1.44444
PLACE_optlc_3776	0	1.55556
PLACE_optlc_5050	0	0.530864
PLACE_optlc_949	0	1.55556
datamem/ram_reg_233__3_	0	0.522921
datamem/ram_reg_252__8_	0	0.95113
datamem/ram_reg_253__11_	0	0.556705
PLACE_optlc_4752	0	0.54321
PLACE_optlc_5240	0	0.54321
PLACE_optlc_1776	0	1.51852
PLACE_optlc_4626	0	1.51852
PLACE_optlc_1818	0	1.55556
PLACE_optlc_5517	0	1.55556
PLACE_optlc_7128	0	1.54321
PLACE_optlc_11412	0	0.555556
PLACE_optlc_9221	0	0.469136
PLACE_optlc_11341	0	1.53086
PLACE_optlc_6514	0	0.518519
datamem/U4501	0	0.643083
datamem/U4590	0	0.882716
datamem/U1944	0	1.36955
datamem/U1926	0	0.990768
datamem/ram_reg_249__3_	0	0.833935
PLACE_optlc_3409	0	1.53086
PLACE_optlc_196	0	0.493827
PLACE_optlc_1352	0	1.55556
PLACE_optlc_6026	0	1.45679
PLACE_optlc_4589	0	1.55556
datamem/ram_reg_79__10_	0	1.63887
datamem/ram_reg_109__4_	0	0.727388
reg_file/U85	0	0.745945
datamem/ram_reg_252__11_	0	1.43495
datamem/U4581	0	0.961933
datamem/ram_reg_107__3_	0	1.07524
PLACE_optlc_11113	0	1.55556
PLACE_optlc_1224	0	0.518519
PLACE_optlc_5762	0	0.518519
datamem/ram_reg_255__11_	0	2.00337
datamem/ram_reg_121__6_	0	1.97775
datamem/ram_reg_73__3_	0	0.989194
datamem/ram_reg_75__12_	0	0.98071
datamem/ram_reg_103__0_	0	1.55252
PLACE_optlc_10434	0	0.469136
PLACE_optlc_5507	0	1.55556
PLACE_optlc_605	0	1.55556
PLACE_optlc_8945	0	0.469136
datamem/U1403	0	0.96515
datamem/U1945	0	1.3151
datamem/ram_reg_235__6_	0	0.815698
datamem/U1321	0	0.97713
PLACE_optlc_6467	0	1.55556
PLACE_optlc_8051	0	1.55556
PLACE_optlc_5981	0	1.54321
PLACE_optlc_2444	0	0.54321
PLACE_optlc_10742	0	1.51852
PLACE_optlc_10805	0	1.55556
PLACE_optlc_758	0	1.54321
PLACE_optlc_8245	0	1.54321
datamem/U1975	0	1.79325
datamem/ram_reg_228__6_	0	1.04083
reg_file/U156	0	0.772515
datamem/U1646	0	1.38036
datamem/U4230	0	0.899309
datamem/ram_reg_107__0_	0	0.859479
datamem/ram_reg_74__12_	0	1.27336
datamem/ram_reg_252__2_	0	0.839171
PLACE_optlc_2577	0	1.55556
PLACE_optlc_2331	0	0.555556
PLACE_optlc_7649	0	1.55556
PLACE_optlc_2284	0	0.530864
PLACE_optlc_11359	0	1.55556
datamem/ram_reg_229__3_	0	0.973218
PLACE_optlc_9246	0	1.55556
PLACE_optlc_1920	0	1.51852
reg_file/PLACE_HFSBUF_13758_19	0	0.977982
datamem/ram_reg_121__3_	0	0.573407
datamem/ram_reg_107__4_	0	0.551335
datamem/ram_reg_107__6_	0	1.65345
datamem/ram_reg_90__9_	0	0.911539
PLACE_optlc_11355	0	1.53086
PLACE_optlc_9439	0	0.506173
PLACE_optlc_9185	0	0.555556
PLACE_optlc_6855	0	0.54321
PLACE_optlc_6611	0	0.518519
PLACE_optlc_4234	0	1.55556
PLACE_optlc_10833	0	1.55556
datamem/ram_reg_124__12_	0	0.985023
datamem/ram_reg_107__7_	0	1.02461
datamem/ram_reg_87__6_	0	0.994367
datamem/ram_reg_252__5_	0	1.08807
datamem/ram_reg_106__9_	0	1.57843
datamem/ram_reg_231__0_	0	0.532917
datamem/U1652	0	0.672392
datamem/ram_reg_73__0_	0	1.74181
PLACE_optlc_11864	0	1.55556
PLACE_optlc_10925	0	0.469136
datamem/U1656	0	0.907238
reg_file/reg_array_reg_2__12_	0	0.65539
datamem/ram_reg_122__12_	0	2.15234
PLACE_optlc_6858	0	1.55556
datamem/U2242	0	1.04399
datamem/U2254	0	1.1818
datamem/U1580	0	1.28948
datamem/ram_reg_232__0_	0	0.817766
PLACE_optlc_11336	0	0.555556
PLACE_optlc_12699	0	1.55556
PLACE_optlc_3706	0	0.555556
PLACE_optlc_9518	0	1.53086
PLACE_optlc_2324	0	1.55556
datamem/U4134	0	1.4142
datamem/ram_reg_249__0_	0	1.0236
datamem/U2191	0	0.745544
datamem/ram_reg_109__10_	0	0.659996
PLACE_optlc_2098	0	0.54321
PLACE_optlc_3589	0	0.54321
PLACE_optlc_7806	0	1.51852
PLACE_optlc_11561	0	0.54321
PLACE_optlc_10145	0	0.555556
PLACE_optlc_2193	0	1.55556
PLACE_optlc_12257	0	0.518519
PLACE_optlc_10982	0	1.55556
PLACE_optlc_8071	0	0.555556
PLACE_optlc_2588	0	0.555556
datamem/ram_reg_91__4_	0	0.688102
reg_file/U103	0	1.69062
PLACE_optlc_7061	0	0.530864
PLACE_optlc_6472	0	1.50617
PLACE_optlc_3229	0	0.555556
PLACE_optlc_3970	0	1.55556
PLACE_optlc_5647	0	0.518519
PLACE_optlc_2333	0	0.506173
datamem/U4523	0	0.710355
datamem/ram_reg_234__12_	0	0.594147
datamem/ram_reg_124__0_	0	1.19821
PLACE_optlc_7048	0	1.55556
PLACE_optlc_2669	0	0.54321
PLACE_optlc_6745	0	0.518519
PLACE_optlc_7883	0	0.493827
datamem/U4587	0	1.2941
datamem/ram_reg_109__7_	0	0.638897
datamem/U2248	0	0.757643
datamem/U4610	0	0.720675
datamem/ram_reg_108__9_	0	1.70171
PLACE_optlc_7556	0	1.51852
PLACE_optlc_10593	0	1.55556
PLACE_optlc_7230	0	0.54321
datamem/U2218	0	0.794591
datamem/ram_reg_249__9_	0	0.633549
datamem/ram_reg_111__10_	0	0.859078
datamem/U2236	0	1.00508
datamem/ram_reg_79__1_	0	1.01532
datamem/U4149	0	1.33472
datamem/U1330	0	1.50781
reg_file/U40	0	0.823673
PLACE_optlc_3254	0	0.518519
PLACE_optlc_1455	0	0.530864
PLACE_optlc_1955	0	0.555556
PLACE_optlc_8897	0	0.530864
PLACE_optlc_8067	0	0.54321
datamem/U4532	0	0.800413
datamem/ram_reg_251__6_	0	0.926817
datamem/U4260	0	1.34986
reg_file/U67	0	1.10292
datamem/ram_reg_76__9_	0	0.941165
PLACE_optlc_9878	0	0.469136
PLACE_optlc_11665	0	1.55556
PLACE_optlc_1992	0	1.55556
PLACE_optlc_10645	0	1.55556
PLACE_optlc_9914	0	0.555556
PLACE_optlc_1697	0	0.54321
PLACE_optlc_2611	0	0.493827
datamem/ram_reg_91__3_	0	0.666709
datamem/U4520	0	0.621547
U124	0	1.00864
PLACE_optlc_8559	0	0.481481
PLACE_optlc_750	0	0.518519
PLACE_optlc_5128	0	0.493827
PLACE_optlc_7502	0	0.54321
PLACE_optlc_12164	0	0.506173
PLACE_optlc_7413	0	0.481481
datamem/U4182	0	1.36883
datamem/ram_reg_124__6_	0	1.16042
datamem/ram_reg_250__12_	0	0.831574
PLACE_optlc_3495	0	0.555556
PLACE_optlc_6243	0	1.55556
datamem/U1649	0	1.57703
datamem/U4221	0	0.581462
reg_file/reg_array_reg_2__3_	0	0.941381
datamem/U4651	0	0.633445
PLACE_optlc_9382	0	0.555556
PLACE_optlc_5377	0	1.55556
PLACE_optlc_11613	0	0.530864
PLACE_optlc_7160	0	0.493827
PLACE_optlc_4381	0	0.506173
datamem/U4564	0	1.53517
datamem/U4551	0	0.646319
datamem/U1942	0	1.14764
PLACE_optlc_2486	0	1.55556
PLACE_optlc_8544	0	1.53086
PLACE_optlc_10112	0	1.55556
PLACE_optlc_5702	0	0.518519
PLACE_optlc_10913	0	1.53086
PLACE_optlc_4124	0	0.54321
PLACE_optlc_731	0	0.530864
U117	0	1.15756
datamem/U4128	0	1.33012
datamem/U1439	0	0.933943
reg_file/U76	0	1.82461
datamem/U1938	0	0.772326
reg_file/U94	0	1.13343
PLACE_optlc_2478	0	0.555556
PLACE_optlc_4885	0	1.53086
PLACE_optlc_11728	0	0.469136
PLACE_optlc_2138	0	0.45679
PLACE_optlc_12354	0	1.55556
PLACE_optlc_3533	0	0.555556
PLACE_optlc_9589	0	1.55556
PLACE_optlc_10896	0	1.55556
datamem/U1650	0	1.75867
datamem/U1637	0	0.982793
PLACE_optlc_1151	0	0.506173
PLACE_optlc_12605	0	0.555556
PLACE_optlc_9205	0	0.555556
PLACE_optlc_5988	0	1.51852
PLACE_optlc_10209	0	0.555556
PLACE_optlc_3526	0	0.530864
datamem/ram_reg_77__7_	0	0.715783
datamem/U1963	0	0.759981
datamem/U1351	0	0.603943
PLACE_optlc_83	0	0.506173
PLACE_optlc_870	0	0.518519
PLACE_optlc_6222	0	1.49383
PLACE_optlc_8967	0	1.49383
PLACE_optlc_9955	0	1.55556
datamem/ram_reg_76__7_	0	0.905235
datamem/U1369	0	1.29882
reg_file/reg_array_reg_0__12_	0	0.778711
datamem/ram_reg_77__1_	0	0.700664
PLACE_optlc_1861	0	1.54321
PLACE_optlc_5038	0	1.51852
PLACE_optlc_6040	0	0.469136
datamem/U1638	0	1.10238
datamem/ram_reg_123__0_	0	0.794668
reg_file/reg_array_reg_3__12_	0	1.27517
PLACE_optlc_5773	0	1.53086
PLACE_optlc_8336	0	1.55556
PLACE_optlc_12385	0	0.54321
PLACE_optlc_5849	0	0.469136
PLACE_optlc_7947	0	1.54321
PLACE_optlc_3755	0	0.530864
PLACE_optlc_6827	0	1.53086
PLACE_optlc_12717	0	1.46914
datamem/U1400	0	1.03427
reg_file/U49	0	1.58663
PLACE_optlc_1970	0	0.54321
PLACE_optlc_9741	0	0.469136
PLACE_optlc_2973	0	0.530864
PLACE_optlc_11370	0	1.55556
PLACE_optlc_8765	0	0.555556
PLACE_optlc_5485	0	0.54321
PLACE_optlc_3830	0	0.54321
PLACE_optlc_1813	0	1.50617
datamem/ram_reg_236__0_	0	0.855027
PLACE_optlc_11047	0	0.506173
PLACE_optlc_9370	0	0.555556
PLACE_optlc_10464	0	0.555556
PLACE_optlc_12727	0	1.50617
PLACE_optlc_7528	0	1.55556
PLACE_optlc_12529	0	1.54321
PLACE_optlc_57	0	0.481481
datamem/U1965	0	1.06161
reg_file/reg_array_reg_4__3_	0	0.948993
datamem/ram_reg_254__11_	0	0.560181
datamem/ram_reg_90__10_	0	1.32701
datamem/U1327	0	1.08056
PLACE_optlc_9525	0	0.555556
PLACE_optlc_8800	0	0.555556
PLACE_optlc_10737	0	1.55556
PLACE_optlc_2243	0	1.55556
PLACE_optlc_6688	0	1.55556
reg_file/reg_array_reg_2__6_	0	2.09901
PLACE_optlc_1640	0	0.530864
PLACE_optlc_536	0	0.518519
PLACE_optlc_3779	0	0.506173
PLACE_optlc_10363	0	0.54321
datamem/U1430	0	1.34591
datamem/U2233	0	0.84223
reg_file/U141	0	1.01924
datamem/ram_reg_255__5_	0	0.852095
datamem/ram_reg_253__8_	0	0.677801
datamem/ram_reg_254__8_	0	1.16614
PLACE_optlc_11616	0	1.55556
PLACE_optlc_11233	0	0.530864
PLACE_optlc_3222	0	1.51852
PLACE_optlc_5963	0	1.51852
PLACE_optlc_6925	0	1.55556
PLACE_optlc_4216	0	0.54321
PLACE_optlc_6443	0	0.481481
PLACE_optlc_4504	0	0.45679
PLACE_optlc_8481	0	1.55556
datamem/ram_reg_93__12_	0	0.565714
datamem/ram_reg_74__9_	0	0.766883
datamem/U4561	0	0.96534
datamem/ram_reg_106__0_	0	0.571767
PLACE_optlc_1077	0	1.55556
PLACE_optlc_10544	0	1.55556
PLACE_optlc_6392	0	1.55556
PLACE_optlc_453	0	1.55556
PLACE_optlc_8204	0	0.493827
PLACE_optlc_3794	0	0.54321
reg_file/U177	0	0.548796
datamem/U4152	0	0.938472
datamem/U4529	0	1.34221
PLACE_optlc_3262	0	0.555556
PLACE_optlc_8787	0	1.53086
PLACE_optlc_8444	0	0.54321
PLACE_optlc_4636	0	0.518519
PLACE_optlc_509	0	0.54321
PLACE_optlc_466	0	0.555556
PLACE_optlc_1023	0	0.555556
PLACE_optlc_94	0	1.55556
PLACE_optlc_3851	0	1.55556
datamem/ram_reg_78__1_	0	1.67728
datamem/U1941	0	0.756134
datamem/U1923	0	1.38965
datamem/U4248	0	0.934541
datamem/ram_reg_106__6_	0	0.995613
PLACE_optlc_6120	0	1.55556
PLACE_optlc_8361	0	0.54321
PLACE_optlc_8310	0	1.55556
PLACE_optlc_839	0	0.506173
datamem/ram_reg_250__3_	0	0.859236
datamem/U4200	0	0.70321
datamem/ram_reg_75__9_	0	0.901779
datamem/U4604	0	0.70985
PLACE_optlc_8286	0	1.55556
PLACE_optlc_6126	0	0.518519
PLACE_optlc_4439	0	1.55556
PLACE_optlc_471	0	1.54321
PLACE_optlc_9240	0	1.53086
PLACE_optlc_309	0	0.419753
PLACE_optlc_1251	0	0.54321
PLACE_optlc_9736	0	1.50617
reg_file/U114	0	1.01447
reg_file/U73	0	1.09525
datamem/U1629	0	0.763654
datamem/ram_reg_73__6_	0	1.86653
datamem/ram_reg_254__2_	0	0.952515
datamem/ram_reg_106__3_	0	0.967685
datamem/U1962	0	0.861802
datamem/ram_reg_123__9_	0	1.11865
datamem/U4542	0	1.0513
PLACE_optlc_3670	0	1.54321
PLACE_optlc_1247	0	0.54321
PLACE_optlc_1492	0	1.55556
PLACE_optlc_1871	0	0.530864
PLACE_optlc_4572	0	1.55556
PLACE_optlc_12071	0	0.45679
reg_file/reg_array_reg_5__12_	0	1.36578
datamem/ram_reg_228__0_	0	0.795656
datamem/U2016	0	0.845313
datamem/ram_reg_251__3_	0	2.45128
PLACE_optlc_11054	0	0.469136
PLACE_optlc_11055	0	1.55556
PLACE_optlc_6232	0	0.518519
PLACE_optlc_6853	0	1.54321
PLACE_optlc_8298	0	1.55556
datamem/U1709	0	1.06886
datamem/ram_reg_76__12_	0	0.805683
datamem/ram_reg_90__1_	0	0.829888
reg_file/reg_array_reg_1__3_	0	0.659742
datamem/ram_reg_108__12_	0	0.886551
datamem/ram_reg_77__3_	0	0.885752
datamem/U1382	0	0.777585
datamem/ram_reg_229__6_	0	0.943426
datamem/ram_reg_235__12_	0	0.981516
PLACE_optlc_2134	0	1.49383
PLACE_optlc_609	0	1.53086
PLACE_optlc_9791	0	0.493827
PLACE_optlc_1363	0	0.555556
PLACE_optlc_8018	0	1.55556
PLACE_optlc_4893	0	1.54321
datamem/ram_reg_74__3_	0	1.03076
datamem/U1978	0	1.07902
datamem/ram_reg_124__9_	0	0.778981
datamem/ram_reg_235__3_	0	0.580934
datamem/ram_reg_233__9_	0	0.987635
reg_file/U58	0	0.812226
datamem/ram_reg_92__12_	0	0.985185
datamem/U1628	0	0.698862
datamem/U1384	0	0.978083
datamem/U2230	0	1.00706
PLACE_optlc_9053	0	0.506173
PLACE_optlc_12397	0	0.407407
datamem/U4558	0	0.851671
datamem/ram_reg_123__6_	0	1.42702
PLACE_optlc_9994	0	0.555556
PLACE_optlc_12196	0	0.530864
PLACE_optlc_10127	0	0.555556
PLACE_optlc_10048	0	1.55556
PLACE_optlc_8371	0	0.555556
datamem/ram_reg_253__5_	0	1.01264
datamem/ram_reg_90__4_	0	0.623264
datamem/U2017	0	1.0278
datamem/ram_reg_251__0_	0	0.650837
PLACE_optlc_5787	0	0.530864
PLACE_optlc_3198	0	0.506173
PLACE_optlc_8475	0	1.53086
PLACE_optlc_8989	0	0.530864
PLACE_optlc_10190	0	1.55556
PLACE_optlc_8661	0	0.469136
datamem/U2251	0	0.623237
datamem/U1939	0	1.33224
datamem/ram_reg_111__9_	0	1.16168
datamem/ram_reg_235__0_	0	0.822122
datamem/ram_reg_124__3_	0	0.879506
PLACE_optlc_718	0	0.555556
PLACE_optlc_1035	0	1.55556
PLACE_optlc_1747	0	1.49383
PLACE_optlc_10086	0	1.53086
datamem/U1396	0	1.12953
datamem/ram_reg_250__0_	0	0.706003
datamem/U4266	0	1.10938
datamem/U4254	0	0.795698
datamem/U1394	0	1.3807
PLACE_optlc_5932	0	0.530864
PLACE_optlc_6808	0	0.555556
PLACE_optlc_11074	0	0.555556
PLACE_optlc_11634	0	0.555556
datamem/U1981	0	0.767276
datamem/ram_reg_90__0_	0	0.964552
datamem/U2245	0	0.59017
datamem/U4545	0	0.765436
PLACE_optlc_3059	0	0.54321
PLACE_optlc_7581	0	1.55556
PLACE_optlc_6426	0	1.45679
PLACE_optlc_9946	0	1.55556
PLACE_optlc_6741	0	0.518519
PLACE_optlc_80	0	0.518519
PLACE_optlc_9249	0	0.481481
PLACE_optlc_8680	0	1.55556
PLACE_optlc_3482	0	1.49383
datamem/ram_reg_95__9_	0	0.845231
datamem/U1348	0	1.34595
datamem/ram_reg_77__9_	0	0.871165
datamem/ram_reg_125__6_	0	0.924043
U122	0	0.634344
datamem/ram_reg_251__9_	0	1.35038
PLACE_optlc_228	0	0.518519
PLACE_optlc_2585	0	0.493827
PLACE_optlc_9144	0	1.55556
PLACE_optlc_7609	0	0.469136
PLACE_optlc_9762	0	0.555556
PLACE_optlc_8736	0	1.55556
PLACE_optlc_8962	0	0.555556
PLACE_optlc_3572	0	1.44444
PLACE_optlc_3218	0	0.530864
datamem/ram_reg_94__9_	0	0.656651
datamem/U4630	0	1.20328
datamem/U4257	0	1.45416
reg_file/reg_array_reg_2__0_	0	0.782176
datamem/ram_reg_109__9_	0	1.40167
datamem/U1387	0	0.97659
datamem/ram_reg_90__3_	0	0.794252
PLACE_optlc_9767	0	0.555556
PLACE_optlc_2981	0	1.55556
PLACE_optlc_5566	0	1.55556
PLACE_optlc_3591	0	0.518519
PLACE_optlc_3058	0	1.55556
PLACE_optlc_10895	0	1.54321
datamem/ram_reg_252__9_	0	1.05598
datamem/U4645	0	1.35446
datamem/U4227	0	1.53702
datamem/U1920	0	1.30616
datamem/U1917	0	0.6962
PLACE_optlc_4170	0	1.53086
PLACE_optlc_11216	0	1.55556
PLACE_optlc_9815	0	1.55556
PLACE_optlc_8478	0	0.45679
PLACE_optlc_1738	0	1.51852
datamem/U4607	0	1.03315
datamem/U1402	0	1.48798
datamem/U1342	0	1.2493
datamem/U4280	0	0.59414
datamem/U1366	0	0.63267
datamem/U2224	0	1.27977
datamem/U4272	0	1.2139
datamem/U4627	0	1.27787
PLACE_optlc_8369	0	1.55556
PLACE_optlc_274	0	0.518519
PLACE_optlc_4004	0	0.530864
PLACE_optlc_5923	0	0.555556
PLACE_optlc_1619	0	0.555556
datamem/U4621	0	0.808098
PLACE_optlc_7420	0	0.481481
PLACE_optlc_7880	0	0.54321
PLACE_optlc_12154	0	1.55556
PLACE_optlc_717	0	1.55556
PLACE_optlc_11910	0	0.469136
PLACE_optlc_5302	0	1.55556
PLACE_optlc_1909	0	1.55556
PLACE_optlc_9478	0	0.555556
reg_file/reg_array_reg_5__3_	0	1.01415
PLACE_optlc_12108	0	0.555556
PLACE_optlc_1040	0	1.55556
PLACE_optlc_12131	0	0.530864
PLACE_optlc_1093	0	0.54321
PLACE_optlc_4696	0	1.55556
PLACE_optlc_9516	0	1.54321
PLACE_optlc_10301	0	1.55556
U132	0	0.903742
datamem/ram_reg_110__7_	0	1.40045
PLACE_optlc_8885	0	1.55556
PLACE_optlc_3416	0	0.518519
PLACE_optlc_3172	0	0.54321
PLACE_optlc_3001	0	1.55556
reg_file/U79	0	0.665282
datamem/ram_reg_250__6_	0	1.87358
datamem/ram_reg_94__4_	0	0.605768
datamem/U1631	0	0.580316
datamem/ram_reg_236__8_	0	1.30091
PLACE_optlc_8739	0	0.555556
PLACE_optlc_11702	0	1.53086
PLACE_optlc_5991	0	0.530864
PLACE_optlc_5297	0	0.506173
datamem/ram_reg_79__7_	0	0.563684
PLACE_optlc_10473	0	0.555556
PLACE_optlc_7837	0	1.55556
PLACE_optlc_8516	0	0.555556
PLACE_optlc_4850	0	0.518519
PLACE_optlc_12729	0	1.55556
PLACE_optlc_12636	0	1.55556
PLACE_optlc_9749	0	0.555556
reg_file/reg_array_reg_7__12_	0	1.35662
reg_file/reg_array_reg_0__6_	0	0.600104
PLACE_optlc_371	0	0.518519
PLACE_optlc_10918	0	1.53086
PLACE_optlc_12505	0	1.53086
PLACE_optlc_11185	0	0.45679
PLACE_optlc_1478	0	0.54321
PLACE_optlc_9893	0	0.555556
PLACE_optlc_2487	0	0.518519
PLACE_optlc_11438	0	0.555556
PLACE_optlc_2628	0	1.53086
PLACE_optlc_3801	0	0.555556
PLACE_optlc_9569	0	0.45679
datamem/ram_reg_90__7_	0	1.98323
PLACE_optlc_4506	0	0.518519
PLACE_optlc_9961	0	0.555556
PLACE_optlc_9135	0	0.518519
PLACE_optlc_7916	0	1.55556
PLACE_optlc_10278	0	1.54321
PLACE_optlc_2894	0	1.55556
PLACE_optlc_7449	0	1.54321
PLACE_optlc_7029	0	0.54321
PLACE_optlc_6149	0	1.55556
PLACE_optlc_4914	0	0.481481
PLACE_optlc_8158	0	1.55556
datamem/U1412	0	0.552253
datamem/U1632	0	1.05032
PLACE_optlc_1706	0	0.530864
PLACE_optlc_9891	0	0.530864
PLACE_optlc_7605	0	0.555556
PLACE_optlc_1338	0	1.55556
PLACE_optlc_4437	0	0.54321
PLACE_optlc_7808	0	1.50617
PLACE_optlc_3129	0	0.518519
PLACE_optlc_2988	0	0.54321
PLACE_optlc_3541	0	1.55556
datamem/U1704	0	1.2517
PLACE_optlc_4690	0	1.55556
PLACE_optlc_705	0	0.54321
PLACE_optlc_5446	0	1.55556
PLACE_optlc_1633	0	1.50617
PLACE_optlc_5545	0	0.444444
PLACE_optlc_5211	0	0.54321
PLACE_optlc_6393	0	1.55556
PLACE_optlc_372	0	0.555556
datamem/U1436	0	0.884213
datamem/ram_reg_77__4_	0	0.947149
reg_file/PLACE_HFSBUF_14483_21	0	0.729198
PLACE_optlc_190	0	0.530864
PLACE_optlc_6466	0	0.54321
PLACE_optlc_12742	0	0.54321
PLACE_optlc_1527	0	1.55556
PLACE_optlc_4487	0	1.55556
PLACE_optlc_1689	0	1.55556
PLACE_optlc_4956	0	1.55556
PLACE_optlc_5133	0	1.55556
PLACE_optlc_8380	0	1.53086
datamem/ram_reg_123__3_	0	0.566979
datamem/U1676	0	1.23203
PLACE_optlc_342	0	0.518519
PLACE_optlc_2460	0	1.51852
PLACE_optlc_1318	0	0.54321
PLACE_optlc_3153	0	1.54321
PLACE_optlc_1714	0	1.54321
datamem/ram_reg_255__2_	0	0.612469
datamem/ram_reg_108__6_	0	0.839221
datamem/ram_reg_95__12_	0	0.614136
datamem/ram_reg_108__3_	0	0.917755
datamem/ram_reg_252__12_	0	0.81684
datamem/ram_reg_76__0_	0	1.02584
datamem/ram_reg_110__4_	0	0.584286
reg_file/U132	0	0.687342
datamem/U1397	0	0.707886
datamem/ram_reg_125__12_	0	0.748827
datamem/U4539	0	1.75482
PLACE_optlc_844	0	1.55556
datamem/ram_reg_74__6_	0	0.675012
datamem/ram_reg_234__6_	0	0.80635
datamem/ram_reg_76__6_	0	0.79223
datamem/ram_reg_237__9_	0	0.622365
datamem/ram_reg_237__5_	0	1.04892
PLACE_optlc_6043	0	0.518519
datamem/ram_reg_92__4_	0	0.947766
datamem/ram_reg_255__8_	0	0.708353
datamem/ram_reg_111__0_	0	0.905764
datamem/ram_reg_254__5_	0	0.743144
datamem/ram_reg_108__0_	0	0.572631
datamem/ram_reg_252__3_	0	0.764884
datamem/ram_reg_238__0_	0	0.640949
reg_file/U43	0	1.67742
PLACE_optlc_8903	0	0.555556
PLACE_optlc_12088	0	0.555556
datamem/ram_reg_110__9_	0	0.798268
datamem/U1694	0	0.626543
PLACE_optlc_10670	0	0.555556
PLACE_optlc_9238	0	0.54321
PLACE_optlc_2754	0	1.54321
datamem/ram_reg_76__3_	0	0.735552
datamem/ram_reg_235__9_	0	1.15686
datamem/ram_reg_74__0_	0	0.709888
PLACE_optlc_8553	0	0.555556
PLACE_optlc_822	0	0.518519
datamem/ram_reg_237__8_	0	1.35465
datamem/ram_reg_234__0_	0	0.633665
reg_file/PLACE_HFSBUF_13166_27	0	0.654217
PLACE_optlc_8257	0	0.469136
datamem/ram_reg_125__0_	0	0.591871
datamem/ram_reg_233__6_	0	1.00285
datamem/ram_reg_234__3_	0	0.966875
PLACE_optlc_7906	0	0.54321
PLACE_optlc_12457	0	0.481481
PLACE_optlc_2543	0	0.54321
PLACE_optlc_8540	0	1.55556
PLACE_optlc_9913	0	1.53086
datamem/ram_reg_92__9_	0	1.27654
datamem/ram_reg_237__12_	0	0.646385
datamem/ram_reg_239__0_	0	0.709576
datamem/ram_reg_239__11_	0	0.734313
datamem/ram_reg_125__9_	0	1.02743
PLACE_optlc_4965	0	0.54321
PLACE_optlc_11508	0	0.555556
datamem/ram_reg_90__6_	0	0.806917
datamem/ram_reg_109__12_	0	0.915181
datamem/U1405	0	0.981304
datamem/ram_reg_250__9_	0	0.617716
datamem/ram_reg_111__7_	0	0.68559
datamem/ram_reg_79__9_	0	0.573873
datamem/ram_reg_125__3_	0	0.990224
datamem/U2266	0	0.927018
reg_file/PLACE_HFSBUF_12375_23	0	0.655397
PLACE_optlc_668	0	0.54321
PLACE_optlc_3365	0	0.54321
PLACE_optlc_1740	0	1.55556
PLACE_optlc_3306	0	1.55556
reg_file/U168	0	0.644977
datamem/U2206	0	0.728299
datamem/ram_reg_77__12_	0	1.0713
PLACE_optlc_6798	0	1.55556
PLACE_optlc_8789	0	1.45679
PLACE_optlc_3771	0	1.45679
datamem/ram_reg_94__10_	0	1.70342
reg_file/reg_array_reg_1__0_	0	1.29138
datamem/ram_reg_122__0_	0	0.985367
PLACE_optlc_3433	0	0.530864
PLACE_optlc_1940	0	0.518519
PLACE_optlc_7617	0	1.55556
PLACE_optlc_5653	0	0.518519
reg_file/U153	0	1.05133
reg_file/PLACE_HFSBUF_14290_22	0	1.34499
PLACE_optlc_6838	0	0.419753
PLACE_optlc_1858	0	1.46914
datamem/U4567	0	1.031
datamem/U1727	0	0.970999
datamem/U1635	0	0.854961
U139	0	0.687955
PLACE_optlc_5233	0	1.55556
PLACE_optlc_3355	0	1.54321
reg_file/PLACE_HFSBUF_12699_25	0	1.02543
datamem/U4326	0	1.43689
datamem/U1980	0	0.715355
datamem/U2269	0	1.18188
datamem/U4548	0	1.53558
datamem/U4236	0	1.24152
datamem/U4337	0	0.999907
datamem/U4588	0	1.71638
PLACE_optlc_9788	0	1.55556
PLACE_optlc_12221	0	0.432099
datamem/ram_reg_93__6_	0	0.919502
datamem/ram_reg_110__10_	0	0.78299
datamem/ram_reg_252__0_	0	0.696107
datamem/U4302	0	0.994471
datamem/ram_reg_92__1_	0	0.658063
PLACE_optlc_8723	0	1.54321
PLACE_optlc_8756	0	0.555556
datamem/U4224	0	1.89591
datamem/U4239	0	1.13936
datamem/U2260	0	1.07299
datamem/U1998	0	0.891026
PLACE_optlc_12080	0	1.55556
U123	0	0.97196
U125	0	1.47536
datamem/U1375	0	1.31562
datamem/U1345	0	1.04086
datamem/U4624	0	0.824414
datamem/U4579	0	1.09616
datamem/U4298	0	0.713611
PLACE_optlc_9445	0	0.555556
PLACE_optlc_9448	0	0.555556
PLACE_optlc_730	0	1.51852
PLACE_optlc_11773	0	1.55556
PLACE_optlc_7028	0	1.54321
reg_file/U61	0	0.721813
datamem/U1730	0	0.762253
datamem/U4582	0	0.934348
datamem/U4295	0	0.681065
datamem/U4308	0	0.858804
datamem/U1381	0	1.24012
datamem/U4591	0	1.22582
datamem/U2272	0	0.801578
PLACE_optlc_8149	0	0.54321
PLACE_optlc_714	0	1.53086
datamem/U1956	0	0.714715
datamem/U4642	0	1.32463
datamem/U4648	0	0.856161
datamem/U4299	0	0.659622
datamem/U4263	0	1.29284
datamem/U2263	0	1.32806
datamem/U1959	0	1.42258
datamem/U1953	0	0.825008
datamem/U1378	0	1.59184
datamem/U2227	0	1.27771
reg_file/reg_array_reg_1__6_	0	0.911451
PLACE_optlc_10164	0	0.555556
PLACE_optlc_12602	0	0.555556
PLACE_optlc_10398	0	0.555556
PLACE_optlc_12227	0	0.555556
PLACE_optlc_6336	0	0.54321
datamem/U1688	0	1.28144
datamem/U2007	0	1.05787
datamem/U4585	0	1.65888
datamem/U1339	0	1.35226
datamem/U1996	0	0.866115
PLACE_optlc_12651	0	0.555556
PLACE_optlc_202	0	1.55556
PLACE_optlc_10487	0	0.530864
PLACE_optlc_1833	0	1.55556
PLACE_optlc_12735	0	0.481481
PLACE_optlc_11374	0	0.555556
datamem/U1673	0	1.16177
reg_file/U159	0	0.617515
datamem/U1983	0	1.0796
datamem/ram_reg_94__12_	0	0.793272
datamem/U1665	0	1.53133
U137	0	1.05748
PLACE_optlc_4899	0	1.55556
PLACE_optlc_8801	0	0.555556
PLACE_optlc_1857	0	0.54321
PLACE_optlc_2814	0	0.54321
datamem/U4242	0	1.41434
PLACE_optlc_12740	0	0.555556
PLACE_optlc_2764	0	0.530864
PLACE_optlc_10567	0	0.555556
U135	0	0.556971
reg_file/reg_array_reg_7__0_	0	1.09128
U133	0	1.41418
U141	0	0.686667
PLACE_optlc_5159	0	1.51852
PLACE_optlc_11378	0	0.54321
PLACE_optlc_563	0	0.54321
PLACE_optlc_924	0	0.54321
PLACE_optlc_3135	0	0.530864
PLACE_optlc_7264	0	0.54321
PLACE_optlc_11794	0	0.518519
PLACE_optlc_7997	0	1.55556
PLACE_optlc_7485	0	0.506173
PLACE_optlc_2072	0	0.54321
PLACE_optlc_2952	0	1.54321
datamem/U1993	0	0.89098
PLACE_optlc_12112	0	0.555556
PLACE_optlc_11679	0	1.55556
PLACE_optlc_8921	0	0.555556
PLACE_optlc_11847	0	0.555556
PLACE_optlc_12477	0	1.55556
PLACE_optlc_12106	0	1.53086
PLACE_optlc_898	0	0.518519
PLACE_optlc_12598	0	0.506173
PLACE_optlc_10533	0	0.481481
PLACE_optlc_7828	0	1.53086
PLACE_optlc_10795	0	1.54321
PLACE_optlc_5646	0	1.53086
reg_file/reg_array_reg_6__6_	0	1.03931
datamem/ram_reg_93__4_	0	0.58613
datamem/U1728	0	1.00886
reg_file/reg_array_reg_5__6_	0	0.725077
reg_file/reg_array_reg_7__3_	0	2.33016
PLACE_optlc_12261	0	0.555556
PLACE_optlc_12461	0	1.55556
PLACE_optlc_12501	0	1.55556
PLACE_optlc_9020	0	1.55556
PLACE_optlc_12149	0	1.53086
PLACE_optlc_8225	0	1.54321
PLACE_optlc_12167	0	1.53086
PLACE_optlc_3554	0	1.55556
PLACE_optlc_9867	0	1.53086
PLACE_optlc_12634	0	0.555556
PLACE_optlc_5764	0	0.54321
PLACE_optlc_10174	0	0.555556
PLACE_optlc_10515	0	1.54321
PLACE_optlc_11163	0	1.55556
PLACE_optlc_9670	0	0.54321
PLACE_optlc_6544	0	1.50617
PLACE_optlc_3271	0	1.50617
PLACE_optlc_4077	0	1.55556
datamem/U1438	0	1.17872
PLACE_optlc_9973	0	1.55556
PLACE_optlc_1769	0	0.518519
PLACE_optlc_11786	0	1.55556
PLACE_optlc_11103	0	1.55556
PLACE_optlc_8930	0	0.555556
PLACE_optlc_10357	0	0.555556
PLACE_optlc_8799	0	0.555556
PLACE_optlc_4190	0	0.54321
PLACE_optlc_5529	0	1.54321
PLACE_optlc_2430	0	0.54321
datamem/U1692	0	0.819167
datamem/U1686	0	1.39837
PLACE_optlc_588	0	0.530864
PLACE_optlc_6016	0	1.55556
PLACE_optlc_11346	0	0.555556
PLACE_optlc_10946	0	0.506173
PLACE_optlc_11939	0	0.555556
PLACE_optlc_744	0	0.506173
PLACE_optlc_3100	0	1.51852
PLACE_optlc_6621	0	1.55556
PLACE_optlc_4142	0	0.518519
PLACE_optlc_10231	0	1.55556
PLACE_optlc_6409	0	1.55556
PLACE_optlc_3653	0	0.530864
datamem/ram_reg_252__6_	0	0.919178
reg_file/reg_array_reg_4__6_	0	0.701493
reg_file/reg_array_reg_6__12_	0	1.03055
datamem/ram_reg_94__0_	0	0.902886
datamem/U1722	0	0.848804
datamem/U1634	0	1.02458
PLACE_optlc_6282	0	1.55556
PLACE_optlc_11046	0	1.55556
PLACE_optlc_715	0	1.55556
PLACE_optlc_1204	0	1.54321
PLACE_optlc_3196	0	1.55556
PLACE_optlc_4047	0	1.54321
PLACE_optlc_1125	0	1.55556
PLACE_optlc_1169	0	0.518519
PLACE_optlc_6841	0	0.54321
PLACE_optlc_4714	0	1.54321
PLACE_optlc_7842	0	0.518519
datamem/ram_reg_95__10_	0	0.840914
PLACE_optlc_2697	0	1.55556
PLACE_optlc_573	0	1.55556
PLACE_optlc_4905	0	0.506173
PLACE_optlc_3380	0	0.54321
PLACE_optlc_6444	0	1.53086
PLACE_optlc_4002	0	0.530864
PLACE_optlc_2202	0	0.54321
PLACE_optlc_4385	0	1.55556
PLACE_optlc_3400	0	1.55556
PLACE_optlc_893	0	1.55556
PLACE_optlc_3558	0	1.55556
PLACE_optlc_5589	0	0.530864
PLACE_optlc_1501	0	1.55556
PLACE_optlc_2103	0	1.55556
PLACE_optlc_2428	0	0.54321
PLACE_optlc_6590	0	1.55556
PLACE_optlc_1164	0	0.54321
datamem/U2299	0	0.858279
datamem/U4599	0	0.916709
datamem/U4622	0	0.655312
datamem/ram_reg_93__10_	0	0.877774
datamem/ram_reg_127__12_	0	0.953592
PLACE_optlc_2565	0	1.55556
PLACE_optlc_1238	0	0.54321
PLACE_optlc_6710	0	0.54321
PLACE_optlc_7473	0	0.54321
PLACE_optlc_2824	0	0.518519
PLACE_optlc_5867	0	0.530864
PLACE_optlc_10852	0	0.555556
PLACE_optlc_6101	0	0.530864
PLACE_optlc_980	0	0.530864
PLACE_optlc_6313	0	0.54321
PLACE_optlc_7765	0	0.54321
PLACE_optlc_5781	0	1.54321
PLACE_optlc_2380	0	0.54321
PLACE_optlc_6174	0	0.530864
datamem/ram_reg_126__12_	0	0.779086
datamem/ram_reg_79__6_	0	0.637141
datamem/U4649	0	0.585714
datamem/U1999	0	1.01596
datamem/ram_reg_239__2_	0	0.575239
PLACE_optlc_4232	0	0.54321
PLACE_optlc_5778	0	1.55556
PLACE_optlc_7774	0	0.54321
PLACE_optlc_10510	0	1.53086
PLACE_optlc_5801	0	0.54321
PLACE_optlc_4230	0	0.54321
PLACE_optlc_7800	0	0.493827
PLACE_optlc_1735	0	1.53086
PLACE_optlc_3876	0	0.530864
PLACE_optlc_7213	0	1.55556
PLACE_optlc_5904	0	1.55556
PLACE_optlc_6189	0	0.506173
PLACE_optlc_8449	0	1.55556
PLACE_optlc_570	0	0.518519
datamem/ram_reg_109__3_	0	1.17771
datamem/ram_reg_110__0_	0	0.989047
datamem/ram_reg_238__5_	0	0.888329
datamem/ram_reg_230__6_	0	0.798356
datamem/ram_reg_254__12_	0	1.36012
datamem/ram_reg_236__2_	0	0.56451
datamem/ram_reg_93__0_	0	0.825934
datamem/ram_reg_95__4_	0	0.835112
datamem/ram_reg_255__12_	0	1.78212
datamem/ram_reg_237__11_	0	0.875625
PLACE_optlc_1162	0	1.55556
PLACE_optlc_4961	0	1.55556
PLACE_optlc_2919	0	1.50617
PLACE_optlc_652	0	1.55556
PLACE_optlc_3720	0	1.55556
PLACE_optlc_11356	0	1.55556
datamem/ram_reg_236__9_	0	0.681582
datamem/ram_reg_239__12_	0	0.835818
datamem/ram_reg_237__0_	0	0.621157
datamem/ram_reg_126__0_	0	1.03963
datamem/ram_reg_236__12_	0	0.652006
PLACE_optlc_7678	0	1.55556
PLACE_optlc_12050	0	0.555556
datamem/ram_reg_77__0_	0	0.672307
datamem/ram_reg_234__9_	0	0.983125
datamem/U1977	0	0.732407
datamem/ram_reg_78__6_	0	0.643993
datamem/ram_reg_239__3_	0	0.645417
PLACE_optlc_11114	0	1.53086
PLACE_optlc_6046	0	0.54321
PLACE_optlc_9507	0	0.555556
PLACE_optlc_128	0	0.54321
datamem/ram_reg_78__3_	0	0.692068
datamem/U1432	0	0.93284
datamem/ram_reg_236__6_	0	0.813364
datamem/ram_reg_238__3_	0	0.92718
datamem/ram_reg_126__3_	0	0.712886
datamem/ram_reg_122__3_	0	0.558356
datamem/U4277	0	0.884776
datamem/U4640	0	0.673862
datamem/U1357	0	0.671107
datamem/ram_reg_110__12_	0	0.797867
PLACE_optlc_6684	0	1.55556
PLACE_optlc_6787	0	1.53086
PLACE_optlc_11822	0	1.54321
datamem/ram_reg_126__9_	0	0.561408
datamem/U2014	0	0.787562
PLACE_optlc_11306	0	1.55556
PLACE_optlc_8884	0	1.55556
PLACE_optlc_11490	0	1.55556
PLACE_optlc_5819	0	1.55556
datamem/ram_reg_93__9_	0	0.747315
datamem/ram_reg_78__12_	0	0.551825
datamem/U1992	0	0.913978
datamem/U1668	0	0.627222
reg_file/U117	0	0.738542
datamem/U1710	0	0.797133
PLACE_optlc_5550	0	0.54321
PLACE_optlc_2292	0	0.530864
PLACE_optlc_2575	0	0.54321
PLACE_optlc_9909	0	0.555556
PLACE_optlc_5939	0	1.55556
PLACE_optlc_10236	0	0.555556
datamem/ram_reg_75__0_	0	1.21986
datamem/U4310	0	0.61576
datamem/ram_reg_127__3_	0	0.984518
PLACE_optlc_6869	0	0.555556
PLACE_optlc_8139	0	1.55556
PLACE_optlc_3730	0	1.55556
datamem/ram_reg_110__3_	0	1.50922
datamem/ram_reg_253__0_	0	0.680957
datamem/ram_reg_79__3_	0	1.23038
datamem/ram_reg_236__5_	0	1.11835
datamem/ram_reg_253__6_	0	0.562454
datamem/ram_reg_109__6_	0	1.36079
datamem/ram_reg_238__2_	0	1.22288
PLACE_optlc_4739	0	0.506173
PLACE_optlc_4829	0	1.55556
PLACE_optlc_2228	0	0.555556
PLACE_optlc_263	0	1.49383
PLACE_optlc_931	0	0.506173
datamem/ram_reg_92__6_	0	0.924155
datamem/ram_reg_255__9_	0	1.21311
datamem/ram_reg_255__0_	0	2.21709
datamem/ram_reg_254__3_	0	2.26459
PLACE_optlc_4251	0	0.469136
PLACE_optlc_3762	0	0.54321
PLACE_optlc_4950	0	1.55556
PLACE_optlc_10211	0	0.555556
PLACE_optlc_7999	0	1.54321
PLACE_optlc_7009	0	1.55556
PLACE_optlc_7372	0	0.54321
PLACE_optlc_5167	0	1.53086
PLACE_optlc_6338	0	0.54321
PLACE_optlc_9696	0	1.46914
PLACE_optlc_8590	0	1.55556
PLACE_optlc_8987	0	0.469136
datamem/U1700	0	0.876902
PLACE_optlc_237	0	0.54321
PLACE_optlc_10380	0	1.55556
PLACE_optlc_89	0	1.55556
PLACE_optlc_10385	0	0.481481
datamem/ram_reg_94__3_	0	0.89735
reg_file/U165	0	0.949414
PLACE_optlc_8925	0	1.55556
PLACE_optlc_11888	0	0.555556
PLACE_optlc_511	0	0.506173
PLACE_optlc_12074	0	0.469136
reg_file/U55	0	0.998538
PLACE_optlc_3350	0	2.55556
PLACE_optlc_5315	0	0.54321
PLACE_optlc_849	0	1.55556
PLACE_optlc_8504	0	0.555556
PLACE_optlc_6636	0	0.45679
PLACE_optlc_5019	0	0.45679
PLACE_optlc_1268	0	1.45679
PLACE_optlc_428	0	0.518519
PLACE_optlc_9726	0	0.555556
datamem/U1712	0	0.709186
datamem/U2287	0	0.756142
datamem/U4278	0	0.917415
PLACE_optlc_214	0	1.55556
PLACE_optlc_8403	0	0.407407
PLACE_optlc_5024	0	1.55556
PLACE_optlc_5217	0	1.55556
PLACE_optlc_3098	0	1.55556
datamem/U1703	0	0.687731
PLACE_optlc_3683	0	1.55556
PLACE_optlc_8273	0	0.481481
PLACE_optlc_3969	0	1.55556
PLACE_optlc_7050	0	1.41975
PLACE_optlc_979	0	0.54321
datamem/U4245	0	0.648272
datamem/U4311	0	1.32653
reg_file/U97	0	1.51399
datamem/U1682	0	0.702492
PLACE_optlc_1982	0	0.54321
PLACE_optlc_12726	0	1.53086
PLACE_optlc_4858	0	1.55556
datamem/U2281	0	0.87159
datamem/ram_reg_92__10_	0	0.803835
datamem/U4329	0	1.04006
datamem/U4290	0	1.08819
datamem/U4281	0	0.991192
datamem/U2278	0	0.606844
datamem/U2001	0	0.796562
datamem/U4170	0	0.577396
PLACE_optlc_634	0	0.555556
PLACE_optlc_10260	0	1.44444
PLACE_optlc_7360	0	1.55556
datamem/U1417	0	0.873573
datamem/U1691	0	0.636173
datamem/U4274	0	1.23968
datamem/U1989	0	1.71388
datamem/U1393	0	0.870197
PLACE_optlc_3237	0	0.555556
PLACE_optlc_1074	0	1.55556
PLACE_optlc_9426	0	1.55556
datamem/U1435	0	1.4128
datamem/U4313	0	1.52622
datamem/U4338	0	1.01527
datamem/U2209	0	1.13647
datamem/U1974	0	1.14717
datamem/U4631	0	0.634869
U131	0	1.44367
datamem/U2308	0	0.81206
datamem/U4652	0	1.30948
datamem/U4284	0	1.28304
datamem/U4301	0	0.881752
datamem/U2290	0	1.52809
datamem/U1414	0	1.52823
datamem/ram_reg_93__1_	0	0.710127
datamem/U1707	0	0.655694
datamem/ram_reg_254__6_	0	1.41167
datamem/ram_reg_93__7_	0	0.968584
datamem/U4328	0	1.27887
PLACE_optlc_1793	0	1.55556
PLACE_optlc_9419	0	1.53086
PLACE_optlc_10599	0	0.555556
reg_file/reg_array_reg_3__0_	0	0.785613
datamem/U1423	0	0.580285
PLACE_optlc_11171	0	1.54321
PLACE_optlc_9261	0	0.555556
PLACE_optlc_10676	0	1.53086
PLACE_optlc_10227	0	0.555556
PLACE_optlc_10538	0	1.54321
PLACE_optlc_6665	0	0.54321
datamem/ram_reg_95__1_	0	0.881998
datamem/ram_reg_111__1_	0	0.574981
reg_file/reg_array_reg_4__12_	0	0.834803
datamem/ram_reg_110__1_	0	0.916844
PLACE_optlc_11692	0	1.53086
PLACE_optlc_10378	0	0.555556
PLACE_optlc_8912	0	1.53086
PLACE_optlc_12036	0	1.55556
PLACE_optlc_12630	0	1.54321
datamem/ram_reg_95__6_	0	0.634001
PLACE_optlc_6450	0	0.506173
PLACE_optlc_4496	0	1.55556
PLACE_optlc_11797	0	0.555556
PLACE_optlc_11409	0	0.518519
PLACE_optlc_10365	0	1.55556
PLACE_optlc_8114	0	0.518519
PLACE_optlc_11479	0	0.555556
PLACE_optlc_10458	0	1.53086
PLACE_optlc_9906	0	1.53086
PLACE_optlc_1749	0	1.55556
PLACE_optlc_8941	0	1.55556
datamem/ram_reg_94__6_	0	0.981535
datamem/U2008	0	1.50357
datamem/ram_reg_95__0_	0	0.730274
PLACE_optlc_11848	0	0.555556
PLACE_optlc_11345	0	1.55556
PLACE_optlc_12076	0	1.53086
PLACE_optlc_9134	0	1.54321
PLACE_optlc_11190	0	1.54321
PLACE_optlc_10100	0	1.53086
PLACE_optlc_11618	0	1.55556
PLACE_optlc_12460	0	1.55556
PLACE_optlc_9215	0	1.55556
PLACE_optlc_10321	0	1.55556
PLACE_optlc_8716	0	1.55556
PLACE_optlc_1388	0	1.53086
PLACE_optlc_9438	0	0.555556
PLACE_optlc_9739	0	0.555556
datamem/ram_reg_111__4_	0	2.30908
PLACE_optlc_6644	0	0.54321
PLACE_optlc_4935	0	0.555556
PLACE_optlc_3859	0	0.530864
PLACE_optlc_603	0	0.518519
PLACE_optlc_12629	0	1.54321
PLACE_optlc_9834	0	1.55556
PLACE_optlc_3304	0	1.54321
PLACE_optlc_786	0	0.469136
reg_file/reg_array_reg_4__0_	0	0.562137
PLACE_optlc_5048	0	0.518519
PLACE_optlc_1298	0	1.51852
PLACE_optlc_7095	0	0.518519
PLACE_optlc_6154	0	0.530864
PLACE_optlc_6151	0	0.518519
PLACE_optlc_7404	0	0.530864
PLACE_optlc_4925	0	0.518519
reg_file/reg_array_reg_3__6_	0	0.684194
reg_file/reg_array_reg_7__6_	0	1.02677
reg_file/reg_array_reg_6__0_	0	1.05801
reg_file/reg_array_reg_5__0_	0	0.879738
PLACE_optlc_8033	0	1.55556
PLACE_optlc_5965	0	1.54321
PLACE_optlc_1496	0	1.55556
PLACE_optlc_1870	0	1.55556
PLACE_optlc_4751	0	1.54321
PLACE_optlc_10400	0	0.555556
PLACE_optlc_6772	0	1.55556
PLACE_optlc_1578	0	0.518519
PLACE_optlc_8425	0	0.518519
PLACE_optlc_656	0	0.518519
PLACE_optlc_1108	0	0.518519
PLACE_optlc_5061	0	0.530864
datamem/U4605	0	1.2957
datamem/ram_reg_94__1_	0	0.62341
PLACE_optlc_3698	0	1.55556
PLACE_optlc_828	0	0.54321
PLACE_optlc_2113	0	1.55556
PLACE_optlc_6325	0	1.55556
PLACE_optlc_8156	0	1.53086
PLACE_optlc_1620	0	1.55556
PLACE_optlc_4447	0	1.55556
PLACE_optlc_5040	0	1.55556
PLACE_optlc_960	0	1.55556
PLACE_optlc_3772	0	0.518519
PLACE_optlc_4678	0	1.55556
PLACE_optlc_6803	0	1.55556
PLACE_optlc_897	0	1.55556
PLACE_optlc_6519	0	1.55556
PLACE_optlc_2354	0	1.55556
PLACE_optlc_8050	0	1.55556
PLACE_optlc_5477	0	1.55556
PLACE_optlc_2379	0	1.55556
PLACE_optlc_127	0	1.55556
PLACE_optlc_7375	0	0.54321
PLACE_optlc_5391	0	0.54321
datamem/ram_reg_95__7_	0	0.704286
datamem/ram_reg_122__9_	0	1.60885
PLACE_optlc_3389	0	0.530864
PLACE_optlc_5132	0	1.54321
PLACE_optlc_1907	0	0.530864
PLACE_optlc_1364	0	0.530864
PLACE_optlc_7888	0	0.530864
PLACE_optlc_2694	0	0.530864
PLACE_optlc_4082	0	1.55556
PLACE_optlc_6383	0	0.469136
datamem/ram_reg_77__6_	0	0.843499
datamem/ram_reg_239__9_	0	1.07531
datamem/ram_reg_122__6_	0	0.965698
datamem/ram_reg_111__3_	0	0.814236
datamem/ram_reg_92__7_	0	0.801991
datamem/ram_reg_239__5_	0	1.35676
datamem/ram_reg_126__6_	0	1.46296
datamem/ram_reg_255__3_	0	0.594857
datamem/ram_reg_111__12_	0	0.923754
datamem/U2011	0	1.21292
PLACE_optlc_6270	0	1.55556
PLACE_optlc_1968	0	0.54321
PLACE_optlc_4507	0	0.54321
PLACE_optlc_3860	0	0.530864
PLACE_optlc_3183	0	0.54321
PLACE_optlc_1669	0	0.54321
PLACE_optlc_6335	0	0.54321
PLACE_optlc_7886	0	0.54321
PLACE_optlc_2352	0	1.55556
PLACE_optlc_10104	0	0.555556
datamem/ram_reg_238__9_	0	2.30688
datamem/ram_reg_238__8_	0	0.910054
datamem/ram_reg_253__3_	0	1.14005
datamem/ram_reg_254__0_	0	0.915135
datamem/ram_reg_254__9_	0	1.00684
datamem/ram_reg_233__0_	0	0.683283
datamem/ram_reg_75__6_	0	0.758603
datamem/ram_reg_239__8_	0	0.54591
datamem/ram_reg_253__12_	0	2.19978
datamem/ram_reg_236__3_	0	1.08032
datamem/ram_reg_237__2_	0	0.718117
datamem/ram_reg_110__6_	0	1.1508
datamem/ram_reg_236__11_	0	1.01966
datamem/ram_reg_239__6_	0	0.762573
datamem/ram_reg_79__0_	0	0.923372
datamem/ram_reg_238__6_	0	1.12018
datamem/ram_reg_253__9_	0	0.594298
datamem/ram_reg_127__0_	0	0.692481
datamem/ram_reg_109__0_	0	0.664992
datamem/ram_reg_237__6_	0	0.66907
datamem/U1670	0	1.12041
datamem/ram_reg_78__0_	0	0.769271
datamem/ram_reg_238__12_	0	2.48491
datamem/ram_reg_79__12_	0	0.790806
datamem/ram_reg_127__9_	0	0.78951
datamem/ram_reg_111__6_	0	0.618823
datamem/ram_reg_93__3_	0	0.635239
datamem/ram_reg_127__6_	0	1.0261
PLACE_optlc_7643	0	1.55556
datamem/ram_reg_75__3_	0	1.12589
datamem/ram_reg_238__11_	0	1.88404
datamem/ram_reg_237__3_	0	0.686539
datamem/U1667	0	0.555073
datamem/ram_reg_78__9_	0	0.930224
PLACE_optlc_7044	0	0.54321
PLACE_optlc_9194	0	1.55556
datamem/ram_reg_94__7_	0	1.65443
datamem/ram_reg_95__3_	0	0.835679
datamem/ram_reg_92__0_	0	0.790193
datamem/ram_reg_92__3_	0	2.35596
datamem/ram_reg_255__6_	0	1.18198
PLACE_optlc_3732	0	1.55556
PLACE_optlc_5321	0	0.506173
PLACE_optlc_8711	0	0.555556
PLACE_optlc_10810	0	0.555556
PLACE_optlc_2524	0	0.469136
PLACE_optlc_8950	0	0.555556
PLACE_optlc_8357	0	0.530864
datamem/U4625	0	0.880181
reg_file/U129	0	1.10094
reg_file/U135	0	0.718715
PLACE_optlc_6350	0	0.518519
PLACE_optlc_4369	0	0.54321
PLACE_optlc_4022	0	1.54321
reg_file/U147	0	0.922824
datamem/U1671	0	1.2023
PLACE_optlc_3066	0	0.530864
PLACE_optlc_7631	0	1.55556
reg_file/U171	0	0.845235
datamem/U1990	0	0.956026
PLACE_optlc_59	0	1.49383
PLACE_optlc_1185	0	0.481481
reg_file/U111	0	0.629147
datamem/U1664	0	2.04215
datamem/U1701	0	0.888329
PLACE_optlc_6646	0	1.55556
datamem/U1725	0	1.08451
datamem/U4293	0	1.04843
datamem/U1721	0	0.65635
datamem/U1420	0	0.678507
datamem/U4319	0	1.62183
datamem/U2305	0	1.36717
datamem/U4296	0	0.865671
PLACE_optlc_4291	0	0.555556
datamem/U2302	0	1.34772
datamem/U1441	0	0.766644
datamem/U4332	0	1.3583
datamem/U1411	0	0.934641
datamem/U4314	0	1.28946
datamem/U1360	0	1.30545
datamem/U2296	0	0.924279
datamem/U1685	0	1.00951
PLACE_optlc_8618	0	0.555556
PLACE_optlc_12025	0	1.45679
datamem/U1971	0	1.07892
datamem/U4320	0	0.891003
datamem/U1429	0	1.2519
datamem/U1363	0	1.11473
datamem/U4283	0	0.638927
reg_file/U123	0	1.51451
datamem/U4608	0	0.8449
datamem/U2013	0	0.567334
datamem/U1995	0	0.852982
datamem/U4334	0	0.90941
PLACE_optlc_9780	0	0.469136
datamem/U1719	0	0.872519
datamem/U4275	0	1.49123
datamem/U4218	0	1.35173
datamem/U4292	0	0.719155
datamem/U4317	0	1.10878
datamem/U1689	0	0.679579
datamem/U4602	0	1.37068
PLACE_optlc_9540	0	1.53086
datamem/U4628	0	1.5976
datamem/U4316	0	1.34452
datamem/U4619	0	1.34947
datamem/U2284	0	0.908422
datamem/U1683	0	0.616235
datamem/U2019	0	1.38925
datamem/U4335	0	0.753893
datamem/U1399	0	0.820405
datamem/U4646	0	1.98155
datamem/U4331	0	0.88919
datamem/U1724	0	0.666914
datamem/U4643	0	1.137
datamem/U2010	0	0.78169
datamem/U1674	0	0.713808
datamem/U1718	0	0.837523
datamem/U2215	0	0.912593
reg_file/U91	0	1.24426
datamem/U4611	0	0.997766
datamem/U2212	0	0.87162
datamem/U1706	0	0.573059
PLACE_optlc_8862	0	0.555556
PLACE_optlc_562	0	0.555556
PLACE_optlc_10285	0	0.54321
PLACE_optlc_9011	0	0.555556
PLACE_optlc_9826	0	0.555556
PLACE_optlc_6374	0	0.54321
PLACE_optlc_10650	0	0.530864
PLACE_optlc_6997	0	0.555556
PLACE_optlc_10137	0	0.555556
PLACE_optlc_8843	0	1.53086
PLACE_optlc_10948	0	0.555556
PLACE_optlc_10976	0	1.55556
PLACE_optlc_10333	0	1.53086
PLACE_optlc_4471	0	0.493827
PLACE_optlc_9676	0	1.55556
PLACE_optlc_2803	0	0.518519
PLACE_optlc_9515	0	0.555556
PLACE_optlc_10065	0	1.53086
PLACE_optlc_11946	0	1.55556
PLACE_optlc_4386	0	1.55556
PLACE_optlc_2635	0	0.518519
PLACE_optlc_9886	0	1.54321
PLACE_optlc_10880	0	0.555556
PLACE_optlc_8957	0	1.55556
PLACE_optlc_9191	0	1.55556
PLACE_optlc_8663	0	1.51852
PLACE_optlc_10906	0	0.555556
PLACE_optlc_9838	0	1.55556
PLACE_optlc_11478	0	0.54321
PLACE_optlc_5273	0	1.53086
PLACE_optlc_907	0	0.530864
PLACE_optlc_11752	0	1.55556
PLACE_optlc_10711	0	1.54321
PLACE_optlc_9166	0	1.53086
PLACE_optlc_10548	0	1.55556
PLACE_optlc_12200	0	1.53086
PLACE_optlc_9081	0	1.55556
PLACE_optlc_12231	0	0.555556
PLACE_optlc_9307	0	0.555556
PLACE_optlc_9933	0	0.555556
PLACE_optlc_3699	0	0.518519
PLACE_optlc_4283	0	0.54321
PLACE_optlc_10411	0	0.555556
PLACE_optlc_1684	0	0.530864
PLACE_optlc_11371	0	1.55556
PLACE_optlc_9646	0	1.55556
PLACE_optlc_166	0	0.555556
PLACE_optlc_9655	0	0.555556
PLACE_optlc_9057	0	1.55556
PLACE_optlc_302	0	0.54321
PLACE_optlc_8758	0	1.55556
PLACE_optlc_442	0	1.54321
PLACE_optlc_6156	0	1.53086
PLACE_optlc_9870	0	1.55556
PLACE_optlc_12033	0	0.555556
PLACE_optlc_6420	0	0.518519
PLACE_optlc_9505	0	0.518519
PLACE_optlc_6105	0	1.55556
PLACE_optlc_165	0	0.518519
PLACE_optlc_11168	0	0.54321
PLACE_optlc_5777	0	0.518519
PLACE_optlc_10546	0	1.55556
PLACE_optlc_8996	0	1.55556
PLACE_optlc_9109	0	0.506173
PLACE_optlc_8817	0	1.53086
PLACE_optlc_4732	0	1.54321
PLACE_optlc_8101	0	0.518519
PLACE_optlc_3923	0	0.518519
PLACE_optlc_10003	0	0.555556
PLACE_optlc_6170	0	1.55556
PLACE_optlc_2576	0	0.518519
PLACE_optlc_11040	0	1.55556
PLACE_optlc_8533	0	0.555556
PLACE_optlc_2181	0	0.518519
PLACE_optlc_5449	0	0.518519
PLACE_optlc_9498	0	1.55556
PLACE_optlc_10223	0	0.555556
PLACE_optlc_8053	0	0.518519
PLACE_optlc_11659	0	0.555556
PLACE_optlc_11656	0	1.55556
PLACE_optlc_482	0	1.55556
PLACE_optlc_9564	0	1.55556
PLACE_optlc_10901	0	1.55556
PLACE_optlc_6103	0	1.54321
PLACE_optlc_1715	0	1.53086
PLACE_optlc_2787	0	0.530864
PLACE_optlc_11697	0	1.55556
PLACE_optlc_6306	0	0.518519
PLACE_optlc_12532	0	1.55556
PLACE_optlc_2149	0	0.54321
PLACE_optlc_10825	0	1.55556
PLACE_optlc_11758	0	0.555556
PLACE_optlc_4488	0	1.55556
PLACE_optlc_7552	0	1.55556
PLACE_optlc_6279	0	1.53086
PLACE_optlc_2495	0	1.55556
PLACE_optlc_749	0	1.55556
PLACE_optlc_2505	0	0.530864
PLACE_optlc_8388	0	1.55556
PLACE_optlc_5910	0	1.55556
PLACE_optlc_8391	0	0.506173
PLACE_optlc_6867	0	0.493827
PLACE_optlc_3013	0	1.55556
PLACE_optlc_1184	0	1.55556
PLACE_optlc_3003	0	1.55556
PLACE_optlc_7518	0	1.53086
PLACE_optlc_8137	0	1.55556
PLACE_optlc_7712	0	1.55556
PLACE_optlc_6911	0	0.530864
PLACE_optlc_2385	0	1.54321
PLACE_optlc_8157	0	0.54321
PLACE_optlc_468	0	1.54321
PLACE_optlc_1097	0	0.530864
PLACE_optlc_3458	0	1.54321
PLACE_optlc_1228	0	1.55556
PLACE_optlc_2544	0	0.506173
PLACE_optlc_3821	0	1.54321
PLACE_optlc_2551	0	0.54321
PLACE_optlc_5498	0	1.55556
PLACE_optlc_1801	0	1.55556
PLACE_optlc_5639	0	1.55556
PLACE_optlc_3383	0	0.518519
PLACE_optlc_7481	0	1.55556
PLACE_optlc_6733	0	0.506173
PLACE_optlc_7570	0	1.55556
PLACE_optlc_8052	0	1.55556
PLACE_optlc_313	0	1.55556
PLACE_optlc_1507	0	1.55556
PLACE_optlc_4360	0	1.51852
PLACE_optlc_6626	0	0.506173
PLACE_optlc_2122	0	1.53086
PLACE_optlc_1779	0	1.50617
PLACE_optlc_6618	0	0.506173
PLACE_optlc_5464	0	1.53086
PLACE_optlc_623	0	1.55556
PLACE_optlc_1271	0	0.518519
PLACE_optlc_4448	0	1.55556
PLACE_optlc_823	0	1.53086
PLACE_optlc_6604	0	1.51852
PLACE_optlc_6569	0	0.530864
PLACE_optlc_8004	0	0.481481
PLACE_optlc_2826	0	0.530864
PLACE_optlc_6554	0	1.54321
PLACE_optlc_3492	0	0.518519
PLACE_optlc_137	0	1.53086
PLACE_optlc_6129	0	1.54321
PLACE_optlc_4551	0	0.54321
PLACE_optlc_134	0	1.55556
PLACE_optlc_7411	0	0.493827
PLACE_optlc_48	0	0.555556
PLACE_optlc_6032	0	1.53086
PLACE_optlc_6524	0	1.55556
PLACE_optlc_3253	0	0.493827
PLACE_optlc_2633	0	0.518519
PLACE_optlc_2332	0	0.493827
PLACE_optlc_5802	0	0.518519
PLACE_optlc_437	0	1.50617
PLACE_optlc_7752	0	0.506173
PLACE_optlc_5386	0	1.54321
PLACE_optlc_7976	0	1.55556
PLACE_optlc_7953	0	0.493827
PLACE_optlc_4538	0	0.506173
PLACE_optlc_1695	0	0.493827
PLACE_optlc_1415	0	1.53086
PLACE_optlc_869	0	0.518519
PLACE_optlc_1419	0	1.53086
PLACE_optlc_4328	0	1.50617
PLACE_optlc_5837	0	1.55556
PLACE_optlc_8463	0	0.506173
PLACE_optlc_7804	0	1.55556
PLACE_optlc_2652	0	1.51852
PLACE_optlc_6415	0	0.518519
PLACE_optlc_7352	0	0.506173
PLACE_optlc_3307	0	1.53086
PLACE_optlc_1463	0	1.55556
End_Cell_Waste
Total_Cell_Waste	0
