****************************************
Report : cell
Design : mips_16
Version: O-2018.06-SP1
Date   : Sat Aug 29 04:03:42 2026
****************************************

Attributes
    b - black-box (unknown)
    h - hierarchical
    n - noncombinational
    u - contains unmapped logic
    E - extracted timing model
    Q - Quick timing model
    U - Unbound (missing)
    s - user size_only
    S - implicit size_only
    d - user dont_touch
    D - derived dont_touch
    o - synthetic operator


Cell                      Reference       Library          Attributes
--------------------------------------------------------------------------------
ALU_Control_unit          ALUControl                       h
JRControl_unit            JR_Control                       h
PLACE_HFSBUF_143_40       NBUFFX2_HVT     saed90nm_max_hvt 
PLACE_HFSBUF_296_39       NBUFFX2_HVT     saed90nm_max_hvt 
PLACE_HFSBUF_635_30       NBUFFX2_HVT     saed90nm_max_hvt 
PLACE_HFSBUF_795_37       NBUFFX2_HVT     saed90nm_max_hvt 
PLACE_HFSBUF_868_36       NBUFFX2_HVT     saed90nm_max_hvt 
PLACE_HFSINV_22959_41     IBUFFX8_HVT     saed90nm_max_hvt 
PLACE_optlc_100           TIEL_HVT        saed90nm_max_hvt 
PLACE_optlc_1000          TIEL_HVT        saed90nm_max_hvt 
PLACE_optlc_10000         TIEH_HVT        saed90nm_max_hvt 
PLACE_optlc_10001         TIEH_HVT        saed90nm_max_hvt 
PLACE_optlc_10002         TIEH_HVT        saed90nm_max_hvt 
PLACE_optlc_10003         TIEH_HVT        saed90nm_max_hvt 
PLACE_optlc_10004         TIEH_HVT        saed90nm_max_hvt 
PLACE_optlc_10005         TIEH_HVT        saed90nm_max_hvt 
PLACE_optlc_10006         TIEH_HVT        saed90nm_max_hvt 
PLACE_optlc_10007         TIEH_HVT        saed90nm_max_hvt 
PLACE_optlc_10008         TIEH_HVT        saed90nm_max_hvt 
PLACE_optlc_10009         TIEH_HVT        saed90nm_max_hvt 
PLACE_optlc_1001          TIEL_HVT        saed90nm_max_hvt 
PLACE_optlc_10010         TIEH_HVT        saed90nm_max_hvt 
PLACE_optlc_10011         TIEH_HVT        saed90nm_max_hvt 
PLACE_optlc_10012         TIEH_HVT        saed90nm_max_hvt 
PLACE_optlc_10013         TIEH_HVT        saed90nm_max_hvt 
PLACE_optlc_10014         TIEH_HVT        saed90nm_max_hvt 
PLACE_optlc_10015         TIEH_HVT        saed90nm_max_hvt 
PLACE_optlc_10016         TIEH_HVT        saed90nm_max_hvt 
PLACE_optlc_10017         TIEH_HVT        saed90nm_max_hvt 
PLACE_optlc_10018         TIEH_HVT        saed90nm_max_hvt 
PLACE_optlc_10019         TIEH_HVT        saed90nm_max_hvt 
PLACE_optlc_1002          TIEL_HVT        saed90nm_max_hvt 
PLACE_optlc_10020         TIEH_HVT        saed90nm_max_hvt 
PLACE_optlc_10021         TIEH_HVT        saed90nm_max_hvt 
PLACE_optlc_10022         TIEH_HVT        saed90nm_max_hvt 
PLACE_optlc_10023         TIEH_HVT        saed90nm_max_hvt 
PLACE_optlc_10024         TIEH_HVT        saed90nm_max_hvt 
PLACE_optlc_10025         TIEH_HVT        saed90nm_max_hvt 
PLACE_optlc_10026         TIEH_HVT        saed90nm_max_hvt 
PLACE_optlc_10027         TIEH_HVT        saed90nm_max_hvt 
PLACE_optlc_10028         TIEH_HVT        saed90nm_max_hvt 
PLACE_optlc_10029         TIEH_HVT        saed90nm_max_hvt 
PLACE_optlc_1003          TIEL_HVT        saed90nm_max_hvt 
PLACE_optlc_10030         TIEH_HVT        saed90nm_max_hvt 
PLACE_optlc_10031         TIEH_HVT        saed90nm_max_hvt 
PLACE_optlc_10032         TIEH_HVT        saed90nm_max_hvt 
PLACE_optlc_10033         TIEH_HVT        saed90nm_max_hvt 
PLACE_optlc_10034         TIEH_HVT        saed90nm_max_hvt 
PLACE_optlc_10035         TIEH_HVT        saed90nm_max_hvt 
PLACE_optlc_10036         TIEH_HVT        saed90nm_max_hvt 
PLACE_optlc_10037         TIEH_HVT        saed90nm_max_hvt 
PLACE_optlc_10038         TIEH_HVT        saed90nm_max_hvt 
PLACE_optlc_10039         TIEH_HVT        saed90nm_max_hvt 
PLACE_optlc_1004          TIEL_HVT        saed90nm_max_hvt 
PLACE_optlc_10040         TIEH_HVT        saed90nm_max_hvt 
PLACE_optlc_10041         TIEH_HVT        saed90nm_max_hvt 
PLACE_optlc_10042         TIEH_HVT        saed90nm_max_hvt 
PLACE_optlc_10043         TIEH_HVT        saed90nm_max_hvt 
PLACE_optlc_10044         TIEH_HVT        saed90nm_max_hvt 
PLACE_optlc_10045         TIEH_HVT        saed90nm_max_hvt 
PLACE_optlc_10046         TIEH_HVT        saed90nm_max_hvt 
PLACE_optlc_10047         TIEH_HVT        saed90nm_max_hvt 
PLACE_optlc_10048         TIEH_HVT        saed90nm_max_hvt 
PLACE_optlc_10049         TIEH_HVT        saed90nm_max_hvt 
PLACE_optlc_1005          TIEL_HVT        saed90nm_max_hvt 
PLACE_optlc_10050         TIEH_HVT        saed90nm_max_hvt 
PLACE_optlc_10051         TIEH_HVT        saed90nm_max_hvt 
PLACE_optlc_10052         TIEH_HVT        saed90nm_max_hvt 
PLACE_optlc_10053         TIEH_HVT        saed90nm_max_hvt 
PLACE_optlc_10054         TIEH_HVT        saed90nm_max_hvt 
PLACE_optlc_10055         TIEH_HVT        saed90nm_max_hvt 
PLACE_optlc_10056         TIEH_HVT        saed90nm_max_hvt 
PLACE_optlc_10057         TIEH_HVT        saed90nm_max_hvt 
PLACE_optlc_10058         TIEH_HVT        saed90nm_max_hvt 
PLACE_optlc_10059         TIEH_HVT        saed90nm_max_hvt 
PLACE_optlc_1006          TIEL_HVT        saed90nm_max_hvt 
PLACE_optlc_10060         TIEH_HVT        saed90nm_max_hvt 
PLACE_optlc_10061         TIEH_HVT        saed90nm_max_hvt 
PLACE_optlc_10062         TIEH_HVT        saed90nm_max_hvt 
PLACE_optlc_10063         TIEH_HVT        saed90nm_max_hvt 
PLACE_optlc_10064         TIEH_HVT        saed90nm_max_hvt 
PLACE_optlc_10065         TIEH_HVT        saed90nm_max_hvt 
PLACE_optlc_10066         TIEH_HVT        saed90nm_max_hvt 
PLACE_optlc_10067         TIEH_HVT        saed90nm_max_hvt 
PLACE_optlc_10068         TIEH_HVT        saed90nm_max_hvt 
PLACE_optlc_10069         TIEH_HVT        saed90nm_max_hvt 
PLACE_optlc_1007          TIEL_HVT        saed90nm_max_hvt 
PLACE_optlc_10070         TIEH_HVT        saed90nm_max_hvt 
PLACE_optlc_10071         TIEH_HVT        saed90nm_max_hvt 
PLACE_optlc_10072         TIEH_HVT        saed90nm_max_hvt 
PLACE_optlc_10073         TIEH_HVT        saed90nm_max_hvt 
PLACE_optlc_10074         TIEH_HVT        saed90nm_max_hvt 
PLACE_optlc_10075         TIEH_HVT        saed90nm_max_hvt 
PLACE_optlc_10076         TIEH_HVT        saed90nm_max_hvt 
PLACE_optlc_10077         TIEH_HVT        saed90nm_max_hvt 
PLACE_optlc_10078         TIEH_HVT        saed90nm_max_hvt 
PLACE_optlc_10079         TIEH_HVT        saed90nm_max_hvt 
PLACE_optlc_1008          TIEL_HVT        saed90nm_max_hvt 
PLACE_optlc_10080         TIEH_HVT        saed90nm_max_hvt 
PLACE_optlc_10081         TIEH_HVT        saed90nm_max_hvt 
PLACE_optlc_10082         TIEH_HVT        saed90nm_max_hvt 
PLACE_optlc_10083         TIEH_HVT        saed90nm_max_hvt 
PLACE_optlc_10084         TIEH_HVT        saed90nm_max_hvt 
PLACE_optlc_10085         TIEH_HVT        saed90nm_max_hvt 
PLACE_optlc_10086         TIEH_HVT        saed90nm_max_hvt 
PLACE_optlc_10087         TIEH_HVT        saed90nm_max_hvt 
PLACE_optlc_10088         TIEH_HVT        saed90nm_max_hvt 
PLACE_optlc_10089         TIEH_HVT        saed90nm_max_hvt 
PLACE_optlc_1009          TIEL_HVT        saed90nm_max_hvt 
PLACE_optlc_10090         TIEH_HVT        saed90nm_max_hvt 
PLACE_optlc_10091         TIEH_HVT        saed90nm_max_hvt 
PLACE_optlc_10092         TIEH_HVT        saed90nm_max_hvt 
PLACE_optlc_10093         TIEH_HVT        saed90nm_max_hvt 
PLACE_optlc_10094         TIEH_HVT        saed90nm_max_hvt 
PLACE_optlc_10095         TIEH_HVT        saed90nm_max_hvt 
PLACE_optlc_10096         TIEH_HVT        saed90nm_max_hvt 
PLACE_optlc_10097         TIEH_HVT        saed90nm_max_hvt 
PLACE_optlc_10098         TIEH_HVT        saed90nm_max_hvt 
PLACE_optlc_10099         TIEH_HVT        saed90nm_max_hvt 
PLACE_optlc_101           TIEL_HVT        saed90nm_max_hvt 
PLACE_optlc_1010          TIEL_HVT        saed90nm_max_hvt 
PLACE_optlc_10100         TIEH_HVT        saed90nm_max_hvt 
PLACE_optlc_10101         TIEH_HVT        saed90nm_max_hvt 
PLACE_optlc_10102         TIEH_HVT        saed90nm_max_hvt 
PLACE_optlc_10103         TIEH_HVT        saed90nm_max_hvt 
PLACE_optlc_10104         TIEH_HVT        saed90nm_max_hvt 
PLACE_optlc_10105         TIEH_HVT        saed90nm_max_hvt 
PLACE_optlc_10106         TIEH_HVT        saed90nm_max_hvt 
PLACE_optlc_10107         TIEH_HVT        saed90nm_max_hvt 
PLACE_optlc_10108         TIEH_HVT        saed90nm_max_hvt 
PLACE_optlc_10109         TIEH_HVT        saed90nm_max_hvt 
PLACE_optlc_1011          TIEL_HVT        saed90nm_max_hvt 
PLACE_optlc_10110         TIEH_HVT        saed90nm_max_hvt 
PLACE_optlc_10111         TIEH_HVT        saed90nm_max_hvt 
PLACE_optlc_10112         TIEH_HVT        saed90nm_max_hvt 
PLACE_optlc_10113         TIEH_HVT        saed90nm_max_hvt 
PLACE_optlc_10114         TIEH_HVT        saed90nm_max_hvt 
PLACE_optlc_10115         TIEH_HVT        saed90nm_max_hvt 
PLACE_optlc_10116         TIEH_HVT        saed90nm_max_hvt 
PLACE_optlc_10117         TIEH_HVT        saed90nm_max_hvt 
PLACE_optlc_10118         TIEH_HVT        saed90nm_max_hvt 
PLACE_optlc_10119         TIEH_HVT        saed90nm_max_hvt 
PLACE_optlc_1012          TIEL_HVT        saed90nm_max_hvt 
PLACE_optlc_10120         TIEH_HVT        saed90nm_max_hvt 
PLACE_optlc_10121         TIEH_HVT        saed90nm_max_hvt 
PLACE_optlc_10122         TIEH_HVT        saed90nm_max_hvt 
PLACE_optlc_10123         TIEH_HVT        saed90nm_max_hvt 
PLACE_optlc_10124         TIEH_HVT        saed90nm_max_hvt 
PLACE_optlc_10125         TIEH_HVT        saed90nm_max_hvt 
PLACE_optlc_10126         TIEH_HVT        saed90nm_max_hvt 
PLACE_optlc_10127         TIEH_HVT        saed90nm_max_hvt 
PLACE_optlc_10128         TIEH_HVT        saed90nm_max_hvt 
PLACE_optlc_10129         TIEH_HVT        saed90nm_max_hvt 
PLACE_optlc_1013          TIEL_HVT        saed90nm_max_hvt 
PLACE_optlc_10130         TIEH_HVT        saed90nm_max_hvt 
PLACE_optlc_10131         TIEH_HVT        saed90nm_max_hvt 
PLACE_optlc_10132         TIEH_HVT        saed90nm_max_hvt 
PLACE_optlc_10133         TIEH_HVT        saed90nm_max_hvt 
PLACE_optlc_10134         TIEH_HVT        saed90nm_max_hvt 
PLACE_optlc_10135         TIEH_HVT        saed90nm_max_hvt 
PLACE_optlc_10136         TIEH_HVT        saed90nm_max_hvt 
PLACE_optlc_10137         TIEH_HVT        saed90nm_max_hvt 
PLACE_optlc_10138         TIEH_HVT        saed90nm_max_hvt 
PLACE_optlc_10139         TIEH_HVT        saed90nm_max_hvt 
PLACE_optlc_1014          TIEL_HVT        saed90nm_max_hvt 
PLACE_optlc_10140         TIEH_HVT        saed90nm_max_hvt 
PLACE_optlc_10141         TIEH_HVT        saed90nm_max_hvt 
PLACE_optlc_10142         TIEH_HVT        saed90nm_max_hvt 
PLACE_optlc_10143         TIEH_HVT        saed90nm_max_hvt 
PLACE_optlc_10144         TIEH_HVT        saed90nm_max_hvt 
PLACE_optlc_10145         TIEH_HVT        saed90nm_max_hvt 
PLACE_optlc_10146         TIEH_HVT        saed90nm_max_hvt 
PLACE_optlc_10147         TIEH_HVT        saed90nm_max_hvt 
PLACE_optlc_10148         TIEH_HVT        saed90nm_max_hvt 
PLACE_optlc_10149         TIEH_HVT        saed90nm_max_hvt 
PLACE_optlc_1015          TIEL_HVT        saed90nm_max_hvt 
PLACE_optlc_10150         TIEH_HVT        saed90nm_max_hvt 
PLACE_optlc_10151         TIEH_HVT        saed90nm_max_hvt 
PLACE_optlc_10152         TIEH_HVT        saed90nm_max_hvt 
PLACE_optlc_10153         TIEH_HVT        saed90nm_max_hvt 
PLACE_optlc_10154         TIEH_HVT        saed90nm_max_hvt 
PLACE_optlc_10155         TIEH_HVT        saed90nm_max_hvt 
PLACE_optlc_10156         TIEH_HVT        saed90nm_max_hvt 
PLACE_optlc_10157         TIEH_HVT        saed90nm_max_hvt 
PLACE_optlc_10158         TIEH_HVT        saed90nm_max_hvt 
PLACE_optlc_10159         TIEH_HVT        saed90nm_max_hvt 
PLACE_optlc_1016          TIEL_HVT        saed90nm_max_hvt 
PLACE_optlc_10160         TIEH_HVT        saed90nm_max_hvt 
PLACE_optlc_10161         TIEH_HVT        saed90nm_max_hvt 
PLACE_optlc_10162         TIEH_HVT        saed90nm_max_hvt 
PLACE_optlc_10163         TIEH_HVT        saed90nm_max_hvt 
PLACE_optlc_10164         TIEH_HVT        saed90nm_max_hvt 
PLACE_optlc_10165         TIEH_HVT        saed90nm_max_hvt 
PLACE_optlc_10166         TIEH_HVT        saed90nm_max_hvt 
PLACE_optlc_10167         TIEH_HVT        saed90nm_max_hvt 
PLACE_optlc_10168         TIEH_HVT        saed90nm_max_hvt 
PLACE_optlc_10169         TIEH_HVT        saed90nm_max_hvt 
PLACE_optlc_1017          TIEL_HVT        saed90nm_max_hvt 
PLACE_optlc_10170         TIEH_HVT        saed90nm_max_hvt 
PLACE_optlc_10171         TIEH_HVT        saed90nm_max_hvt 
PLACE_optlc_10172         TIEH_HVT        saed90nm_max_hvt 
PLACE_optlc_10173         TIEH_HVT        saed90nm_max_hvt 
PLACE_optlc_10174         TIEH_HVT        saed90nm_max_hvt 
PLACE_optlc_10175         TIEH_HVT        saed90nm_max_hvt 
PLACE_optlc_10176         TIEH_HVT        saed90nm_max_hvt 
PLACE_optlc_10177         TIEH_HVT        saed90nm_max_hvt 
PLACE_optlc_10178         TIEH_HVT        saed90nm_max_hvt 
PLACE_optlc_10179         TIEH_HVT        saed90nm_max_hvt 
PLACE_optlc_1018          TIEL_HVT        saed90nm_max_hvt 
PLACE_optlc_10180         TIEH_HVT        saed90nm_max_hvt 
PLACE_optlc_10181         TIEH_HVT        saed90nm_max_hvt 
PLACE_optlc_10182         TIEH_HVT        saed90nm_max_hvt 
PLACE_optlc_10183         TIEH_HVT        saed90nm_max_hvt 
PLACE_optlc_10184         TIEH_HVT        saed90nm_max_hvt 
PLACE_optlc_10185         TIEH_HVT        saed90nm_max_hvt 
PLACE_optlc_10186         TIEH_HVT        saed90nm_max_hvt 
PLACE_optlc_10187         TIEH_HVT        saed90nm_max_hvt 
PLACE_optlc_10188         TIEH_HVT        saed90nm_max_hvt 
PLACE_optlc_10189         TIEH_HVT        saed90nm_max_hvt 
PLACE_optlc_1019          TIEL_HVT        saed90nm_max_hvt 
PLACE_optlc_10190         TIEH_HVT        saed90nm_max_hvt 
PLACE_optlc_10191         TIEH_HVT        saed90nm_max_hvt 
PLACE_optlc_10192         TIEH_HVT        saed90nm_max_hvt 
PLACE_optlc_10193         TIEH_HVT        saed90nm_max_hvt 
PLACE_optlc_10194         TIEH_HVT        saed90nm_max_hvt 
PLACE_optlc_10195         TIEH_HVT        saed90nm_max_hvt 
PLACE_optlc_10196         TIEH_HVT        saed90nm_max_hvt 
PLACE_optlc_10197         TIEH_HVT        saed90nm_max_hvt 
PLACE_optlc_10198         TIEH_HVT        saed90nm_max_hvt 
PLACE_optlc_10199         TIEH_HVT        saed90nm_max_hvt 
PLACE_optlc_102           TIEL_HVT        saed90nm_max_hvt 
PLACE_optlc_1020          TIEL_HVT        saed90nm_max_hvt 
PLACE_optlc_10200         TIEH_HVT        saed90nm_max_hvt 
PLACE_optlc_10201         TIEH_HVT        saed90nm_max_hvt 
PLACE_optlc_10202         TIEH_HVT        saed90nm_max_hvt 
PLACE_optlc_10203         TIEH_HVT        saed90nm_max_hvt 
PLACE_optlc_10204         TIEH_HVT        saed90nm_max_hvt 
PLACE_optlc_10205         TIEH_HVT        saed90nm_max_hvt 
PLACE_optlc_10206         TIEH_HVT        saed90nm_max_hvt 
PLACE_optlc_10207         TIEH_HVT        saed90nm_max_hvt 
PLACE_optlc_10208         TIEH_HVT        saed90nm_max_hvt 
PLACE_optlc_10209         TIEH_HVT        saed90nm_max_hvt 
PLACE_optlc_1021          TIEL_HVT        saed90nm_max_hvt 
PLACE_optlc_10210         TIEH_HVT        saed90nm_max_hvt 
PLACE_optlc_10211         TIEH_HVT        saed90nm_max_hvt 
PLACE_optlc_10212         TIEH_HVT        saed90nm_max_hvt 
PLACE_optlc_10213         TIEH_HVT        saed90nm_max_hvt 
PLACE_optlc_10214         TIEH_HVT        saed90nm_max_hvt 
PLACE_optlc_10215         TIEH_HVT        saed90nm_max_hvt 
PLACE_optlc_10216         TIEH_HVT        saed90nm_max_hvt 
PLACE_optlc_10217         TIEH_HVT        saed90nm_max_hvt 
PLACE_optlc_10218         TIEH_HVT        saed90nm_max_hvt 
PLACE_optlc_10219         TIEH_HVT        saed90nm_max_hvt 
PLACE_optlc_1022          TIEL_HVT        saed90nm_max_hvt 
PLACE_optlc_10220         TIEH_HVT        saed90nm_max_hvt 
PLACE_optlc_10221         TIEH_HVT        saed90nm_max_hvt 
PLACE_optlc_10222         TIEH_HVT        saed90nm_max_hvt 
PLACE_optlc_10223         TIEH_HVT        saed90nm_max_hvt 
PLACE_optlc_10224         TIEH_HVT        saed90nm_max_hvt 
PLACE_optlc_10225         TIEH_HVT        saed90nm_max_hvt 
PLACE_optlc_10226         TIEH_HVT        saed90nm_max_hvt 
PLACE_optlc_10227         TIEH_HVT        saed90nm_max_hvt 
PLACE_optlc_10228         TIEH_HVT        saed90nm_max_hvt 
PLACE_optlc_10229         TIEH_HVT        saed90nm_max_hvt 
PLACE_optlc_1023          TIEL_HVT        saed90nm_max_hvt 
PLACE_optlc_10230         TIEH_HVT        saed90nm_max_hvt 
PLACE_optlc_10231         TIEH_HVT        saed90nm_max_hvt 
PLACE_optlc_10232         TIEH_HVT        saed90nm_max_hvt 
PLACE_optlc_10233         TIEH_HVT        saed90nm_max_hvt 
PLACE_optlc_10234         TIEH_HVT        saed90nm_max_hvt 
PLACE_optlc_10235         TIEH_HVT        saed90nm_max_hvt 
PLACE_optlc_10236         TIEH_HVT        saed90nm_max_hvt 
PLACE_optlc_10237         TIEH_HVT        saed90nm_max_hvt 
PLACE_optlc_10238         TIEH_HVT        saed90nm_max_hvt 
PLACE_optlc_10239         TIEH_HVT        saed90nm_max_hvt 
PLACE_optlc_1024          TIEL_HVT        saed90nm_max_hvt 
PLACE_optlc_10240         TIEH_HVT        saed90nm_max_hvt 
PLACE_optlc_10241         TIEH_HVT        saed90nm_max_hvt 
PLACE_optlc_10242         TIEH_HVT        saed90nm_max_hvt 
PLACE_optlc_10243         TIEH_HVT        saed90nm_max_hvt 
PLACE_optlc_10244         TIEH_HVT        saed90nm_max_hvt 
PLACE_optlc_10245         TIEH_HVT        saed90nm_max_hvt 
PLACE_optlc_10246         TIEH_HVT        saed90nm_max_hvt 
PLACE_optlc_10247         TIEH_HVT        saed90nm_max_hvt 
PLACE_optlc_10248         TIEH_HVT        saed90nm_max_hvt 
PLACE_optlc_10249         TIEH_HVT        saed90nm_max_hvt 
PLACE_optlc_1025          TIEL_HVT        saed90nm_max_hvt 
PLACE_optlc_10250         TIEH_HVT        saed90nm_max_hvt 
PLACE_optlc_10251         TIEH_HVT        saed90nm_max_hvt 
PLACE_optlc_10252         TIEH_HVT        saed90nm_max_hvt 
PLACE_optlc_10253         TIEH_HVT        saed90nm_max_hvt 
PLACE_optlc_10254         TIEH_HVT        saed90nm_max_hvt 
PLACE_optlc_10255         TIEH_HVT        saed90nm_max_hvt 
PLACE_optlc_10256         TIEH_HVT        saed90nm_max_hvt 
PLACE_optlc_10257         TIEH_HVT        saed90nm_max_hvt 
PLACE_optlc_10258         TIEH_HVT        saed90nm_max_hvt 
PLACE_optlc_10259         TIEH_HVT        saed90nm_max_hvt 
PLACE_optlc_1026          TIEL_HVT        saed90nm_max_hvt 
PLACE_optlc_10260         TIEH_HVT        saed90nm_max_hvt 
PLACE_optlc_10261         TIEH_HVT        saed90nm_max_hvt 
PLACE_optlc_10262         TIEH_HVT        saed90nm_max_hvt 
PLACE_optlc_10263         TIEH_HVT        saed90nm_max_hvt 
PLACE_optlc_10264         TIEH_HVT        saed90nm_max_hvt 
PLACE_optlc_10265         TIEH_HVT        saed90nm_max_hvt 
PLACE_optlc_10266         TIEH_HVT        saed90nm_max_hvt 
PLACE_optlc_10267         TIEH_HVT        saed90nm_max_hvt 
PLACE_optlc_10268         TIEH_HVT        saed90nm_max_hvt 
PLACE_optlc_10269         TIEH_HVT        saed90nm_max_hvt 
PLACE_optlc_1027          TIEL_HVT        saed90nm_max_hvt 
PLACE_optlc_10270         TIEH_HVT        saed90nm_max_hvt 
PLACE_optlc_10271         TIEH_HVT        saed90nm_max_hvt 
PLACE_optlc_10272         TIEH_HVT        saed90nm_max_hvt 
PLACE_optlc_10273         TIEH_HVT        saed90nm_max_hvt 
PLACE_optlc_10274         TIEH_HVT        saed90nm_max_hvt 
PLACE_optlc_10275         TIEH_HVT        saed90nm_max_hvt 
PLACE_optlc_10276         TIEH_HVT        saed90nm_max_hvt 
PLACE_optlc_10277         TIEH_HVT        saed90nm_max_hvt 
PLACE_optlc_10278         TIEH_HVT        saed90nm_max_hvt 
PLACE_optlc_10279         TIEH_HVT        saed90nm_max_hvt 
PLACE_optlc_1028          TIEL_HVT        saed90nm_max_hvt 
PLACE_optlc_10280         TIEH_HVT        saed90nm_max_hvt 
PLACE_optlc_10281         TIEH_HVT        saed90nm_max_hvt 
PLACE_optlc_10282         TIEH_HVT        saed90nm_max_hvt 
PLACE_optlc_10283         TIEH_HVT        saed90nm_max_hvt 
PLACE_optlc_10284         TIEH_HVT        saed90nm_max_hvt 
PLACE_optlc_10285         TIEH_HVT        saed90nm_max_hvt 
PLACE_optlc_10286         TIEH_HVT        saed90nm_max_hvt 
PLACE_optlc_10287         TIEH_HVT        saed90nm_max_hvt 
PLACE_optlc_10288         TIEH_HVT        saed90nm_max_hvt 
PLACE_optlc_10289         TIEH_HVT        saed90nm_max_hvt 
PLACE_optlc_1029          TIEL_HVT        saed90nm_max_hvt 
PLACE_optlc_10290         TIEH_HVT        saed90nm_max_hvt 
PLACE_optlc_10291         TIEH_HVT        saed90nm_max_hvt 
PLACE_optlc_10292         TIEH_HVT        saed90nm_max_hvt 
PLACE_optlc_10293         TIEH_HVT        saed90nm_max_hvt 
PLACE_optlc_10294         TIEH_HVT        saed90nm_max_hvt 
PLACE_optlc_10295         TIEH_HVT        saed90nm_max_hvt 
PLACE_optlc_10296         TIEH_HVT        saed90nm_max_hvt 
PLACE_optlc_10297         TIEH_HVT        saed90nm_max_hvt 
PLACE_optlc_10298         TIEH_HVT        saed90nm_max_hvt 
PLACE_optlc_10299         TIEH_HVT        saed90nm_max_hvt 
PLACE_optlc_103           TIEL_HVT        saed90nm_max_hvt 
PLACE_optlc_1030          TIEL_HVT        saed90nm_max_hvt 
PLACE_optlc_10300         TIEH_HVT        saed90nm_max_hvt 
PLACE_optlc_10301         TIEH_HVT        saed90nm_max_hvt 
PLACE_optlc_10302         TIEH_HVT        saed90nm_max_hvt 
PLACE_optlc_10303         TIEH_HVT        saed90nm_max_hvt 
PLACE_optlc_10304         TIEH_HVT        saed90nm_max_hvt 
PLACE_optlc_10305         TIEH_HVT        saed90nm_max_hvt 
PLACE_optlc_10306         TIEH_HVT        saed90nm_max_hvt 
PLACE_optlc_10307         TIEH_HVT        saed90nm_max_hvt 
PLACE_optlc_10308         TIEH_HVT        saed90nm_max_hvt 
PLACE_optlc_10309         TIEH_HVT        saed90nm_max_hvt 
PLACE_optlc_1031          TIEL_HVT        saed90nm_max_hvt 
PLACE_optlc_10310         TIEH_HVT        saed90nm_max_hvt 
PLACE_optlc_10311         TIEH_HVT        saed90nm_max_hvt 
PLACE_optlc_10312         TIEH_HVT        saed90nm_max_hvt 
PLACE_optlc_10313         TIEH_HVT        saed90nm_max_hvt 
PLACE_optlc_10314         TIEH_HVT        saed90nm_max_hvt 
PLACE_optlc_10315         TIEH_HVT        saed90nm_max_hvt 
PLACE_optlc_10316         TIEH_HVT        saed90nm_max_hvt 
PLACE_optlc_10317         TIEH_HVT        saed90nm_max_hvt 
PLACE_optlc_10318         TIEH_HVT        saed90nm_max_hvt 
PLACE_optlc_10319         TIEH_HVT        saed90nm_max_hvt 
PLACE_optlc_1032          TIEL_HVT        saed90nm_max_hvt 
PLACE_optlc_10320         TIEH_HVT        saed90nm_max_hvt 
PLACE_optlc_10321         TIEH_HVT        saed90nm_max_hvt 
PLACE_optlc_10322         TIEH_HVT        saed90nm_max_hvt 
PLACE_optlc_10323         TIEH_HVT        saed90nm_max_hvt 
PLACE_optlc_10324         TIEH_HVT        saed90nm_max_hvt 
PLACE_optlc_10325         TIEH_HVT        saed90nm_max_hvt 
PLACE_optlc_10326         TIEH_HVT        saed90nm_max_hvt 
PLACE_optlc_10327         TIEH_HVT        saed90nm_max_hvt 
PLACE_optlc_10328         TIEH_HVT        saed90nm_max_hvt 
PLACE_optlc_10329         TIEH_HVT        saed90nm_max_hvt 
PLACE_optlc_1033          TIEL_HVT        saed90nm_max_hvt 
PLACE_optlc_10330         TIEH_HVT        saed90nm_max_hvt 
PLACE_optlc_10331         TIEH_HVT        saed90nm_max_hvt 
PLACE_optlc_10332         TIEH_HVT        saed90nm_max_hvt 
PLACE_optlc_10333         TIEH_HVT        saed90nm_max_hvt 
PLACE_optlc_10334         TIEH_HVT        saed90nm_max_hvt 
PLACE_optlc_10335         TIEH_HVT        saed90nm_max_hvt 
PLACE_optlc_10336         TIEH_HVT        saed90nm_max_hvt 
PLACE_optlc_10337         TIEH_HVT        saed90nm_max_hvt 
PLACE_optlc_10338         TIEH_HVT        saed90nm_max_hvt 
PLACE_optlc_10339         TIEH_HVT        saed90nm_max_hvt 
PLACE_optlc_1034          TIEL_HVT        saed90nm_max_hvt 
PLACE_optlc_10340         TIEH_HVT        saed90nm_max_hvt 
PLACE_optlc_10341         TIEH_HVT        saed90nm_max_hvt 
PLACE_optlc_10342         TIEH_HVT        saed90nm_max_hvt 
PLACE_optlc_10343         TIEH_HVT        saed90nm_max_hvt 
PLACE_optlc_10344         TIEH_HVT        saed90nm_max_hvt 
PLACE_optlc_10345         TIEH_HVT        saed90nm_max_hvt 
PLACE_optlc_10346         TIEH_HVT        saed90nm_max_hvt 
PLACE_optlc_10347         TIEH_HVT        saed90nm_max_hvt 
PLACE_optlc_10348         TIEH_HVT        saed90nm_max_hvt 
PLACE_optlc_10349         TIEH_HVT        saed90nm_max_hvt 
PLACE_optlc_1035          TIEL_HVT        saed90nm_max_hvt 
PLACE_optlc_10350         TIEH_HVT        saed90nm_max_hvt 
PLACE_optlc_10351         TIEH_HVT        saed90nm_max_hvt 
PLACE_optlc_10352         TIEH_HVT        saed90nm_max_hvt 
PLACE_optlc_10353         TIEH_HVT        saed90nm_max_hvt 
PLACE_optlc_10354         TIEH_HVT        saed90nm_max_hvt 
PLACE_optlc_10355         TIEH_HVT        saed90nm_max_hvt 
PLACE_optlc_10356         TIEH_HVT        saed90nm_max_hvt 
PLACE_optlc_10357         TIEH_HVT        saed90nm_max_hvt 
PLACE_optlc_10358         TIEH_HVT        saed90nm_max_hvt 
PLACE_optlc_10359         TIEH_HVT        saed90nm_max_hvt 
PLACE_optlc_1036          TIEL_HVT        saed90nm_max_hvt 
PLACE_optlc_10360         TIEH_HVT        saed90nm_max_hvt 
PLACE_optlc_10361         TIEH_HVT        saed90nm_max_hvt 
PLACE_optlc_10362         TIEH_HVT        saed90nm_max_hvt 
PLACE_optlc_10363         TIEH_HVT        saed90nm_max_hvt 
PLACE_optlc_10364         TIEH_HVT        saed90nm_max_hvt 
PLACE_optlc_10365         TIEH_HVT        saed90nm_max_hvt 
PLACE_optlc_10366         TIEH_HVT        saed90nm_max_hvt 
PLACE_optlc_10367         TIEH_HVT        saed90nm_max_hvt 
PLACE_optlc_10368         TIEH_HVT        saed90nm_max_hvt 
PLACE_optlc_10369         TIEH_HVT        saed90nm_max_hvt 
PLACE_optlc_1037          TIEL_HVT        saed90nm_max_hvt 
PLACE_optlc_10370         TIEH_HVT        saed90nm_max_hvt 
PLACE_optlc_10371         TIEH_HVT        saed90nm_max_hvt 
PLACE_optlc_10372         TIEH_HVT        saed90nm_max_hvt 
PLACE_optlc_10373         TIEH_HVT        saed90nm_max_hvt 
PLACE_optlc_10374         TIEH_HVT        saed90nm_max_hvt 
PLACE_optlc_10375         TIEH_HVT        saed90nm_max_hvt 
PLACE_optlc_10376         TIEH_HVT        saed90nm_max_hvt 
PLACE_optlc_10377         TIEH_HVT        saed90nm_max_hvt 
PLACE_optlc_10378         TIEH_HVT        saed90nm_max_hvt 
PLACE_optlc_10379         TIEH_HVT        saed90nm_max_hvt 
PLACE_optlc_1038          TIEL_HVT        saed90nm_max_hvt 
PLACE_optlc_10380         TIEH_HVT        saed90nm_max_hvt 
PLACE_optlc_10381         TIEH_HVT        saed90nm_max_hvt 
PLACE_optlc_10382         TIEH_HVT        saed90nm_max_hvt 
PLACE_optlc_10383         TIEH_HVT        saed90nm_max_hvt 
PLACE_optlc_10384         TIEH_HVT        saed90nm_max_hvt 
PLACE_optlc_10385         TIEH_HVT        saed90nm_max_hvt 
PLACE_optlc_10386         TIEH_HVT        saed90nm_max_hvt 
PLACE_optlc_10387         TIEH_HVT        saed90nm_max_hvt 
PLACE_optlc_10388         TIEH_HVT        saed90nm_max_hvt 
PLACE_optlc_10389         TIEH_HVT        saed90nm_max_hvt 
PLACE_optlc_1039          TIEL_HVT        saed90nm_max_hvt 
PLACE_optlc_10390         TIEH_HVT        saed90nm_max_hvt 
PLACE_optlc_10391         TIEH_HVT        saed90nm_max_hvt 
PLACE_optlc_10392         TIEH_HVT        saed90nm_max_hvt 
PLACE_optlc_10393         TIEH_HVT        saed90nm_max_hvt 
PLACE_optlc_10394         TIEH_HVT        saed90nm_max_hvt 
PLACE_optlc_10395         TIEH_HVT        saed90nm_max_hvt 
PLACE_optlc_10396         TIEH_HVT        saed90nm_max_hvt 
PLACE_optlc_10397         TIEH_HVT        saed90nm_max_hvt 
PLACE_optlc_10398         TIEH_HVT        saed90nm_max_hvt 
PLACE_optlc_10399         TIEH_HVT        saed90nm_max_hvt 
PLACE_optlc_104           TIEL_HVT        saed90nm_max_hvt 
PLACE_optlc_1040          TIEL_HVT        saed90nm_max_hvt 
PLACE_optlc_10400         TIEH_HVT        saed90nm_max_hvt 
PLACE_optlc_10401         TIEH_HVT        saed90nm_max_hvt 
PLACE_optlc_10402         TIEH_HVT        saed90nm_max_hvt 
PLACE_optlc_10403         TIEH_HVT        saed90nm_max_hvt 
PLACE_optlc_10404         TIEH_HVT        saed90nm_max_hvt 
PLACE_optlc_10405         TIEH_HVT        saed90nm_max_hvt 
PLACE_optlc_10406         TIEH_HVT        saed90nm_max_hvt 
PLACE_optlc_10407         TIEH_HVT        saed90nm_max_hvt 
PLACE_optlc_10408         TIEH_HVT        saed90nm_max_hvt 
PLACE_optlc_10409         TIEH_HVT        saed90nm_max_hvt 
PLACE_optlc_1041          TIEL_HVT        saed90nm_max_hvt 
PLACE_optlc_10410         TIEH_HVT        saed90nm_max_hvt 
PLACE_optlc_10411         TIEH_HVT        saed90nm_max_hvt 
PLACE_optlc_10412         TIEH_HVT        saed90nm_max_hvt 
PLACE_optlc_10413         TIEH_HVT        saed90nm_max_hvt 
PLACE_optlc_10414         TIEH_HVT        saed90nm_max_hvt 
PLACE_optlc_10415         TIEH_HVT        saed90nm_max_hvt 
PLACE_optlc_10416         TIEH_HVT        saed90nm_max_hvt 
PLACE_optlc_10417         TIEH_HVT        saed90nm_max_hvt 
PLACE_optlc_10418         TIEH_HVT        saed90nm_max_hvt 
PLACE_optlc_10419         TIEH_HVT        saed90nm_max_hvt 
PLACE_optlc_1042          TIEL_HVT        saed90nm_max_hvt 
PLACE_optlc_10420         TIEH_HVT        saed90nm_max_hvt 
PLACE_optlc_10421         TIEH_HVT        saed90nm_max_hvt 
PLACE_optlc_10422         TIEH_HVT        saed90nm_max_hvt 
PLACE_optlc_10423         TIEH_HVT        saed90nm_max_hvt 
PLACE_optlc_10424         TIEH_HVT        saed90nm_max_hvt 
PLACE_optlc_10425         TIEH_HVT        saed90nm_max_hvt 
PLACE_optlc_10426         TIEH_HVT        saed90nm_max_hvt 
PLACE_optlc_10427         TIEH_HVT        saed90nm_max_hvt 
PLACE_optlc_10428         TIEH_HVT        saed90nm_max_hvt 
PLACE_optlc_10429         TIEH_HVT        saed90nm_max_hvt 
PLACE_optlc_1043          TIEL_HVT        saed90nm_max_hvt 
PLACE_optlc_10430         TIEH_HVT        saed90nm_max_hvt 
PLACE_optlc_10431         TIEH_HVT        saed90nm_max_hvt 
PLACE_optlc_10432         TIEH_HVT        saed90nm_max_hvt 
PLACE_optlc_10433         TIEH_HVT        saed90nm_max_hvt 
PLACE_optlc_10434         TIEH_HVT        saed90nm_max_hvt 
PLACE_optlc_10435         TIEH_HVT        saed90nm_max_hvt 
PLACE_optlc_10436         TIEH_HVT        saed90nm_max_hvt 
PLACE_optlc_10437         TIEH_HVT        saed90nm_max_hvt 
PLACE_optlc_10438         TIEH_HVT        saed90nm_max_hvt 
PLACE_optlc_10439         TIEH_HVT        saed90nm_max_hvt 
PLACE_optlc_1044          TIEL_HVT        saed90nm_max_hvt 
PLACE_optlc_10440         TIEH_HVT        saed90nm_max_hvt 
PLACE_optlc_10441         TIEH_HVT        saed90nm_max_hvt 
PLACE_optlc_10442         TIEH_HVT        saed90nm_max_hvt 
PLACE_optlc_10443         TIEH_HVT        saed90nm_max_hvt 
PLACE_optlc_10444         TIEH_HVT        saed90nm_max_hvt 
PLACE_optlc_10445         TIEH_HVT        saed90nm_max_hvt 
PLACE_optlc_10446         TIEH_HVT        saed90nm_max_hvt 
PLACE_optlc_10447         TIEH_HVT        saed90nm_max_hvt 
PLACE_optlc_10448         TIEH_HVT        saed90nm_max_hvt 
PLACE_optlc_10449         TIEH_HVT        saed90nm_max_hvt 
PLACE_optlc_1045          TIEL_HVT        saed90nm_max_hvt 
PLACE_optlc_10450         TIEH_HVT        saed90nm_max_hvt 
PLACE_optlc_10451         TIEH_HVT        saed90nm_max_hvt 
PLACE_optlc_10452         TIEH_HVT        saed90nm_max_hvt 
PLACE_optlc_10453         TIEH_HVT        saed90nm_max_hvt 
PLACE_optlc_10454         TIEH_HVT        saed90nm_max_hvt 
PLACE_optlc_10455         TIEH_HVT        saed90nm_max_hvt 
PLACE_optlc_10456         TIEH_HVT        saed90nm_max_hvt 
PLACE_optlc_10457         TIEH_HVT        saed90nm_max_hvt 
PLACE_optlc_10458         TIEH_HVT        saed90nm_max_hvt 
PLACE_optlc_10459         TIEH_HVT        saed90nm_max_hvt 
PLACE_optlc_1046          TIEL_HVT        saed90nm_max_hvt 
PLACE_optlc_10460         TIEH_HVT        saed90nm_max_hvt 
PLACE_optlc_10461         TIEH_HVT        saed90nm_max_hvt 
PLACE_optlc_10462         TIEH_HVT        saed90nm_max_hvt 
PLACE_optlc_10463         TIEH_HVT        saed90nm_max_hvt 
PLACE_optlc_10464         TIEH_HVT        saed90nm_max_hvt 
PLACE_optlc_10465         TIEH_HVT        saed90nm_max_hvt 
PLACE_optlc_10466         TIEH_HVT        saed90nm_max_hvt 
PLACE_optlc_10467         TIEH_HVT        saed90nm_max_hvt 
PLACE_optlc_10468         TIEH_HVT        saed90nm_max_hvt 
PLACE_optlc_10469         TIEH_HVT        saed90nm_max_hvt 
PLACE_optlc_1047          TIEL_HVT        saed90nm_max_hvt 
PLACE_optlc_10470         TIEH_HVT        saed90nm_max_hvt 
PLACE_optlc_10471         TIEH_HVT        saed90nm_max_hvt 
PLACE_optlc_10472         TIEH_HVT        saed90nm_max_hvt 
PLACE_optlc_10473         TIEH_HVT        saed90nm_max_hvt 
PLACE_optlc_10474         TIEH_HVT        saed90nm_max_hvt 
PLACE_optlc_10475         TIEH_HVT        saed90nm_max_hvt 
PLACE_optlc_10476         TIEH_HVT        saed90nm_max_hvt 
PLACE_optlc_10477         TIEH_HVT        saed90nm_max_hvt 
PLACE_optlc_10478         TIEH_HVT        saed90nm_max_hvt 
PLACE_optlc_10479         TIEH_HVT        saed90nm_max_hvt 
PLACE_optlc_1048          TIEL_HVT        saed90nm_max_hvt 
PLACE_optlc_10480         TIEH_HVT        saed90nm_max_hvt 
PLACE_optlc_10481         TIEH_HVT        saed90nm_max_hvt 
PLACE_optlc_10482         TIEH_HVT        saed90nm_max_hvt 
PLACE_optlc_10483         TIEH_HVT        saed90nm_max_hvt 
PLACE_optlc_10484         TIEH_HVT        saed90nm_max_hvt 
PLACE_optlc_10485         TIEH_HVT        saed90nm_max_hvt 
PLACE_optlc_10486         TIEH_HVT        saed90nm_max_hvt 
PLACE_optlc_10487         TIEH_HVT        saed90nm_max_hvt 
PLACE_optlc_10488         TIEH_HVT        saed90nm_max_hvt 
PLACE_optlc_10489         TIEH_HVT        saed90nm_max_hvt 
PLACE_optlc_1049          TIEL_HVT        saed90nm_max_hvt 
PLACE_optlc_10490         TIEH_HVT        saed90nm_max_hvt 
PLACE_optlc_10491         TIEH_HVT        saed90nm_max_hvt 
PLACE_optlc_10492         TIEH_HVT        saed90nm_max_hvt 
PLACE_optlc_10493         TIEH_HVT        saed90nm_max_hvt 
PLACE_optlc_10494         TIEH_HVT        saed90nm_max_hvt 
PLACE_optlc_10495         TIEH_HVT        saed90nm_max_hvt 
PLACE_optlc_10496         TIEH_HVT        saed90nm_max_hvt 
PLACE_optlc_10497         TIEH_HVT        saed90nm_max_hvt 
PLACE_optlc_10498         TIEH_HVT        saed90nm_max_hvt 
PLACE_optlc_10499         TIEH_HVT        saed90nm_max_hvt 
PLACE_optlc_105           TIEL_HVT        saed90nm_max_hvt 
PLACE_optlc_1050          TIEL_HVT        saed90nm_max_hvt 
PLACE_optlc_10500         TIEH_HVT        saed90nm_max_hvt 
PLACE_optlc_10501         TIEH_HVT        saed90nm_max_hvt 
PLACE_optlc_10502         TIEH_HVT        saed90nm_max_hvt 
PLACE_optlc_10503         TIEH_HVT        saed90nm_max_hvt 
PLACE_optlc_10504         TIEH_HVT        saed90nm_max_hvt 
PLACE_optlc_10505         TIEH_HVT        saed90nm_max_hvt 
PLACE_optlc_10506         TIEH_HVT        saed90nm_max_hvt 
PLACE_optlc_10507         TIEH_HVT        saed90nm_max_hvt 
PLACE_optlc_10508         TIEH_HVT        saed90nm_max_hvt 
PLACE_optlc_10509         TIEH_HVT        saed90nm_max_hvt 
PLACE_optlc_1051          TIEL_HVT        saed90nm_max_hvt 
PLACE_optlc_10510         TIEH_HVT        saed90nm_max_hvt 
PLACE_optlc_10511         TIEH_HVT        saed90nm_max_hvt 
PLACE_optlc_10512         TIEH_HVT        saed90nm_max_hvt 
PLACE_optlc_10513         TIEH_HVT        saed90nm_max_hvt 
PLACE_optlc_10514         TIEH_HVT        saed90nm_max_hvt 
PLACE_optlc_10515         TIEH_HVT        saed90nm_max_hvt 
PLACE_optlc_10516         TIEH_HVT        saed90nm_max_hvt 
PLACE_optlc_10517         TIEH_HVT        saed90nm_max_hvt 
PLACE_optlc_10518         TIEH_HVT        saed90nm_max_hvt 
PLACE_optlc_10519         TIEH_HVT        saed90nm_max_hvt 
PLACE_optlc_1052          TIEL_HVT        saed90nm_max_hvt 
PLACE_optlc_10520         TIEH_HVT        saed90nm_max_hvt 
PLACE_optlc_10521         TIEH_HVT        saed90nm_max_hvt 
PLACE_optlc_10522         TIEH_HVT        saed90nm_max_hvt 
PLACE_optlc_10523         TIEH_HVT        saed90nm_max_hvt 
PLACE_optlc_10524         TIEH_HVT        saed90nm_max_hvt 
PLACE_optlc_10525         TIEH_HVT        saed90nm_max_hvt 
PLACE_optlc_10526         TIEH_HVT        saed90nm_max_hvt 
PLACE_optlc_10527         TIEH_HVT        saed90nm_max_hvt 
PLACE_optlc_10528         TIEH_HVT        saed90nm_max_hvt 
PLACE_optlc_10529         TIEH_HVT        saed90nm_max_hvt 
PLACE_optlc_1053          TIEL_HVT        saed90nm_max_hvt 
PLACE_optlc_10530         TIEH_HVT        saed90nm_max_hvt 
PLACE_optlc_10531         TIEH_HVT        saed90nm_max_hvt 
PLACE_optlc_10532         TIEH_HVT        saed90nm_max_hvt 
PLACE_optlc_10533         TIEH_HVT        saed90nm_max_hvt 
PLACE_optlc_10534         TIEH_HVT        saed90nm_max_hvt 
PLACE_optlc_10535         TIEH_HVT        saed90nm_max_hvt 
PLACE_optlc_10536         TIEH_HVT        saed90nm_max_hvt 
PLACE_optlc_10537         TIEH_HVT        saed90nm_max_hvt 
PLACE_optlc_10538         TIEH_HVT        saed90nm_max_hvt 
PLACE_optlc_10539         TIEH_HVT        saed90nm_max_hvt 
PLACE_optlc_1054          TIEL_HVT        saed90nm_max_hvt 
PLACE_optlc_10540         TIEH_HVT        saed90nm_max_hvt 
PLACE_optlc_10541         TIEH_HVT        saed90nm_max_hvt 
PLACE_optlc_10542         TIEH_HVT        saed90nm_max_hvt 
PLACE_optlc_10543         TIEH_HVT        saed90nm_max_hvt 
PLACE_optlc_10544         TIEH_HVT        saed90nm_max_hvt 
PLACE_optlc_10545         TIEH_HVT        saed90nm_max_hvt 
PLACE_optlc_10546         TIEH_HVT        saed90nm_max_hvt 
PLACE_optlc_10547         TIEH_HVT        saed90nm_max_hvt 
PLACE_optlc_10548         TIEH_HVT        saed90nm_max_hvt 
PLACE_optlc_10549         TIEH_HVT        saed90nm_max_hvt 
PLACE_optlc_1055          TIEL_HVT        saed90nm_max_hvt 
PLACE_optlc_10550         TIEH_HVT        saed90nm_max_hvt 
PLACE_optlc_10551         TIEH_HVT        saed90nm_max_hvt 
PLACE_optlc_10552         TIEH_HVT        saed90nm_max_hvt 
PLACE_optlc_10553         TIEH_HVT        saed90nm_max_hvt 
PLACE_optlc_10554         TIEH_HVT        saed90nm_max_hvt 
PLACE_optlc_10555         TIEH_HVT        saed90nm_max_hvt 
PLACE_optlc_10556         TIEH_HVT        saed90nm_max_hvt 
PLACE_optlc_10557         TIEH_HVT        saed90nm_max_hvt 
PLACE_optlc_10558         TIEH_HVT        saed90nm_max_hvt 
PLACE_optlc_10559         TIEH_HVT        saed90nm_max_hvt 
PLACE_optlc_1056          TIEL_HVT        saed90nm_max_hvt 
PLACE_optlc_10560         TIEH_HVT        saed90nm_max_hvt 
PLACE_optlc_10561         TIEH_HVT        saed90nm_max_hvt 
PLACE_optlc_10562         TIEH_HVT        saed90nm_max_hvt 
PLACE_optlc_10563         TIEH_HVT        saed90nm_max_hvt 
PLACE_optlc_10564         TIEH_HVT        saed90nm_max_hvt 
PLACE_optlc_10565         TIEH_HVT        saed90nm_max_hvt 
PLACE_optlc_10566         TIEH_HVT        saed90nm_max_hvt 
PLACE_optlc_10567         TIEH_HVT        saed90nm_max_hvt 
PLACE_optlc_10568         TIEH_HVT        saed90nm_max_hvt 
PLACE_optlc_10569         TIEH_HVT        saed90nm_max_hvt 
PLACE_optlc_1057          TIEL_HVT        saed90nm_max_hvt 
PLACE_optlc_10570         TIEH_HVT        saed90nm_max_hvt 
PLACE_optlc_10571         TIEH_HVT        saed90nm_max_hvt 
PLACE_optlc_10572         TIEH_HVT        saed90nm_max_hvt 
PLACE_optlc_10573         TIEH_HVT        saed90nm_max_hvt 
PLACE_optlc_10574         TIEH_HVT        saed90nm_max_hvt 
PLACE_optlc_10575         TIEH_HVT        saed90nm_max_hvt 
PLACE_optlc_10576         TIEH_HVT        saed90nm_max_hvt 
PLACE_optlc_10577         TIEH_HVT        saed90nm_max_hvt 
PLACE_optlc_10578         TIEH_HVT        saed90nm_max_hvt 
PLACE_optlc_10579         TIEH_HVT        saed90nm_max_hvt 
PLACE_optlc_1058          TIEL_HVT        saed90nm_max_hvt 
PLACE_optlc_10580         TIEH_HVT        saed90nm_max_hvt 
PLACE_optlc_10581         TIEH_HVT        saed90nm_max_hvt 
PLACE_optlc_10582         TIEH_HVT        saed90nm_max_hvt 
PLACE_optlc_10583         TIEH_HVT        saed90nm_max_hvt 
PLACE_optlc_10584         TIEH_HVT        saed90nm_max_hvt 
PLACE_optlc_10585         TIEH_HVT        saed90nm_max_hvt 
PLACE_optlc_10586         TIEH_HVT        saed90nm_max_hvt 
PLACE_optlc_10587         TIEH_HVT        saed90nm_max_hvt 
PLACE_optlc_10588         TIEH_HVT        saed90nm_max_hvt 
PLACE_optlc_10589         TIEH_HVT        saed90nm_max_hvt 
PLACE_optlc_1059          TIEL_HVT        saed90nm_max_hvt 
PLACE_optlc_10590         TIEH_HVT        saed90nm_max_hvt 
PLACE_optlc_10591         TIEH_HVT        saed90nm_max_hvt 
PLACE_optlc_10592         TIEH_HVT        saed90nm_max_hvt 
PLACE_optlc_10593         TIEH_HVT        saed90nm_max_hvt 
PLACE_optlc_10594         TIEH_HVT        saed90nm_max_hvt 
PLACE_optlc_10595         TIEH_HVT        saed90nm_max_hvt 
PLACE_optlc_10596         TIEH_HVT        saed90nm_max_hvt 
PLACE_optlc_10597         TIEH_HVT        saed90nm_max_hvt 
PLACE_optlc_10598         TIEH_HVT        saed90nm_max_hvt 
PLACE_optlc_10599         TIEH_HVT        saed90nm_max_hvt 
PLACE_optlc_106           TIEL_HVT        saed90nm_max_hvt 
PLACE_optlc_1060          TIEL_HVT        saed90nm_max_hvt 
PLACE_optlc_10600         TIEH_HVT        saed90nm_max_hvt 
PLACE_optlc_10601         TIEH_HVT        saed90nm_max_hvt 
PLACE_optlc_10602         TIEH_HVT        saed90nm_max_hvt 
PLACE_optlc_10603         TIEH_HVT        saed90nm_max_hvt 
PLACE_optlc_10604         TIEH_HVT        saed90nm_max_hvt 
PLACE_optlc_10605         TIEH_HVT        saed90nm_max_hvt 
PLACE_optlc_10606         TIEH_HVT        saed90nm_max_hvt 
PLACE_optlc_10607         TIEH_HVT        saed90nm_max_hvt 
PLACE_optlc_10608         TIEH_HVT        saed90nm_max_hvt 
PLACE_optlc_10609         TIEH_HVT        saed90nm_max_hvt 
PLACE_optlc_1061          TIEL_HVT        saed90nm_max_hvt 
PLACE_optlc_10610         TIEH_HVT        saed90nm_max_hvt 
PLACE_optlc_10611         TIEH_HVT        saed90nm_max_hvt 
PLACE_optlc_10612         TIEH_HVT        saed90nm_max_hvt 
PLACE_optlc_10613         TIEH_HVT        saed90nm_max_hvt 
PLACE_optlc_10614         TIEH_HVT        saed90nm_max_hvt 
PLACE_optlc_10615         TIEH_HVT        saed90nm_max_hvt 
PLACE_optlc_10616         TIEH_HVT        saed90nm_max_hvt 
PLACE_optlc_10617         TIEH_HVT        saed90nm_max_hvt 
PLACE_optlc_10618         TIEH_HVT        saed90nm_max_hvt 
PLACE_optlc_10619         TIEH_HVT        saed90nm_max_hvt 
PLACE_optlc_1062          TIEL_HVT        saed90nm_max_hvt 
PLACE_optlc_10620         TIEH_HVT        saed90nm_max_hvt 
PLACE_optlc_10621         TIEH_HVT        saed90nm_max_hvt 
PLACE_optlc_10622         TIEH_HVT        saed90nm_max_hvt 
PLACE_optlc_10623         TIEH_HVT        saed90nm_max_hvt 
PLACE_optlc_10624         TIEH_HVT        saed90nm_max_hvt 
PLACE_optlc_10625         TIEH_HVT        saed90nm_max_hvt 
PLACE_optlc_10626         TIEH_HVT        saed90nm_max_hvt 
PLACE_optlc_10627         TIEH_HVT        saed90nm_max_hvt 
PLACE_optlc_10628         TIEH_HVT        saed90nm_max_hvt 
PLACE_optlc_10629         TIEH_HVT        saed90nm_max_hvt 
PLACE_optlc_1063          TIEL_HVT        saed90nm_max_hvt 
PLACE_optlc_10630         TIEH_HVT        saed90nm_max_hvt 
PLACE_optlc_10631         TIEH_HVT        saed90nm_max_hvt 
PLACE_optlc_10632         TIEH_HVT        saed90nm_max_hvt 
PLACE_optlc_10633         TIEH_HVT        saed90nm_max_hvt 
PLACE_optlc_10634         TIEH_HVT        saed90nm_max_hvt 
PLACE_optlc_10635         TIEH_HVT        saed90nm_max_hvt 
PLACE_optlc_10636         TIEH_HVT        saed90nm_max_hvt 
PLACE_optlc_10637         TIEH_HVT        saed90nm_max_hvt 
PLACE_optlc_10638         TIEH_HVT        saed90nm_max_hvt 
PLACE_optlc_10639         TIEH_HVT        saed90nm_max_hvt 
PLACE_optlc_1064          TIEL_HVT        saed90nm_max_hvt 
PLACE_optlc_10640         TIEH_HVT        saed90nm_max_hvt 
PLACE_optlc_10641         TIEH_HVT        saed90nm_max_hvt 
PLACE_optlc_10642         TIEH_HVT        saed90nm_max_hvt 
PLACE_optlc_10643         TIEH_HVT        saed90nm_max_hvt 
PLACE_optlc_10644         TIEH_HVT        saed90nm_max_hvt 
PLACE_optlc_10645         TIEH_HVT        saed90nm_max_hvt 
PLACE_optlc_10646         TIEH_HVT        saed90nm_max_hvt 
PLACE_optlc_10647         TIEH_HVT        saed90nm_max_hvt 
PLACE_optlc_10648         TIEH_HVT        saed90nm_max_hvt 
PLACE_optlc_10649         TIEH_HVT        saed90nm_max_hvt 
PLACE_optlc_1065          TIEL_HVT        saed90nm_max_hvt 
PLACE_optlc_10650         TIEH_HVT        saed90nm_max_hvt 
PLACE_optlc_10651         TIEH_HVT        saed90nm_max_hvt 
PLACE_optlc_10652         TIEH_HVT        saed90nm_max_hvt 
PLACE_optlc_10653         TIEH_HVT        saed90nm_max_hvt 
PLACE_optlc_10654         TIEH_HVT        saed90nm_max_hvt 
PLACE_optlc_10655         TIEH_HVT        saed90nm_max_hvt 
PLACE_optlc_10656         TIEH_HVT        saed90nm_max_hvt 
PLACE_optlc_10657         TIEH_HVT        saed90nm_max_hvt 
PLACE_optlc_10658         TIEH_HVT        saed90nm_max_hvt 
PLACE_optlc_10659         TIEH_HVT        saed90nm_max_hvt 
PLACE_optlc_1066          TIEL_HVT        saed90nm_max_hvt 
PLACE_optlc_10660         TIEH_HVT        saed90nm_max_hvt 
PLACE_optlc_10661         TIEH_HVT        saed90nm_max_hvt 
PLACE_optlc_10662         TIEH_HVT        saed90nm_max_hvt 
PLACE_optlc_10663         TIEH_HVT        saed90nm_max_hvt 
PLACE_optlc_10664         TIEH_HVT        saed90nm_max_hvt 
PLACE_optlc_10665         TIEH_HVT        saed90nm_max_hvt 
PLACE_optlc_10666         TIEH_HVT        saed90nm_max_hvt 
PLACE_optlc_10667         TIEH_HVT        saed90nm_max_hvt 
PLACE_optlc_10668         TIEH_HVT        saed90nm_max_hvt 
PLACE_optlc_10669         TIEH_HVT        saed90nm_max_hvt 
PLACE_optlc_1067          TIEL_HVT        saed90nm_max_hvt 
PLACE_optlc_10670         TIEH_HVT        saed90nm_max_hvt 
PLACE_optlc_10671         TIEH_HVT        saed90nm_max_hvt 
PLACE_optlc_10672         TIEH_HVT        saed90nm_max_hvt 
PLACE_optlc_10673         TIEH_HVT        saed90nm_max_hvt 
PLACE_optlc_10674         TIEH_HVT        saed90nm_max_hvt 
PLACE_optlc_10675         TIEH_HVT        saed90nm_max_hvt 
PLACE_optlc_10676         TIEH_HVT        saed90nm_max_hvt 
PLACE_optlc_10677         TIEH_HVT        saed90nm_max_hvt 
PLACE_optlc_10678         TIEH_HVT        saed90nm_max_hvt 
PLACE_optlc_10679         TIEH_HVT        saed90nm_max_hvt 
PLACE_optlc_1068          TIEL_HVT        saed90nm_max_hvt 
PLACE_optlc_10680         TIEH_HVT        saed90nm_max_hvt 
PLACE_optlc_10681         TIEH_HVT        saed90nm_max_hvt 
PLACE_optlc_10682         TIEH_HVT        saed90nm_max_hvt 
PLACE_optlc_10683         TIEH_HVT        saed90nm_max_hvt 
PLACE_optlc_10684         TIEH_HVT        saed90nm_max_hvt 
PLACE_optlc_10685         TIEH_HVT        saed90nm_max_hvt 
PLACE_optlc_10686         TIEH_HVT        saed90nm_max_hvt 
PLACE_optlc_10687         TIEH_HVT        saed90nm_max_hvt 
PLACE_optlc_10688         TIEH_HVT        saed90nm_max_hvt 
PLACE_optlc_10689         TIEH_HVT        saed90nm_max_hvt 
PLACE_optlc_1069          TIEL_HVT        saed90nm_max_hvt 
PLACE_optlc_10690         TIEH_HVT        saed90nm_max_hvt 
PLACE_optlc_10691         TIEH_HVT        saed90nm_max_hvt 
PLACE_optlc_10692         TIEH_HVT        saed90nm_max_hvt 
PLACE_optlc_10693         TIEH_HVT        saed90nm_max_hvt 
PLACE_optlc_10694         TIEH_HVT        saed90nm_max_hvt 
PLACE_optlc_10695         TIEH_HVT        saed90nm_max_hvt 
PLACE_optlc_10696         TIEH_HVT        saed90nm_max_hvt 
PLACE_optlc_10697         TIEH_HVT        saed90nm_max_hvt 
PLACE_optlc_10698         TIEH_HVT        saed90nm_max_hvt 
PLACE_optlc_10699         TIEH_HVT        saed90nm_max_hvt 
PLACE_optlc_107           TIEL_HVT        saed90nm_max_hvt 
PLACE_optlc_1070          TIEL_HVT        saed90nm_max_hvt 
PLACE_optlc_10700         TIEH_HVT        saed90nm_max_hvt 
PLACE_optlc_10701         TIEH_HVT        saed90nm_max_hvt 
PLACE_optlc_10702         TIEH_HVT        saed90nm_max_hvt 
PLACE_optlc_10703         TIEH_HVT        saed90nm_max_hvt 
PLACE_optlc_10704         TIEH_HVT        saed90nm_max_hvt 
PLACE_optlc_10705         TIEH_HVT        saed90nm_max_hvt 
PLACE_optlc_10706         TIEH_HVT        saed90nm_max_hvt 
PLACE_optlc_10707         TIEH_HVT        saed90nm_max_hvt 
PLACE_optlc_10708         TIEH_HVT        saed90nm_max_hvt 
PLACE_optlc_10709         TIEH_HVT        saed90nm_max_hvt 
PLACE_optlc_1071          TIEL_HVT        saed90nm_max_hvt 
PLACE_optlc_10710         TIEH_HVT        saed90nm_max_hvt 
PLACE_optlc_10711         TIEH_HVT        saed90nm_max_hvt 
PLACE_optlc_10712         TIEH_HVT        saed90nm_max_hvt 
PLACE_optlc_10713         TIEH_HVT        saed90nm_max_hvt 
PLACE_optlc_10714         TIEH_HVT        saed90nm_max_hvt 
PLACE_optlc_10715         TIEH_HVT        saed90nm_max_hvt 
PLACE_optlc_10716         TIEH_HVT        saed90nm_max_hvt 
PLACE_optlc_10717         TIEH_HVT        saed90nm_max_hvt 
PLACE_optlc_10718         TIEH_HVT        saed90nm_max_hvt 
PLACE_optlc_10719         TIEH_HVT        saed90nm_max_hvt 
PLACE_optlc_1072          TIEL_HVT        saed90nm_max_hvt 
PLACE_optlc_10720         TIEH_HVT        saed90nm_max_hvt 
PLACE_optlc_10721         TIEH_HVT        saed90nm_max_hvt 
PLACE_optlc_10722         TIEH_HVT        saed90nm_max_hvt 
PLACE_optlc_10723         TIEH_HVT        saed90nm_max_hvt 
PLACE_optlc_10724         TIEH_HVT        saed90nm_max_hvt 
PLACE_optlc_10725         TIEH_HVT        saed90nm_max_hvt 
PLACE_optlc_10726         TIEH_HVT        saed90nm_max_hvt 
PLACE_optlc_10727         TIEH_HVT        saed90nm_max_hvt 
PLACE_optlc_10728         TIEH_HVT        saed90nm_max_hvt 
PLACE_optlc_10729         TIEH_HVT        saed90nm_max_hvt 
PLACE_optlc_1073          TIEL_HVT        saed90nm_max_hvt 
PLACE_optlc_10730         TIEH_HVT        saed90nm_max_hvt 
PLACE_optlc_10731         TIEH_HVT        saed90nm_max_hvt 
PLACE_optlc_10732         TIEH_HVT        saed90nm_max_hvt 
PLACE_optlc_10733         TIEH_HVT        saed90nm_max_hvt 
PLACE_optlc_10734         TIEH_HVT        saed90nm_max_hvt 
PLACE_optlc_10735         TIEH_HVT        saed90nm_max_hvt 
PLACE_optlc_10736         TIEH_HVT        saed90nm_max_hvt 
PLACE_optlc_10737         TIEH_HVT        saed90nm_max_hvt 
PLACE_optlc_10738         TIEH_HVT        saed90nm_max_hvt 
PLACE_optlc_10739         TIEH_HVT        saed90nm_max_hvt 
PLACE_optlc_1074          TIEL_HVT        saed90nm_max_hvt 
PLACE_optlc_10740         TIEH_HVT        saed90nm_max_hvt 
PLACE_optlc_10741         TIEH_HVT        saed90nm_max_hvt 
PLACE_optlc_10742         TIEH_HVT        saed90nm_max_hvt 
PLACE_optlc_10743         TIEH_HVT        saed90nm_max_hvt 
PLACE_optlc_10744         TIEH_HVT        saed90nm_max_hvt 
PLACE_optlc_10745         TIEH_HVT        saed90nm_max_hvt 
PLACE_optlc_10746         TIEH_HVT        saed90nm_max_hvt 
PLACE_optlc_10747         TIEH_HVT        saed90nm_max_hvt 
PLACE_optlc_10748         TIEH_HVT        saed90nm_max_hvt 
PLACE_optlc_10749         TIEH_HVT        saed90nm_max_hvt 
PLACE_optlc_1075          TIEL_HVT        saed90nm_max_hvt 
PLACE_optlc_10750         TIEH_HVT        saed90nm_max_hvt 
PLACE_optlc_10751         TIEH_HVT        saed90nm_max_hvt 
PLACE_optlc_10752         TIEH_HVT        saed90nm_max_hvt 
PLACE_optlc_10753         TIEH_HVT        saed90nm_max_hvt 
PLACE_optlc_10754         TIEH_HVT        saed90nm_max_hvt 
PLACE_optlc_10755         TIEH_HVT        saed90nm_max_hvt 
PLACE_optlc_10756         TIEH_HVT        saed90nm_max_hvt 
PLACE_optlc_10757         TIEH_HVT        saed90nm_max_hvt 
PLACE_optlc_10758         TIEH_HVT        saed90nm_max_hvt 
PLACE_optlc_10759         TIEH_HVT        saed90nm_max_hvt 
PLACE_optlc_1076          TIEL_HVT        saed90nm_max_hvt 
PLACE_optlc_10760         TIEH_HVT        saed90nm_max_hvt 
PLACE_optlc_10761         TIEH_HVT        saed90nm_max_hvt 
PLACE_optlc_10762         TIEH_HVT        saed90nm_max_hvt 
PLACE_optlc_10763         TIEH_HVT        saed90nm_max_hvt 
PLACE_optlc_10764         TIEH_HVT        saed90nm_max_hvt 
PLACE_optlc_10765         TIEH_HVT        saed90nm_max_hvt 
PLACE_optlc_10766         TIEH_HVT        saed90nm_max_hvt 
PLACE_optlc_10767         TIEH_HVT        saed90nm_max_hvt 
PLACE_optlc_10768         TIEH_HVT        saed90nm_max_hvt 
PLACE_optlc_10769         TIEH_HVT        saed90nm_max_hvt 
PLACE_optlc_1077          TIEL_HVT        saed90nm_max_hvt 
PLACE_optlc_10770         TIEH_HVT        saed90nm_max_hvt 
PLACE_optlc_10771         TIEH_HVT        saed90nm_max_hvt 
PLACE_optlc_10772         TIEH_HVT        saed90nm_max_hvt 
PLACE_optlc_10773         TIEH_HVT        saed90nm_max_hvt 
PLACE_optlc_10774         TIEH_HVT        saed90nm_max_hvt 
PLACE_optlc_10775         TIEH_HVT        saed90nm_max_hvt 
PLACE_optlc_10776         TIEH_HVT        saed90nm_max_hvt 
PLACE_optlc_10777         TIEH_HVT        saed90nm_max_hvt 
PLACE_optlc_10778         TIEH_HVT        saed90nm_max_hvt 
PLACE_optlc_10779         TIEH_HVT        saed90nm_max_hvt 
PLACE_optlc_1078          TIEL_HVT        saed90nm_max_hvt 
PLACE_optlc_10780         TIEH_HVT        saed90nm_max_hvt 
PLACE_optlc_10781         TIEH_HVT        saed90nm_max_hvt 
PLACE_optlc_10782         TIEH_HVT        saed90nm_max_hvt 
PLACE_optlc_10783         TIEH_HVT        saed90nm_max_hvt 
PLACE_optlc_10784         TIEH_HVT        saed90nm_max_hvt 
PLACE_optlc_10785         TIEH_HVT        saed90nm_max_hvt 
PLACE_optlc_10786         TIEH_HVT        saed90nm_max_hvt 
PLACE_optlc_10787         TIEH_HVT        saed90nm_max_hvt 
PLACE_optlc_10788         TIEH_HVT        saed90nm_max_hvt 
PLACE_optlc_10789         TIEH_HVT        saed90nm_max_hvt 
PLACE_optlc_1079          TIEL_HVT        saed90nm_max_hvt 
PLACE_optlc_10790         TIEH_HVT        saed90nm_max_hvt 
PLACE_optlc_10791         TIEH_HVT        saed90nm_max_hvt 
PLACE_optlc_10792         TIEH_HVT        saed90nm_max_hvt 
PLACE_optlc_10793         TIEH_HVT        saed90nm_max_hvt 
PLACE_optlc_10794         TIEH_HVT        saed90nm_max_hvt 
PLACE_optlc_10795         TIEH_HVT        saed90nm_max_hvt 
PLACE_optlc_10796         TIEH_HVT        saed90nm_max_hvt 
PLACE_optlc_10797         TIEH_HVT        saed90nm_max_hvt 
PLACE_optlc_10798         TIEH_HVT        saed90nm_max_hvt 
PLACE_optlc_10799         TIEH_HVT        saed90nm_max_hvt 
PLACE_optlc_108           TIEL_HVT        saed90nm_max_hvt 
PLACE_optlc_1080          TIEL_HVT        saed90nm_max_hvt 
PLACE_optlc_10800         TIEH_HVT        saed90nm_max_hvt 
PLACE_optlc_10801         TIEH_HVT        saed90nm_max_hvt 
PLACE_optlc_10802         TIEH_HVT        saed90nm_max_hvt 
PLACE_optlc_10803         TIEH_HVT        saed90nm_max_hvt 
PLACE_optlc_10804         TIEH_HVT        saed90nm_max_hvt 
PLACE_optlc_10805         TIEH_HVT        saed90nm_max_hvt 
PLACE_optlc_10806         TIEH_HVT        saed90nm_max_hvt 
PLACE_optlc_10807         TIEH_HVT        saed90nm_max_hvt 
PLACE_optlc_10808         TIEH_HVT        saed90nm_max_hvt 
PLACE_optlc_10809         TIEH_HVT        saed90nm_max_hvt 
PLACE_optlc_1081          TIEL_HVT        saed90nm_max_hvt 
PLACE_optlc_10810         TIEH_HVT        saed90nm_max_hvt 
PLACE_optlc_10811         TIEH_HVT        saed90nm_max_hvt 
PLACE_optlc_10812         TIEH_HVT        saed90nm_max_hvt 
PLACE_optlc_10813         TIEH_HVT        saed90nm_max_hvt 
PLACE_optlc_10814         TIEH_HVT        saed90nm_max_hvt 
PLACE_optlc_10815         TIEH_HVT        saed90nm_max_hvt 
PLACE_optlc_10816         TIEH_HVT        saed90nm_max_hvt 
PLACE_optlc_10817         TIEH_HVT        saed90nm_max_hvt 
PLACE_optlc_10818         TIEH_HVT        saed90nm_max_hvt 
PLACE_optlc_10819         TIEH_HVT        saed90nm_max_hvt 
PLACE_optlc_1082          TIEL_HVT        saed90nm_max_hvt 
PLACE_optlc_10820         TIEH_HVT        saed90nm_max_hvt 
PLACE_optlc_10821         TIEH_HVT        saed90nm_max_hvt 
PLACE_optlc_10822         TIEH_HVT        saed90nm_max_hvt 
PLACE_optlc_10823         TIEH_HVT        saed90nm_max_hvt 
PLACE_optlc_10824         TIEH_HVT        saed90nm_max_hvt 
PLACE_optlc_10825         TIEH_HVT        saed90nm_max_hvt 
PLACE_optlc_10826         TIEH_HVT        saed90nm_max_hvt 
PLACE_optlc_10827         TIEH_HVT        saed90nm_max_hvt 
PLACE_optlc_10828         TIEH_HVT        saed90nm_max_hvt 
PLACE_optlc_10829         TIEH_HVT        saed90nm_max_hvt 
PLACE_optlc_1083          TIEL_HVT        saed90nm_max_hvt 
PLACE_optlc_10830         TIEH_HVT        saed90nm_max_hvt 
PLACE_optlc_10831         TIEH_HVT        saed90nm_max_hvt 
PLACE_optlc_10832         TIEH_HVT        saed90nm_max_hvt 
PLACE_optlc_10833         TIEH_HVT        saed90nm_max_hvt 
PLACE_optlc_10834         TIEH_HVT        saed90nm_max_hvt 
PLACE_optlc_10835         TIEH_HVT        saed90nm_max_hvt 
PLACE_optlc_10836         TIEH_HVT        saed90nm_max_hvt 
PLACE_optlc_10837         TIEH_HVT        saed90nm_max_hvt 
PLACE_optlc_10838         TIEH_HVT        saed90nm_max_hvt 
PLACE_optlc_10839         TIEH_HVT        saed90nm_max_hvt 
PLACE_optlc_1084          TIEL_HVT        saed90nm_max_hvt 
PLACE_optlc_10840         TIEH_HVT        saed90nm_max_hvt 
PLACE_optlc_10841         TIEH_HVT        saed90nm_max_hvt 
PLACE_optlc_10842         TIEH_HVT        saed90nm_max_hvt 
PLACE_optlc_10843         TIEH_HVT        saed90nm_max_hvt 
PLACE_optlc_10844         TIEH_HVT        saed90nm_max_hvt 
PLACE_optlc_10845         TIEH_HVT        saed90nm_max_hvt 
PLACE_optlc_10846         TIEH_HVT        saed90nm_max_hvt 
PLACE_optlc_10847         TIEH_HVT        saed90nm_max_hvt 
PLACE_optlc_10848         TIEH_HVT        saed90nm_max_hvt 
PLACE_optlc_10849         TIEH_HVT        saed90nm_max_hvt 
PLACE_optlc_1085          TIEL_HVT        saed90nm_max_hvt 
PLACE_optlc_10850         TIEH_HVT        saed90nm_max_hvt 
PLACE_optlc_10851         TIEH_HVT        saed90nm_max_hvt 
PLACE_optlc_10852         TIEH_HVT        saed90nm_max_hvt 
PLACE_optlc_10853         TIEH_HVT        saed90nm_max_hvt 
PLACE_optlc_10854         TIEH_HVT        saed90nm_max_hvt 
PLACE_optlc_10855         TIEH_HVT        saed90nm_max_hvt 
PLACE_optlc_10856         TIEH_HVT        saed90nm_max_hvt 
PLACE_optlc_10857         TIEH_HVT        saed90nm_max_hvt 
PLACE_optlc_10858         TIEH_HVT        saed90nm_max_hvt 
PLACE_optlc_10859         TIEH_HVT        saed90nm_max_hvt 
PLACE_optlc_1086          TIEL_HVT        saed90nm_max_hvt 
PLACE_optlc_10860         TIEH_HVT        saed90nm_max_hvt 
PLACE_optlc_10861         TIEH_HVT        saed90nm_max_hvt 
PLACE_optlc_10862         TIEH_HVT        saed90nm_max_hvt 
PLACE_optlc_10863         TIEH_HVT        saed90nm_max_hvt 
PLACE_optlc_10864         TIEH_HVT        saed90nm_max_hvt 
PLACE_optlc_10865         TIEH_HVT        saed90nm_max_hvt 
PLACE_optlc_10866         TIEH_HVT        saed90nm_max_hvt 
PLACE_optlc_10867         TIEH_HVT        saed90nm_max_hvt 
PLACE_optlc_10868         TIEH_HVT        saed90nm_max_hvt 
PLACE_optlc_10869         TIEH_HVT        saed90nm_max_hvt 
PLACE_optlc_1087          TIEL_HVT        saed90nm_max_hvt 
PLACE_optlc_10870         TIEH_HVT        saed90nm_max_hvt 
PLACE_optlc_10871         TIEH_HVT        saed90nm_max_hvt 
PLACE_optlc_10872         TIEH_HVT        saed90nm_max_hvt 
PLACE_optlc_10873         TIEH_HVT        saed90nm_max_hvt 
PLACE_optlc_10874         TIEH_HVT        saed90nm_max_hvt 
PLACE_optlc_10875         TIEH_HVT        saed90nm_max_hvt 
PLACE_optlc_10876         TIEH_HVT        saed90nm_max_hvt 
PLACE_optlc_10877         TIEH_HVT        saed90nm_max_hvt 
PLACE_optlc_10878         TIEH_HVT        saed90nm_max_hvt 
PLACE_optlc_10879         TIEH_HVT        saed90nm_max_hvt 
PLACE_optlc_1088          TIEL_HVT        saed90nm_max_hvt 
PLACE_optlc_10880         TIEH_HVT        saed90nm_max_hvt 
PLACE_optlc_10881         TIEH_HVT        saed90nm_max_hvt 
PLACE_optlc_10882         TIEH_HVT        saed90nm_max_hvt 
PLACE_optlc_10883         TIEH_HVT        saed90nm_max_hvt 
PLACE_optlc_10884         TIEH_HVT        saed90nm_max_hvt 
PLACE_optlc_10885         TIEH_HVT        saed90nm_max_hvt 
PLACE_optlc_10886         TIEH_HVT        saed90nm_max_hvt 
PLACE_optlc_10887         TIEH_HVT        saed90nm_max_hvt 
PLACE_optlc_10888         TIEH_HVT        saed90nm_max_hvt 
PLACE_optlc_10889         TIEH_HVT        saed90nm_max_hvt 
PLACE_optlc_1089          TIEL_HVT        saed90nm_max_hvt 
PLACE_optlc_10890         TIEH_HVT        saed90nm_max_hvt 
PLACE_optlc_10891         TIEH_HVT        saed90nm_max_hvt 
PLACE_optlc_10892         TIEH_HVT        saed90nm_max_hvt 
PLACE_optlc_10893         TIEH_HVT        saed90nm_max_hvt 
PLACE_optlc_10894         TIEH_HVT        saed90nm_max_hvt 
PLACE_optlc_10895         TIEH_HVT        saed90nm_max_hvt 
PLACE_optlc_10896         TIEH_HVT        saed90nm_max_hvt 
PLACE_optlc_10897         TIEH_HVT        saed90nm_max_hvt 
PLACE_optlc_10898         TIEH_HVT        saed90nm_max_hvt 
PLACE_optlc_10899         TIEH_HVT        saed90nm_max_hvt 
PLACE_optlc_109           TIEL_HVT        saed90nm_max_hvt 
PLACE_optlc_1090          TIEL_HVT        saed90nm_max_hvt 
PLACE_optlc_10900         TIEH_HVT        saed90nm_max_hvt 
PLACE_optlc_10901         TIEH_HVT        saed90nm_max_hvt 
PLACE_optlc_10902         TIEH_HVT        saed90nm_max_hvt 
PLACE_optlc_10903         TIEH_HVT        saed90nm_max_hvt 
PLACE_optlc_10904         TIEH_HVT        saed90nm_max_hvt 
PLACE_optlc_10905         TIEH_HVT        saed90nm_max_hvt 
PLACE_optlc_10906         TIEH_HVT        saed90nm_max_hvt 
PLACE_optlc_10907         TIEH_HVT        saed90nm_max_hvt 
PLACE_optlc_10908         TIEH_HVT        saed90nm_max_hvt 
PLACE_optlc_10909         TIEH_HVT        saed90nm_max_hvt 
PLACE_optlc_1091          TIEL_HVT        saed90nm_max_hvt 
PLACE_optlc_10910         TIEH_HVT        saed90nm_max_hvt 
PLACE_optlc_10911         TIEH_HVT        saed90nm_max_hvt 
PLACE_optlc_10912         TIEH_HVT        saed90nm_max_hvt 
PLACE_optlc_10913         TIEH_HVT        saed90nm_max_hvt 
PLACE_optlc_10914         TIEH_HVT        saed90nm_max_hvt 
PLACE_optlc_10915         TIEH_HVT        saed90nm_max_hvt 
PLACE_optlc_10916         TIEH_HVT        saed90nm_max_hvt 
PLACE_optlc_10917         TIEH_HVT        saed90nm_max_hvt 
PLACE_optlc_10918         TIEH_HVT        saed90nm_max_hvt 
PLACE_optlc_10919         TIEH_HVT        saed90nm_max_hvt 
PLACE_optlc_1092          TIEL_HVT        saed90nm_max_hvt 
PLACE_optlc_10920         TIEH_HVT        saed90nm_max_hvt 
PLACE_optlc_10921         TIEH_HVT        saed90nm_max_hvt 
PLACE_optlc_10922         TIEH_HVT        saed90nm_max_hvt 
PLACE_optlc_10923         TIEH_HVT        saed90nm_max_hvt 
PLACE_optlc_10924         TIEH_HVT        saed90nm_max_hvt 
PLACE_optlc_10925         TIEH_HVT        saed90nm_max_hvt 
PLACE_optlc_10926         TIEH_HVT        saed90nm_max_hvt 
PLACE_optlc_10927         TIEH_HVT        saed90nm_max_hvt 
PLACE_optlc_10928         TIEH_HVT        saed90nm_max_hvt 
PLACE_optlc_10929         TIEH_HVT        saed90nm_max_hvt 
PLACE_optlc_1093          TIEL_HVT        saed90nm_max_hvt 
PLACE_optlc_10930         TIEH_HVT        saed90nm_max_hvt 
PLACE_optlc_10931         TIEH_HVT        saed90nm_max_hvt 
PLACE_optlc_10932         TIEH_HVT        saed90nm_max_hvt 
PLACE_optlc_10933         TIEH_HVT        saed90nm_max_hvt 
PLACE_optlc_10934         TIEH_HVT        saed90nm_max_hvt 
PLACE_optlc_10935         TIEH_HVT        saed90nm_max_hvt 
PLACE_optlc_10936         TIEH_HVT        saed90nm_max_hvt 
PLACE_optlc_10937         TIEH_HVT        saed90nm_max_hvt 
PLACE_optlc_10938         TIEH_HVT        saed90nm_max_hvt 
PLACE_optlc_10939         TIEH_HVT        saed90nm_max_hvt 
PLACE_optlc_1094          TIEL_HVT        saed90nm_max_hvt 
PLACE_optlc_10940         TIEH_HVT        saed90nm_max_hvt 
PLACE_optlc_10941         TIEH_HVT        saed90nm_max_hvt 
PLACE_optlc_10942         TIEH_HVT        saed90nm_max_hvt 
PLACE_optlc_10943         TIEH_HVT        saed90nm_max_hvt 
PLACE_optlc_10944         TIEH_HVT        saed90nm_max_hvt 
PLACE_optlc_10945         TIEH_HVT        saed90nm_max_hvt 
PLACE_optlc_10946         TIEH_HVT        saed90nm_max_hvt 
PLACE_optlc_10947         TIEH_HVT        saed90nm_max_hvt 
PLACE_optlc_10948         TIEH_HVT        saed90nm_max_hvt 
PLACE_optlc_10949         TIEH_HVT        saed90nm_max_hvt 
PLACE_optlc_1095          TIEL_HVT        saed90nm_max_hvt 
PLACE_optlc_10950         TIEH_HVT        saed90nm_max_hvt 
PLACE_optlc_10951         TIEH_HVT        saed90nm_max_hvt 
PLACE_optlc_10952         TIEH_HVT        saed90nm_max_hvt 
PLACE_optlc_10953         TIEH_HVT        saed90nm_max_hvt 
PLACE_optlc_10954         TIEH_HVT        saed90nm_max_hvt 
PLACE_optlc_10955         TIEH_HVT        saed90nm_max_hvt 
PLACE_optlc_10956         TIEH_HVT        saed90nm_max_hvt 
PLACE_optlc_10957         TIEH_HVT        saed90nm_max_hvt 
PLACE_optlc_10958         TIEH_HVT        saed90nm_max_hvt 
PLACE_optlc_10959         TIEH_HVT        saed90nm_max_hvt 
PLACE_optlc_1096          TIEL_HVT        saed90nm_max_hvt 
PLACE_optlc_10960         TIEH_HVT        saed90nm_max_hvt 
PLACE_optlc_10961         TIEH_HVT        saed90nm_max_hvt 
PLACE_optlc_10962         TIEH_HVT        saed90nm_max_hvt 
PLACE_optlc_10963         TIEH_HVT        saed90nm_max_hvt 
PLACE_optlc_10964         TIEH_HVT        saed90nm_max_hvt 
PLACE_optlc_10965         TIEH_HVT        saed90nm_max_hvt 
PLACE_optlc_10966         TIEH_HVT        saed90nm_max_hvt 
PLACE_optlc_10967         TIEH_HVT        saed90nm_max_hvt 
PLACE_optlc_10968         TIEH_HVT        saed90nm_max_hvt 
PLACE_optlc_10969         TIEH_HVT        saed90nm_max_hvt 
PLACE_optlc_1097          TIEL_HVT        saed90nm_max_hvt 
PLACE_optlc_10970         TIEH_HVT        saed90nm_max_hvt 
PLACE_optlc_10971         TIEH_HVT        saed90nm_max_hvt 
PLACE_optlc_10972         TIEH_HVT        saed90nm_max_hvt 
PLACE_optlc_10973         TIEH_HVT        saed90nm_max_hvt 
PLACE_optlc_10974         TIEH_HVT        saed90nm_max_hvt 
PLACE_optlc_10975         TIEH_HVT        saed90nm_max_hvt 
PLACE_optlc_10976         TIEH_HVT        saed90nm_max_hvt 
PLACE_optlc_10977         TIEH_HVT        saed90nm_max_hvt 
PLACE_optlc_10978         TIEH_HVT        saed90nm_max_hvt 
PLACE_optlc_10979         TIEH_HVT        saed90nm_max_hvt 
PLACE_optlc_1098          TIEL_HVT        saed90nm_max_hvt 
PLACE_optlc_10980         TIEH_HVT        saed90nm_max_hvt 
PLACE_optlc_10981         TIEH_HVT        saed90nm_max_hvt 
PLACE_optlc_10982         TIEH_HVT        saed90nm_max_hvt 
PLACE_optlc_10983         TIEH_HVT        saed90nm_max_hvt 
PLACE_optlc_10984         TIEH_HVT        saed90nm_max_hvt 
PLACE_optlc_10985         TIEH_HVT        saed90nm_max_hvt 
PLACE_optlc_10986         TIEH_HVT        saed90nm_max_hvt 
PLACE_optlc_10987         TIEH_HVT        saed90nm_max_hvt 
PLACE_optlc_10988         TIEH_HVT        saed90nm_max_hvt 
PLACE_optlc_10989         TIEH_HVT        saed90nm_max_hvt 
PLACE_optlc_1099          TIEL_HVT        saed90nm_max_hvt 
PLACE_optlc_10990         TIEH_HVT        saed90nm_max_hvt 
PLACE_optlc_10991         TIEH_HVT        saed90nm_max_hvt 
PLACE_optlc_10992         TIEH_HVT        saed90nm_max_hvt 
PLACE_optlc_10993         TIEH_HVT        saed90nm_max_hvt 
PLACE_optlc_10994         TIEH_HVT        saed90nm_max_hvt 
PLACE_optlc_10995         TIEH_HVT        saed90nm_max_hvt 
PLACE_optlc_10996         TIEH_HVT        saed90nm_max_hvt 
PLACE_optlc_10997         TIEH_HVT        saed90nm_max_hvt 
PLACE_optlc_10998         TIEH_HVT        saed90nm_max_hvt 
PLACE_optlc_10999         TIEH_HVT        saed90nm_max_hvt 
PLACE_optlc_110           TIEL_HVT        saed90nm_max_hvt 
PLACE_optlc_1100          TIEL_HVT        saed90nm_max_hvt 
PLACE_optlc_11000         TIEH_HVT        saed90nm_max_hvt 
PLACE_optlc_11001         TIEH_HVT        saed90nm_max_hvt 
PLACE_optlc_11002         TIEH_HVT        saed90nm_max_hvt 
PLACE_optlc_11003         TIEH_HVT        saed90nm_max_hvt 
PLACE_optlc_11004         TIEH_HVT        saed90nm_max_hvt 
PLACE_optlc_11005         TIEH_HVT        saed90nm_max_hvt 
PLACE_optlc_11006         TIEH_HVT        saed90nm_max_hvt 
PLACE_optlc_11007         TIEH_HVT        saed90nm_max_hvt 
PLACE_optlc_11008         TIEH_HVT        saed90nm_max_hvt 
PLACE_optlc_11009         TIEH_HVT        saed90nm_max_hvt 
PLACE_optlc_1101          TIEL_HVT        saed90nm_max_hvt 
PLACE_optlc_11010         TIEH_HVT        saed90nm_max_hvt 
PLACE_optlc_11011         TIEH_HVT        saed90nm_max_hvt 
PLACE_optlc_11012         TIEH_HVT        saed90nm_max_hvt 
PLACE_optlc_11013         TIEH_HVT        saed90nm_max_hvt 
PLACE_optlc_11014         TIEH_HVT        saed90nm_max_hvt 
PLACE_optlc_11015         TIEH_HVT        saed90nm_max_hvt 
PLACE_optlc_11016         TIEH_HVT        saed90nm_max_hvt 
PLACE_optlc_11017         TIEH_HVT        saed90nm_max_hvt 
PLACE_optlc_11018         TIEH_HVT        saed90nm_max_hvt 
PLACE_optlc_11019         TIEH_HVT        saed90nm_max_hvt 
PLACE_optlc_1102          TIEL_HVT        saed90nm_max_hvt 
PLACE_optlc_11020         TIEH_HVT        saed90nm_max_hvt 
PLACE_optlc_11021         TIEH_HVT        saed90nm_max_hvt 
PLACE_optlc_11022         TIEH_HVT        saed90nm_max_hvt 
PLACE_optlc_11023         TIEH_HVT        saed90nm_max_hvt 
PLACE_optlc_11024         TIEH_HVT        saed90nm_max_hvt 
PLACE_optlc_11025         TIEH_HVT        saed90nm_max_hvt 
PLACE_optlc_11026         TIEH_HVT        saed90nm_max_hvt 
PLACE_optlc_11027         TIEH_HVT        saed90nm_max_hvt 
PLACE_optlc_11028         TIEH_HVT        saed90nm_max_hvt 
PLACE_optlc_11029         TIEH_HVT        saed90nm_max_hvt 
PLACE_optlc_1103          TIEL_HVT        saed90nm_max_hvt 
PLACE_optlc_11030         TIEH_HVT        saed90nm_max_hvt 
PLACE_optlc_11031         TIEH_HVT        saed90nm_max_hvt 
PLACE_optlc_11032         TIEH_HVT        saed90nm_max_hvt 
PLACE_optlc_11033         TIEH_HVT        saed90nm_max_hvt 
PLACE_optlc_11034         TIEH_HVT        saed90nm_max_hvt 
PLACE_optlc_11035         TIEH_HVT        saed90nm_max_hvt 
PLACE_optlc_11036         TIEH_HVT        saed90nm_max_hvt 
PLACE_optlc_11037         TIEH_HVT        saed90nm_max_hvt 
PLACE_optlc_11038         TIEH_HVT        saed90nm_max_hvt 
PLACE_optlc_11039         TIEH_HVT        saed90nm_max_hvt 
PLACE_optlc_1104          TIEL_HVT        saed90nm_max_hvt 
PLACE_optlc_11040         TIEH_HVT        saed90nm_max_hvt 
PLACE_optlc_11041         TIEH_HVT        saed90nm_max_hvt 
PLACE_optlc_11042         TIEH_HVT        saed90nm_max_hvt 
PLACE_optlc_11043         TIEH_HVT        saed90nm_max_hvt 
PLACE_optlc_11044         TIEH_HVT        saed90nm_max_hvt 
PLACE_optlc_11045         TIEH_HVT        saed90nm_max_hvt 
PLACE_optlc_11046         TIEH_HVT        saed90nm_max_hvt 
PLACE_optlc_11047         TIEH_HVT        saed90nm_max_hvt 
PLACE_optlc_11048         TIEH_HVT        saed90nm_max_hvt 
PLACE_optlc_11049         TIEH_HVT        saed90nm_max_hvt 
PLACE_optlc_1105          TIEL_HVT        saed90nm_max_hvt 
PLACE_optlc_11050         TIEH_HVT        saed90nm_max_hvt 
PLACE_optlc_11051         TIEH_HVT        saed90nm_max_hvt 
PLACE_optlc_11052         TIEH_HVT        saed90nm_max_hvt 
PLACE_optlc_11053         TIEH_HVT        saed90nm_max_hvt 
PLACE_optlc_11054         TIEH_HVT        saed90nm_max_hvt 
PLACE_optlc_11055         TIEH_HVT        saed90nm_max_hvt 
PLACE_optlc_11056         TIEH_HVT        saed90nm_max_hvt 
PLACE_optlc_11057         TIEH_HVT        saed90nm_max_hvt 
PLACE_optlc_11058         TIEH_HVT        saed90nm_max_hvt 
PLACE_optlc_11059         TIEH_HVT        saed90nm_max_hvt 
PLACE_optlc_1106          TIEL_HVT        saed90nm_max_hvt 
PLACE_optlc_11060         TIEH_HVT        saed90nm_max_hvt 
PLACE_optlc_11061         TIEH_HVT        saed90nm_max_hvt 
PLACE_optlc_11062         TIEH_HVT        saed90nm_max_hvt 
PLACE_optlc_11063         TIEH_HVT        saed90nm_max_hvt 
PLACE_optlc_11064         TIEH_HVT        saed90nm_max_hvt 
PLACE_optlc_11065         TIEH_HVT        saed90nm_max_hvt 
PLACE_optlc_11066         TIEH_HVT        saed90nm_max_hvt 
PLACE_optlc_11067         TIEH_HVT        saed90nm_max_hvt 
PLACE_optlc_11068         TIEH_HVT        saed90nm_max_hvt 
PLACE_optlc_11069         TIEH_HVT        saed90nm_max_hvt 
PLACE_optlc_1107          TIEL_HVT        saed90nm_max_hvt 
PLACE_optlc_11070         TIEH_HVT        saed90nm_max_hvt 
PLACE_optlc_11071         TIEH_HVT        saed90nm_max_hvt 
PLACE_optlc_11072         TIEH_HVT        saed90nm_max_hvt 
PLACE_optlc_11073         TIEH_HVT        saed90nm_max_hvt 
PLACE_optlc_11074         TIEH_HVT        saed90nm_max_hvt 
PLACE_optlc_11075         TIEH_HVT        saed90nm_max_hvt 
PLACE_optlc_11076         TIEH_HVT        saed90nm_max_hvt 
PLACE_optlc_11077         TIEH_HVT        saed90nm_max_hvt 
PLACE_optlc_11078         TIEH_HVT        saed90nm_max_hvt 
PLACE_optlc_11079         TIEH_HVT        saed90nm_max_hvt 
PLACE_optlc_1108          TIEL_HVT        saed90nm_max_hvt 
PLACE_optlc_11080         TIEH_HVT        saed90nm_max_hvt 
PLACE_optlc_11081         TIEH_HVT        saed90nm_max_hvt 
PLACE_optlc_11082         TIEH_HVT        saed90nm_max_hvt 
PLACE_optlc_11083         TIEH_HVT        saed90nm_max_hvt 
PLACE_optlc_11084         TIEH_HVT        saed90nm_max_hvt 
PLACE_optlc_11085         TIEH_HVT        saed90nm_max_hvt 
PLACE_optlc_11086         TIEH_HVT        saed90nm_max_hvt 
PLACE_optlc_11087         TIEH_HVT        saed90nm_max_hvt 
PLACE_optlc_11088         TIEH_HVT        saed90nm_max_hvt 
PLACE_optlc_11089         TIEH_HVT        saed90nm_max_hvt 
PLACE_optlc_1109          TIEL_HVT        saed90nm_max_hvt 
PLACE_optlc_11090         TIEH_HVT        saed90nm_max_hvt 
PLACE_optlc_11091         TIEH_HVT        saed90nm_max_hvt 
PLACE_optlc_11092         TIEH_HVT        saed90nm_max_hvt 
PLACE_optlc_11093         TIEH_HVT        saed90nm_max_hvt 
PLACE_optlc_11094         TIEH_HVT        saed90nm_max_hvt 
PLACE_optlc_11095         TIEH_HVT        saed90nm_max_hvt 
PLACE_optlc_11096         TIEH_HVT        saed90nm_max_hvt 
PLACE_optlc_11097         TIEH_HVT        saed90nm_max_hvt 
PLACE_optlc_11098         TIEH_HVT        saed90nm_max_hvt 
PLACE_optlc_11099         TIEH_HVT        saed90nm_max_hvt 
PLACE_optlc_111           TIEL_HVT        saed90nm_max_hvt 
PLACE_optlc_1110          TIEL_HVT        saed90nm_max_hvt 
PLACE_optlc_11100         TIEH_HVT        saed90nm_max_hvt 
PLACE_optlc_11101         TIEH_HVT        saed90nm_max_hvt 
PLACE_optlc_11102         TIEH_HVT        saed90nm_max_hvt 
PLACE_optlc_11103         TIEH_HVT        saed90nm_max_hvt 
PLACE_optlc_11104         TIEH_HVT        saed90nm_max_hvt 
PLACE_optlc_11105         TIEH_HVT        saed90nm_max_hvt 
PLACE_optlc_11106         TIEH_HVT        saed90nm_max_hvt 
PLACE_optlc_11107         TIEH_HVT        saed90nm_max_hvt 
PLACE_optlc_11108         TIEH_HVT        saed90nm_max_hvt 
PLACE_optlc_11109         TIEH_HVT        saed90nm_max_hvt 
PLACE_optlc_1111          TIEL_HVT        saed90nm_max_hvt 
PLACE_optlc_11110         TIEH_HVT        saed90nm_max_hvt 
PLACE_optlc_11111         TIEH_HVT        saed90nm_max_hvt 
PLACE_optlc_11112         TIEH_HVT        saed90nm_max_hvt 
PLACE_optlc_11113         TIEH_HVT        saed90nm_max_hvt 
PLACE_optlc_11114         TIEH_HVT        saed90nm_max_hvt 
PLACE_optlc_11115         TIEH_HVT        saed90nm_max_hvt 
PLACE_optlc_11116         TIEH_HVT        saed90nm_max_hvt 
PLACE_optlc_11117         TIEH_HVT        saed90nm_max_hvt 
PLACE_optlc_11118         TIEH_HVT        saed90nm_max_hvt 
PLACE_optlc_11119         TIEH_HVT        saed90nm_max_hvt 
PLACE_optlc_1112          TIEL_HVT        saed90nm_max_hvt 
PLACE_optlc_11120         TIEH_HVT        saed90nm_max_hvt 
PLACE_optlc_11121         TIEH_HVT        saed90nm_max_hvt 
PLACE_optlc_11122         TIEH_HVT        saed90nm_max_hvt 
PLACE_optlc_11123         TIEH_HVT        saed90nm_max_hvt 
PLACE_optlc_11124         TIEH_HVT        saed90nm_max_hvt 
PLACE_optlc_11125         TIEH_HVT        saed90nm_max_hvt 
PLACE_optlc_11126         TIEH_HVT        saed90nm_max_hvt 
PLACE_optlc_11127         TIEH_HVT        saed90nm_max_hvt 
PLACE_optlc_11128         TIEH_HVT        saed90nm_max_hvt 
PLACE_optlc_11129         TIEH_HVT        saed90nm_max_hvt 
PLACE_optlc_1113          TIEL_HVT        saed90nm_max_hvt 
PLACE_optlc_11130         TIEH_HVT        saed90nm_max_hvt 
PLACE_optlc_11131         TIEH_HVT        saed90nm_max_hvt 
PLACE_optlc_11132         TIEH_HVT        saed90nm_max_hvt 
PLACE_optlc_11133         TIEH_HVT        saed90nm_max_hvt 
PLACE_optlc_11134         TIEH_HVT        saed90nm_max_hvt 
PLACE_optlc_11135         TIEH_HVT        saed90nm_max_hvt 
PLACE_optlc_11136         TIEH_HVT        saed90nm_max_hvt 
PLACE_optlc_11137         TIEH_HVT        saed90nm_max_hvt 
PLACE_optlc_11138         TIEH_HVT        saed90nm_max_hvt 
PLACE_optlc_11139         TIEH_HVT        saed90nm_max_hvt 
PLACE_optlc_1114          TIEL_HVT        saed90nm_max_hvt 
PLACE_optlc_11140         TIEH_HVT        saed90nm_max_hvt 
PLACE_optlc_11141         TIEH_HVT        saed90nm_max_hvt 
PLACE_optlc_11142         TIEH_HVT        saed90nm_max_hvt 
PLACE_optlc_11143         TIEH_HVT        saed90nm_max_hvt 
PLACE_optlc_11144         TIEH_HVT        saed90nm_max_hvt 
PLACE_optlc_11145         TIEH_HVT        saed90nm_max_hvt 
PLACE_optlc_11146         TIEH_HVT        saed90nm_max_hvt 
PLACE_optlc_11147         TIEH_HVT        saed90nm_max_hvt 
PLACE_optlc_11148         TIEH_HVT        saed90nm_max_hvt 
PLACE_optlc_11149         TIEH_HVT        saed90nm_max_hvt 
PLACE_optlc_1115          TIEL_HVT        saed90nm_max_hvt 
PLACE_optlc_11150         TIEH_HVT        saed90nm_max_hvt 
PLACE_optlc_11151         TIEH_HVT        saed90nm_max_hvt 
PLACE_optlc_11152         TIEH_HVT        saed90nm_max_hvt 
PLACE_optlc_11153         TIEH_HVT        saed90nm_max_hvt 
PLACE_optlc_11154         TIEH_HVT        saed90nm_max_hvt 
PLACE_optlc_11155         TIEH_HVT        saed90nm_max_hvt 
PLACE_optlc_11156         TIEH_HVT        saed90nm_max_hvt 
PLACE_optlc_11157         TIEH_HVT        saed90nm_max_hvt 
PLACE_optlc_11158         TIEH_HVT        saed90nm_max_hvt 
PLACE_optlc_11159         TIEH_HVT        saed90nm_max_hvt 
PLACE_optlc_1116          TIEL_HVT        saed90nm_max_hvt 
PLACE_optlc_11160         TIEH_HVT        saed90nm_max_hvt 
PLACE_optlc_11161         TIEH_HVT        saed90nm_max_hvt 
PLACE_optlc_11162         TIEH_HVT        saed90nm_max_hvt 
PLACE_optlc_11163         TIEH_HVT        saed90nm_max_hvt 
PLACE_optlc_11164         TIEH_HVT        saed90nm_max_hvt 
PLACE_optlc_11165         TIEH_HVT        saed90nm_max_hvt 
PLACE_optlc_11166         TIEH_HVT        saed90nm_max_hvt 
PLACE_optlc_11167         TIEH_HVT        saed90nm_max_hvt 
PLACE_optlc_11168         TIEH_HVT        saed90nm_max_hvt 
PLACE_optlc_11169         TIEH_HVT        saed90nm_max_hvt 
PLACE_optlc_1117          TIEL_HVT        saed90nm_max_hvt 
PLACE_optlc_11170         TIEH_HVT        saed90nm_max_hvt 
PLACE_optlc_11171         TIEH_HVT        saed90nm_max_hvt 
PLACE_optlc_11172         TIEH_HVT        saed90nm_max_hvt 
PLACE_optlc_11173         TIEH_HVT        saed90nm_max_hvt 
PLACE_optlc_11174         TIEH_HVT        saed90nm_max_hvt 
PLACE_optlc_11175         TIEH_HVT        saed90nm_max_hvt 
PLACE_optlc_11176         TIEH_HVT        saed90nm_max_hvt 
PLACE_optlc_11177         TIEH_HVT        saed90nm_max_hvt 
PLACE_optlc_11178         TIEH_HVT        saed90nm_max_hvt 
PLACE_optlc_11179         TIEH_HVT        saed90nm_max_hvt 
PLACE_optlc_1118          TIEL_HVT        saed90nm_max_hvt 
PLACE_optlc_11180         TIEH_HVT        saed90nm_max_hvt 
PLACE_optlc_11181         TIEH_HVT        saed90nm_max_hvt 
PLACE_optlc_11182         TIEH_HVT        saed90nm_max_hvt 
PLACE_optlc_11183         TIEH_HVT        saed90nm_max_hvt 
PLACE_optlc_11184         TIEH_HVT        saed90nm_max_hvt 
PLACE_optlc_11185         TIEH_HVT        saed90nm_max_hvt 
PLACE_optlc_11186         TIEH_HVT        saed90nm_max_hvt 
PLACE_optlc_11187         TIEH_HVT        saed90nm_max_hvt 
PLACE_optlc_11188         TIEH_HVT        saed90nm_max_hvt 
PLACE_optlc_11189         TIEH_HVT        saed90nm_max_hvt 
PLACE_optlc_1119          TIEL_HVT        saed90nm_max_hvt 
PLACE_optlc_11190         TIEH_HVT        saed90nm_max_hvt 
PLACE_optlc_11191         TIEH_HVT        saed90nm_max_hvt 
PLACE_optlc_11192         TIEH_HVT        saed90nm_max_hvt 
PLACE_optlc_11193         TIEH_HVT        saed90nm_max_hvt 
PLACE_optlc_11194         TIEH_HVT        saed90nm_max_hvt 
PLACE_optlc_11195         TIEH_HVT        saed90nm_max_hvt 
PLACE_optlc_11196         TIEH_HVT        saed90nm_max_hvt 
PLACE_optlc_11197         TIEH_HVT        saed90nm_max_hvt 
PLACE_optlc_11198         TIEH_HVT        saed90nm_max_hvt 
PLACE_optlc_11199         TIEH_HVT        saed90nm_max_hvt 
PLACE_optlc_112           TIEL_HVT        saed90nm_max_hvt 
PLACE_optlc_1120          TIEL_HVT        saed90nm_max_hvt 
PLACE_optlc_11200         TIEH_HVT        saed90nm_max_hvt 
PLACE_optlc_11201         TIEH_HVT        saed90nm_max_hvt 
PLACE_optlc_11202         TIEH_HVT        saed90nm_max_hvt 
PLACE_optlc_11203         TIEH_HVT        saed90nm_max_hvt 
PLACE_optlc_11204         TIEH_HVT        saed90nm_max_hvt 
PLACE_optlc_11205         TIEH_HVT        saed90nm_max_hvt 
PLACE_optlc_11206         TIEH_HVT        saed90nm_max_hvt 
PLACE_optlc_11207         TIEH_HVT        saed90nm_max_hvt 
PLACE_optlc_11208         TIEH_HVT        saed90nm_max_hvt 
PLACE_optlc_11209         TIEH_HVT        saed90nm_max_hvt 
PLACE_optlc_1121          TIEL_HVT        saed90nm_max_hvt 
PLACE_optlc_11210         TIEH_HVT        saed90nm_max_hvt 
PLACE_optlc_11211         TIEH_HVT        saed90nm_max_hvt 
PLACE_optlc_11212         TIEH_HVT        saed90nm_max_hvt 
PLACE_optlc_11213         TIEH_HVT        saed90nm_max_hvt 
PLACE_optlc_11214         TIEH_HVT        saed90nm_max_hvt 
PLACE_optlc_11215         TIEH_HVT        saed90nm_max_hvt 
PLACE_optlc_11216         TIEH_HVT        saed90nm_max_hvt 
PLACE_optlc_11217         TIEH_HVT        saed90nm_max_hvt 
PLACE_optlc_11218         TIEH_HVT        saed90nm_max_hvt 
PLACE_optlc_11219         TIEH_HVT        saed90nm_max_hvt 
PLACE_optlc_1122          TIEL_HVT        saed90nm_max_hvt 
PLACE_optlc_11220         TIEH_HVT        saed90nm_max_hvt 
PLACE_optlc_11221         TIEH_HVT        saed90nm_max_hvt 
PLACE_optlc_11222         TIEH_HVT        saed90nm_max_hvt 
PLACE_optlc_11223         TIEH_HVT        saed90nm_max_hvt 
PLACE_optlc_11224         TIEH_HVT        saed90nm_max_hvt 
PLACE_optlc_11225         TIEH_HVT        saed90nm_max_hvt 
PLACE_optlc_11226         TIEH_HVT        saed90nm_max_hvt 
PLACE_optlc_11227         TIEH_HVT        saed90nm_max_hvt 
PLACE_optlc_11228         TIEH_HVT        saed90nm_max_hvt 
PLACE_optlc_11229         TIEH_HVT        saed90nm_max_hvt 
PLACE_optlc_1123          TIEL_HVT        saed90nm_max_hvt 
PLACE_optlc_11230         TIEH_HVT        saed90nm_max_hvt 
PLACE_optlc_11231         TIEH_HVT        saed90nm_max_hvt 
PLACE_optlc_11232         TIEH_HVT        saed90nm_max_hvt 
PLACE_optlc_11233         TIEH_HVT        saed90nm_max_hvt 
PLACE_optlc_11234         TIEH_HVT        saed90nm_max_hvt 
PLACE_optlc_11235         TIEH_HVT        saed90nm_max_hvt 
PLACE_optlc_11236         TIEH_HVT        saed90nm_max_hvt 
PLACE_optlc_11237         TIEH_HVT        saed90nm_max_hvt 
PLACE_optlc_11238         TIEH_HVT        saed90nm_max_hvt 
PLACE_optlc_11239         TIEH_HVT        saed90nm_max_hvt 
PLACE_optlc_1124          TIEL_HVT        saed90nm_max_hvt 
PLACE_optlc_11240         TIEH_HVT        saed90nm_max_hvt 
PLACE_optlc_11241         TIEH_HVT        saed90nm_max_hvt 
PLACE_optlc_11242         TIEH_HVT        saed90nm_max_hvt 
PLACE_optlc_11243         TIEH_HVT        saed90nm_max_hvt 
PLACE_optlc_11244         TIEH_HVT        saed90nm_max_hvt 
PLACE_optlc_11245         TIEH_HVT        saed90nm_max_hvt 
PLACE_optlc_11246         TIEH_HVT        saed90nm_max_hvt 
PLACE_optlc_11247         TIEH_HVT        saed90nm_max_hvt 
PLACE_optlc_11248         TIEH_HVT        saed90nm_max_hvt 
PLACE_optlc_11249         TIEH_HVT        saed90nm_max_hvt 
PLACE_optlc_1125          TIEL_HVT        saed90nm_max_hvt 
PLACE_optlc_11250         TIEH_HVT        saed90nm_max_hvt 
PLACE_optlc_11251         TIEH_HVT        saed90nm_max_hvt 
PLACE_optlc_11252         TIEH_HVT        saed90nm_max_hvt 
PLACE_optlc_11253         TIEH_HVT        saed90nm_max_hvt 
PLACE_optlc_11254         TIEH_HVT        saed90nm_max_hvt 
PLACE_optlc_11255         TIEH_HVT        saed90nm_max_hvt 
PLACE_optlc_11256         TIEH_HVT        saed90nm_max_hvt 
PLACE_optlc_11257         TIEH_HVT        saed90nm_max_hvt 
PLACE_optlc_11258         TIEH_HVT        saed90nm_max_hvt 
PLACE_optlc_11259         TIEH_HVT        saed90nm_max_hvt 
PLACE_optlc_1126          TIEL_HVT        saed90nm_max_hvt 
PLACE_optlc_11260         TIEH_HVT        saed90nm_max_hvt 
PLACE_optlc_11261         TIEH_HVT        saed90nm_max_hvt 
PLACE_optlc_11262         TIEH_HVT        saed90nm_max_hvt 
PLACE_optlc_11263         TIEH_HVT        saed90nm_max_hvt 
PLACE_optlc_11264         TIEH_HVT        saed90nm_max_hvt 
PLACE_optlc_11265         TIEH_HVT        saed90nm_max_hvt 
PLACE_optlc_11266         TIEH_HVT        saed90nm_max_hvt 
PLACE_optlc_11267         TIEH_HVT        saed90nm_max_hvt 
PLACE_optlc_11268         TIEH_HVT        saed90nm_max_hvt 
PLACE_optlc_11269         TIEH_HVT        saed90nm_max_hvt 
PLACE_optlc_1127          TIEL_HVT        saed90nm_max_hvt 
PLACE_optlc_11270         TIEH_HVT        saed90nm_max_hvt 
PLACE_optlc_11271         TIEH_HVT        saed90nm_max_hvt 
PLACE_optlc_11272         TIEH_HVT        saed90nm_max_hvt 
PLACE_optlc_11273         TIEH_HVT        saed90nm_max_hvt 
PLACE_optlc_11274         TIEH_HVT        saed90nm_max_hvt 
PLACE_optlc_11275         TIEH_HVT        saed90nm_max_hvt 
PLACE_optlc_11276         TIEH_HVT        saed90nm_max_hvt 
PLACE_optlc_11277         TIEH_HVT        saed90nm_max_hvt 
PLACE_optlc_11278         TIEH_HVT        saed90nm_max_hvt 
PLACE_optlc_11279         TIEH_HVT        saed90nm_max_hvt 
PLACE_optlc_1128          TIEL_HVT        saed90nm_max_hvt 
PLACE_optlc_11280         TIEH_HVT        saed90nm_max_hvt 
PLACE_optlc_11281         TIEH_HVT        saed90nm_max_hvt 
PLACE_optlc_11282         TIEH_HVT        saed90nm_max_hvt 
PLACE_optlc_11283         TIEH_HVT        saed90nm_max_hvt 
PLACE_optlc_11284         TIEH_HVT        saed90nm_max_hvt 
PLACE_optlc_11285         TIEH_HVT        saed90nm_max_hvt 
PLACE_optlc_11286         TIEH_HVT        saed90nm_max_hvt 
PLACE_optlc_11287         TIEH_HVT        saed90nm_max_hvt 
PLACE_optlc_11288         TIEH_HVT        saed90nm_max_hvt 
PLACE_optlc_11289         TIEH_HVT        saed90nm_max_hvt 
PLACE_optlc_1129          TIEL_HVT        saed90nm_max_hvt 
PLACE_optlc_11290         TIEH_HVT        saed90nm_max_hvt 
PLACE_optlc_11291         TIEH_HVT        saed90nm_max_hvt 
PLACE_optlc_11292         TIEH_HVT        saed90nm_max_hvt 
PLACE_optlc_11293         TIEH_HVT        saed90nm_max_hvt 
PLACE_optlc_11294         TIEH_HVT        saed90nm_max_hvt 
PLACE_optlc_11295         TIEH_HVT        saed90nm_max_hvt 
PLACE_optlc_11296         TIEH_HVT        saed90nm_max_hvt 
PLACE_optlc_11297         TIEH_HVT        saed90nm_max_hvt 
PLACE_optlc_11298         TIEH_HVT        saed90nm_max_hvt 
PLACE_optlc_11299         TIEH_HVT        saed90nm_max_hvt 
PLACE_optlc_113           TIEL_HVT        saed90nm_max_hvt 
PLACE_optlc_1130          TIEL_HVT        saed90nm_max_hvt 
PLACE_optlc_11300         TIEH_HVT        saed90nm_max_hvt 
PLACE_optlc_11301         TIEH_HVT        saed90nm_max_hvt 
PLACE_optlc_11302         TIEH_HVT        saed90nm_max_hvt 
PLACE_optlc_11303         TIEH_HVT        saed90nm_max_hvt 
PLACE_optlc_11304         TIEH_HVT        saed90nm_max_hvt 
PLACE_optlc_11305         TIEH_HVT        saed90nm_max_hvt 
PLACE_optlc_11306         TIEH_HVT        saed90nm_max_hvt 
PLACE_optlc_11307         TIEH_HVT        saed90nm_max_hvt 
PLACE_optlc_11308         TIEH_HVT        saed90nm_max_hvt 
PLACE_optlc_11309         TIEH_HVT        saed90nm_max_hvt 
PLACE_optlc_1131          TIEL_HVT        saed90nm_max_hvt 
PLACE_optlc_11310         TIEH_HVT        saed90nm_max_hvt 
PLACE_optlc_11311         TIEH_HVT        saed90nm_max_hvt 
PLACE_optlc_11312         TIEH_HVT        saed90nm_max_hvt 
PLACE_optlc_11313         TIEH_HVT        saed90nm_max_hvt 
PLACE_optlc_11314         TIEH_HVT        saed90nm_max_hvt 
PLACE_optlc_11315         TIEH_HVT        saed90nm_max_hvt 
PLACE_optlc_11316         TIEH_HVT        saed90nm_max_hvt 
PLACE_optlc_11317         TIEH_HVT        saed90nm_max_hvt 
PLACE_optlc_11318         TIEH_HVT        saed90nm_max_hvt 
PLACE_optlc_11319         TIEH_HVT        saed90nm_max_hvt 
PLACE_optlc_1132          TIEL_HVT        saed90nm_max_hvt 
PLACE_optlc_11320         TIEH_HVT        saed90nm_max_hvt 
PLACE_optlc_11321         TIEH_HVT        saed90nm_max_hvt 
PLACE_optlc_11322         TIEH_HVT        saed90nm_max_hvt 
PLACE_optlc_11323         TIEH_HVT        saed90nm_max_hvt 
PLACE_optlc_11324         TIEH_HVT        saed90nm_max_hvt 
PLACE_optlc_11325         TIEH_HVT        saed90nm_max_hvt 
PLACE_optlc_11326         TIEH_HVT        saed90nm_max_hvt 
PLACE_optlc_11327         TIEH_HVT        saed90nm_max_hvt 
PLACE_optlc_11328         TIEH_HVT        saed90nm_max_hvt 
PLACE_optlc_11329         TIEH_HVT        saed90nm_max_hvt 
PLACE_optlc_1133          TIEL_HVT        saed90nm_max_hvt 
PLACE_optlc_11330         TIEH_HVT        saed90nm_max_hvt 
PLACE_optlc_11331         TIEH_HVT        saed90nm_max_hvt 
PLACE_optlc_11332         TIEH_HVT        saed90nm_max_hvt 
PLACE_optlc_11333         TIEH_HVT        saed90nm_max_hvt 
PLACE_optlc_11334         TIEH_HVT        saed90nm_max_hvt 
PLACE_optlc_11335         TIEH_HVT        saed90nm_max_hvt 
PLACE_optlc_11336         TIEH_HVT        saed90nm_max_hvt 
PLACE_optlc_11337         TIEH_HVT        saed90nm_max_hvt 
PLACE_optlc_11338         TIEH_HVT        saed90nm_max_hvt 
PLACE_optlc_11339         TIEH_HVT        saed90nm_max_hvt 
PLACE_optlc_1134          TIEL_HVT        saed90nm_max_hvt 
PLACE_optlc_11340         TIEH_HVT        saed90nm_max_hvt 
PLACE_optlc_11341         TIEH_HVT        saed90nm_max_hvt 
PLACE_optlc_11342         TIEH_HVT        saed90nm_max_hvt 
PLACE_optlc_11343         TIEH_HVT        saed90nm_max_hvt 
PLACE_optlc_11344         TIEH_HVT        saed90nm_max_hvt 
PLACE_optlc_11345         TIEH_HVT        saed90nm_max_hvt 
PLACE_optlc_11346         TIEH_HVT        saed90nm_max_hvt 
PLACE_optlc_11347         TIEH_HVT        saed90nm_max_hvt 
PLACE_optlc_11348         TIEH_HVT        saed90nm_max_hvt 
PLACE_optlc_11349         TIEH_HVT        saed90nm_max_hvt 
PLACE_optlc_1135          TIEL_HVT        saed90nm_max_hvt 
PLACE_optlc_11350         TIEH_HVT        saed90nm_max_hvt 
PLACE_optlc_11351         TIEH_HVT        saed90nm_max_hvt 
PLACE_optlc_11352         TIEH_HVT        saed90nm_max_hvt 
PLACE_optlc_11353         TIEH_HVT        saed90nm_max_hvt 
PLACE_optlc_11354         TIEH_HVT        saed90nm_max_hvt 
PLACE_optlc_11355         TIEH_HVT        saed90nm_max_hvt 
PLACE_optlc_11356         TIEH_HVT        saed90nm_max_hvt 
PLACE_optlc_11357         TIEH_HVT        saed90nm_max_hvt 
PLACE_optlc_11358         TIEH_HVT        saed90nm_max_hvt 
PLACE_optlc_11359         TIEH_HVT        saed90nm_max_hvt 
PLACE_optlc_1136          TIEL_HVT        saed90nm_max_hvt 
PLACE_optlc_11360         TIEH_HVT        saed90nm_max_hvt 
PLACE_optlc_11361         TIEH_HVT        saed90nm_max_hvt 
PLACE_optlc_11362         TIEH_HVT        saed90nm_max_hvt 
PLACE_optlc_11363         TIEH_HVT        saed90nm_max_hvt 
PLACE_optlc_11364         TIEH_HVT        saed90nm_max_hvt 
PLACE_optlc_11365         TIEH_HVT        saed90nm_max_hvt 
PLACE_optlc_11366         TIEH_HVT        saed90nm_max_hvt 
PLACE_optlc_11367         TIEH_HVT        saed90nm_max_hvt 
PLACE_optlc_11368         TIEH_HVT        saed90nm_max_hvt 
PLACE_optlc_11369         TIEH_HVT        saed90nm_max_hvt 
PLACE_optlc_1137          TIEL_HVT        saed90nm_max_hvt 
PLACE_optlc_11370         TIEH_HVT        saed90nm_max_hvt 
PLACE_optlc_11371         TIEH_HVT        saed90nm_max_hvt 
PLACE_optlc_11372         TIEH_HVT        saed90nm_max_hvt 
PLACE_optlc_11373         TIEH_HVT        saed90nm_max_hvt 
PLACE_optlc_11374         TIEH_HVT        saed90nm_max_hvt 
PLACE_optlc_11375         TIEH_HVT        saed90nm_max_hvt 
PLACE_optlc_11376         TIEH_HVT        saed90nm_max_hvt 
PLACE_optlc_11377         TIEH_HVT        saed90nm_max_hvt 
PLACE_optlc_11378         TIEH_HVT        saed90nm_max_hvt 
PLACE_optlc_11379         TIEH_HVT        saed90nm_max_hvt 
PLACE_optlc_1138          TIEL_HVT        saed90nm_max_hvt 
PLACE_optlc_11380         TIEH_HVT        saed90nm_max_hvt 
PLACE_optlc_11381         TIEH_HVT        saed90nm_max_hvt 
PLACE_optlc_11382         TIEH_HVT        saed90nm_max_hvt 
PLACE_optlc_11383         TIEH_HVT        saed90nm_max_hvt 
PLACE_optlc_11384         TIEH_HVT        saed90nm_max_hvt 
PLACE_optlc_11385         TIEH_HVT        saed90nm_max_hvt 
PLACE_optlc_11386         TIEH_HVT        saed90nm_max_hvt 
PLACE_optlc_11387         TIEH_HVT        saed90nm_max_hvt 
PLACE_optlc_11388         TIEH_HVT        saed90nm_max_hvt 
PLACE_optlc_11389         TIEH_HVT        saed90nm_max_hvt 
PLACE_optlc_1139          TIEL_HVT        saed90nm_max_hvt 
PLACE_optlc_11390         TIEH_HVT        saed90nm_max_hvt 
PLACE_optlc_11391         TIEH_HVT        saed90nm_max_hvt 
PLACE_optlc_11392         TIEH_HVT        saed90nm_max_hvt 
PLACE_optlc_11393         TIEH_HVT        saed90nm_max_hvt 
PLACE_optlc_11394         TIEH_HVT        saed90nm_max_hvt 
PLACE_optlc_11395         TIEH_HVT        saed90nm_max_hvt 
PLACE_optlc_11396         TIEH_HVT        saed90nm_max_hvt 
PLACE_optlc_11397         TIEH_HVT        saed90nm_max_hvt 
PLACE_optlc_11398         TIEH_HVT        saed90nm_max_hvt 
PLACE_optlc_11399         TIEH_HVT        saed90nm_max_hvt 
PLACE_optlc_114           TIEL_HVT        saed90nm_max_hvt 
PLACE_optlc_1140          TIEL_HVT        saed90nm_max_hvt 
PLACE_optlc_11400         TIEH_HVT        saed90nm_max_hvt 
PLACE_optlc_11401         TIEH_HVT        saed90nm_max_hvt 
PLACE_optlc_11402         TIEH_HVT        saed90nm_max_hvt 
PLACE_optlc_11403         TIEH_HVT        saed90nm_max_hvt 
PLACE_optlc_11404         TIEH_HVT        saed90nm_max_hvt 
PLACE_optlc_11405         TIEH_HVT        saed90nm_max_hvt 
PLACE_optlc_11406         TIEH_HVT        saed90nm_max_hvt 
PLACE_optlc_11407         TIEH_HVT        saed90nm_max_hvt 
PLACE_optlc_11408         TIEH_HVT        saed90nm_max_hvt 
PLACE_optlc_11409         TIEH_HVT        saed90nm_max_hvt 
PLACE_optlc_1141          TIEL_HVT        saed90nm_max_hvt 
PLACE_optlc_11410         TIEH_HVT        saed90nm_max_hvt 
PLACE_optlc_11411         TIEH_HVT        saed90nm_max_hvt 
PLACE_optlc_11412         TIEH_HVT        saed90nm_max_hvt 
PLACE_optlc_11413         TIEH_HVT        saed90nm_max_hvt 
PLACE_optlc_11414         TIEH_HVT        saed90nm_max_hvt 
PLACE_optlc_11415         TIEH_HVT        saed90nm_max_hvt 
PLACE_optlc_11416         TIEH_HVT        saed90nm_max_hvt 
PLACE_optlc_11417         TIEH_HVT        saed90nm_max_hvt 
PLACE_optlc_11418         TIEH_HVT        saed90nm_max_hvt 
PLACE_optlc_11419         TIEH_HVT        saed90nm_max_hvt 
PLACE_optlc_1142          TIEL_HVT        saed90nm_max_hvt 
PLACE_optlc_11420         TIEH_HVT        saed90nm_max_hvt 
PLACE_optlc_11421         TIEH_HVT        saed90nm_max_hvt 
PLACE_optlc_11422         TIEH_HVT        saed90nm_max_hvt 
PLACE_optlc_11423         TIEH_HVT        saed90nm_max_hvt 
PLACE_optlc_11424         TIEH_HVT        saed90nm_max_hvt 
PLACE_optlc_11425         TIEH_HVT        saed90nm_max_hvt 
PLACE_optlc_11426         TIEH_HVT        saed90nm_max_hvt 
PLACE_optlc_11427         TIEH_HVT        saed90nm_max_hvt 
PLACE_optlc_11428         TIEH_HVT        saed90nm_max_hvt 
PLACE_optlc_11429         TIEH_HVT        saed90nm_max_hvt 
PLACE_optlc_1143          TIEL_HVT        saed90nm_max_hvt 
PLACE_optlc_11430         TIEH_HVT        saed90nm_max_hvt 
PLACE_optlc_11431         TIEH_HVT        saed90nm_max_hvt 
PLACE_optlc_11432         TIEH_HVT        saed90nm_max_hvt 
PLACE_optlc_11433         TIEH_HVT        saed90nm_max_hvt 
PLACE_optlc_11434         TIEH_HVT        saed90nm_max_hvt 
PLACE_optlc_11435         TIEH_HVT        saed90nm_max_hvt 
PLACE_optlc_11436         TIEH_HVT        saed90nm_max_hvt 
PLACE_optlc_11437         TIEH_HVT        saed90nm_max_hvt 
PLACE_optlc_11438         TIEH_HVT        saed90nm_max_hvt 
PLACE_optlc_11439         TIEH_HVT        saed90nm_max_hvt 
PLACE_optlc_1144          TIEL_HVT        saed90nm_max_hvt 
PLACE_optlc_11440         TIEH_HVT        saed90nm_max_hvt 
PLACE_optlc_11441         TIEH_HVT        saed90nm_max_hvt 
PLACE_optlc_11442         TIEH_HVT        saed90nm_max_hvt 
PLACE_optlc_11443         TIEH_HVT        saed90nm_max_hvt 
PLACE_optlc_11444         TIEH_HVT        saed90nm_max_hvt 
PLACE_optlc_11445         TIEH_HVT        saed90nm_max_hvt 
PLACE_optlc_11446         TIEH_HVT        saed90nm_max_hvt 
PLACE_optlc_11447         TIEH_HVT        saed90nm_max_hvt 
PLACE_optlc_11448         TIEH_HVT        saed90nm_max_hvt 
PLACE_optlc_11449         TIEH_HVT        saed90nm_max_hvt 
PLACE_optlc_1145          TIEL_HVT        saed90nm_max_hvt 
PLACE_optlc_11450         TIEH_HVT        saed90nm_max_hvt 
PLACE_optlc_11451         TIEH_HVT        saed90nm_max_hvt 
PLACE_optlc_11452         TIEH_HVT        saed90nm_max_hvt 
PLACE_optlc_11453         TIEH_HVT        saed90nm_max_hvt 
PLACE_optlc_11454         TIEH_HVT        saed90nm_max_hvt 
PLACE_optlc_11455         TIEH_HVT        saed90nm_max_hvt 
PLACE_optlc_11456         TIEH_HVT        saed90nm_max_hvt 
PLACE_optlc_11457         TIEH_HVT        saed90nm_max_hvt 
PLACE_optlc_11458         TIEH_HVT        saed90nm_max_hvt 
PLACE_optlc_11459         TIEH_HVT        saed90nm_max_hvt 
PLACE_optlc_1146          TIEL_HVT        saed90nm_max_hvt 
PLACE_optlc_11460         TIEH_HVT        saed90nm_max_hvt 
PLACE_optlc_11461         TIEH_HVT        saed90nm_max_hvt 
PLACE_optlc_11462         TIEH_HVT        saed90nm_max_hvt 
PLACE_optlc_11463         TIEH_HVT        saed90nm_max_hvt 
PLACE_optlc_11464         TIEH_HVT        saed90nm_max_hvt 
PLACE_optlc_11465         TIEH_HVT        saed90nm_max_hvt 
PLACE_optlc_11466         TIEH_HVT        saed90nm_max_hvt 
PLACE_optlc_11467         TIEH_HVT        saed90nm_max_hvt 
PLACE_optlc_11468         TIEH_HVT        saed90nm_max_hvt 
PLACE_optlc_11469         TIEH_HVT        saed90nm_max_hvt 
PLACE_optlc_1147          TIEL_HVT        saed90nm_max_hvt 
PLACE_optlc_11470         TIEH_HVT        saed90nm_max_hvt 
PLACE_optlc_11471         TIEH_HVT        saed90nm_max_hvt 
PLACE_optlc_11472         TIEH_HVT        saed90nm_max_hvt 
PLACE_optlc_11473         TIEH_HVT        saed90nm_max_hvt 
PLACE_optlc_11474         TIEH_HVT        saed90nm_max_hvt 
PLACE_optlc_11475         TIEH_HVT        saed90nm_max_hvt 
PLACE_optlc_11476         TIEH_HVT        saed90nm_max_hvt 
PLACE_optlc_11477         TIEH_HVT        saed90nm_max_hvt 
PLACE_optlc_11478         TIEH_HVT        saed90nm_max_hvt 
PLACE_optlc_11479         TIEH_HVT        saed90nm_max_hvt 
PLACE_optlc_1148          TIEL_HVT        saed90nm_max_hvt 
PLACE_optlc_11480         TIEH_HVT        saed90nm_max_hvt 
PLACE_optlc_11481         TIEH_HVT        saed90nm_max_hvt 
PLACE_optlc_11482         TIEH_HVT        saed90nm_max_hvt 
PLACE_optlc_11483         TIEH_HVT        saed90nm_max_hvt 
PLACE_optlc_11484         TIEH_HVT        saed90nm_max_hvt 
PLACE_optlc_11485         TIEH_HVT        saed90nm_max_hvt 
PLACE_optlc_11486         TIEH_HVT        saed90nm_max_hvt 
PLACE_optlc_11487         TIEH_HVT        saed90nm_max_hvt 
PLACE_optlc_11488         TIEH_HVT        saed90nm_max_hvt 
PLACE_optlc_11489         TIEH_HVT        saed90nm_max_hvt 
PLACE_optlc_1149          TIEL_HVT        saed90nm_max_hvt 
PLACE_optlc_11490         TIEH_HVT        saed90nm_max_hvt 
PLACE_optlc_11491         TIEH_HVT        saed90nm_max_hvt 
PLACE_optlc_11492         TIEH_HVT        saed90nm_max_hvt 
PLACE_optlc_11493         TIEH_HVT        saed90nm_max_hvt 
PLACE_optlc_11494         TIEH_HVT        saed90nm_max_hvt 
PLACE_optlc_11495         TIEH_HVT        saed90nm_max_hvt 
PLACE_optlc_11496         TIEH_HVT        saed90nm_max_hvt 
PLACE_optlc_11497         TIEH_HVT        saed90nm_max_hvt 
PLACE_optlc_11498         TIEH_HVT        saed90nm_max_hvt 
PLACE_optlc_11499         TIEH_HVT        saed90nm_max_hvt 
PLACE_optlc_115           TIEL_HVT        saed90nm_max_hvt 
PLACE_optlc_1150          TIEL_HVT        saed90nm_max_hvt 
PLACE_optlc_11500         TIEH_HVT        saed90nm_max_hvt 
PLACE_optlc_11501         TIEH_HVT        saed90nm_max_hvt 
PLACE_optlc_11502         TIEH_HVT        saed90nm_max_hvt 
PLACE_optlc_11503         TIEH_HVT        saed90nm_max_hvt 
PLACE_optlc_11504         TIEH_HVT        saed90nm_max_hvt 
PLACE_optlc_11505         TIEH_HVT        saed90nm_max_hvt 
PLACE_optlc_11506         TIEH_HVT        saed90nm_max_hvt 
PLACE_optlc_11507         TIEH_HVT        saed90nm_max_hvt 
PLACE_optlc_11508         TIEH_HVT        saed90nm_max_hvt 
PLACE_optlc_11509         TIEH_HVT        saed90nm_max_hvt 
PLACE_optlc_1151          TIEL_HVT        saed90nm_max_hvt 
PLACE_optlc_11510         TIEH_HVT        saed90nm_max_hvt 
PLACE_optlc_11511         TIEH_HVT        saed90nm_max_hvt 
PLACE_optlc_11512         TIEH_HVT        saed90nm_max_hvt 
PLACE_optlc_11513         TIEH_HVT        saed90nm_max_hvt 
PLACE_optlc_11514         TIEH_HVT        saed90nm_max_hvt 
PLACE_optlc_11515         TIEH_HVT        saed90nm_max_hvt 
PLACE_optlc_11516         TIEH_HVT        saed90nm_max_hvt 
PLACE_optlc_11517         TIEH_HVT        saed90nm_max_hvt 
PLACE_optlc_11518         TIEH_HVT        saed90nm_max_hvt 
PLACE_optlc_11519         TIEH_HVT        saed90nm_max_hvt 
PLACE_optlc_1152          TIEL_HVT        saed90nm_max_hvt 
PLACE_optlc_11520         TIEH_HVT        saed90nm_max_hvt 
PLACE_optlc_11521         TIEH_HVT        saed90nm_max_hvt 
PLACE_optlc_11522         TIEH_HVT        saed90nm_max_hvt 
PLACE_optlc_11523         TIEH_HVT        saed90nm_max_hvt 
PLACE_optlc_11524         TIEH_HVT        saed90nm_max_hvt 
PLACE_optlc_11525         TIEH_HVT        saed90nm_max_hvt 
PLACE_optlc_11526         TIEH_HVT        saed90nm_max_hvt 
PLACE_optlc_11527         TIEH_HVT        saed90nm_max_hvt 
PLACE_optlc_11528         TIEH_HVT        saed90nm_max_hvt 
PLACE_optlc_11529         TIEH_HVT        saed90nm_max_hvt 
PLACE_optlc_1153          TIEL_HVT        saed90nm_max_hvt 
PLACE_optlc_11530         TIEH_HVT        saed90nm_max_hvt 
PLACE_optlc_11531         TIEH_HVT        saed90nm_max_hvt 
PLACE_optlc_11532         TIEH_HVT        saed90nm_max_hvt 
PLACE_optlc_11533         TIEH_HVT        saed90nm_max_hvt 
PLACE_optlc_11534         TIEH_HVT        saed90nm_max_hvt 
PLACE_optlc_11535         TIEH_HVT        saed90nm_max_hvt 
PLACE_optlc_11536         TIEH_HVT        saed90nm_max_hvt 
PLACE_optlc_11537         TIEH_HVT        saed90nm_max_hvt 
PLACE_optlc_11538         TIEH_HVT        saed90nm_max_hvt 
PLACE_optlc_11539         TIEH_HVT        saed90nm_max_hvt 
PLACE_optlc_1154          TIEL_HVT        saed90nm_max_hvt 
PLACE_optlc_11540         TIEH_HVT        saed90nm_max_hvt 
PLACE_optlc_11541         TIEH_HVT        saed90nm_max_hvt 
PLACE_optlc_11542         TIEH_HVT        saed90nm_max_hvt 
PLACE_optlc_11543         TIEH_HVT        saed90nm_max_hvt 
PLACE_optlc_11544         TIEH_HVT        saed90nm_max_hvt 
PLACE_optlc_11545         TIEH_HVT        saed90nm_max_hvt 
PLACE_optlc_11546         TIEH_HVT        saed90nm_max_hvt 
PLACE_optlc_11547         TIEH_HVT        saed90nm_max_hvt 
PLACE_optlc_11548         TIEH_HVT        saed90nm_max_hvt 
PLACE_optlc_11549         TIEH_HVT        saed90nm_max_hvt 
PLACE_optlc_1155          TIEL_HVT        saed90nm_max_hvt 
PLACE_optlc_11550         TIEH_HVT        saed90nm_max_hvt 
PLACE_optlc_11551         TIEH_HVT        saed90nm_max_hvt 
PLACE_optlc_11552         TIEH_HVT        saed90nm_max_hvt 
PLACE_optlc_11553         TIEH_HVT        saed90nm_max_hvt 
PLACE_optlc_11554         TIEH_HVT        saed90nm_max_hvt 
PLACE_optlc_11555         TIEH_HVT        saed90nm_max_hvt 
PLACE_optlc_11556         TIEH_HVT        saed90nm_max_hvt 
PLACE_optlc_11557         TIEH_HVT        saed90nm_max_hvt 
PLACE_optlc_11558         TIEH_HVT        saed90nm_max_hvt 
PLACE_optlc_11559         TIEH_HVT        saed90nm_max_hvt 
PLACE_optlc_1156          TIEL_HVT        saed90nm_max_hvt 
PLACE_optlc_11560         TIEH_HVT        saed90nm_max_hvt 
PLACE_optlc_11561         TIEH_HVT        saed90nm_max_hvt 
PLACE_optlc_11562         TIEH_HVT        saed90nm_max_hvt 
PLACE_optlc_11563         TIEH_HVT        saed90nm_max_hvt 
PLACE_optlc_11564         TIEH_HVT        saed90nm_max_hvt 
PLACE_optlc_11565         TIEH_HVT        saed90nm_max_hvt 
PLACE_optlc_11566         TIEH_HVT        saed90nm_max_hvt 
PLACE_optlc_11567         TIEH_HVT        saed90nm_max_hvt 
PLACE_optlc_11568         TIEH_HVT        saed90nm_max_hvt 
PLACE_optlc_11569         TIEH_HVT        saed90nm_max_hvt 
PLACE_optlc_1157          TIEL_HVT        saed90nm_max_hvt 
PLACE_optlc_11570         TIEH_HVT        saed90nm_max_hvt 
PLACE_optlc_11571         TIEH_HVT        saed90nm_max_hvt 
PLACE_optlc_11572         TIEH_HVT        saed90nm_max_hvt 
PLACE_optlc_11573         TIEH_HVT        saed90nm_max_hvt 
PLACE_optlc_11574         TIEH_HVT        saed90nm_max_hvt 
PLACE_optlc_11575         TIEH_HVT        saed90nm_max_hvt 
PLACE_optlc_11576         TIEH_HVT        saed90nm_max_hvt 
PLACE_optlc_11577         TIEH_HVT        saed90nm_max_hvt 
PLACE_optlc_11578         TIEH_HVT        saed90nm_max_hvt 
PLACE_optlc_11579         TIEH_HVT        saed90nm_max_hvt 
PLACE_optlc_1158          TIEL_HVT        saed90nm_max_hvt 
PLACE_optlc_11580         TIEH_HVT        saed90nm_max_hvt 
PLACE_optlc_11581         TIEH_HVT        saed90nm_max_hvt 
PLACE_optlc_11582         TIEH_HVT        saed90nm_max_hvt 
PLACE_optlc_11583         TIEH_HVT        saed90nm_max_hvt 
PLACE_optlc_11584         TIEH_HVT        saed90nm_max_hvt 
PLACE_optlc_11585         TIEH_HVT        saed90nm_max_hvt 
PLACE_optlc_11586         TIEH_HVT        saed90nm_max_hvt 
PLACE_optlc_11587         TIEH_HVT        saed90nm_max_hvt 
PLACE_optlc_11588         TIEH_HVT        saed90nm_max_hvt 
PLACE_optlc_11589         TIEH_HVT        saed90nm_max_hvt 
PLACE_optlc_1159          TIEL_HVT        saed90nm_max_hvt 
PLACE_optlc_11590         TIEH_HVT        saed90nm_max_hvt 
PLACE_optlc_11591         TIEH_HVT        saed90nm_max_hvt 
PLACE_optlc_11592         TIEH_HVT        saed90nm_max_hvt 
PLACE_optlc_11593         TIEH_HVT        saed90nm_max_hvt 
PLACE_optlc_11594         TIEH_HVT        saed90nm_max_hvt 
PLACE_optlc_11595         TIEH_HVT        saed90nm_max_hvt 
PLACE_optlc_11596         TIEH_HVT        saed90nm_max_hvt 
PLACE_optlc_11597         TIEH_HVT        saed90nm_max_hvt 
PLACE_optlc_11598         TIEH_HVT        saed90nm_max_hvt 
PLACE_optlc_11599         TIEH_HVT        saed90nm_max_hvt 
PLACE_optlc_116           TIEL_HVT        saed90nm_max_hvt 
PLACE_optlc_1160          TIEL_HVT        saed90nm_max_hvt 
PLACE_optlc_11600         TIEH_HVT        saed90nm_max_hvt 
PLACE_optlc_11601         TIEH_HVT        saed90nm_max_hvt 
PLACE_optlc_11602         TIEH_HVT        saed90nm_max_hvt 
PLACE_optlc_11603         TIEH_HVT        saed90nm_max_hvt 
PLACE_optlc_11604         TIEH_HVT        saed90nm_max_hvt 
PLACE_optlc_11605         TIEH_HVT        saed90nm_max_hvt 
PLACE_optlc_11606         TIEH_HVT        saed90nm_max_hvt 
PLACE_optlc_11607         TIEH_HVT        saed90nm_max_hvt 
PLACE_optlc_11608         TIEH_HVT        saed90nm_max_hvt 
PLACE_optlc_11609         TIEH_HVT        saed90nm_max_hvt 
PLACE_optlc_1161          TIEL_HVT        saed90nm_max_hvt 
PLACE_optlc_11610         TIEH_HVT        saed90nm_max_hvt 
PLACE_optlc_11611         TIEH_HVT        saed90nm_max_hvt 
PLACE_optlc_11612         TIEH_HVT        saed90nm_max_hvt 
PLACE_optlc_11613         TIEH_HVT        saed90nm_max_hvt 
PLACE_optlc_11614         TIEH_HVT        saed90nm_max_hvt 
PLACE_optlc_11615         TIEH_HVT        saed90nm_max_hvt 
PLACE_optlc_11616         TIEH_HVT        saed90nm_max_hvt 
PLACE_optlc_11617         TIEH_HVT        saed90nm_max_hvt 
PLACE_optlc_11618         TIEH_HVT        saed90nm_max_hvt 
PLACE_optlc_11619         TIEH_HVT        saed90nm_max_hvt 
PLACE_optlc_1162          TIEL_HVT        saed90nm_max_hvt 
PLACE_optlc_11620         TIEH_HVT        saed90nm_max_hvt 
PLACE_optlc_11621         TIEH_HVT        saed90nm_max_hvt 
PLACE_optlc_11622         TIEH_HVT        saed90nm_max_hvt 
PLACE_optlc_11623         TIEH_HVT        saed90nm_max_hvt 
PLACE_optlc_11624         TIEH_HVT        saed90nm_max_hvt 
PLACE_optlc_11625         TIEH_HVT        saed90nm_max_hvt 
PLACE_optlc_11626         TIEH_HVT        saed90nm_max_hvt 
PLACE_optlc_11627         TIEH_HVT        saed90nm_max_hvt 
PLACE_optlc_11628         TIEH_HVT        saed90nm_max_hvt 
PLACE_optlc_11629         TIEH_HVT        saed90nm_max_hvt 
PLACE_optlc_1163          TIEL_HVT        saed90nm_max_hvt 
PLACE_optlc_11630         TIEH_HVT        saed90nm_max_hvt 
PLACE_optlc_11631         TIEH_HVT        saed90nm_max_hvt 
PLACE_optlc_11632         TIEH_HVT        saed90nm_max_hvt 
PLACE_optlc_11633         TIEH_HVT        saed90nm_max_hvt 
PLACE_optlc_11634         TIEH_HVT        saed90nm_max_hvt 
PLACE_optlc_11635         TIEH_HVT        saed90nm_max_hvt 
PLACE_optlc_11636         TIEH_HVT        saed90nm_max_hvt 
PLACE_optlc_11637         TIEH_HVT        saed90nm_max_hvt 
PLACE_optlc_11638         TIEH_HVT        saed90nm_max_hvt 
PLACE_optlc_11639         TIEH_HVT        saed90nm_max_hvt 
PLACE_optlc_1164          TIEL_HVT        saed90nm_max_hvt 
PLACE_optlc_11640         TIEH_HVT        saed90nm_max_hvt 
PLACE_optlc_11641         TIEH_HVT        saed90nm_max_hvt 
PLACE_optlc_11642         TIEH_HVT        saed90nm_max_hvt 
PLACE_optlc_11643         TIEH_HVT        saed90nm_max_hvt 
PLACE_optlc_11644         TIEH_HVT        saed90nm_max_hvt 
PLACE_optlc_11645         TIEH_HVT        saed90nm_max_hvt 
PLACE_optlc_11646         TIEH_HVT        saed90nm_max_hvt 
PLACE_optlc_11647         TIEH_HVT        saed90nm_max_hvt 
PLACE_optlc_11648         TIEH_HVT        saed90nm_max_hvt 
PLACE_optlc_11649         TIEH_HVT        saed90nm_max_hvt 
PLACE_optlc_1165          TIEL_HVT        saed90nm_max_hvt 
PLACE_optlc_11650         TIEH_HVT        saed90nm_max_hvt 
PLACE_optlc_11651         TIEH_HVT        saed90nm_max_hvt 
PLACE_optlc_11652         TIEH_HVT        saed90nm_max_hvt 
PLACE_optlc_11653         TIEH_HVT        saed90nm_max_hvt 
PLACE_optlc_11654         TIEH_HVT        saed90nm_max_hvt 
PLACE_optlc_11655         TIEH_HVT        saed90nm_max_hvt 
PLACE_optlc_11656         TIEH_HVT        saed90nm_max_hvt 
PLACE_optlc_11657         TIEH_HVT        saed90nm_max_hvt 
PLACE_optlc_11658         TIEH_HVT        saed90nm_max_hvt 
PLACE_optlc_11659         TIEH_HVT        saed90nm_max_hvt 
PLACE_optlc_1166          TIEL_HVT        saed90nm_max_hvt 
PLACE_optlc_11660         TIEH_HVT        saed90nm_max_hvt 
PLACE_optlc_11661         TIEH_HVT        saed90nm_max_hvt 
PLACE_optlc_11662         TIEH_HVT        saed90nm_max_hvt 
PLACE_optlc_11663         TIEH_HVT        saed90nm_max_hvt 
PLACE_optlc_11664         TIEH_HVT        saed90nm_max_hvt 
PLACE_optlc_11665         TIEH_HVT        saed90nm_max_hvt 
PLACE_optlc_11666         TIEH_HVT        saed90nm_max_hvt 
PLACE_optlc_11667         TIEH_HVT        saed90nm_max_hvt 
PLACE_optlc_11668         TIEH_HVT        saed90nm_max_hvt 
PLACE_optlc_11669         TIEH_HVT        saed90nm_max_hvt 
PLACE_optlc_1167          TIEL_HVT        saed90nm_max_hvt 
PLACE_optlc_11670         TIEH_HVT        saed90nm_max_hvt 
PLACE_optlc_11671         TIEH_HVT        saed90nm_max_hvt 
PLACE_optlc_11672         TIEH_HVT        saed90nm_max_hvt 
PLACE_optlc_11673         TIEH_HVT        saed90nm_max_hvt 
PLACE_optlc_11674         TIEH_HVT        saed90nm_max_hvt 
PLACE_optlc_11675         TIEH_HVT        saed90nm_max_hvt 
PLACE_optlc_11676         TIEH_HVT        saed90nm_max_hvt 
PLACE_optlc_11677         TIEH_HVT        saed90nm_max_hvt 
PLACE_optlc_11678         TIEH_HVT        saed90nm_max_hvt 
PLACE_optlc_11679         TIEH_HVT        saed90nm_max_hvt 
PLACE_optlc_1168          TIEL_HVT        saed90nm_max_hvt 
PLACE_optlc_11680         TIEH_HVT        saed90nm_max_hvt 
PLACE_optlc_11681         TIEH_HVT        saed90nm_max_hvt 
PLACE_optlc_11682         TIEH_HVT        saed90nm_max_hvt 
PLACE_optlc_11683         TIEH_HVT        saed90nm_max_hvt 
PLACE_optlc_11684         TIEH_HVT        saed90nm_max_hvt 
PLACE_optlc_11685         TIEH_HVT        saed90nm_max_hvt 
PLACE_optlc_11686         TIEH_HVT        saed90nm_max_hvt 
PLACE_optlc_11687         TIEH_HVT        saed90nm_max_hvt 
PLACE_optlc_11688         TIEH_HVT        saed90nm_max_hvt 
PLACE_optlc_11689         TIEH_HVT        saed90nm_max_hvt 
PLACE_optlc_1169          TIEL_HVT        saed90nm_max_hvt 
PLACE_optlc_11690         TIEH_HVT        saed90nm_max_hvt 
PLACE_optlc_11691         TIEH_HVT        saed90nm_max_hvt 
PLACE_optlc_11692         TIEH_HVT        saed90nm_max_hvt 
PLACE_optlc_11693         TIEH_HVT        saed90nm_max_hvt 
PLACE_optlc_11694         TIEH_HVT        saed90nm_max_hvt 
PLACE_optlc_11695         TIEH_HVT        saed90nm_max_hvt 
PLACE_optlc_11696         TIEH_HVT        saed90nm_max_hvt 
PLACE_optlc_11697         TIEH_HVT        saed90nm_max_hvt 
PLACE_optlc_11698         TIEH_HVT        saed90nm_max_hvt 
PLACE_optlc_11699         TIEH_HVT        saed90nm_max_hvt 
PLACE_optlc_117           TIEL_HVT        saed90nm_max_hvt 
PLACE_optlc_1170          TIEL_HVT        saed90nm_max_hvt 
PLACE_optlc_11700         TIEH_HVT        saed90nm_max_hvt 
PLACE_optlc_11701         TIEH_HVT        saed90nm_max_hvt 
PLACE_optlc_11702         TIEH_HVT        saed90nm_max_hvt 
PLACE_optlc_11703         TIEH_HVT        saed90nm_max_hvt 
PLACE_optlc_11704         TIEH_HVT        saed90nm_max_hvt 
PLACE_optlc_11705         TIEH_HVT        saed90nm_max_hvt 
PLACE_optlc_11706         TIEH_HVT        saed90nm_max_hvt 
PLACE_optlc_11707         TIEH_HVT        saed90nm_max_hvt 
PLACE_optlc_11708         TIEH_HVT        saed90nm_max_hvt 
PLACE_optlc_11709         TIEH_HVT        saed90nm_max_hvt 
PLACE_optlc_1171          TIEL_HVT        saed90nm_max_hvt 
PLACE_optlc_11710         TIEH_HVT        saed90nm_max_hvt 
PLACE_optlc_11711         TIEH_HVT        saed90nm_max_hvt 
PLACE_optlc_11712         TIEH_HVT        saed90nm_max_hvt 
PLACE_optlc_11713         TIEH_HVT        saed90nm_max_hvt 
PLACE_optlc_11714         TIEH_HVT        saed90nm_max_hvt 
PLACE_optlc_11715         TIEH_HVT        saed90nm_max_hvt 
PLACE_optlc_11716         TIEH_HVT        saed90nm_max_hvt 
PLACE_optlc_11717         TIEH_HVT        saed90nm_max_hvt 
PLACE_optlc_11718         TIEH_HVT        saed90nm_max_hvt 
PLACE_optlc_11719         TIEH_HVT        saed90nm_max_hvt 
PLACE_optlc_1172          TIEL_HVT        saed90nm_max_hvt 
PLACE_optlc_11720         TIEH_HVT        saed90nm_max_hvt 
PLACE_optlc_11721         TIEH_HVT        saed90nm_max_hvt 
PLACE_optlc_11722         TIEH_HVT        saed90nm_max_hvt 
PLACE_optlc_11723         TIEH_HVT        saed90nm_max_hvt 
PLACE_optlc_11724         TIEH_HVT        saed90nm_max_hvt 
PLACE_optlc_11725         TIEH_HVT        saed90nm_max_hvt 
PLACE_optlc_11726         TIEH_HVT        saed90nm_max_hvt 
PLACE_optlc_11727         TIEH_HVT        saed90nm_max_hvt 
PLACE_optlc_11728         TIEH_HVT        saed90nm_max_hvt 
PLACE_optlc_11729         TIEH_HVT        saed90nm_max_hvt 
PLACE_optlc_1173          TIEL_HVT        saed90nm_max_hvt 
PLACE_optlc_11730         TIEH_HVT        saed90nm_max_hvt 
PLACE_optlc_11731         TIEH_HVT        saed90nm_max_hvt 
PLACE_optlc_11732         TIEH_HVT        saed90nm_max_hvt 
PLACE_optlc_11733         TIEH_HVT        saed90nm_max_hvt 
PLACE_optlc_11734         TIEH_HVT        saed90nm_max_hvt 
PLACE_optlc_11735         TIEH_HVT        saed90nm_max_hvt 
PLACE_optlc_11736         TIEH_HVT        saed90nm_max_hvt 
PLACE_optlc_11737         TIEH_HVT        saed90nm_max_hvt 
PLACE_optlc_11738         TIEH_HVT        saed90nm_max_hvt 
PLACE_optlc_11739         TIEH_HVT        saed90nm_max_hvt 
PLACE_optlc_1174          TIEL_HVT        saed90nm_max_hvt 
PLACE_optlc_11740         TIEH_HVT        saed90nm_max_hvt 
PLACE_optlc_11741         TIEH_HVT        saed90nm_max_hvt 
PLACE_optlc_11742         TIEH_HVT        saed90nm_max_hvt 
PLACE_optlc_11743         TIEH_HVT        saed90nm_max_hvt 
PLACE_optlc_11744         TIEH_HVT        saed90nm_max_hvt 
PLACE_optlc_11745         TIEH_HVT        saed90nm_max_hvt 
PLACE_optlc_11746         TIEH_HVT        saed90nm_max_hvt 
PLACE_optlc_11747         TIEH_HVT        saed90nm_max_hvt 
PLACE_optlc_11748         TIEH_HVT        saed90nm_max_hvt 
PLACE_optlc_11749         TIEH_HVT        saed90nm_max_hvt 
PLACE_optlc_1175          TIEL_HVT        saed90nm_max_hvt 
PLACE_optlc_11750         TIEH_HVT        saed90nm_max_hvt 
PLACE_optlc_11751         TIEH_HVT        saed90nm_max_hvt 
PLACE_optlc_11752         TIEH_HVT        saed90nm_max_hvt 
PLACE_optlc_11753         TIEH_HVT        saed90nm_max_hvt 
PLACE_optlc_11754         TIEH_HVT        saed90nm_max_hvt 
PLACE_optlc_11755         TIEH_HVT        saed90nm_max_hvt 
PLACE_optlc_11756         TIEH_HVT        saed90nm_max_hvt 
PLACE_optlc_11757         TIEH_HVT        saed90nm_max_hvt 
PLACE_optlc_11758         TIEH_HVT        saed90nm_max_hvt 
PLACE_optlc_11759         TIEH_HVT        saed90nm_max_hvt 
PLACE_optlc_1176          TIEL_HVT        saed90nm_max_hvt 
PLACE_optlc_11760         TIEH_HVT        saed90nm_max_hvt 
PLACE_optlc_11761         TIEH_HVT        saed90nm_max_hvt 
PLACE_optlc_11762         TIEH_HVT        saed90nm_max_hvt 
PLACE_optlc_11763         TIEH_HVT        saed90nm_max_hvt 
PLACE_optlc_11764         TIEH_HVT        saed90nm_max_hvt 
PLACE_optlc_11765         TIEH_HVT        saed90nm_max_hvt 
PLACE_optlc_11766         TIEH_HVT        saed90nm_max_hvt 
PLACE_optlc_11767         TIEH_HVT        saed90nm_max_hvt 
PLACE_optlc_11768         TIEH_HVT        saed90nm_max_hvt 
PLACE_optlc_11769         TIEH_HVT        saed90nm_max_hvt 
PLACE_optlc_1177          TIEL_HVT        saed90nm_max_hvt 
PLACE_optlc_11770         TIEH_HVT        saed90nm_max_hvt 
PLACE_optlc_11771         TIEH_HVT        saed90nm_max_hvt 
PLACE_optlc_11772         TIEH_HVT        saed90nm_max_hvt 
PLACE_optlc_11773         TIEH_HVT        saed90nm_max_hvt 
PLACE_optlc_11774         TIEH_HVT        saed90nm_max_hvt 
PLACE_optlc_11775         TIEH_HVT        saed90nm_max_hvt 
PLACE_optlc_11776         TIEH_HVT        saed90nm_max_hvt 
PLACE_optlc_11777         TIEH_HVT        saed90nm_max_hvt 
PLACE_optlc_11778         TIEH_HVT        saed90nm_max_hvt 
PLACE_optlc_11779         TIEH_HVT        saed90nm_max_hvt 
PLACE_optlc_1178          TIEL_HVT        saed90nm_max_hvt 
PLACE_optlc_11780         TIEH_HVT        saed90nm_max_hvt 
PLACE_optlc_11781         TIEH_HVT        saed90nm_max_hvt 
PLACE_optlc_11782         TIEH_HVT        saed90nm_max_hvt 
PLACE_optlc_11783         TIEH_HVT        saed90nm_max_hvt 
PLACE_optlc_11784         TIEH_HVT        saed90nm_max_hvt 
PLACE_optlc_11785         TIEH_HVT        saed90nm_max_hvt 
PLACE_optlc_11786         TIEH_HVT        saed90nm_max_hvt 
PLACE_optlc_11787         TIEH_HVT        saed90nm_max_hvt 
PLACE_optlc_11788         TIEH_HVT        saed90nm_max_hvt 
PLACE_optlc_11789         TIEH_HVT        saed90nm_max_hvt 
PLACE_optlc_1179          TIEL_HVT        saed90nm_max_hvt 
PLACE_optlc_11790         TIEH_HVT        saed90nm_max_hvt 
PLACE_optlc_11791         TIEH_HVT        saed90nm_max_hvt 
PLACE_optlc_11792         TIEH_HVT        saed90nm_max_hvt 
PLACE_optlc_11793         TIEH_HVT        saed90nm_max_hvt 
PLACE_optlc_11794         TIEH_HVT        saed90nm_max_hvt 
PLACE_optlc_11795         TIEH_HVT        saed90nm_max_hvt 
PLACE_optlc_11796         TIEH_HVT        saed90nm_max_hvt 
PLACE_optlc_11797         TIEH_HVT        saed90nm_max_hvt 
PLACE_optlc_11798         TIEH_HVT        saed90nm_max_hvt 
PLACE_optlc_11799         TIEH_HVT        saed90nm_max_hvt 
PLACE_optlc_118           TIEL_HVT        saed90nm_max_hvt 
PLACE_optlc_1180          TIEL_HVT        saed90nm_max_hvt 
PLACE_optlc_11800         TIEH_HVT        saed90nm_max_hvt 
PLACE_optlc_11801         TIEH_HVT        saed90nm_max_hvt 
PLACE_optlc_11802         TIEH_HVT        saed90nm_max_hvt 
PLACE_optlc_11803         TIEH_HVT        saed90nm_max_hvt 
PLACE_optlc_11804         TIEH_HVT        saed90nm_max_hvt 
PLACE_optlc_11805         TIEH_HVT        saed90nm_max_hvt 
PLACE_optlc_11806         TIEH_HVT        saed90nm_max_hvt 
PLACE_optlc_11807         TIEH_HVT        saed90nm_max_hvt 
PLACE_optlc_11808         TIEH_HVT        saed90nm_max_hvt 
PLACE_optlc_11809         TIEH_HVT        saed90nm_max_hvt 
PLACE_optlc_1181          TIEL_HVT        saed90nm_max_hvt 
PLACE_optlc_11810         TIEH_HVT        saed90nm_max_hvt 
PLACE_optlc_11811         TIEH_HVT        saed90nm_max_hvt 
PLACE_optlc_11812         TIEH_HVT        saed90nm_max_hvt 
PLACE_optlc_11813         TIEH_HVT        saed90nm_max_hvt 
PLACE_optlc_11814         TIEH_HVT        saed90nm_max_hvt 
PLACE_optlc_11815         TIEH_HVT        saed90nm_max_hvt 
PLACE_optlc_11816         TIEH_HVT        saed90nm_max_hvt 
PLACE_optlc_11817         TIEH_HVT        saed90nm_max_hvt 
PLACE_optlc_11818         TIEH_HVT        saed90nm_max_hvt 
PLACE_optlc_11819         TIEH_HVT        saed90nm_max_hvt 
PLACE_optlc_1182          TIEL_HVT        saed90nm_max_hvt 
PLACE_optlc_11820         TIEH_HVT        saed90nm_max_hvt 
PLACE_optlc_11821         TIEH_HVT        saed90nm_max_hvt 
PLACE_optlc_11822         TIEH_HVT        saed90nm_max_hvt 
PLACE_optlc_11823         TIEH_HVT        saed90nm_max_hvt 
PLACE_optlc_11824         TIEH_HVT        saed90nm_max_hvt 
PLACE_optlc_11825         TIEH_HVT        saed90nm_max_hvt 
PLACE_optlc_11826         TIEH_HVT        saed90nm_max_hvt 
PLACE_optlc_11827         TIEH_HVT        saed90nm_max_hvt 
PLACE_optlc_11828         TIEH_HVT        saed90nm_max_hvt 
PLACE_optlc_11829         TIEH_HVT        saed90nm_max_hvt 
PLACE_optlc_1183          TIEL_HVT        saed90nm_max_hvt 
PLACE_optlc_11830         TIEH_HVT        saed90nm_max_hvt 
PLACE_optlc_11831         TIEH_HVT        saed90nm_max_hvt 
PLACE_optlc_11832         TIEH_HVT        saed90nm_max_hvt 
PLACE_optlc_11833         TIEH_HVT        saed90nm_max_hvt 
PLACE_optlc_11834         TIEH_HVT        saed90nm_max_hvt 
PLACE_optlc_11835         TIEH_HVT        saed90nm_max_hvt 
PLACE_optlc_11836         TIEH_HVT        saed90nm_max_hvt 
PLACE_optlc_11837         TIEH_HVT        saed90nm_max_hvt 
PLACE_optlc_11838         TIEH_HVT        saed90nm_max_hvt 
PLACE_optlc_11839         TIEH_HVT        saed90nm_max_hvt 
PLACE_optlc_1184          TIEL_HVT        saed90nm_max_hvt 
PLACE_optlc_11840         TIEH_HVT        saed90nm_max_hvt 
PLACE_optlc_11841         TIEH_HVT        saed90nm_max_hvt 
PLACE_optlc_11842         TIEH_HVT        saed90nm_max_hvt 
PLACE_optlc_11843         TIEH_HVT        saed90nm_max_hvt 
PLACE_optlc_11844         TIEH_HVT        saed90nm_max_hvt 
PLACE_optlc_11845         TIEH_HVT        saed90nm_max_hvt 
PLACE_optlc_11846         TIEH_HVT        saed90nm_max_hvt 
PLACE_optlc_11847         TIEH_HVT        saed90nm_max_hvt 
PLACE_optlc_11848         TIEH_HVT        saed90nm_max_hvt 
PLACE_optlc_11849         TIEH_HVT        saed90nm_max_hvt 
PLACE_optlc_1185          TIEL_HVT        saed90nm_max_hvt 
PLACE_optlc_11850         TIEH_HVT        saed90nm_max_hvt 
PLACE_optlc_11851         TIEH_HVT        saed90nm_max_hvt 
PLACE_optlc_11852         TIEH_HVT        saed90nm_max_hvt 
PLACE_optlc_11853         TIEH_HVT        saed90nm_max_hvt 
PLACE_optlc_11854         TIEH_HVT        saed90nm_max_hvt 
PLACE_optlc_11855         TIEH_HVT        saed90nm_max_hvt 
PLACE_optlc_11856         TIEH_HVT        saed90nm_max_hvt 
PLACE_optlc_11857         TIEH_HVT        saed90nm_max_hvt 
PLACE_optlc_11858         TIEH_HVT        saed90nm_max_hvt 
PLACE_optlc_11859         TIEH_HVT        saed90nm_max_hvt 
PLACE_optlc_1186          TIEL_HVT        saed90nm_max_hvt 
PLACE_optlc_11860         TIEH_HVT        saed90nm_max_hvt 
PLACE_optlc_11861         TIEH_HVT        saed90nm_max_hvt 
PLACE_optlc_11862         TIEH_HVT        saed90nm_max_hvt 
PLACE_optlc_11863         TIEH_HVT        saed90nm_max_hvt 
PLACE_optlc_11864         TIEH_HVT        saed90nm_max_hvt 
PLACE_optlc_11865         TIEH_HVT        saed90nm_max_hvt 
PLACE_optlc_11866         TIEH_HVT        saed90nm_max_hvt 
PLACE_optlc_11867         TIEH_HVT        saed90nm_max_hvt 
PLACE_optlc_11868         TIEH_HVT        saed90nm_max_hvt 
PLACE_optlc_11869         TIEH_HVT        saed90nm_max_hvt 
PLACE_optlc_1187          TIEL_HVT        saed90nm_max_hvt 
PLACE_optlc_11870         TIEH_HVT        saed90nm_max_hvt 
PLACE_optlc_11871         TIEH_HVT        saed90nm_max_hvt 
PLACE_optlc_11872         TIEH_HVT        saed90nm_max_hvt 
PLACE_optlc_11873         TIEH_HVT        saed90nm_max_hvt 
PLACE_optlc_11874         TIEH_HVT        saed90nm_max_hvt 
PLACE_optlc_11875         TIEH_HVT        saed90nm_max_hvt 
PLACE_optlc_11876         TIEH_HVT        saed90nm_max_hvt 
PLACE_optlc_11877         TIEH_HVT        saed90nm_max_hvt 
PLACE_optlc_11878         TIEH_HVT        saed90nm_max_hvt 
PLACE_optlc_11879         TIEH_HVT        saed90nm_max_hvt 
PLACE_optlc_1188          TIEL_HVT        saed90nm_max_hvt 
PLACE_optlc_11880         TIEH_HVT        saed90nm_max_hvt 
PLACE_optlc_11881         TIEH_HVT        saed90nm_max_hvt 
PLACE_optlc_11882         TIEH_HVT        saed90nm_max_hvt 
PLACE_optlc_11883         TIEH_HVT        saed90nm_max_hvt 
PLACE_optlc_11884         TIEH_HVT        saed90nm_max_hvt 
PLACE_optlc_11885         TIEH_HVT        saed90nm_max_hvt 
PLACE_optlc_11886         TIEH_HVT        saed90nm_max_hvt 
PLACE_optlc_11887         TIEH_HVT        saed90nm_max_hvt 
PLACE_optlc_11888         TIEH_HVT        saed90nm_max_hvt 
PLACE_optlc_11889         TIEH_HVT        saed90nm_max_hvt 
PLACE_optlc_1189          TIEL_HVT        saed90nm_max_hvt 
PLACE_optlc_11890         TIEH_HVT        saed90nm_max_hvt 
PLACE_optlc_11891         TIEH_HVT        saed90nm_max_hvt 
PLACE_optlc_11892         TIEH_HVT        saed90nm_max_hvt 
PLACE_optlc_11893         TIEH_HVT        saed90nm_max_hvt 
PLACE_optlc_11894         TIEH_HVT        saed90nm_max_hvt 
PLACE_optlc_11895         TIEH_HVT        saed90nm_max_hvt 
PLACE_optlc_11896         TIEH_HVT        saed90nm_max_hvt 
PLACE_optlc_11897         TIEH_HVT        saed90nm_max_hvt 
PLACE_optlc_11898         TIEH_HVT        saed90nm_max_hvt 
PLACE_optlc_11899         TIEH_HVT        saed90nm_max_hvt 
PLACE_optlc_119           TIEL_HVT        saed90nm_max_hvt 
PLACE_optlc_1190          TIEL_HVT        saed90nm_max_hvt 
PLACE_optlc_11900         TIEH_HVT        saed90nm_max_hvt 
PLACE_optlc_11901         TIEH_HVT        saed90nm_max_hvt 
PLACE_optlc_11902         TIEH_HVT        saed90nm_max_hvt 
PLACE_optlc_11903         TIEH_HVT        saed90nm_max_hvt 
PLACE_optlc_11904         TIEH_HVT        saed90nm_max_hvt 
PLACE_optlc_11905         TIEH_HVT        saed90nm_max_hvt 
PLACE_optlc_11906         TIEH_HVT        saed90nm_max_hvt 
PLACE_optlc_11907         TIEH_HVT        saed90nm_max_hvt 
PLACE_optlc_11908         TIEH_HVT        saed90nm_max_hvt 
PLACE_optlc_11909         TIEH_HVT        saed90nm_max_hvt 
PLACE_optlc_1191          TIEL_HVT        saed90nm_max_hvt 
PLACE_optlc_11910         TIEH_HVT        saed90nm_max_hvt 
PLACE_optlc_11911         TIEH_HVT        saed90nm_max_hvt 
PLACE_optlc_11912         TIEH_HVT        saed90nm_max_hvt 
PLACE_optlc_11913         TIEH_HVT        saed90nm_max_hvt 
PLACE_optlc_11914         TIEH_HVT        saed90nm_max_hvt 
PLACE_optlc_11915         TIEH_HVT        saed90nm_max_hvt 
PLACE_optlc_11916         TIEH_HVT        saed90nm_max_hvt 
PLACE_optlc_11917         TIEH_HVT        saed90nm_max_hvt 
PLACE_optlc_11918         TIEH_HVT        saed90nm_max_hvt 
PLACE_optlc_11919         TIEH_HVT        saed90nm_max_hvt 
PLACE_optlc_1192          TIEL_HVT        saed90nm_max_hvt 
PLACE_optlc_11920         TIEH_HVT        saed90nm_max_hvt 
PLACE_optlc_11921         TIEH_HVT        saed90nm_max_hvt 
PLACE_optlc_11922         TIEH_HVT        saed90nm_max_hvt 
PLACE_optlc_11923         TIEH_HVT        saed90nm_max_hvt 
PLACE_optlc_11924         TIEH_HVT        saed90nm_max_hvt 
PLACE_optlc_11925         TIEH_HVT        saed90nm_max_hvt 
PLACE_optlc_11926         TIEH_HVT        saed90nm_max_hvt 
PLACE_optlc_11927         TIEH_HVT        saed90nm_max_hvt 
PLACE_optlc_11928         TIEH_HVT        saed90nm_max_hvt 
PLACE_optlc_11929         TIEH_HVT        saed90nm_max_hvt 
PLACE_optlc_1193          TIEL_HVT        saed90nm_max_hvt 
PLACE_optlc_11930         TIEH_HVT        saed90nm_max_hvt 
PLACE_optlc_11931         TIEH_HVT        saed90nm_max_hvt 
PLACE_optlc_11932         TIEH_HVT        saed90nm_max_hvt 
PLACE_optlc_11933         TIEH_HVT        saed90nm_max_hvt 
PLACE_optlc_11934         TIEH_HVT        saed90nm_max_hvt 
PLACE_optlc_11935         TIEH_HVT        saed90nm_max_hvt 
PLACE_optlc_11936         TIEH_HVT        saed90nm_max_hvt 
PLACE_optlc_11937         TIEH_HVT        saed90nm_max_hvt 
PLACE_optlc_11938         TIEH_HVT        saed90nm_max_hvt 
PLACE_optlc_11939         TIEH_HVT        saed90nm_max_hvt 
PLACE_optlc_1194          TIEL_HVT        saed90nm_max_hvt 
PLACE_optlc_11940         TIEH_HVT        saed90nm_max_hvt 
PLACE_optlc_11941         TIEH_HVT        saed90nm_max_hvt 
PLACE_optlc_11942         TIEH_HVT        saed90nm_max_hvt 
PLACE_optlc_11943         TIEH_HVT        saed90nm_max_hvt 
PLACE_optlc_11944         TIEH_HVT        saed90nm_max_hvt 
PLACE_optlc_11945         TIEH_HVT        saed90nm_max_hvt 
PLACE_optlc_11946         TIEH_HVT        saed90nm_max_hvt 
PLACE_optlc_11947         TIEH_HVT        saed90nm_max_hvt 
PLACE_optlc_11948         TIEH_HVT        saed90nm_max_hvt 
PLACE_optlc_11949         TIEH_HVT        saed90nm_max_hvt 
PLACE_optlc_1195          TIEL_HVT        saed90nm_max_hvt 
PLACE_optlc_11950         TIEH_HVT        saed90nm_max_hvt 
PLACE_optlc_11951         TIEH_HVT        saed90nm_max_hvt 
PLACE_optlc_11952         TIEH_HVT        saed90nm_max_hvt 
PLACE_optlc_11953         TIEH_HVT        saed90nm_max_hvt 
PLACE_optlc_11954         TIEH_HVT        saed90nm_max_hvt 
PLACE_optlc_11955         TIEH_HVT        saed90nm_max_hvt 
PLACE_optlc_11956         TIEH_HVT        saed90nm_max_hvt 
PLACE_optlc_11957         TIEH_HVT        saed90nm_max_hvt 
PLACE_optlc_11958         TIEH_HVT        saed90nm_max_hvt 
PLACE_optlc_11959         TIEH_HVT        saed90nm_max_hvt 
PLACE_optlc_1196          TIEL_HVT        saed90nm_max_hvt 
PLACE_optlc_11960         TIEH_HVT        saed90nm_max_hvt 
PLACE_optlc_11961         TIEH_HVT        saed90nm_max_hvt 
PLACE_optlc_11962         TIEH_HVT        saed90nm_max_hvt 
PLACE_optlc_11963         TIEH_HVT        saed90nm_max_hvt 
PLACE_optlc_11964         TIEH_HVT        saed90nm_max_hvt 
PLACE_optlc_11965         TIEH_HVT        saed90nm_max_hvt 
PLACE_optlc_11966         TIEH_HVT        saed90nm_max_hvt 
PLACE_optlc_11967         TIEH_HVT        saed90nm_max_hvt 
PLACE_optlc_11968         TIEH_HVT        saed90nm_max_hvt 
PLACE_optlc_11969         TIEH_HVT        saed90nm_max_hvt 
PLACE_optlc_1197          TIEL_HVT        saed90nm_max_hvt 
PLACE_optlc_11970         TIEH_HVT        saed90nm_max_hvt 
PLACE_optlc_11971         TIEH_HVT        saed90nm_max_hvt 
PLACE_optlc_11972         TIEH_HVT        saed90nm_max_hvt 
PLACE_optlc_11973         TIEH_HVT        saed90nm_max_hvt 
PLACE_optlc_11974         TIEH_HVT        saed90nm_max_hvt 
PLACE_optlc_11975         TIEH_HVT        saed90nm_max_hvt 
PLACE_optlc_11976         TIEH_HVT        saed90nm_max_hvt 
PLACE_optlc_11977         TIEH_HVT        saed90nm_max_hvt 
PLACE_optlc_11978         TIEH_HVT        saed90nm_max_hvt 
PLACE_optlc_11979         TIEH_HVT        saed90nm_max_hvt 
PLACE_optlc_1198          TIEL_HVT        saed90nm_max_hvt 
PLACE_optlc_11980         TIEH_HVT        saed90nm_max_hvt 
PLACE_optlc_11981         TIEH_HVT        saed90nm_max_hvt 
PLACE_optlc_11982         TIEH_HVT        saed90nm_max_hvt 
PLACE_optlc_11983         TIEH_HVT        saed90nm_max_hvt 
PLACE_optlc_11984         TIEH_HVT        saed90nm_max_hvt 
PLACE_optlc_11985         TIEH_HVT        saed90nm_max_hvt 
PLACE_optlc_11986         TIEH_HVT        saed90nm_max_hvt 
PLACE_optlc_11987         TIEH_HVT        saed90nm_max_hvt 
PLACE_optlc_11988         TIEH_HVT        saed90nm_max_hvt 
PLACE_optlc_11989         TIEH_HVT        saed90nm_max_hvt 
PLACE_optlc_1199          TIEL_HVT        saed90nm_max_hvt 
PLACE_optlc_11990         TIEH_HVT        saed90nm_max_hvt 
PLACE_optlc_11991         TIEH_HVT        saed90nm_max_hvt 
PLACE_optlc_11992         TIEH_HVT        saed90nm_max_hvt 
PLACE_optlc_11993         TIEH_HVT        saed90nm_max_hvt 
PLACE_optlc_11994         TIEH_HVT        saed90nm_max_hvt 
PLACE_optlc_11995         TIEH_HVT        saed90nm_max_hvt 
PLACE_optlc_11996         TIEH_HVT        saed90nm_max_hvt 
PLACE_optlc_11997         TIEH_HVT        saed90nm_max_hvt 
PLACE_optlc_11998         TIEH_HVT        saed90nm_max_hvt 
PLACE_optlc_11999         TIEH_HVT        saed90nm_max_hvt 
PLACE_optlc_120           TIEL_HVT        saed90nm_max_hvt 
PLACE_optlc_1200          TIEL_HVT        saed90nm_max_hvt 
PLACE_optlc_12000         TIEH_HVT        saed90nm_max_hvt 
PLACE_optlc_12001         TIEH_HVT        saed90nm_max_hvt 
PLACE_optlc_12002         TIEH_HVT        saed90nm_max_hvt 
PLACE_optlc_12003         TIEH_HVT        saed90nm_max_hvt 
PLACE_optlc_12004         TIEH_HVT        saed90nm_max_hvt 
PLACE_optlc_12005         TIEH_HVT        saed90nm_max_hvt 
PLACE_optlc_12006         TIEH_HVT        saed90nm_max_hvt 
PLACE_optlc_12007         TIEH_HVT        saed90nm_max_hvt 
PLACE_optlc_12008         TIEH_HVT        saed90nm_max_hvt 
PLACE_optlc_12009         TIEH_HVT        saed90nm_max_hvt 
PLACE_optlc_1201          TIEL_HVT        saed90nm_max_hvt 
PLACE_optlc_12010         TIEH_HVT        saed90nm_max_hvt 
PLACE_optlc_12011         TIEH_HVT        saed90nm_max_hvt 
PLACE_optlc_12012         TIEH_HVT        saed90nm_max_hvt 
PLACE_optlc_12013         TIEH_HVT        saed90nm_max_hvt 
PLACE_optlc_12014         TIEH_HVT        saed90nm_max_hvt 
PLACE_optlc_12015         TIEH_HVT        saed90nm_max_hvt 
PLACE_optlc_12016         TIEH_HVT        saed90nm_max_hvt 
PLACE_optlc_12017         TIEH_HVT        saed90nm_max_hvt 
PLACE_optlc_12018         TIEH_HVT        saed90nm_max_hvt 
PLACE_optlc_12019         TIEH_HVT        saed90nm_max_hvt 
PLACE_optlc_1202          TIEL_HVT        saed90nm_max_hvt 
PLACE_optlc_12020         TIEH_HVT        saed90nm_max_hvt 
PLACE_optlc_12021         TIEH_HVT        saed90nm_max_hvt 
PLACE_optlc_12022         TIEH_HVT        saed90nm_max_hvt 
PLACE_optlc_12023         TIEH_HVT        saed90nm_max_hvt 
PLACE_optlc_12024         TIEH_HVT        saed90nm_max_hvt 
PLACE_optlc_12025         TIEH_HVT        saed90nm_max_hvt 
PLACE_optlc_12026         TIEH_HVT        saed90nm_max_hvt 
PLACE_optlc_12027         TIEH_HVT        saed90nm_max_hvt 
PLACE_optlc_12028         TIEH_HVT        saed90nm_max_hvt 
PLACE_optlc_12029         TIEH_HVT        saed90nm_max_hvt 
PLACE_optlc_1203          TIEL_HVT        saed90nm_max_hvt 
PLACE_optlc_12030         TIEH_HVT        saed90nm_max_hvt 
PLACE_optlc_12031         TIEH_HVT        saed90nm_max_hvt 
PLACE_optlc_12032         TIEH_HVT        saed90nm_max_hvt 
PLACE_optlc_12033         TIEH_HVT        saed90nm_max_hvt 
PLACE_optlc_12034         TIEH_HVT        saed90nm_max_hvt 
PLACE_optlc_12035         TIEH_HVT        saed90nm_max_hvt 
PLACE_optlc_12036         TIEH_HVT        saed90nm_max_hvt 
PLACE_optlc_12037         TIEH_HVT        saed90nm_max_hvt 
PLACE_optlc_12038         TIEH_HVT        saed90nm_max_hvt 
PLACE_optlc_12039         TIEH_HVT        saed90nm_max_hvt 
PLACE_optlc_1204          TIEL_HVT        saed90nm_max_hvt 
PLACE_optlc_12040         TIEH_HVT        saed90nm_max_hvt 
PLACE_optlc_12041         TIEH_HVT        saed90nm_max_hvt 
PLACE_optlc_12042         TIEH_HVT        saed90nm_max_hvt 
PLACE_optlc_12043         TIEH_HVT        saed90nm_max_hvt 
PLACE_optlc_12044         TIEH_HVT        saed90nm_max_hvt 
PLACE_optlc_12045         TIEH_HVT        saed90nm_max_hvt 
PLACE_optlc_12046         TIEH_HVT        saed90nm_max_hvt 
PLACE_optlc_12047         TIEH_HVT        saed90nm_max_hvt 
PLACE_optlc_12048         TIEH_HVT        saed90nm_max_hvt 
PLACE_optlc_12049         TIEH_HVT        saed90nm_max_hvt 
PLACE_optlc_1205          TIEL_HVT        saed90nm_max_hvt 
PLACE_optlc_12050         TIEH_HVT        saed90nm_max_hvt 
PLACE_optlc_12051         TIEH_HVT        saed90nm_max_hvt 
PLACE_optlc_12052         TIEH_HVT        saed90nm_max_hvt 
PLACE_optlc_12053         TIEH_HVT        saed90nm_max_hvt 
PLACE_optlc_12054         TIEH_HVT        saed90nm_max_hvt 
PLACE_optlc_12055         TIEH_HVT        saed90nm_max_hvt 
PLACE_optlc_12056         TIEH_HVT        saed90nm_max_hvt 
PLACE_optlc_12057         TIEH_HVT        saed90nm_max_hvt 
PLACE_optlc_12058         TIEH_HVT        saed90nm_max_hvt 
PLACE_optlc_12059         TIEH_HVT        saed90nm_max_hvt 
PLACE_optlc_1206          TIEL_HVT        saed90nm_max_hvt 
PLACE_optlc_12060         TIEH_HVT        saed90nm_max_hvt 
PLACE_optlc_12061         TIEH_HVT        saed90nm_max_hvt 
PLACE_optlc_12062         TIEH_HVT        saed90nm_max_hvt 
PLACE_optlc_12063         TIEH_HVT        saed90nm_max_hvt 
PLACE_optlc_12064         TIEH_HVT        saed90nm_max_hvt 
PLACE_optlc_12065         TIEH_HVT        saed90nm_max_hvt 
PLACE_optlc_12066         TIEH_HVT        saed90nm_max_hvt 
PLACE_optlc_12067         TIEH_HVT        saed90nm_max_hvt 
PLACE_optlc_12068         TIEH_HVT        saed90nm_max_hvt 
PLACE_optlc_12069         TIEH_HVT        saed90nm_max_hvt 
PLACE_optlc_1207          TIEL_HVT        saed90nm_max_hvt 
PLACE_optlc_12070         TIEH_HVT        saed90nm_max_hvt 
PLACE_optlc_12071         TIEH_HVT        saed90nm_max_hvt 
PLACE_optlc_12072         TIEH_HVT        saed90nm_max_hvt 
PLACE_optlc_12073         TIEH_HVT        saed90nm_max_hvt 
PLACE_optlc_12074         TIEH_HVT        saed90nm_max_hvt 
PLACE_optlc_12075         TIEH_HVT        saed90nm_max_hvt 
PLACE_optlc_12076         TIEH_HVT        saed90nm_max_hvt 
PLACE_optlc_12077         TIEH_HVT        saed90nm_max_hvt 
PLACE_optlc_12078         TIEH_HVT        saed90nm_max_hvt 
PLACE_optlc_12079         TIEH_HVT        saed90nm_max_hvt 
PLACE_optlc_1208          TIEL_HVT        saed90nm_max_hvt 
PLACE_optlc_12080         TIEH_HVT        saed90nm_max_hvt 
PLACE_optlc_12081         TIEH_HVT        saed90nm_max_hvt 
PLACE_optlc_12082         TIEH_HVT        saed90nm_max_hvt 
PLACE_optlc_12083         TIEH_HVT        saed90nm_max_hvt 
PLACE_optlc_12084         TIEH_HVT        saed90nm_max_hvt 
PLACE_optlc_12085         TIEH_HVT        saed90nm_max_hvt 
PLACE_optlc_12086         TIEH_HVT        saed90nm_max_hvt 
PLACE_optlc_12087         TIEH_HVT        saed90nm_max_hvt 
PLACE_optlc_12088         TIEH_HVT        saed90nm_max_hvt 
PLACE_optlc_12089         TIEH_HVT        saed90nm_max_hvt 
PLACE_optlc_1209          TIEL_HVT        saed90nm_max_hvt 
PLACE_optlc_12090         TIEH_HVT        saed90nm_max_hvt 
PLACE_optlc_12091         TIEH_HVT        saed90nm_max_hvt 
PLACE_optlc_12092         TIEH_HVT        saed90nm_max_hvt 
PLACE_optlc_12093         TIEH_HVT        saed90nm_max_hvt 
PLACE_optlc_12094         TIEH_HVT        saed90nm_max_hvt 
PLACE_optlc_12095         TIEH_HVT        saed90nm_max_hvt 
PLACE_optlc_12096         TIEH_HVT        saed90nm_max_hvt 
PLACE_optlc_12097         TIEH_HVT        saed90nm_max_hvt 
PLACE_optlc_12098         TIEH_HVT        saed90nm_max_hvt 
PLACE_optlc_12099         TIEH_HVT        saed90nm_max_hvt 
PLACE_optlc_121           TIEL_HVT        saed90nm_max_hvt 
PLACE_optlc_1210          TIEL_HVT        saed90nm_max_hvt 
PLACE_optlc_12100         TIEH_HVT        saed90nm_max_hvt 
PLACE_optlc_12101         TIEH_HVT        saed90nm_max_hvt 
PLACE_optlc_12102         TIEH_HVT        saed90nm_max_hvt 
PLACE_optlc_12103         TIEH_HVT        saed90nm_max_hvt 
PLACE_optlc_12104         TIEH_HVT        saed90nm_max_hvt 
PLACE_optlc_12105         TIEH_HVT        saed90nm_max_hvt 
PLACE_optlc_12106         TIEH_HVT        saed90nm_max_hvt 
PLACE_optlc_12107         TIEH_HVT        saed90nm_max_hvt 
PLACE_optlc_12108         TIEH_HVT        saed90nm_max_hvt 
PLACE_optlc_12109         TIEH_HVT        saed90nm_max_hvt 
PLACE_optlc_1211          TIEL_HVT        saed90nm_max_hvt 
PLACE_optlc_12110         TIEH_HVT        saed90nm_max_hvt 
PLACE_optlc_12111         TIEH_HVT        saed90nm_max_hvt 
PLACE_optlc_12112         TIEH_HVT        saed90nm_max_hvt 
PLACE_optlc_12113         TIEH_HVT        saed90nm_max_hvt 
PLACE_optlc_12114         TIEH_HVT        saed90nm_max_hvt 
PLACE_optlc_12115         TIEH_HVT        saed90nm_max_hvt 
PLACE_optlc_12116         TIEH_HVT        saed90nm_max_hvt 
PLACE_optlc_12117         TIEH_HVT        saed90nm_max_hvt 
PLACE_optlc_12118         TIEH_HVT        saed90nm_max_hvt 
PLACE_optlc_12119         TIEH_HVT        saed90nm_max_hvt 
PLACE_optlc_1212          TIEL_HVT        saed90nm_max_hvt 
PLACE_optlc_12120         TIEH_HVT        saed90nm_max_hvt 
PLACE_optlc_12121         TIEH_HVT        saed90nm_max_hvt 
PLACE_optlc_12122         TIEH_HVT        saed90nm_max_hvt 
PLACE_optlc_12123         TIEH_HVT        saed90nm_max_hvt 
PLACE_optlc_12124         TIEH_HVT        saed90nm_max_hvt 
PLACE_optlc_12125         TIEH_HVT        saed90nm_max_hvt 
PLACE_optlc_12126         TIEH_HVT        saed90nm_max_hvt 
PLACE_optlc_12127         TIEH_HVT        saed90nm_max_hvt 
PLACE_optlc_12128         TIEH_HVT        saed90nm_max_hvt 
PLACE_optlc_12129         TIEH_HVT        saed90nm_max_hvt 
PLACE_optlc_1213          TIEL_HVT        saed90nm_max_hvt 
PLACE_optlc_12130         TIEH_HVT        saed90nm_max_hvt 
PLACE_optlc_12131         TIEH_HVT        saed90nm_max_hvt 
PLACE_optlc_12132         TIEH_HVT        saed90nm_max_hvt 
PLACE_optlc_12133         TIEH_HVT        saed90nm_max_hvt 
PLACE_optlc_12134         TIEH_HVT        saed90nm_max_hvt 
PLACE_optlc_12135         TIEH_HVT        saed90nm_max_hvt 
PLACE_optlc_12136         TIEH_HVT        saed90nm_max_hvt 
PLACE_optlc_12137         TIEH_HVT        saed90nm_max_hvt 
PLACE_optlc_12138         TIEH_HVT        saed90nm_max_hvt 
PLACE_optlc_12139         TIEH_HVT        saed90nm_max_hvt 
PLACE_optlc_1214          TIEL_HVT        saed90nm_max_hvt 
PLACE_optlc_12140         TIEH_HVT        saed90nm_max_hvt 
PLACE_optlc_12141         TIEH_HVT        saed90nm_max_hvt 
PLACE_optlc_12142         TIEH_HVT        saed90nm_max_hvt 
PLACE_optlc_12143         TIEH_HVT        saed90nm_max_hvt 
PLACE_optlc_12144         TIEH_HVT        saed90nm_max_hvt 
PLACE_optlc_12145         TIEH_HVT        saed90nm_max_hvt 
PLACE_optlc_12146         TIEH_HVT        saed90nm_max_hvt 
PLACE_optlc_12147         TIEH_HVT        saed90nm_max_hvt 
PLACE_optlc_12148         TIEH_HVT        saed90nm_max_hvt 
PLACE_optlc_12149         TIEH_HVT        saed90nm_max_hvt 
PLACE_optlc_1215          TIEL_HVT        saed90nm_max_hvt 
PLACE_optlc_12150         TIEH_HVT        saed90nm_max_hvt 
PLACE_optlc_12151         TIEH_HVT        saed90nm_max_hvt 
PLACE_optlc_12152         TIEH_HVT        saed90nm_max_hvt 
PLACE_optlc_12153         TIEH_HVT        saed90nm_max_hvt 
PLACE_optlc_12154         TIEH_HVT        saed90nm_max_hvt 
PLACE_optlc_12155         TIEH_HVT        saed90nm_max_hvt 
PLACE_optlc_12156         TIEH_HVT        saed90nm_max_hvt 
PLACE_optlc_12157         TIEH_HVT        saed90nm_max_hvt 
PLACE_optlc_12158         TIEH_HVT        saed90nm_max_hvt 
PLACE_optlc_12159         TIEH_HVT        saed90nm_max_hvt 
PLACE_optlc_1216          TIEL_HVT        saed90nm_max_hvt 
PLACE_optlc_12160         TIEH_HVT        saed90nm_max_hvt 
PLACE_optlc_12161         TIEH_HVT        saed90nm_max_hvt 
PLACE_optlc_12162         TIEH_HVT        saed90nm_max_hvt 
PLACE_optlc_12163         TIEH_HVT        saed90nm_max_hvt 
PLACE_optlc_12164         TIEH_HVT        saed90nm_max_hvt 
PLACE_optlc_12165         TIEH_HVT        saed90nm_max_hvt 
PLACE_optlc_12166         TIEH_HVT        saed90nm_max_hvt 
PLACE_optlc_12167         TIEH_HVT        saed90nm_max_hvt 
PLACE_optlc_12168         TIEH_HVT        saed90nm_max_hvt 
PLACE_optlc_12169         TIEH_HVT        saed90nm_max_hvt 
PLACE_optlc_1217          TIEL_HVT        saed90nm_max_hvt 
PLACE_optlc_12170         TIEH_HVT        saed90nm_max_hvt 
PLACE_optlc_12171         TIEH_HVT        saed90nm_max_hvt 
PLACE_optlc_12172         TIEH_HVT        saed90nm_max_hvt 
PLACE_optlc_12173         TIEH_HVT        saed90nm_max_hvt 
PLACE_optlc_12174         TIEH_HVT        saed90nm_max_hvt 
PLACE_optlc_12175         TIEH_HVT        saed90nm_max_hvt 
PLACE_optlc_12176         TIEH_HVT        saed90nm_max_hvt 
PLACE_optlc_12177         TIEH_HVT        saed90nm_max_hvt 
PLACE_optlc_12178         TIEH_HVT        saed90nm_max_hvt 
PLACE_optlc_12179         TIEH_HVT        saed90nm_max_hvt 
PLACE_optlc_1218          TIEL_HVT        saed90nm_max_hvt 
PLACE_optlc_12180         TIEH_HVT        saed90nm_max_hvt 
PLACE_optlc_12181         TIEH_HVT        saed90nm_max_hvt 
PLACE_optlc_12182         TIEH_HVT        saed90nm_max_hvt 
PLACE_optlc_12183         TIEH_HVT        saed90nm_max_hvt 
PLACE_optlc_12184         TIEH_HVT        saed90nm_max_hvt 
PLACE_optlc_12185         TIEH_HVT        saed90nm_max_hvt 
PLACE_optlc_12186         TIEH_HVT        saed90nm_max_hvt 
PLACE_optlc_12187         TIEH_HVT        saed90nm_max_hvt 
PLACE_optlc_12188         TIEH_HVT        saed90nm_max_hvt 
PLACE_optlc_12189         TIEH_HVT        saed90nm_max_hvt 
PLACE_optlc_1219          TIEL_HVT        saed90nm_max_hvt 
PLACE_optlc_12190         TIEH_HVT        saed90nm_max_hvt 
PLACE_optlc_12191         TIEH_HVT        saed90nm_max_hvt 
PLACE_optlc_12192         TIEH_HVT        saed90nm_max_hvt 
PLACE_optlc_12193         TIEH_HVT        saed90nm_max_hvt 
PLACE_optlc_12194         TIEH_HVT        saed90nm_max_hvt 
PLACE_optlc_12195         TIEH_HVT        saed90nm_max_hvt 
PLACE_optlc_12196         TIEH_HVT        saed90nm_max_hvt 
PLACE_optlc_12197         TIEH_HVT        saed90nm_max_hvt 
PLACE_optlc_12198         TIEH_HVT        saed90nm_max_hvt 
PLACE_optlc_12199         TIEH_HVT        saed90nm_max_hvt 
PLACE_optlc_122           TIEL_HVT        saed90nm_max_hvt 
PLACE_optlc_1220          TIEL_HVT        saed90nm_max_hvt 
PLACE_optlc_12200         TIEH_HVT        saed90nm_max_hvt 
PLACE_optlc_12201         TIEH_HVT        saed90nm_max_hvt 
PLACE_optlc_12202         TIEH_HVT        saed90nm_max_hvt 
PLACE_optlc_12203         TIEH_HVT        saed90nm_max_hvt 
PLACE_optlc_12204         TIEH_HVT        saed90nm_max_hvt 
PLACE_optlc_12205         TIEH_HVT        saed90nm_max_hvt 
PLACE_optlc_12206         TIEH_HVT        saed90nm_max_hvt 
PLACE_optlc_12207         TIEH_HVT        saed90nm_max_hvt 
PLACE_optlc_12208         TIEH_HVT        saed90nm_max_hvt 
PLACE_optlc_12209         TIEH_HVT        saed90nm_max_hvt 
PLACE_optlc_1221          TIEL_HVT        saed90nm_max_hvt 
PLACE_optlc_12210         TIEH_HVT        saed90nm_max_hvt 
PLACE_optlc_12211         TIEH_HVT        saed90nm_max_hvt 
PLACE_optlc_12212         TIEH_HVT        saed90nm_max_hvt 
PLACE_optlc_12213         TIEH_HVT        saed90nm_max_hvt 
PLACE_optlc_12214         TIEH_HVT        saed90nm_max_hvt 
PLACE_optlc_12215         TIEH_HVT        saed90nm_max_hvt 
PLACE_optlc_12216         TIEH_HVT        saed90nm_max_hvt 
PLACE_optlc_12217         TIEH_HVT        saed90nm_max_hvt 
PLACE_optlc_12218         TIEH_HVT        saed90nm_max_hvt 
PLACE_optlc_12219         TIEH_HVT        saed90nm_max_hvt 
PLACE_optlc_1222          TIEL_HVT        saed90nm_max_hvt 
PLACE_optlc_12220         TIEH_HVT        saed90nm_max_hvt 
PLACE_optlc_12221         TIEH_HVT        saed90nm_max_hvt 
PLACE_optlc_12222         TIEH_HVT        saed90nm_max_hvt 
PLACE_optlc_12223         TIEH_HVT        saed90nm_max_hvt 
PLACE_optlc_12224         TIEH_HVT        saed90nm_max_hvt 
PLACE_optlc_12225         TIEH_HVT        saed90nm_max_hvt 
PLACE_optlc_12226         TIEH_HVT        saed90nm_max_hvt 
PLACE_optlc_12227         TIEH_HVT        saed90nm_max_hvt 
PLACE_optlc_12228         TIEH_HVT        saed90nm_max_hvt 
PLACE_optlc_12229         TIEH_HVT        saed90nm_max_hvt 
PLACE_optlc_1223          TIEL_HVT        saed90nm_max_hvt 
PLACE_optlc_12230         TIEH_HVT        saed90nm_max_hvt 
PLACE_optlc_12231         TIEH_HVT        saed90nm_max_hvt 
PLACE_optlc_12232         TIEH_HVT        saed90nm_max_hvt 
PLACE_optlc_12233         TIEH_HVT        saed90nm_max_hvt 
PLACE_optlc_12234         TIEH_HVT        saed90nm_max_hvt 
PLACE_optlc_12235         TIEH_HVT        saed90nm_max_hvt 
PLACE_optlc_12236         TIEH_HVT        saed90nm_max_hvt 
PLACE_optlc_12237         TIEH_HVT        saed90nm_max_hvt 
PLACE_optlc_12238         TIEH_HVT        saed90nm_max_hvt 
PLACE_optlc_12239         TIEH_HVT        saed90nm_max_hvt 
PLACE_optlc_1224          TIEL_HVT        saed90nm_max_hvt 
PLACE_optlc_12240         TIEH_HVT        saed90nm_max_hvt 
PLACE_optlc_12241         TIEH_HVT        saed90nm_max_hvt 
PLACE_optlc_12242         TIEH_HVT        saed90nm_max_hvt 
PLACE_optlc_12243         TIEH_HVT        saed90nm_max_hvt 
PLACE_optlc_12244         TIEH_HVT        saed90nm_max_hvt 
PLACE_optlc_12245         TIEH_HVT        saed90nm_max_hvt 
PLACE_optlc_12246         TIEH_HVT        saed90nm_max_hvt 
PLACE_optlc_12247         TIEH_HVT        saed90nm_max_hvt 
PLACE_optlc_12248         TIEH_HVT        saed90nm_max_hvt 
PLACE_optlc_12249         TIEH_HVT        saed90nm_max_hvt 
PLACE_optlc_1225          TIEL_HVT        saed90nm_max_hvt 
PLACE_optlc_12250         TIEH_HVT        saed90nm_max_hvt 
PLACE_optlc_12251         TIEH_HVT        saed90nm_max_hvt 
PLACE_optlc_12252         TIEH_HVT        saed90nm_max_hvt 
PLACE_optlc_12253         TIEH_HVT        saed90nm_max_hvt 
PLACE_optlc_12254         TIEH_HVT        saed90nm_max_hvt 
PLACE_optlc_12255         TIEH_HVT        saed90nm_max_hvt 
PLACE_optlc_12256         TIEH_HVT        saed90nm_max_hvt 
PLACE_optlc_12257         TIEH_HVT        saed90nm_max_hvt 
PLACE_optlc_12258         TIEH_HVT        saed90nm_max_hvt 
PLACE_optlc_12259         TIEH_HVT        saed90nm_max_hvt 
PLACE_optlc_1226          TIEL_HVT        saed90nm_max_hvt 
PLACE_optlc_12260         TIEH_HVT        saed90nm_max_hvt 
PLACE_optlc_12261         TIEH_HVT        saed90nm_max_hvt 
PLACE_optlc_12262         TIEH_HVT        saed90nm_max_hvt 
PLACE_optlc_12263         TIEH_HVT        saed90nm_max_hvt 
PLACE_optlc_12264         TIEH_HVT        saed90nm_max_hvt 
PLACE_optlc_12265         TIEH_HVT        saed90nm_max_hvt 
PLACE_optlc_12266         TIEH_HVT        saed90nm_max_hvt 
PLACE_optlc_12267         TIEH_HVT        saed90nm_max_hvt 
PLACE_optlc_12268         TIEH_HVT        saed90nm_max_hvt 
PLACE_optlc_12269         TIEH_HVT        saed90nm_max_hvt 
PLACE_optlc_1227          TIEL_HVT        saed90nm_max_hvt 
PLACE_optlc_12270         TIEH_HVT        saed90nm_max_hvt 
PLACE_optlc_12271         TIEH_HVT        saed90nm_max_hvt 
PLACE_optlc_12272         TIEH_HVT        saed90nm_max_hvt 
PLACE_optlc_12273         TIEH_HVT        saed90nm_max_hvt 
PLACE_optlc_12274         TIEH_HVT        saed90nm_max_hvt 
PLACE_optlc_12275         TIEH_HVT        saed90nm_max_hvt 
PLACE_optlc_12276         TIEH_HVT        saed90nm_max_hvt 
PLACE_optlc_12277         TIEH_HVT        saed90nm_max_hvt 
PLACE_optlc_12278         TIEH_HVT        saed90nm_max_hvt 
PLACE_optlc_12279         TIEH_HVT        saed90nm_max_hvt 
PLACE_optlc_1228          TIEL_HVT        saed90nm_max_hvt 
PLACE_optlc_12280         TIEH_HVT        saed90nm_max_hvt 
PLACE_optlc_12281         TIEH_HVT        saed90nm_max_hvt 
PLACE_optlc_12282         TIEH_HVT        saed90nm_max_hvt 
PLACE_optlc_12283         TIEH_HVT        saed90nm_max_hvt 
PLACE_optlc_12284         TIEH_HVT        saed90nm_max_hvt 
PLACE_optlc_12285         TIEH_HVT        saed90nm_max_hvt 
PLACE_optlc_12286         TIEH_HVT        saed90nm_max_hvt 
PLACE_optlc_12287         TIEH_HVT        saed90nm_max_hvt 
PLACE_optlc_12288         TIEH_HVT        saed90nm_max_hvt 
PLACE_optlc_12289         TIEH_HVT        saed90nm_max_hvt 
PLACE_optlc_1229          TIEL_HVT        saed90nm_max_hvt 
PLACE_optlc_12290         TIEH_HVT        saed90nm_max_hvt 
PLACE_optlc_12291         TIEH_HVT        saed90nm_max_hvt 
PLACE_optlc_12292         TIEH_HVT        saed90nm_max_hvt 
PLACE_optlc_12293         TIEH_HVT        saed90nm_max_hvt 
PLACE_optlc_12294         TIEH_HVT        saed90nm_max_hvt 
PLACE_optlc_12295         TIEH_HVT        saed90nm_max_hvt 
PLACE_optlc_12296         TIEH_HVT        saed90nm_max_hvt 
PLACE_optlc_12297         TIEH_HVT        saed90nm_max_hvt 
PLACE_optlc_12298         TIEH_HVT        saed90nm_max_hvt 
PLACE_optlc_12299         TIEH_HVT        saed90nm_max_hvt 
PLACE_optlc_123           TIEL_HVT        saed90nm_max_hvt 
PLACE_optlc_1230          TIEL_HVT        saed90nm_max_hvt 
PLACE_optlc_12300         TIEH_HVT        saed90nm_max_hvt 
PLACE_optlc_12301         TIEH_HVT        saed90nm_max_hvt 
PLACE_optlc_12302         TIEH_HVT        saed90nm_max_hvt 
PLACE_optlc_12303         TIEH_HVT        saed90nm_max_hvt 
PLACE_optlc_12304         TIEH_HVT        saed90nm_max_hvt 
PLACE_optlc_12305         TIEH_HVT        saed90nm_max_hvt 
PLACE_optlc_12306         TIEH_HVT        saed90nm_max_hvt 
PLACE_optlc_12307         TIEH_HVT        saed90nm_max_hvt 
PLACE_optlc_12308         TIEH_HVT        saed90nm_max_hvt 
PLACE_optlc_12309         TIEH_HVT        saed90nm_max_hvt 
PLACE_optlc_1231          TIEL_HVT        saed90nm_max_hvt 
PLACE_optlc_12310         TIEH_HVT        saed90nm_max_hvt 
PLACE_optlc_12311         TIEH_HVT        saed90nm_max_hvt 
PLACE_optlc_12312         TIEH_HVT        saed90nm_max_hvt 
PLACE_optlc_12313         TIEH_HVT        saed90nm_max_hvt 
PLACE_optlc_12314         TIEH_HVT        saed90nm_max_hvt 
PLACE_optlc_12315         TIEH_HVT        saed90nm_max_hvt 
PLACE_optlc_12316         TIEH_HVT        saed90nm_max_hvt 
PLACE_optlc_12317         TIEH_HVT        saed90nm_max_hvt 
PLACE_optlc_12318         TIEH_HVT        saed90nm_max_hvt 
PLACE_optlc_12319         TIEH_HVT        saed90nm_max_hvt 
PLACE_optlc_1232          TIEL_HVT        saed90nm_max_hvt 
PLACE_optlc_12320         TIEH_HVT        saed90nm_max_hvt 
PLACE_optlc_12321         TIEH_HVT        saed90nm_max_hvt 
PLACE_optlc_12322         TIEH_HVT        saed90nm_max_hvt 
PLACE_optlc_12323         TIEH_HVT        saed90nm_max_hvt 
PLACE_optlc_12324         TIEH_HVT        saed90nm_max_hvt 
PLACE_optlc_12325         TIEH_HVT        saed90nm_max_hvt 
PLACE_optlc_12326         TIEH_HVT        saed90nm_max_hvt 
PLACE_optlc_12327         TIEH_HVT        saed90nm_max_hvt 
PLACE_optlc_12328         TIEH_HVT        saed90nm_max_hvt 
PLACE_optlc_12329         TIEH_HVT        saed90nm_max_hvt 
PLACE_optlc_1233          TIEL_HVT        saed90nm_max_hvt 
PLACE_optlc_12330         TIEH_HVT        saed90nm_max_hvt 
PLACE_optlc_12331         TIEH_HVT        saed90nm_max_hvt 
PLACE_optlc_12332         TIEH_HVT        saed90nm_max_hvt 
PLACE_optlc_12333         TIEH_HVT        saed90nm_max_hvt 
PLACE_optlc_12334         TIEH_HVT        saed90nm_max_hvt 
PLACE_optlc_12335         TIEH_HVT        saed90nm_max_hvt 
PLACE_optlc_12336         TIEH_HVT        saed90nm_max_hvt 
PLACE_optlc_12337         TIEH_HVT        saed90nm_max_hvt 
PLACE_optlc_12338         TIEH_HVT        saed90nm_max_hvt 
PLACE_optlc_12339         TIEH_HVT        saed90nm_max_hvt 
PLACE_optlc_1234          TIEL_HVT        saed90nm_max_hvt 
PLACE_optlc_12340         TIEH_HVT        saed90nm_max_hvt 
PLACE_optlc_12341         TIEH_HVT        saed90nm_max_hvt 
PLACE_optlc_12342         TIEH_HVT        saed90nm_max_hvt 
PLACE_optlc_12343         TIEH_HVT        saed90nm_max_hvt 
PLACE_optlc_12344         TIEH_HVT        saed90nm_max_hvt 
PLACE_optlc_12345         TIEH_HVT        saed90nm_max_hvt 
PLACE_optlc_12346         TIEH_HVT        saed90nm_max_hvt 
PLACE_optlc_12347         TIEH_HVT        saed90nm_max_hvt 
PLACE_optlc_12348         TIEH_HVT        saed90nm_max_hvt 
PLACE_optlc_12349         TIEH_HVT        saed90nm_max_hvt 
PLACE_optlc_1235          TIEL_HVT        saed90nm_max_hvt 
PLACE_optlc_12350         TIEH_HVT        saed90nm_max_hvt 
PLACE_optlc_12351         TIEH_HVT        saed90nm_max_hvt 
PLACE_optlc_12352         TIEH_HVT        saed90nm_max_hvt 
PLACE_optlc_12353         TIEH_HVT        saed90nm_max_hvt 
PLACE_optlc_12354         TIEH_HVT        saed90nm_max_hvt 
PLACE_optlc_12355         TIEH_HVT        saed90nm_max_hvt 
PLACE_optlc_12356         TIEH_HVT        saed90nm_max_hvt 
PLACE_optlc_12357         TIEH_HVT        saed90nm_max_hvt 
PLACE_optlc_12358         TIEH_HVT        saed90nm_max_hvt 
PLACE_optlc_12359         TIEH_HVT        saed90nm_max_hvt 
PLACE_optlc_1236          TIEL_HVT        saed90nm_max_hvt 
PLACE_optlc_12360         TIEH_HVT        saed90nm_max_hvt 
PLACE_optlc_12361         TIEH_HVT        saed90nm_max_hvt 
PLACE_optlc_12362         TIEH_HVT        saed90nm_max_hvt 
PLACE_optlc_12363         TIEH_HVT        saed90nm_max_hvt 
PLACE_optlc_12364         TIEH_HVT        saed90nm_max_hvt 
PLACE_optlc_12365         TIEH_HVT        saed90nm_max_hvt 
PLACE_optlc_12366         TIEH_HVT        saed90nm_max_hvt 
PLACE_optlc_12367         TIEH_HVT        saed90nm_max_hvt 
PLACE_optlc_12368         TIEH_HVT        saed90nm_max_hvt 
PLACE_optlc_12369         TIEH_HVT        saed90nm_max_hvt 
PLACE_optlc_1237          TIEL_HVT        saed90nm_max_hvt 
PLACE_optlc_12370         TIEH_HVT        saed90nm_max_hvt 
PLACE_optlc_12371         TIEH_HVT        saed90nm_max_hvt 
PLACE_optlc_12372         TIEH_HVT        saed90nm_max_hvt 
PLACE_optlc_12373         TIEH_HVT        saed90nm_max_hvt 
PLACE_optlc_12374         TIEH_HVT        saed90nm_max_hvt 
PLACE_optlc_12375         TIEH_HVT        saed90nm_max_hvt 
PLACE_optlc_12376         TIEH_HVT        saed90nm_max_hvt 
PLACE_optlc_12377         TIEH_HVT        saed90nm_max_hvt 
PLACE_optlc_12378         TIEH_HVT        saed90nm_max_hvt 
PLACE_optlc_12379         TIEH_HVT        saed90nm_max_hvt 
PLACE_optlc_1238          TIEL_HVT        saed90nm_max_hvt 
PLACE_optlc_12380         TIEH_HVT        saed90nm_max_hvt 
PLACE_optlc_12381         TIEH_HVT        saed90nm_max_hvt 
PLACE_optlc_12382         TIEH_HVT        saed90nm_max_hvt 
PLACE_optlc_12383         TIEH_HVT        saed90nm_max_hvt 
PLACE_optlc_12384         TIEH_HVT        saed90nm_max_hvt 
PLACE_optlc_12385         TIEH_HVT        saed90nm_max_hvt 
PLACE_optlc_12386         TIEH_HVT        saed90nm_max_hvt 
PLACE_optlc_12387         TIEH_HVT        saed90nm_max_hvt 
PLACE_optlc_12388         TIEH_HVT        saed90nm_max_hvt 
PLACE_optlc_12389         TIEH_HVT        saed90nm_max_hvt 
PLACE_optlc_1239          TIEL_HVT        saed90nm_max_hvt 
PLACE_optlc_12390         TIEH_HVT        saed90nm_max_hvt 
PLACE_optlc_12391         TIEH_HVT        saed90nm_max_hvt 
PLACE_optlc_12392         TIEH_HVT        saed90nm_max_hvt 
PLACE_optlc_12393         TIEH_HVT        saed90nm_max_hvt 
PLACE_optlc_12394         TIEH_HVT        saed90nm_max_hvt 
PLACE_optlc_12395         TIEH_HVT        saed90nm_max_hvt 
PLACE_optlc_12396         TIEH_HVT        saed90nm_max_hvt 
PLACE_optlc_12397         TIEH_HVT        saed90nm_max_hvt 
PLACE_optlc_12398         TIEH_HVT        saed90nm_max_hvt 
PLACE_optlc_12399         TIEH_HVT        saed90nm_max_hvt 
PLACE_optlc_124           TIEL_HVT        saed90nm_max_hvt 
PLACE_optlc_1240          TIEL_HVT        saed90nm_max_hvt 
PLACE_optlc_12400         TIEH_HVT        saed90nm_max_hvt 
PLACE_optlc_12401         TIEH_HVT        saed90nm_max_hvt 
PLACE_optlc_12402         TIEH_HVT        saed90nm_max_hvt 
PLACE_optlc_12403         TIEH_HVT        saed90nm_max_hvt 
PLACE_optlc_12404         TIEH_HVT        saed90nm_max_hvt 
PLACE_optlc_12405         TIEH_HVT        saed90nm_max_hvt 
PLACE_optlc_12406         TIEH_HVT        saed90nm_max_hvt 
PLACE_optlc_12407         TIEH_HVT        saed90nm_max_hvt 
PLACE_optlc_12408         TIEH_HVT        saed90nm_max_hvt 
PLACE_optlc_12409         TIEH_HVT        saed90nm_max_hvt 
PLACE_optlc_1241          TIEL_HVT        saed90nm_max_hvt 
PLACE_optlc_12410         TIEH_HVT        saed90nm_max_hvt 
PLACE_optlc_12411         TIEH_HVT        saed90nm_max_hvt 
PLACE_optlc_12412         TIEH_HVT        saed90nm_max_hvt 
PLACE_optlc_12413         TIEH_HVT        saed90nm_max_hvt 
PLACE_optlc_12414         TIEH_HVT        saed90nm_max_hvt 
PLACE_optlc_12415         TIEH_HVT        saed90nm_max_hvt 
PLACE_optlc_12416         TIEH_HVT        saed90nm_max_hvt 
PLACE_optlc_12417         TIEH_HVT        saed90nm_max_hvt 
PLACE_optlc_12418         TIEH_HVT        saed90nm_max_hvt 
PLACE_optlc_12419         TIEH_HVT        saed90nm_max_hvt 
PLACE_optlc_1242          TIEL_HVT        saed90nm_max_hvt 
PLACE_optlc_12420         TIEH_HVT        saed90nm_max_hvt 
PLACE_optlc_12421         TIEH_HVT        saed90nm_max_hvt 
PLACE_optlc_12422         TIEH_HVT        saed90nm_max_hvt 
PLACE_optlc_12423         TIEH_HVT        saed90nm_max_hvt 
PLACE_optlc_12424         TIEH_HVT        saed90nm_max_hvt 
PLACE_optlc_12425         TIEH_HVT        saed90nm_max_hvt 
PLACE_optlc_12426         TIEH_HVT        saed90nm_max_hvt 
PLACE_optlc_12427         TIEH_HVT        saed90nm_max_hvt 
PLACE_optlc_12428         TIEH_HVT        saed90nm_max_hvt 
PLACE_optlc_12429         TIEH_HVT        saed90nm_max_hvt 
PLACE_optlc_1243          TIEL_HVT        saed90nm_max_hvt 
PLACE_optlc_12430         TIEH_HVT        saed90nm_max_hvt 
PLACE_optlc_12431         TIEH_HVT        saed90nm_max_hvt 
PLACE_optlc_12432         TIEH_HVT        saed90nm_max_hvt 
PLACE_optlc_12433         TIEH_HVT        saed90nm_max_hvt 
PLACE_optlc_12434         TIEH_HVT        saed90nm_max_hvt 
PLACE_optlc_12435         TIEH_HVT        saed90nm_max_hvt 
PLACE_optlc_12436         TIEH_HVT        saed90nm_max_hvt 
PLACE_optlc_12437         TIEH_HVT        saed90nm_max_hvt 
PLACE_optlc_12438         TIEH_HVT        saed90nm_max_hvt 
PLACE_optlc_12439         TIEH_HVT        saed90nm_max_hvt 
PLACE_optlc_1244          TIEL_HVT        saed90nm_max_hvt 
PLACE_optlc_12440         TIEH_HVT        saed90nm_max_hvt 
PLACE_optlc_12441         TIEH_HVT        saed90nm_max_hvt 
PLACE_optlc_12442         TIEH_HVT        saed90nm_max_hvt 
PLACE_optlc_12443         TIEH_HVT        saed90nm_max_hvt 
PLACE_optlc_12444         TIEH_HVT        saed90nm_max_hvt 
PLACE_optlc_12445         TIEH_HVT        saed90nm_max_hvt 
PLACE_optlc_12446         TIEH_HVT        saed90nm_max_hvt 
PLACE_optlc_12447         TIEH_HVT        saed90nm_max_hvt 
PLACE_optlc_12448         TIEH_HVT        saed90nm_max_hvt 
PLACE_optlc_12449         TIEH_HVT        saed90nm_max_hvt 
PLACE_optlc_1245          TIEL_HVT        saed90nm_max_hvt 
PLACE_optlc_12450         TIEH_HVT        saed90nm_max_hvt 
PLACE_optlc_12451         TIEH_HVT        saed90nm_max_hvt 
PLACE_optlc_12452         TIEH_HVT        saed90nm_max_hvt 
PLACE_optlc_12453         TIEH_HVT        saed90nm_max_hvt 
PLACE_optlc_12454         TIEH_HVT        saed90nm_max_hvt 
PLACE_optlc_12455         TIEH_HVT        saed90nm_max_hvt 
PLACE_optlc_12456         TIEH_HVT        saed90nm_max_hvt 
PLACE_optlc_12457         TIEH_HVT        saed90nm_max_hvt 
PLACE_optlc_12458         TIEH_HVT        saed90nm_max_hvt 
PLACE_optlc_12459         TIEH_HVT        saed90nm_max_hvt 
PLACE_optlc_1246          TIEL_HVT        saed90nm_max_hvt 
PLACE_optlc_12460         TIEH_HVT        saed90nm_max_hvt 
PLACE_optlc_12461         TIEH_HVT        saed90nm_max_hvt 
PLACE_optlc_12462         TIEH_HVT        saed90nm_max_hvt 
PLACE_optlc_12463         TIEH_HVT        saed90nm_max_hvt 
PLACE_optlc_12464         TIEH_HVT        saed90nm_max_hvt 
PLACE_optlc_12465         TIEH_HVT        saed90nm_max_hvt 
PLACE_optlc_12466         TIEH_HVT        saed90nm_max_hvt 
PLACE_optlc_12467         TIEH_HVT        saed90nm_max_hvt 
PLACE_optlc_12468         TIEH_HVT        saed90nm_max_hvt 
PLACE_optlc_12469         TIEH_HVT        saed90nm_max_hvt 
PLACE_optlc_1247          TIEL_HVT        saed90nm_max_hvt 
PLACE_optlc_12470         TIEH_HVT        saed90nm_max_hvt 
PLACE_optlc_12471         TIEH_HVT        saed90nm_max_hvt 
PLACE_optlc_12472         TIEH_HVT        saed90nm_max_hvt 
PLACE_optlc_12473         TIEH_HVT        saed90nm_max_hvt 
PLACE_optlc_12474         TIEH_HVT        saed90nm_max_hvt 
PLACE_optlc_12475         TIEH_HVT        saed90nm_max_hvt 
PLACE_optlc_12476         TIEH_HVT        saed90nm_max_hvt 
PLACE_optlc_12477         TIEH_HVT        saed90nm_max_hvt 
PLACE_optlc_12478         TIEH_HVT        saed90nm_max_hvt 
PLACE_optlc_12479         TIEH_HVT        saed90nm_max_hvt 
PLACE_optlc_1248          TIEL_HVT        saed90nm_max_hvt 
PLACE_optlc_12480         TIEH_HVT        saed90nm_max_hvt 
PLACE_optlc_12481         TIEH_HVT        saed90nm_max_hvt 
PLACE_optlc_12482         TIEH_HVT        saed90nm_max_hvt 
PLACE_optlc_12483         TIEH_HVT        saed90nm_max_hvt 
PLACE_optlc_12484         TIEH_HVT        saed90nm_max_hvt 
PLACE_optlc_12485         TIEH_HVT        saed90nm_max_hvt 
PLACE_optlc_12486         TIEH_HVT        saed90nm_max_hvt 
PLACE_optlc_12487         TIEH_HVT        saed90nm_max_hvt 
PLACE_optlc_12488         TIEH_HVT        saed90nm_max_hvt 
PLACE_optlc_12489         TIEH_HVT        saed90nm_max_hvt 
PLACE_optlc_1249          TIEL_HVT        saed90nm_max_hvt 
PLACE_optlc_12490         TIEH_HVT        saed90nm_max_hvt 
PLACE_optlc_12491         TIEH_HVT        saed90nm_max_hvt 
PLACE_optlc_12492         TIEH_HVT        saed90nm_max_hvt 
PLACE_optlc_12493         TIEH_HVT        saed90nm_max_hvt 
PLACE_optlc_12494         TIEH_HVT        saed90nm_max_hvt 
PLACE_optlc_12495         TIEH_HVT        saed90nm_max_hvt 
PLACE_optlc_12496         TIEH_HVT        saed90nm_max_hvt 
PLACE_optlc_12497         TIEH_HVT        saed90nm_max_hvt 
PLACE_optlc_12498         TIEH_HVT        saed90nm_max_hvt 
PLACE_optlc_12499         TIEH_HVT        saed90nm_max_hvt 
PLACE_optlc_125           TIEL_HVT        saed90nm_max_hvt 
PLACE_optlc_1250          TIEL_HVT        saed90nm_max_hvt 
PLACE_optlc_12500         TIEH_HVT        saed90nm_max_hvt 
PLACE_optlc_12501         TIEH_HVT        saed90nm_max_hvt 
PLACE_optlc_12502         TIEH_HVT        saed90nm_max_hvt 
PLACE_optlc_12503         TIEH_HVT        saed90nm_max_hvt 
PLACE_optlc_12504         TIEH_HVT        saed90nm_max_hvt 
PLACE_optlc_12505         TIEH_HVT        saed90nm_max_hvt 
PLACE_optlc_12506         TIEH_HVT        saed90nm_max_hvt 
PLACE_optlc_12507         TIEH_HVT        saed90nm_max_hvt 
PLACE_optlc_12508         TIEH_HVT        saed90nm_max_hvt 
PLACE_optlc_12509         TIEH_HVT        saed90nm_max_hvt 
PLACE_optlc_1251          TIEL_HVT        saed90nm_max_hvt 
PLACE_optlc_12510         TIEH_HVT        saed90nm_max_hvt 
PLACE_optlc_12511         TIEH_HVT        saed90nm_max_hvt 
PLACE_optlc_12512         TIEH_HVT        saed90nm_max_hvt 
PLACE_optlc_12513         TIEH_HVT        saed90nm_max_hvt 
PLACE_optlc_12514         TIEH_HVT        saed90nm_max_hvt 
PLACE_optlc_12515         TIEH_HVT        saed90nm_max_hvt 
PLACE_optlc_12516         TIEH_HVT        saed90nm_max_hvt 
PLACE_optlc_12517         TIEH_HVT        saed90nm_max_hvt 
PLACE_optlc_12518         TIEH_HVT        saed90nm_max_hvt 
PLACE_optlc_12519         TIEH_HVT        saed90nm_max_hvt 
PLACE_optlc_1252          TIEL_HVT        saed90nm_max_hvt 
PLACE_optlc_12520         TIEH_HVT        saed90nm_max_hvt 
PLACE_optlc_12521         TIEH_HVT        saed90nm_max_hvt 
PLACE_optlc_12522         TIEH_HVT        saed90nm_max_hvt 
PLACE_optlc_12523         TIEH_HVT        saed90nm_max_hvt 
PLACE_optlc_12524         TIEH_HVT        saed90nm_max_hvt 
PLACE_optlc_12525         TIEH_HVT        saed90nm_max_hvt 
PLACE_optlc_12526         TIEH_HVT        saed90nm_max_hvt 
PLACE_optlc_12527         TIEH_HVT        saed90nm_max_hvt 
PLACE_optlc_12528         TIEH_HVT        saed90nm_max_hvt 
PLACE_optlc_12529         TIEH_HVT        saed90nm_max_hvt 
PLACE_optlc_1253          TIEL_HVT        saed90nm_max_hvt 
PLACE_optlc_12530         TIEH_HVT        saed90nm_max_hvt 
PLACE_optlc_12531         TIEH_HVT        saed90nm_max_hvt 
PLACE_optlc_12532         TIEH_HVT        saed90nm_max_hvt 
PLACE_optlc_12533         TIEH_HVT        saed90nm_max_hvt 
PLACE_optlc_12534         TIEH_HVT        saed90nm_max_hvt 
PLACE_optlc_12535         TIEH_HVT        saed90nm_max_hvt 
PLACE_optlc_12536         TIEH_HVT        saed90nm_max_hvt 
PLACE_optlc_12537         TIEH_HVT        saed90nm_max_hvt 
PLACE_optlc_12538         TIEH_HVT        saed90nm_max_hvt 
PLACE_optlc_12539         TIEH_HVT        saed90nm_max_hvt 
PLACE_optlc_1254          TIEL_HVT        saed90nm_max_hvt 
PLACE_optlc_12540         TIEH_HVT        saed90nm_max_hvt 
PLACE_optlc_12541         TIEH_HVT        saed90nm_max_hvt 
PLACE_optlc_12542         TIEH_HVT        saed90nm_max_hvt 
PLACE_optlc_12543         TIEH_HVT        saed90nm_max_hvt 
PLACE_optlc_12544         TIEH_HVT        saed90nm_max_hvt 
PLACE_optlc_12545         TIEH_HVT        saed90nm_max_hvt 
PLACE_optlc_12546         TIEH_HVT        saed90nm_max_hvt 
PLACE_optlc_12547         TIEH_HVT        saed90nm_max_hvt 
PLACE_optlc_12548         TIEH_HVT        saed90nm_max_hvt 
PLACE_optlc_12549         TIEH_HVT        saed90nm_max_hvt 
PLACE_optlc_1255          TIEL_HVT        saed90nm_max_hvt 
PLACE_optlc_12550         TIEH_HVT        saed90nm_max_hvt 
PLACE_optlc_12551         TIEH_HVT        saed90nm_max_hvt 
PLACE_optlc_12552         TIEH_HVT        saed90nm_max_hvt 
PLACE_optlc_12553         TIEH_HVT        saed90nm_max_hvt 
PLACE_optlc_12554         TIEH_HVT        saed90nm_max_hvt 
PLACE_optlc_12555         TIEH_HVT        saed90nm_max_hvt 
PLACE_optlc_12556         TIEH_HVT        saed90nm_max_hvt 
PLACE_optlc_12557         TIEH_HVT        saed90nm_max_hvt 
PLACE_optlc_12558         TIEH_HVT        saed90nm_max_hvt 
PLACE_optlc_12559         TIEH_HVT        saed90nm_max_hvt 
PLACE_optlc_1256          TIEL_HVT        saed90nm_max_hvt 
PLACE_optlc_12560         TIEH_HVT        saed90nm_max_hvt 
PLACE_optlc_12561         TIEH_HVT        saed90nm_max_hvt 
PLACE_optlc_12562         TIEH_HVT        saed90nm_max_hvt 
PLACE_optlc_12563         TIEH_HVT        saed90nm_max_hvt 
PLACE_optlc_12564         TIEH_HVT        saed90nm_max_hvt 
PLACE_optlc_12565         TIEH_HVT        saed90nm_max_hvt 
PLACE_optlc_12566         TIEH_HVT        saed90nm_max_hvt 
PLACE_optlc_12567         TIEH_HVT        saed90nm_max_hvt 
PLACE_optlc_12568         TIEH_HVT        saed90nm_max_hvt 
PLACE_optlc_12569         TIEH_HVT        saed90nm_max_hvt 
PLACE_optlc_1257          TIEL_HVT        saed90nm_max_hvt 
PLACE_optlc_12570         TIEH_HVT        saed90nm_max_hvt 
PLACE_optlc_12571         TIEH_HVT        saed90nm_max_hvt 
PLACE_optlc_12572         TIEH_HVT        saed90nm_max_hvt 
PLACE_optlc_12573         TIEH_HVT        saed90nm_max_hvt 
PLACE_optlc_12574         TIEH_HVT        saed90nm_max_hvt 
PLACE_optlc_12575         TIEH_HVT        saed90nm_max_hvt 
PLACE_optlc_12576         TIEH_HVT        saed90nm_max_hvt 
PLACE_optlc_12577         TIEH_HVT        saed90nm_max_hvt 
PLACE_optlc_12578         TIEH_HVT        saed90nm_max_hvt 
PLACE_optlc_12579         TIEH_HVT        saed90nm_max_hvt 
PLACE_optlc_1258          TIEL_HVT        saed90nm_max_hvt 
PLACE_optlc_12580         TIEH_HVT        saed90nm_max_hvt 
PLACE_optlc_12581         TIEH_HVT        saed90nm_max_hvt 
PLACE_optlc_12582         TIEH_HVT        saed90nm_max_hvt 
PLACE_optlc_12583         TIEH_HVT        saed90nm_max_hvt 
PLACE_optlc_12584         TIEH_HVT        saed90nm_max_hvt 
PLACE_optlc_12585         TIEH_HVT        saed90nm_max_hvt 
PLACE_optlc_12586         TIEH_HVT        saed90nm_max_hvt 
PLACE_optlc_12587         TIEH_HVT        saed90nm_max_hvt 
PLACE_optlc_12588         TIEH_HVT        saed90nm_max_hvt 
PLACE_optlc_12589         TIEH_HVT        saed90nm_max_hvt 
PLACE_optlc_1259          TIEL_HVT        saed90nm_max_hvt 
PLACE_optlc_12590         TIEH_HVT        saed90nm_max_hvt 
PLACE_optlc_12591         TIEH_HVT        saed90nm_max_hvt 
PLACE_optlc_12592         TIEH_HVT        saed90nm_max_hvt 
PLACE_optlc_12593         TIEH_HVT        saed90nm_max_hvt 
PLACE_optlc_12594         TIEH_HVT        saed90nm_max_hvt 
PLACE_optlc_12595         TIEH_HVT        saed90nm_max_hvt 
PLACE_optlc_12596         TIEH_HVT        saed90nm_max_hvt 
PLACE_optlc_12597         TIEH_HVT        saed90nm_max_hvt 
PLACE_optlc_12598         TIEH_HVT        saed90nm_max_hvt 
PLACE_optlc_12599         TIEH_HVT        saed90nm_max_hvt 
PLACE_optlc_126           TIEL_HVT        saed90nm_max_hvt 
PLACE_optlc_1260          TIEL_HVT        saed90nm_max_hvt 
PLACE_optlc_12600         TIEH_HVT        saed90nm_max_hvt 
PLACE_optlc_12601         TIEH_HVT        saed90nm_max_hvt 
PLACE_optlc_12602         TIEH_HVT        saed90nm_max_hvt 
PLACE_optlc_12603         TIEH_HVT        saed90nm_max_hvt 
PLACE_optlc_12604         TIEH_HVT        saed90nm_max_hvt 
PLACE_optlc_12605         TIEH_HVT        saed90nm_max_hvt 
PLACE_optlc_12606         TIEH_HVT        saed90nm_max_hvt 
PLACE_optlc_12607         TIEH_HVT        saed90nm_max_hvt 
PLACE_optlc_12608         TIEH_HVT        saed90nm_max_hvt 
PLACE_optlc_12609         TIEH_HVT        saed90nm_max_hvt 
PLACE_optlc_1261          TIEL_HVT        saed90nm_max_hvt 
PLACE_optlc_12610         TIEH_HVT        saed90nm_max_hvt 
PLACE_optlc_12611         TIEH_HVT        saed90nm_max_hvt 
PLACE_optlc_12612         TIEH_HVT        saed90nm_max_hvt 
PLACE_optlc_12613         TIEH_HVT        saed90nm_max_hvt 
PLACE_optlc_12614         TIEH_HVT        saed90nm_max_hvt 
PLACE_optlc_12615         TIEH_HVT        saed90nm_max_hvt 
PLACE_optlc_12616         TIEH_HVT        saed90nm_max_hvt 
PLACE_optlc_12617         TIEH_HVT        saed90nm_max_hvt 
PLACE_optlc_12618         TIEH_HVT        saed90nm_max_hvt 
PLACE_optlc_12619         TIEH_HVT        saed90nm_max_hvt 
PLACE_optlc_1262          TIEL_HVT        saed90nm_max_hvt 
PLACE_optlc_12620         TIEH_HVT        saed90nm_max_hvt 
PLACE_optlc_12621         TIEH_HVT        saed90nm_max_hvt 
PLACE_optlc_12622         TIEH_HVT        saed90nm_max_hvt 
PLACE_optlc_12623         TIEH_HVT        saed90nm_max_hvt 
PLACE_optlc_12624         TIEH_HVT        saed90nm_max_hvt 
PLACE_optlc_12625         TIEH_HVT        saed90nm_max_hvt 
PLACE_optlc_12626         TIEH_HVT        saed90nm_max_hvt 
PLACE_optlc_12627         TIEH_HVT        saed90nm_max_hvt 
PLACE_optlc_12628         TIEH_HVT        saed90nm_max_hvt 
PLACE_optlc_12629         TIEH_HVT        saed90nm_max_hvt 
PLACE_optlc_1263          TIEL_HVT        saed90nm_max_hvt 
PLACE_optlc_12630         TIEH_HVT        saed90nm_max_hvt 
PLACE_optlc_12631         TIEH_HVT        saed90nm_max_hvt 
PLACE_optlc_12632         TIEH_HVT        saed90nm_max_hvt 
PLACE_optlc_12633         TIEH_HVT        saed90nm_max_hvt 
PLACE_optlc_12634         TIEH_HVT        saed90nm_max_hvt 
PLACE_optlc_12635         TIEH_HVT        saed90nm_max_hvt 
PLACE_optlc_12636         TIEH_HVT        saed90nm_max_hvt 
PLACE_optlc_12637         TIEH_HVT        saed90nm_max_hvt 
PLACE_optlc_12638         TIEH_HVT        saed90nm_max_hvt 
PLACE_optlc_12639         TIEH_HVT        saed90nm_max_hvt 
PLACE_optlc_1264          TIEL_HVT        saed90nm_max_hvt 
PLACE_optlc_12640         TIEH_HVT        saed90nm_max_hvt 
PLACE_optlc_12641         TIEH_HVT        saed90nm_max_hvt 
PLACE_optlc_12642         TIEH_HVT        saed90nm_max_hvt 
PLACE_optlc_12643         TIEH_HVT        saed90nm_max_hvt 
PLACE_optlc_12644         TIEH_HVT        saed90nm_max_hvt 
PLACE_optlc_12645         TIEH_HVT        saed90nm_max_hvt 
PLACE_optlc_12646         TIEH_HVT        saed90nm_max_hvt 
PLACE_optlc_12647         TIEH_HVT        saed90nm_max_hvt 
PLACE_optlc_12648         TIEH_HVT        saed90nm_max_hvt 
PLACE_optlc_12649         TIEH_HVT        saed90nm_max_hvt 
PLACE_optlc_1265          TIEL_HVT        saed90nm_max_hvt 
PLACE_optlc_12650         TIEH_HVT        saed90nm_max_hvt 
PLACE_optlc_12651         TIEH_HVT        saed90nm_max_hvt 
PLACE_optlc_12652         TIEH_HVT        saed90nm_max_hvt 
PLACE_optlc_12653         TIEH_HVT        saed90nm_max_hvt 
PLACE_optlc_12654         TIEH_HVT        saed90nm_max_hvt 
PLACE_optlc_12655         TIEH_HVT        saed90nm_max_hvt 
PLACE_optlc_12656         TIEH_HVT        saed90nm_max_hvt 
PLACE_optlc_12657         TIEH_HVT        saed90nm_max_hvt 
PLACE_optlc_12658         TIEH_HVT        saed90nm_max_hvt 
PLACE_optlc_12659         TIEH_HVT        saed90nm_max_hvt 
PLACE_optlc_1266          TIEL_HVT        saed90nm_max_hvt 
PLACE_optlc_12660         TIEH_HVT        saed90nm_max_hvt 
PLACE_optlc_12661         TIEH_HVT        saed90nm_max_hvt 
PLACE_optlc_12662         TIEH_HVT        saed90nm_max_hvt 
PLACE_optlc_12663         TIEH_HVT        saed90nm_max_hvt 
PLACE_optlc_12664         TIEH_HVT        saed90nm_max_hvt 
PLACE_optlc_12665         TIEH_HVT        saed90nm_max_hvt 
PLACE_optlc_12666         TIEH_HVT        saed90nm_max_hvt 
PLACE_optlc_12667         TIEH_HVT        saed90nm_max_hvt 
PLACE_optlc_12668         TIEH_HVT        saed90nm_max_hvt 
PLACE_optlc_12669         TIEH_HVT        saed90nm_max_hvt 
PLACE_optlc_1267          TIEL_HVT        saed90nm_max_hvt 
PLACE_optlc_12670         TIEH_HVT        saed90nm_max_hvt 
PLACE_optlc_12671         TIEH_HVT        saed90nm_max_hvt 
PLACE_optlc_12672         TIEH_HVT        saed90nm_max_hvt 
PLACE_optlc_12673         TIEH_HVT        saed90nm_max_hvt 
PLACE_optlc_12674         TIEH_HVT        saed90nm_max_hvt 
PLACE_optlc_12675         TIEH_HVT        saed90nm_max_hvt 
PLACE_optlc_12676         TIEH_HVT        saed90nm_max_hvt 
PLACE_optlc_12677         TIEH_HVT        saed90nm_max_hvt 
PLACE_optlc_12678         TIEH_HVT        saed90nm_max_hvt 
PLACE_optlc_12679         TIEH_HVT        saed90nm_max_hvt 
PLACE_optlc_1268          TIEL_HVT        saed90nm_max_hvt 
PLACE_optlc_12680         TIEH_HVT        saed90nm_max_hvt 
PLACE_optlc_12681         TIEH_HVT        saed90nm_max_hvt 
PLACE_optlc_12682         TIEH_HVT        saed90nm_max_hvt 
PLACE_optlc_12683         TIEH_HVT        saed90nm_max_hvt 
PLACE_optlc_12684         TIEH_HVT        saed90nm_max_hvt 
PLACE_optlc_12685         TIEH_HVT        saed90nm_max_hvt 
PLACE_optlc_12686         TIEH_HVT        saed90nm_max_hvt 
PLACE_optlc_12687         TIEH_HVT        saed90nm_max_hvt 
PLACE_optlc_12688         TIEH_HVT        saed90nm_max_hvt 
PLACE_optlc_12689         TIEH_HVT        saed90nm_max_hvt 
PLACE_optlc_1269          TIEL_HVT        saed90nm_max_hvt 
PLACE_optlc_12690         TIEH_HVT        saed90nm_max_hvt 
PLACE_optlc_12691         TIEH_HVT        saed90nm_max_hvt 
PLACE_optlc_12692         TIEH_HVT        saed90nm_max_hvt 
PLACE_optlc_12693         TIEH_HVT        saed90nm_max_hvt 
PLACE_optlc_12694         TIEH_HVT        saed90nm_max_hvt 
PLACE_optlc_12695         TIEH_HVT        saed90nm_max_hvt 
PLACE_optlc_12696         TIEH_HVT        saed90nm_max_hvt 
PLACE_optlc_12697         TIEH_HVT        saed90nm_max_hvt 
PLACE_optlc_12698         TIEH_HVT        saed90nm_max_hvt 
PLACE_optlc_12699         TIEH_HVT        saed90nm_max_hvt 
PLACE_optlc_127           TIEL_HVT        saed90nm_max_hvt 
PLACE_optlc_1270          TIEL_HVT        saed90nm_max_hvt 
PLACE_optlc_12700         TIEH_HVT        saed90nm_max_hvt 
PLACE_optlc_12701         TIEH_HVT        saed90nm_max_hvt 
PLACE_optlc_12702         TIEH_HVT        saed90nm_max_hvt 
PLACE_optlc_12703         TIEH_HVT        saed90nm_max_hvt 
PLACE_optlc_12704         TIEH_HVT        saed90nm_max_hvt 
PLACE_optlc_12705         TIEH_HVT        saed90nm_max_hvt 
PLACE_optlc_12706         TIEH_HVT        saed90nm_max_hvt 
PLACE_optlc_12707         TIEH_HVT        saed90nm_max_hvt 
PLACE_optlc_12708         TIEH_HVT        saed90nm_max_hvt 
PLACE_optlc_12709         TIEH_HVT        saed90nm_max_hvt 
PLACE_optlc_1271          TIEL_HVT        saed90nm_max_hvt 
PLACE_optlc_12710         TIEH_HVT        saed90nm_max_hvt 
PLACE_optlc_12711         TIEH_HVT        saed90nm_max_hvt 
PLACE_optlc_12712         TIEH_HVT        saed90nm_max_hvt 
PLACE_optlc_12713         TIEH_HVT        saed90nm_max_hvt 
PLACE_optlc_12714         TIEH_HVT        saed90nm_max_hvt 
PLACE_optlc_12715         TIEH_HVT        saed90nm_max_hvt 
PLACE_optlc_12716         TIEH_HVT        saed90nm_max_hvt 
PLACE_optlc_12717         TIEH_HVT        saed90nm_max_hvt 
PLACE_optlc_12718         TIEH_HVT        saed90nm_max_hvt 
PLACE_optlc_12719         TIEH_HVT        saed90nm_max_hvt 
PLACE_optlc_1272          TIEL_HVT        saed90nm_max_hvt 
PLACE_optlc_12720         TIEH_HVT        saed90nm_max_hvt 
PLACE_optlc_12721         TIEH_HVT        saed90nm_max_hvt 
PLACE_optlc_12722         TIEH_HVT        saed90nm_max_hvt 
PLACE_optlc_12723         TIEH_HVT        saed90nm_max_hvt 
PLACE_optlc_12724         TIEH_HVT        saed90nm_max_hvt 
PLACE_optlc_12725         TIEH_HVT        saed90nm_max_hvt 
PLACE_optlc_12726         TIEH_HVT        saed90nm_max_hvt 
PLACE_optlc_12727         TIEH_HVT        saed90nm_max_hvt 
PLACE_optlc_12728         TIEH_HVT        saed90nm_max_hvt 
PLACE_optlc_12729         TIEH_HVT        saed90nm_max_hvt 
PLACE_optlc_1273          TIEL_HVT        saed90nm_max_hvt 
PLACE_optlc_12730         TIEH_HVT        saed90nm_max_hvt 
PLACE_optlc_12731         TIEH_HVT        saed90nm_max_hvt 
PLACE_optlc_12732         TIEH_HVT        saed90nm_max_hvt 
PLACE_optlc_12733         TIEH_HVT        saed90nm_max_hvt 
PLACE_optlc_12734         TIEH_HVT        saed90nm_max_hvt 
PLACE_optlc_12735         TIEH_HVT        saed90nm_max_hvt 
PLACE_optlc_12736         TIEH_HVT        saed90nm_max_hvt 
PLACE_optlc_12737         TIEH_HVT        saed90nm_max_hvt 
PLACE_optlc_12738         TIEH_HVT        saed90nm_max_hvt 
PLACE_optlc_12739         TIEH_HVT        saed90nm_max_hvt 
PLACE_optlc_1274          TIEL_HVT        saed90nm_max_hvt 
PLACE_optlc_12740         TIEH_HVT        saed90nm_max_hvt 
PLACE_optlc_12741         TIEH_HVT        saed90nm_max_hvt 
PLACE_optlc_12742         TIEH_HVT        saed90nm_max_hvt 
PLACE_optlc_12743         TIEH_HVT        saed90nm_max_hvt 
PLACE_optlc_12744         TIEH_HVT        saed90nm_max_hvt 
PLACE_optlc_12745         TIEH_HVT        saed90nm_max_hvt 
PLACE_optlc_12746         TIEH_HVT        saed90nm_max_hvt 
PLACE_optlc_12747         TIEH_HVT        saed90nm_max_hvt 
PLACE_optlc_12748         TIEH_HVT        saed90nm_max_hvt 
PLACE_optlc_12749         TIEH_HVT        saed90nm_max_hvt 
PLACE_optlc_1275          TIEL_HVT        saed90nm_max_hvt 
PLACE_optlc_12750         TIEH_HVT        saed90nm_max_hvt 
PLACE_optlc_12751         TIEH_HVT        saed90nm_max_hvt 
PLACE_optlc_12752         TIEH_HVT        saed90nm_max_hvt 
PLACE_optlc_12753         TIEH_HVT        saed90nm_max_hvt 
PLACE_optlc_12754         TIEH_HVT        saed90nm_max_hvt 
PLACE_optlc_12755         TIEH_HVT        saed90nm_max_hvt 
PLACE_optlc_12756         TIEH_HVT        saed90nm_max_hvt 
PLACE_optlc_12757         TIEH_HVT        saed90nm_max_hvt 
PLACE_optlc_12758         TIEH_HVT        saed90nm_max_hvt 
PLACE_optlc_12759         TIEH_HVT        saed90nm_max_hvt 
PLACE_optlc_1276          TIEL_HVT        saed90nm_max_hvt 
PLACE_optlc_12760         TIEH_HVT        saed90nm_max_hvt 
PLACE_optlc_12761         TIEH_HVT        saed90nm_max_hvt 
PLACE_optlc_12762         TIEH_HVT        saed90nm_max_hvt 
PLACE_optlc_12763         TIEH_HVT        saed90nm_max_hvt 
PLACE_optlc_12764         TIEH_HVT        saed90nm_max_hvt 
PLACE_optlc_12765         TIEH_HVT        saed90nm_max_hvt 
PLACE_optlc_12766         TIEH_HVT        saed90nm_max_hvt 
PLACE_optlc_12767         TIEH_HVT        saed90nm_max_hvt 
PLACE_optlc_12768         TIEH_HVT        saed90nm_max_hvt 
PLACE_optlc_12769         TIEH_HVT        saed90nm_max_hvt 
PLACE_optlc_1277          TIEL_HVT        saed90nm_max_hvt 
PLACE_optlc_12771         TIEL_HVT        saed90nm_max_hvt 
PLACE_optlc_12772         TIEL_HVT        saed90nm_max_hvt 
PLACE_optlc_12773         TIEL_HVT        saed90nm_max_hvt 
PLACE_optlc_12775         TIEL_HVT        saed90nm_max_hvt 
PLACE_optlc_12776         TIEL_HVT        saed90nm_max_hvt 
PLACE_optlc_12777         TIEL_HVT        saed90nm_max_hvt 
PLACE_optlc_12778         TIEL_HVT        saed90nm_max_hvt 
PLACE_optlc_12779         TIEL_HVT        saed90nm_max_hvt 
PLACE_optlc_1278          TIEL_HVT        saed90nm_max_hvt 
PLACE_optlc_12780         TIEL_HVT        saed90nm_max_hvt 
PLACE_optlc_12781         TIEL_HVT        saed90nm_max_hvt 
PLACE_optlc_12782         TIEL_HVT        saed90nm_max_hvt 
PLACE_optlc_12783         TIEL_HVT        saed90nm_max_hvt 
PLACE_optlc_12784         TIEL_HVT        saed90nm_max_hvt 
PLACE_optlc_12785         TIEL_HVT        saed90nm_max_hvt 
PLACE_optlc_12786         TIEL_HVT        saed90nm_max_hvt 
PLACE_optlc_12787         TIEL_HVT        saed90nm_max_hvt 
PLACE_optlc_12788         TIEL_HVT        saed90nm_max_hvt 
PLACE_optlc_12789         TIEL_HVT        saed90nm_max_hvt 
PLACE_optlc_1279          TIEL_HVT        saed90nm_max_hvt 
PLACE_optlc_12790         TIEL_HVT        saed90nm_max_hvt 
PLACE_optlc_12791         TIEL_HVT        saed90nm_max_hvt 
PLACE_optlc_12792         TIEL_HVT        saed90nm_max_hvt 
PLACE_optlc_12793         TIEL_HVT        saed90nm_max_hvt 
PLACE_optlc_12794         TIEL_HVT        saed90nm_max_hvt 
PLACE_optlc_12795         TIEL_HVT        saed90nm_max_hvt 
PLACE_optlc_12796         TIEL_HVT        saed90nm_max_hvt 
PLACE_optlc_12797         TIEL_HVT        saed90nm_max_hvt 
PLACE_optlc_12798         TIEL_HVT        saed90nm_max_hvt 
PLACE_optlc_12799         TIEL_HVT        saed90nm_max_hvt 
PLACE_optlc_128           TIEL_HVT        saed90nm_max_hvt 
PLACE_optlc_1280          TIEL_HVT        saed90nm_max_hvt 
PLACE_optlc_12800         TIEL_HVT        saed90nm_max_hvt 
PLACE_optlc_12801         TIEL_HVT        saed90nm_max_hvt 
PLACE_optlc_12802         TIEL_HVT        saed90nm_max_hvt 
PLACE_optlc_12803         TIEL_HVT        saed90nm_max_hvt 
PLACE_optlc_12804         TIEL_HVT        saed90nm_max_hvt 
PLACE_optlc_12805         TIEL_HVT        saed90nm_max_hvt 
PLACE_optlc_12806         TIEL_HVT        saed90nm_max_hvt 
PLACE_optlc_12807         TIEL_HVT        saed90nm_max_hvt 
PLACE_optlc_12808         TIEL_HVT        saed90nm_max_hvt 
PLACE_optlc_12809         TIEL_HVT        saed90nm_max_hvt 
PLACE_optlc_1281          TIEL_HVT        saed90nm_max_hvt 
PLACE_optlc_12810         TIEL_HVT        saed90nm_max_hvt 
PLACE_optlc_12811         TIEL_HVT        saed90nm_max_hvt 
PLACE_optlc_12812         TIEL_HVT        saed90nm_max_hvt 
PLACE_optlc_12813         TIEL_HVT        saed90nm_max_hvt 
PLACE_optlc_12814         TIEL_HVT        saed90nm_max_hvt 
PLACE_optlc_12815         TIEL_HVT        saed90nm_max_hvt 
PLACE_optlc_12816         TIEL_HVT        saed90nm_max_hvt 
PLACE_optlc_1282          TIEL_HVT        saed90nm_max_hvt 
PLACE_optlc_1283          TIEL_HVT        saed90nm_max_hvt 
PLACE_optlc_1284          TIEL_HVT        saed90nm_max_hvt 
PLACE_optlc_1285          TIEL_HVT        saed90nm_max_hvt 
PLACE_optlc_1286          TIEL_HVT        saed90nm_max_hvt 
PLACE_optlc_1287          TIEL_HVT        saed90nm_max_hvt 
PLACE_optlc_1288          TIEL_HVT        saed90nm_max_hvt 
PLACE_optlc_1289          TIEL_HVT        saed90nm_max_hvt 
PLACE_optlc_129           TIEL_HVT        saed90nm_max_hvt 
PLACE_optlc_1290          TIEL_HVT        saed90nm_max_hvt 
PLACE_optlc_1291          TIEL_HVT        saed90nm_max_hvt 
PLACE_optlc_1292          TIEL_HVT        saed90nm_max_hvt 
PLACE_optlc_1293          TIEL_HVT        saed90nm_max_hvt 
PLACE_optlc_1294          TIEL_HVT        saed90nm_max_hvt 
PLACE_optlc_1295          TIEL_HVT        saed90nm_max_hvt 
PLACE_optlc_1296          TIEL_HVT        saed90nm_max_hvt 
PLACE_optlc_1297          TIEL_HVT        saed90nm_max_hvt 
PLACE_optlc_1298          TIEL_HVT        saed90nm_max_hvt 
PLACE_optlc_1299          TIEL_HVT        saed90nm_max_hvt 
PLACE_optlc_130           TIEL_HVT        saed90nm_max_hvt 
PLACE_optlc_1300          TIEL_HVT        saed90nm_max_hvt 
PLACE_optlc_1301          TIEL_HVT        saed90nm_max_hvt 
PLACE_optlc_1302          TIEL_HVT        saed90nm_max_hvt 
PLACE_optlc_1303          TIEL_HVT        saed90nm_max_hvt 
PLACE_optlc_1304          TIEL_HVT        saed90nm_max_hvt 
PLACE_optlc_1305          TIEL_HVT        saed90nm_max_hvt 
PLACE_optlc_1306          TIEL_HVT        saed90nm_max_hvt 
PLACE_optlc_1307          TIEL_HVT        saed90nm_max_hvt 
PLACE_optlc_1308          TIEL_HVT        saed90nm_max_hvt 
PLACE_optlc_1309          TIEL_HVT        saed90nm_max_hvt 
PLACE_optlc_131           TIEL_HVT        saed90nm_max_hvt 
PLACE_optlc_1310          TIEL_HVT        saed90nm_max_hvt 
PLACE_optlc_1311          TIEL_HVT        saed90nm_max_hvt 
PLACE_optlc_1312          TIEL_HVT        saed90nm_max_hvt 
PLACE_optlc_1313          TIEL_HVT        saed90nm_max_hvt 
PLACE_optlc_1314          TIEL_HVT        saed90nm_max_hvt 
PLACE_optlc_1315          TIEL_HVT        saed90nm_max_hvt 
PLACE_optlc_1316          TIEL_HVT        saed90nm_max_hvt 
PLACE_optlc_1317          TIEL_HVT        saed90nm_max_hvt 
PLACE_optlc_1318          TIEL_HVT        saed90nm_max_hvt 
PLACE_optlc_1319          TIEL_HVT        saed90nm_max_hvt 
PLACE_optlc_132           TIEL_HVT        saed90nm_max_hvt 
PLACE_optlc_1320          TIEL_HVT        saed90nm_max_hvt 
PLACE_optlc_1321          TIEL_HVT        saed90nm_max_hvt 
PLACE_optlc_1322          TIEL_HVT        saed90nm_max_hvt 
PLACE_optlc_1323          TIEL_HVT        saed90nm_max_hvt 
PLACE_optlc_1324          TIEL_HVT        saed90nm_max_hvt 
PLACE_optlc_1325          TIEL_HVT        saed90nm_max_hvt 
PLACE_optlc_1326          TIEL_HVT        saed90nm_max_hvt 
PLACE_optlc_1327          TIEL_HVT        saed90nm_max_hvt 
PLACE_optlc_1328          TIEL_HVT        saed90nm_max_hvt 
PLACE_optlc_1329          TIEL_HVT        saed90nm_max_hvt 
PLACE_optlc_133           TIEL_HVT        saed90nm_max_hvt 
PLACE_optlc_1330          TIEL_HVT        saed90nm_max_hvt 
PLACE_optlc_1331          TIEL_HVT        saed90nm_max_hvt 
PLACE_optlc_1332          TIEL_HVT        saed90nm_max_hvt 
PLACE_optlc_1333          TIEL_HVT        saed90nm_max_hvt 
PLACE_optlc_1334          TIEL_HVT        saed90nm_max_hvt 
PLACE_optlc_1335          TIEL_HVT        saed90nm_max_hvt 
PLACE_optlc_1336          TIEL_HVT        saed90nm_max_hvt 
PLACE_optlc_1337          TIEL_HVT        saed90nm_max_hvt 
PLACE_optlc_1338          TIEL_HVT        saed90nm_max_hvt 
PLACE_optlc_1339          TIEL_HVT        saed90nm_max_hvt 
PLACE_optlc_134           TIEL_HVT        saed90nm_max_hvt 
PLACE_optlc_1340          TIEL_HVT        saed90nm_max_hvt 
PLACE_optlc_1341          TIEL_HVT        saed90nm_max_hvt 
PLACE_optlc_1342          TIEL_HVT        saed90nm_max_hvt 
PLACE_optlc_1343          TIEL_HVT        saed90nm_max_hvt 
PLACE_optlc_1344          TIEL_HVT        saed90nm_max_hvt 
PLACE_optlc_1345          TIEL_HVT        saed90nm_max_hvt 
PLACE_optlc_1346          TIEL_HVT        saed90nm_max_hvt 
PLACE_optlc_1347          TIEL_HVT        saed90nm_max_hvt 
PLACE_optlc_1348          TIEL_HVT        saed90nm_max_hvt 
PLACE_optlc_1349          TIEL_HVT        saed90nm_max_hvt 
PLACE_optlc_135           TIEL_HVT        saed90nm_max_hvt 
PLACE_optlc_1350          TIEL_HVT        saed90nm_max_hvt 
PLACE_optlc_1351          TIEL_HVT        saed90nm_max_hvt 
PLACE_optlc_1352          TIEL_HVT        saed90nm_max_hvt 
PLACE_optlc_1353          TIEL_HVT        saed90nm_max_hvt 
PLACE_optlc_1354          TIEL_HVT        saed90nm_max_hvt 
PLACE_optlc_1355          TIEL_HVT        saed90nm_max_hvt 
PLACE_optlc_1356          TIEL_HVT        saed90nm_max_hvt 
PLACE_optlc_1357          TIEL_HVT        saed90nm_max_hvt 
PLACE_optlc_1358          TIEL_HVT        saed90nm_max_hvt 
PLACE_optlc_1359          TIEL_HVT        saed90nm_max_hvt 
PLACE_optlc_136           TIEL_HVT        saed90nm_max_hvt 
PLACE_optlc_1360          TIEL_HVT        saed90nm_max_hvt 
PLACE_optlc_1361          TIEL_HVT        saed90nm_max_hvt 
PLACE_optlc_1362          TIEL_HVT        saed90nm_max_hvt 
PLACE_optlc_1363          TIEL_HVT        saed90nm_max_hvt 
PLACE_optlc_1364          TIEL_HVT        saed90nm_max_hvt 
PLACE_optlc_1365          TIEL_HVT        saed90nm_max_hvt 
PLACE_optlc_1366          TIEL_HVT        saed90nm_max_hvt 
PLACE_optlc_1367          TIEL_HVT        saed90nm_max_hvt 
PLACE_optlc_1368          TIEL_HVT        saed90nm_max_hvt 
PLACE_optlc_1369          TIEL_HVT        saed90nm_max_hvt 
PLACE_optlc_137           TIEL_HVT        saed90nm_max_hvt 
PLACE_optlc_1370          TIEL_HVT        saed90nm_max_hvt 
PLACE_optlc_1371          TIEL_HVT        saed90nm_max_hvt 
PLACE_optlc_1372          TIEL_HVT        saed90nm_max_hvt 
PLACE_optlc_1373          TIEL_HVT        saed90nm_max_hvt 
PLACE_optlc_1374          TIEL_HVT        saed90nm_max_hvt 
PLACE_optlc_1375          TIEL_HVT        saed90nm_max_hvt 
PLACE_optlc_1376          TIEL_HVT        saed90nm_max_hvt 
PLACE_optlc_1377          TIEL_HVT        saed90nm_max_hvt 
PLACE_optlc_1378          TIEL_HVT        saed90nm_max_hvt 
PLACE_optlc_1379          TIEL_HVT        saed90nm_max_hvt 
PLACE_optlc_138           TIEL_HVT        saed90nm_max_hvt 
PLACE_optlc_1380          TIEL_HVT        saed90nm_max_hvt 
PLACE_optlc_1381          TIEL_HVT        saed90nm_max_hvt 
PLACE_optlc_1382          TIEL_HVT        saed90nm_max_hvt 
PLACE_optlc_1383          TIEL_HVT        saed90nm_max_hvt 
PLACE_optlc_1384          TIEL_HVT        saed90nm_max_hvt 
PLACE_optlc_1385          TIEL_HVT        saed90nm_max_hvt 
PLACE_optlc_1386          TIEL_HVT        saed90nm_max_hvt 
PLACE_optlc_1387          TIEL_HVT        saed90nm_max_hvt 
PLACE_optlc_1388          TIEL_HVT        saed90nm_max_hvt 
PLACE_optlc_1389          TIEL_HVT        saed90nm_max_hvt 
PLACE_optlc_139           TIEL_HVT        saed90nm_max_hvt 
PLACE_optlc_1390          TIEL_HVT        saed90nm_max_hvt 
PLACE_optlc_1391          TIEL_HVT        saed90nm_max_hvt 
PLACE_optlc_1392          TIEL_HVT        saed90nm_max_hvt 
PLACE_optlc_1393          TIEL_HVT        saed90nm_max_hvt 
PLACE_optlc_1394          TIEL_HVT        saed90nm_max_hvt 
PLACE_optlc_1395          TIEL_HVT        saed90nm_max_hvt 
PLACE_optlc_1396          TIEL_HVT        saed90nm_max_hvt 
PLACE_optlc_1397          TIEL_HVT        saed90nm_max_hvt 
PLACE_optlc_1398          TIEL_HVT        saed90nm_max_hvt 
PLACE_optlc_1399          TIEL_HVT        saed90nm_max_hvt 
PLACE_optlc_140           TIEL_HVT        saed90nm_max_hvt 
PLACE_optlc_1400          TIEL_HVT        saed90nm_max_hvt 
PLACE_optlc_1401          TIEL_HVT        saed90nm_max_hvt 
PLACE_optlc_1402          TIEL_HVT        saed90nm_max_hvt 
PLACE_optlc_1403          TIEL_HVT        saed90nm_max_hvt 
PLACE_optlc_1404          TIEL_HVT        saed90nm_max_hvt 
PLACE_optlc_1405          TIEL_HVT        saed90nm_max_hvt 
PLACE_optlc_1406          TIEL_HVT        saed90nm_max_hvt 
PLACE_optlc_1407          TIEL_HVT        saed90nm_max_hvt 
PLACE_optlc_1408          TIEL_HVT        saed90nm_max_hvt 
PLACE_optlc_1409          TIEL_HVT        saed90nm_max_hvt 
PLACE_optlc_141           TIEL_HVT        saed90nm_max_hvt 
PLACE_optlc_1410          TIEL_HVT        saed90nm_max_hvt 
PLACE_optlc_1411          TIEL_HVT        saed90nm_max_hvt 
PLACE_optlc_1412          TIEL_HVT        saed90nm_max_hvt 
PLACE_optlc_1413          TIEL_HVT        saed90nm_max_hvt 
PLACE_optlc_1414          TIEL_HVT        saed90nm_max_hvt 
PLACE_optlc_1415          TIEL_HVT        saed90nm_max_hvt 
PLACE_optlc_1416          TIEL_HVT        saed90nm_max_hvt 
PLACE_optlc_1417          TIEL_HVT        saed90nm_max_hvt 
PLACE_optlc_1418          TIEL_HVT        saed90nm_max_hvt 
PLACE_optlc_1419          TIEL_HVT        saed90nm_max_hvt 
PLACE_optlc_142           TIEL_HVT        saed90nm_max_hvt 
PLACE_optlc_1420          TIEL_HVT        saed90nm_max_hvt 
PLACE_optlc_1421          TIEL_HVT        saed90nm_max_hvt 
PLACE_optlc_1422          TIEL_HVT        saed90nm_max_hvt 
PLACE_optlc_1423          TIEL_HVT        saed90nm_max_hvt 
PLACE_optlc_1424          TIEL_HVT        saed90nm_max_hvt 
PLACE_optlc_1425          TIEL_HVT        saed90nm_max_hvt 
PLACE_optlc_1426          TIEL_HVT        saed90nm_max_hvt 
PLACE_optlc_1427          TIEL_HVT        saed90nm_max_hvt 
PLACE_optlc_1428          TIEL_HVT        saed90nm_max_hvt 
PLACE_optlc_1429          TIEL_HVT        saed90nm_max_hvt 
PLACE_optlc_143           TIEL_HVT        saed90nm_max_hvt 
PLACE_optlc_1430          TIEL_HVT        saed90nm_max_hvt 
PLACE_optlc_1431          TIEL_HVT        saed90nm_max_hvt 
PLACE_optlc_1432          TIEL_HVT        saed90nm_max_hvt 
PLACE_optlc_1433          TIEL_HVT        saed90nm_max_hvt 
PLACE_optlc_1434          TIEL_HVT        saed90nm_max_hvt 
PLACE_optlc_1435          TIEL_HVT        saed90nm_max_hvt 
PLACE_optlc_1436          TIEL_HVT        saed90nm_max_hvt 
PLACE_optlc_1437          TIEL_HVT        saed90nm_max_hvt 
PLACE_optlc_1438          TIEL_HVT        saed90nm_max_hvt 
PLACE_optlc_1439          TIEL_HVT        saed90nm_max_hvt 
PLACE_optlc_144           TIEL_HVT        saed90nm_max_hvt 
PLACE_optlc_1440          TIEL_HVT        saed90nm_max_hvt 
PLACE_optlc_1441          TIEL_HVT        saed90nm_max_hvt 
PLACE_optlc_1442          TIEL_HVT        saed90nm_max_hvt 
PLACE_optlc_1443          TIEL_HVT        saed90nm_max_hvt 
PLACE_optlc_1444          TIEL_HVT        saed90nm_max_hvt 
PLACE_optlc_1445          TIEL_HVT        saed90nm_max_hvt 
PLACE_optlc_1446          TIEL_HVT        saed90nm_max_hvt 
PLACE_optlc_1447          TIEL_HVT        saed90nm_max_hvt 
PLACE_optlc_1448          TIEL_HVT        saed90nm_max_hvt 
PLACE_optlc_1449          TIEL_HVT        saed90nm_max_hvt 
PLACE_optlc_145           TIEL_HVT        saed90nm_max_hvt 
PLACE_optlc_1450          TIEL_HVT        saed90nm_max_hvt 
PLACE_optlc_1451          TIEL_HVT        saed90nm_max_hvt 
PLACE_optlc_1452          TIEL_HVT        saed90nm_max_hvt 
PLACE_optlc_1453          TIEL_HVT        saed90nm_max_hvt 
PLACE_optlc_1454          TIEL_HVT        saed90nm_max_hvt 
PLACE_optlc_1455          TIEL_HVT        saed90nm_max_hvt 
PLACE_optlc_1456          TIEL_HVT        saed90nm_max_hvt 
PLACE_optlc_1457          TIEL_HVT        saed90nm_max_hvt 
PLACE_optlc_1458          TIEL_HVT        saed90nm_max_hvt 
PLACE_optlc_1459          TIEL_HVT        saed90nm_max_hvt 
PLACE_optlc_146           TIEL_HVT        saed90nm_max_hvt 
PLACE_optlc_1460          TIEL_HVT        saed90nm_max_hvt 
PLACE_optlc_1461          TIEL_HVT        saed90nm_max_hvt 
PLACE_optlc_1462          TIEL_HVT        saed90nm_max_hvt 
PLACE_optlc_1463          TIEL_HVT        saed90nm_max_hvt 
PLACE_optlc_1464          TIEL_HVT        saed90nm_max_hvt 
PLACE_optlc_1465          TIEL_HVT        saed90nm_max_hvt 
PLACE_optlc_1466          TIEL_HVT        saed90nm_max_hvt 
PLACE_optlc_1467          TIEL_HVT        saed90nm_max_hvt 
PLACE_optlc_1468          TIEL_HVT        saed90nm_max_hvt 
PLACE_optlc_1469          TIEL_HVT        saed90nm_max_hvt 
PLACE_optlc_147           TIEL_HVT        saed90nm_max_hvt 
PLACE_optlc_1470          TIEL_HVT        saed90nm_max_hvt 
PLACE_optlc_1471          TIEL_HVT        saed90nm_max_hvt 
PLACE_optlc_1472          TIEL_HVT        saed90nm_max_hvt 
PLACE_optlc_1473          TIEL_HVT        saed90nm_max_hvt 
PLACE_optlc_1474          TIEL_HVT        saed90nm_max_hvt 
PLACE_optlc_1475          TIEL_HVT        saed90nm_max_hvt 
PLACE_optlc_1476          TIEL_HVT        saed90nm_max_hvt 
PLACE_optlc_1477          TIEL_HVT        saed90nm_max_hvt 
PLACE_optlc_1478          TIEL_HVT        saed90nm_max_hvt 
PLACE_optlc_1479          TIEL_HVT        saed90nm_max_hvt 
PLACE_optlc_148           TIEL_HVT        saed90nm_max_hvt 
PLACE_optlc_1480          TIEL_HVT        saed90nm_max_hvt 
PLACE_optlc_1481          TIEL_HVT        saed90nm_max_hvt 
PLACE_optlc_1482          TIEL_HVT        saed90nm_max_hvt 
PLACE_optlc_1483          TIEL_HVT        saed90nm_max_hvt 
PLACE_optlc_1484          TIEL_HVT        saed90nm_max_hvt 
PLACE_optlc_1485          TIEL_HVT        saed90nm_max_hvt 
PLACE_optlc_1486          TIEL_HVT        saed90nm_max_hvt 
PLACE_optlc_1487          TIEL_HVT        saed90nm_max_hvt 
PLACE_optlc_1488          TIEL_HVT        saed90nm_max_hvt 
PLACE_optlc_1489          TIEL_HVT        saed90nm_max_hvt 
PLACE_optlc_149           TIEL_HVT        saed90nm_max_hvt 
PLACE_optlc_1490          TIEL_HVT        saed90nm_max_hvt 
PLACE_optlc_1491          TIEL_HVT        saed90nm_max_hvt 
PLACE_optlc_1492          TIEL_HVT        saed90nm_max_hvt 
PLACE_optlc_1493          TIEL_HVT        saed90nm_max_hvt 
PLACE_optlc_1494          TIEL_HVT        saed90nm_max_hvt 
PLACE_optlc_1495          TIEL_HVT        saed90nm_max_hvt 
PLACE_optlc_1496          TIEL_HVT        saed90nm_max_hvt 
PLACE_optlc_1497          TIEL_HVT        saed90nm_max_hvt 
PLACE_optlc_1498          TIEL_HVT        saed90nm_max_hvt 
PLACE_optlc_1499          TIEL_HVT        saed90nm_max_hvt 
PLACE_optlc_150           TIEL_HVT        saed90nm_max_hvt 
PLACE_optlc_1500          TIEL_HVT        saed90nm_max_hvt 
PLACE_optlc_1501          TIEL_HVT        saed90nm_max_hvt 
PLACE_optlc_1502          TIEL_HVT        saed90nm_max_hvt 
PLACE_optlc_1503          TIEL_HVT        saed90nm_max_hvt 
PLACE_optlc_1504          TIEL_HVT        saed90nm_max_hvt 
PLACE_optlc_1505          TIEL_HVT        saed90nm_max_hvt 
PLACE_optlc_1506          TIEL_HVT        saed90nm_max_hvt 
PLACE_optlc_1507          TIEL_HVT        saed90nm_max_hvt 
PLACE_optlc_1508          TIEL_HVT        saed90nm_max_hvt 
PLACE_optlc_1509          TIEL_HVT        saed90nm_max_hvt 
PLACE_optlc_151           TIEL_HVT        saed90nm_max_hvt 
PLACE_optlc_1510          TIEL_HVT        saed90nm_max_hvt 
PLACE_optlc_1511          TIEL_HVT        saed90nm_max_hvt 
PLACE_optlc_1512          TIEL_HVT        saed90nm_max_hvt 
PLACE_optlc_1513          TIEL_HVT        saed90nm_max_hvt 
PLACE_optlc_1514          TIEL_HVT        saed90nm_max_hvt 
PLACE_optlc_1515          TIEL_HVT        saed90nm_max_hvt 
PLACE_optlc_1516          TIEL_HVT        saed90nm_max_hvt 
PLACE_optlc_1517          TIEL_HVT        saed90nm_max_hvt 
PLACE_optlc_1518          TIEL_HVT        saed90nm_max_hvt 
PLACE_optlc_1519          TIEL_HVT        saed90nm_max_hvt 
PLACE_optlc_152           TIEL_HVT        saed90nm_max_hvt 
PLACE_optlc_1520          TIEL_HVT        saed90nm_max_hvt 
PLACE_optlc_1521          TIEL_HVT        saed90nm_max_hvt 
PLACE_optlc_1522          TIEL_HVT        saed90nm_max_hvt 
PLACE_optlc_1523          TIEL_HVT        saed90nm_max_hvt 
PLACE_optlc_1524          TIEL_HVT        saed90nm_max_hvt 
PLACE_optlc_1525          TIEL_HVT        saed90nm_max_hvt 
PLACE_optlc_1526          TIEL_HVT        saed90nm_max_hvt 
PLACE_optlc_1527          TIEL_HVT        saed90nm_max_hvt 
PLACE_optlc_1528          TIEL_HVT        saed90nm_max_hvt 
PLACE_optlc_1529          TIEL_HVT        saed90nm_max_hvt 
PLACE_optlc_153           TIEL_HVT        saed90nm_max_hvt 
PLACE_optlc_1530          TIEL_HVT        saed90nm_max_hvt 
PLACE_optlc_1531          TIEL_HVT        saed90nm_max_hvt 
PLACE_optlc_1532          TIEL_HVT        saed90nm_max_hvt 
PLACE_optlc_1533          TIEL_HVT        saed90nm_max_hvt 
PLACE_optlc_1534          TIEL_HVT        saed90nm_max_hvt 
PLACE_optlc_1535          TIEL_HVT        saed90nm_max_hvt 
PLACE_optlc_1536          TIEL_HVT        saed90nm_max_hvt 
PLACE_optlc_1537          TIEL_HVT        saed90nm_max_hvt 
PLACE_optlc_1538          TIEL_HVT        saed90nm_max_hvt 
PLACE_optlc_1539          TIEL_HVT        saed90nm_max_hvt 
PLACE_optlc_154           TIEL_HVT        saed90nm_max_hvt 
PLACE_optlc_1540          TIEL_HVT        saed90nm_max_hvt 
PLACE_optlc_1541          TIEL_HVT        saed90nm_max_hvt 
PLACE_optlc_1542          TIEL_HVT        saed90nm_max_hvt 
PLACE_optlc_1543          TIEL_HVT        saed90nm_max_hvt 
PLACE_optlc_1544          TIEL_HVT        saed90nm_max_hvt 
PLACE_optlc_1545          TIEL_HVT        saed90nm_max_hvt 
PLACE_optlc_1546          TIEL_HVT        saed90nm_max_hvt 
PLACE_optlc_1547          TIEL_HVT        saed90nm_max_hvt 
PLACE_optlc_1548          TIEL_HVT        saed90nm_max_hvt 
PLACE_optlc_1549          TIEL_HVT        saed90nm_max_hvt 
PLACE_optlc_155           TIEL_HVT        saed90nm_max_hvt 
PLACE_optlc_1550          TIEL_HVT        saed90nm_max_hvt 
PLACE_optlc_1551          TIEL_HVT        saed90nm_max_hvt 
PLACE_optlc_1552          TIEL_HVT        saed90nm_max_hvt 
PLACE_optlc_1553          TIEL_HVT        saed90nm_max_hvt 
PLACE_optlc_1554          TIEL_HVT        saed90nm_max_hvt 
PLACE_optlc_1555          TIEL_HVT        saed90nm_max_hvt 
PLACE_optlc_1556          TIEL_HVT        saed90nm_max_hvt 
PLACE_optlc_1557          TIEL_HVT        saed90nm_max_hvt 
PLACE_optlc_1558          TIEL_HVT        saed90nm_max_hvt 
PLACE_optlc_1559          TIEL_HVT        saed90nm_max_hvt 
PLACE_optlc_156           TIEL_HVT        saed90nm_max_hvt 
PLACE_optlc_1560          TIEL_HVT        saed90nm_max_hvt 
PLACE_optlc_1561          TIEL_HVT        saed90nm_max_hvt 
PLACE_optlc_1562          TIEL_HVT        saed90nm_max_hvt 
PLACE_optlc_1563          TIEL_HVT        saed90nm_max_hvt 
PLACE_optlc_1564          TIEL_HVT        saed90nm_max_hvt 
PLACE_optlc_1565          TIEL_HVT        saed90nm_max_hvt 
PLACE_optlc_1566          TIEL_HVT        saed90nm_max_hvt 
PLACE_optlc_1567          TIEL_HVT        saed90nm_max_hvt 
PLACE_optlc_1568          TIEL_HVT        saed90nm_max_hvt 
PLACE_optlc_1569          TIEL_HVT        saed90nm_max_hvt 
PLACE_optlc_157           TIEL_HVT        saed90nm_max_hvt 
PLACE_optlc_1570          TIEL_HVT        saed90nm_max_hvt 
PLACE_optlc_1571          TIEL_HVT        saed90nm_max_hvt 
PLACE_optlc_1572          TIEL_HVT        saed90nm_max_hvt 
PLACE_optlc_1573          TIEL_HVT        saed90nm_max_hvt 
PLACE_optlc_1574          TIEL_HVT        saed90nm_max_hvt 
PLACE_optlc_1575          TIEL_HVT        saed90nm_max_hvt 
PLACE_optlc_1576          TIEL_HVT        saed90nm_max_hvt 
PLACE_optlc_1577          TIEL_HVT        saed90nm_max_hvt 
PLACE_optlc_1578          TIEL_HVT        saed90nm_max_hvt 
PLACE_optlc_1579          TIEL_HVT        saed90nm_max_hvt 
PLACE_optlc_158           TIEL_HVT        saed90nm_max_hvt 
PLACE_optlc_1580          TIEL_HVT        saed90nm_max_hvt 
PLACE_optlc_1581          TIEL_HVT        saed90nm_max_hvt 
PLACE_optlc_1582          TIEL_HVT        saed90nm_max_hvt 
PLACE_optlc_1583          TIEL_HVT        saed90nm_max_hvt 
PLACE_optlc_1584          TIEL_HVT        saed90nm_max_hvt 
PLACE_optlc_1585          TIEL_HVT        saed90nm_max_hvt 
PLACE_optlc_1586          TIEL_HVT        saed90nm_max_hvt 
PLACE_optlc_1587          TIEL_HVT        saed90nm_max_hvt 
PLACE_optlc_1588          TIEL_HVT        saed90nm_max_hvt 
PLACE_optlc_1589          TIEL_HVT        saed90nm_max_hvt 
PLACE_optlc_159           TIEL_HVT        saed90nm_max_hvt 
PLACE_optlc_1590          TIEL_HVT        saed90nm_max_hvt 
PLACE_optlc_1591          TIEL_HVT        saed90nm_max_hvt 
PLACE_optlc_1592          TIEL_HVT        saed90nm_max_hvt 
PLACE_optlc_1593          TIEL_HVT        saed90nm_max_hvt 
PLACE_optlc_1594          TIEL_HVT        saed90nm_max_hvt 
PLACE_optlc_1595          TIEL_HVT        saed90nm_max_hvt 
PLACE_optlc_1596          TIEL_HVT        saed90nm_max_hvt 
PLACE_optlc_1597          TIEL_HVT        saed90nm_max_hvt 
PLACE_optlc_1598          TIEL_HVT        saed90nm_max_hvt 
PLACE_optlc_1599          TIEL_HVT        saed90nm_max_hvt 
PLACE_optlc_160           TIEL_HVT        saed90nm_max_hvt 
PLACE_optlc_1600          TIEL_HVT        saed90nm_max_hvt 
PLACE_optlc_1601          TIEL_HVT        saed90nm_max_hvt 
PLACE_optlc_1602          TIEL_HVT        saed90nm_max_hvt 
PLACE_optlc_1603          TIEL_HVT        saed90nm_max_hvt 
PLACE_optlc_1604          TIEL_HVT        saed90nm_max_hvt 
PLACE_optlc_1605          TIEL_HVT        saed90nm_max_hvt 
PLACE_optlc_1606          TIEL_HVT        saed90nm_max_hvt 
PLACE_optlc_1607          TIEL_HVT        saed90nm_max_hvt 
PLACE_optlc_1608          TIEL_HVT        saed90nm_max_hvt 
PLACE_optlc_1609          TIEL_HVT        saed90nm_max_hvt 
PLACE_optlc_161           TIEL_HVT        saed90nm_max_hvt 
PLACE_optlc_1610          TIEL_HVT        saed90nm_max_hvt 
PLACE_optlc_1611          TIEL_HVT        saed90nm_max_hvt 
PLACE_optlc_1612          TIEL_HVT        saed90nm_max_hvt 
PLACE_optlc_1613          TIEL_HVT        saed90nm_max_hvt 
PLACE_optlc_1614          TIEL_HVT        saed90nm_max_hvt 
PLACE_optlc_1615          TIEL_HVT        saed90nm_max_hvt 
PLACE_optlc_1616          TIEL_HVT        saed90nm_max_hvt 
PLACE_optlc_1617          TIEL_HVT        saed90nm_max_hvt 
PLACE_optlc_1618          TIEL_HVT        saed90nm_max_hvt 
PLACE_optlc_1619          TIEL_HVT        saed90nm_max_hvt 
PLACE_optlc_162           TIEL_HVT        saed90nm_max_hvt 
PLACE_optlc_1620          TIEL_HVT        saed90nm_max_hvt 
PLACE_optlc_1621          TIEL_HVT        saed90nm_max_hvt 
PLACE_optlc_1622          TIEL_HVT        saed90nm_max_hvt 
PLACE_optlc_1623          TIEL_HVT        saed90nm_max_hvt 
PLACE_optlc_1624          TIEL_HVT        saed90nm_max_hvt 
PLACE_optlc_1625          TIEL_HVT        saed90nm_max_hvt 
PLACE_optlc_1626          TIEL_HVT        saed90nm_max_hvt 
PLACE_optlc_1627          TIEL_HVT        saed90nm_max_hvt 
PLACE_optlc_1628          TIEL_HVT        saed90nm_max_hvt 
PLACE_optlc_1629          TIEL_HVT        saed90nm_max_hvt 
PLACE_optlc_163           TIEL_HVT        saed90nm_max_hvt 
PLACE_optlc_1630          TIEL_HVT        saed90nm_max_hvt 
PLACE_optlc_1631          TIEL_HVT        saed90nm_max_hvt 
PLACE_optlc_1632          TIEL_HVT        saed90nm_max_hvt 
PLACE_optlc_1633          TIEL_HVT        saed90nm_max_hvt 
PLACE_optlc_1634          TIEL_HVT        saed90nm_max_hvt 
PLACE_optlc_1635          TIEL_HVT        saed90nm_max_hvt 
PLACE_optlc_1636          TIEL_HVT        saed90nm_max_hvt 
PLACE_optlc_1637          TIEL_HVT        saed90nm_max_hvt 
PLACE_optlc_1638          TIEL_HVT        saed90nm_max_hvt 
PLACE_optlc_1639          TIEL_HVT        saed90nm_max_hvt 
PLACE_optlc_164           TIEL_HVT        saed90nm_max_hvt 
PLACE_optlc_1640          TIEL_HVT        saed90nm_max_hvt 
PLACE_optlc_1641          TIEL_HVT        saed90nm_max_hvt 
PLACE_optlc_1642          TIEL_HVT        saed90nm_max_hvt 
PLACE_optlc_1643          TIEL_HVT        saed90nm_max_hvt 
PLACE_optlc_1644          TIEL_HVT        saed90nm_max_hvt 
PLACE_optlc_1645          TIEL_HVT        saed90nm_max_hvt 
PLACE_optlc_1646          TIEL_HVT        saed90nm_max_hvt 
PLACE_optlc_1647          TIEL_HVT        saed90nm_max_hvt 
PLACE_optlc_1648          TIEL_HVT        saed90nm_max_hvt 
PLACE_optlc_1649          TIEL_HVT        saed90nm_max_hvt 
PLACE_optlc_165           TIEL_HVT        saed90nm_max_hvt 
PLACE_optlc_1650          TIEL_HVT        saed90nm_max_hvt 
PLACE_optlc_1651          TIEL_HVT        saed90nm_max_hvt 
PLACE_optlc_1652          TIEL_HVT        saed90nm_max_hvt 
PLACE_optlc_1653          TIEL_HVT        saed90nm_max_hvt 
PLACE_optlc_1654          TIEL_HVT        saed90nm_max_hvt 
PLACE_optlc_1655          TIEL_HVT        saed90nm_max_hvt 
PLACE_optlc_1656          TIEL_HVT        saed90nm_max_hvt 
PLACE_optlc_1657          TIEL_HVT        saed90nm_max_hvt 
PLACE_optlc_1658          TIEL_HVT        saed90nm_max_hvt 
PLACE_optlc_1659          TIEL_HVT        saed90nm_max_hvt 
PLACE_optlc_166           TIEL_HVT        saed90nm_max_hvt 
PLACE_optlc_1660          TIEL_HVT        saed90nm_max_hvt 
PLACE_optlc_1661          TIEL_HVT        saed90nm_max_hvt 
PLACE_optlc_1662          TIEL_HVT        saed90nm_max_hvt 
PLACE_optlc_1663          TIEL_HVT        saed90nm_max_hvt 
PLACE_optlc_1664          TIEL_HVT        saed90nm_max_hvt 
PLACE_optlc_1665          TIEL_HVT        saed90nm_max_hvt 
PLACE_optlc_1666          TIEL_HVT        saed90nm_max_hvt 
PLACE_optlc_1667          TIEL_HVT        saed90nm_max_hvt 
PLACE_optlc_1668          TIEL_HVT        saed90nm_max_hvt 
PLACE_optlc_1669          TIEL_HVT        saed90nm_max_hvt 
PLACE_optlc_167           TIEL_HVT        saed90nm_max_hvt 
PLACE_optlc_1670          TIEL_HVT        saed90nm_max_hvt 
PLACE_optlc_1671          TIEL_HVT        saed90nm_max_hvt 
PLACE_optlc_1672          TIEL_HVT        saed90nm_max_hvt 
PLACE_optlc_1673          TIEL_HVT        saed90nm_max_hvt 
PLACE_optlc_1674          TIEL_HVT        saed90nm_max_hvt 
PLACE_optlc_1675          TIEL_HVT        saed90nm_max_hvt 
PLACE_optlc_1676          TIEL_HVT        saed90nm_max_hvt 
PLACE_optlc_1677          TIEL_HVT        saed90nm_max_hvt 
PLACE_optlc_1678          TIEL_HVT        saed90nm_max_hvt 
PLACE_optlc_1679          TIEL_HVT        saed90nm_max_hvt 
PLACE_optlc_168           TIEL_HVT        saed90nm_max_hvt 
PLACE_optlc_1680          TIEL_HVT        saed90nm_max_hvt 
PLACE_optlc_1681          TIEL_HVT        saed90nm_max_hvt 
PLACE_optlc_1682          TIEL_HVT        saed90nm_max_hvt 
PLACE_optlc_1683          TIEL_HVT        saed90nm_max_hvt 
PLACE_optlc_1684          TIEL_HVT        saed90nm_max_hvt 
PLACE_optlc_1685          TIEL_HVT        saed90nm_max_hvt 
PLACE_optlc_1686          TIEL_HVT        saed90nm_max_hvt 
PLACE_optlc_1687          TIEL_HVT        saed90nm_max_hvt 
PLACE_optlc_1688          TIEL_HVT        saed90nm_max_hvt 
PLACE_optlc_1689          TIEL_HVT        saed90nm_max_hvt 
PLACE_optlc_169           TIEL_HVT        saed90nm_max_hvt 
PLACE_optlc_1690          TIEL_HVT        saed90nm_max_hvt 
PLACE_optlc_1691          TIEL_HVT        saed90nm_max_hvt 
PLACE_optlc_1692          TIEL_HVT        saed90nm_max_hvt 
PLACE_optlc_1693          TIEL_HVT        saed90nm_max_hvt 
PLACE_optlc_1694          TIEL_HVT        saed90nm_max_hvt 
PLACE_optlc_1695          TIEL_HVT        saed90nm_max_hvt 
PLACE_optlc_1696          TIEL_HVT        saed90nm_max_hvt 
PLACE_optlc_1697          TIEL_HVT        saed90nm_max_hvt 
PLACE_optlc_1698          TIEL_HVT        saed90nm_max_hvt 
PLACE_optlc_1699          TIEL_HVT        saed90nm_max_hvt 
PLACE_optlc_170           TIEL_HVT        saed90nm_max_hvt 
PLACE_optlc_1700          TIEL_HVT        saed90nm_max_hvt 
PLACE_optlc_1701          TIEL_HVT        saed90nm_max_hvt 
PLACE_optlc_1702          TIEL_HVT        saed90nm_max_hvt 
PLACE_optlc_1703          TIEL_HVT        saed90nm_max_hvt 
PLACE_optlc_1704          TIEL_HVT        saed90nm_max_hvt 
PLACE_optlc_1705          TIEL_HVT        saed90nm_max_hvt 
PLACE_optlc_1706          TIEL_HVT        saed90nm_max_hvt 
PLACE_optlc_1707          TIEL_HVT        saed90nm_max_hvt 
PLACE_optlc_1708          TIEL_HVT        saed90nm_max_hvt 
PLACE_optlc_1709          TIEL_HVT        saed90nm_max_hvt 
PLACE_optlc_171           TIEL_HVT        saed90nm_max_hvt 
PLACE_optlc_1710          TIEL_HVT        saed90nm_max_hvt 
PLACE_optlc_1711          TIEL_HVT        saed90nm_max_hvt 
PLACE_optlc_1712          TIEL_HVT        saed90nm_max_hvt 
PLACE_optlc_1713          TIEL_HVT        saed90nm_max_hvt 
PLACE_optlc_1714          TIEL_HVT        saed90nm_max_hvt 
PLACE_optlc_1715          TIEL_HVT        saed90nm_max_hvt 
PLACE_optlc_1716          TIEL_HVT        saed90nm_max_hvt 
PLACE_optlc_1717          TIEL_HVT        saed90nm_max_hvt 
PLACE_optlc_1718          TIEL_HVT        saed90nm_max_hvt 
PLACE_optlc_1719          TIEL_HVT        saed90nm_max_hvt 
PLACE_optlc_172           TIEL_HVT        saed90nm_max_hvt 
PLACE_optlc_1720          TIEL_HVT        saed90nm_max_hvt 
PLACE_optlc_1721          TIEL_HVT        saed90nm_max_hvt 
PLACE_optlc_1722          TIEL_HVT        saed90nm_max_hvt 
PLACE_optlc_1723          TIEL_HVT        saed90nm_max_hvt 
PLACE_optlc_1724          TIEL_HVT        saed90nm_max_hvt 
PLACE_optlc_1725          TIEL_HVT        saed90nm_max_hvt 
PLACE_optlc_1726          TIEL_HVT        saed90nm_max_hvt 
PLACE_optlc_1727          TIEL_HVT        saed90nm_max_hvt 
PLACE_optlc_1728          TIEL_HVT        saed90nm_max_hvt 
PLACE_optlc_1729          TIEL_HVT        saed90nm_max_hvt 
PLACE_optlc_173           TIEL_HVT        saed90nm_max_hvt 
PLACE_optlc_1730          TIEL_HVT        saed90nm_max_hvt 
PLACE_optlc_1731          TIEL_HVT        saed90nm_max_hvt 
PLACE_optlc_1732          TIEL_HVT        saed90nm_max_hvt 
PLACE_optlc_1733          TIEL_HVT        saed90nm_max_hvt 
PLACE_optlc_1734          TIEL_HVT        saed90nm_max_hvt 
PLACE_optlc_1735          TIEL_HVT        saed90nm_max_hvt 
PLACE_optlc_1736          TIEL_HVT        saed90nm_max_hvt 
PLACE_optlc_1737          TIEL_HVT        saed90nm_max_hvt 
PLACE_optlc_1738          TIEL_HVT        saed90nm_max_hvt 
PLACE_optlc_1739          TIEL_HVT        saed90nm_max_hvt 
PLACE_optlc_174           TIEL_HVT        saed90nm_max_hvt 
PLACE_optlc_1740          TIEL_HVT        saed90nm_max_hvt 
PLACE_optlc_1741          TIEL_HVT        saed90nm_max_hvt 
PLACE_optlc_1742          TIEL_HVT        saed90nm_max_hvt 
PLACE_optlc_1743          TIEL_HVT        saed90nm_max_hvt 
PLACE_optlc_1744          TIEL_HVT        saed90nm_max_hvt 
PLACE_optlc_1745          TIEL_HVT        saed90nm_max_hvt 
PLACE_optlc_1746          TIEL_HVT        saed90nm_max_hvt 
PLACE_optlc_1747          TIEL_HVT        saed90nm_max_hvt 
PLACE_optlc_1748          TIEL_HVT        saed90nm_max_hvt 
PLACE_optlc_1749          TIEL_HVT        saed90nm_max_hvt 
PLACE_optlc_175           TIEL_HVT        saed90nm_max_hvt 
PLACE_optlc_1750          TIEL_HVT        saed90nm_max_hvt 
PLACE_optlc_1751          TIEL_HVT        saed90nm_max_hvt 
PLACE_optlc_1752          TIEL_HVT        saed90nm_max_hvt 
PLACE_optlc_1753          TIEL_HVT        saed90nm_max_hvt 
PLACE_optlc_1754          TIEL_HVT        saed90nm_max_hvt 
PLACE_optlc_1755          TIEL_HVT        saed90nm_max_hvt 
PLACE_optlc_1756          TIEL_HVT        saed90nm_max_hvt 
PLACE_optlc_1757          TIEL_HVT        saed90nm_max_hvt 
PLACE_optlc_1758          TIEL_HVT        saed90nm_max_hvt 
PLACE_optlc_1759          TIEL_HVT        saed90nm_max_hvt 
PLACE_optlc_176           TIEL_HVT        saed90nm_max_hvt 
PLACE_optlc_1760          TIEL_HVT        saed90nm_max_hvt 
PLACE_optlc_1761          TIEL_HVT        saed90nm_max_hvt 
PLACE_optlc_1762          TIEL_HVT        saed90nm_max_hvt 
PLACE_optlc_1763          TIEL_HVT        saed90nm_max_hvt 
PLACE_optlc_1764          TIEL_HVT        saed90nm_max_hvt 
PLACE_optlc_1765          TIEL_HVT        saed90nm_max_hvt 
PLACE_optlc_1766          TIEL_HVT        saed90nm_max_hvt 
PLACE_optlc_1767          TIEL_HVT        saed90nm_max_hvt 
PLACE_optlc_1768          TIEL_HVT        saed90nm_max_hvt 
PLACE_optlc_1769          TIEL_HVT        saed90nm_max_hvt 
PLACE_optlc_177           TIEL_HVT        saed90nm_max_hvt 
PLACE_optlc_1770          TIEL_HVT        saed90nm_max_hvt 
PLACE_optlc_1771          TIEL_HVT        saed90nm_max_hvt 
PLACE_optlc_1772          TIEL_HVT        saed90nm_max_hvt 
PLACE_optlc_1773          TIEL_HVT        saed90nm_max_hvt 
PLACE_optlc_1774          TIEL_HVT        saed90nm_max_hvt 
PLACE_optlc_1775          TIEL_HVT        saed90nm_max_hvt 
PLACE_optlc_1776          TIEL_HVT        saed90nm_max_hvt 
PLACE_optlc_1777          TIEL_HVT        saed90nm_max_hvt 
PLACE_optlc_1778          TIEL_HVT        saed90nm_max_hvt 
PLACE_optlc_1779          TIEL_HVT        saed90nm_max_hvt 
PLACE_optlc_178           TIEL_HVT        saed90nm_max_hvt 
PLACE_optlc_1780          TIEL_HVT        saed90nm_max_hvt 
PLACE_optlc_1781          TIEL_HVT        saed90nm_max_hvt 
PLACE_optlc_1782          TIEL_HVT        saed90nm_max_hvt 
PLACE_optlc_1783          TIEL_HVT        saed90nm_max_hvt 
PLACE_optlc_1784          TIEL_HVT        saed90nm_max_hvt 
PLACE_optlc_1785          TIEL_HVT        saed90nm_max_hvt 
PLACE_optlc_1786          TIEL_HVT        saed90nm_max_hvt 
PLACE_optlc_1787          TIEL_HVT        saed90nm_max_hvt 
PLACE_optlc_1788          TIEL_HVT        saed90nm_max_hvt 
PLACE_optlc_1789          TIEL_HVT        saed90nm_max_hvt 
PLACE_optlc_179           TIEL_HVT        saed90nm_max_hvt 
PLACE_optlc_1790          TIEL_HVT        saed90nm_max_hvt 
PLACE_optlc_1791          TIEL_HVT        saed90nm_max_hvt 
PLACE_optlc_1792          TIEL_HVT        saed90nm_max_hvt 
PLACE_optlc_1793          TIEL_HVT        saed90nm_max_hvt 
PLACE_optlc_1794          TIEL_HVT        saed90nm_max_hvt 
PLACE_optlc_1795          TIEL_HVT        saed90nm_max_hvt 
PLACE_optlc_1796          TIEL_HVT        saed90nm_max_hvt 
PLACE_optlc_1797          TIEL_HVT        saed90nm_max_hvt 
PLACE_optlc_1798          TIEL_HVT        saed90nm_max_hvt 
PLACE_optlc_1799          TIEL_HVT        saed90nm_max_hvt 
PLACE_optlc_180           TIEL_HVT        saed90nm_max_hvt 
PLACE_optlc_1800          TIEL_HVT        saed90nm_max_hvt 
PLACE_optlc_1801          TIEL_HVT        saed90nm_max_hvt 
PLACE_optlc_1802          TIEL_HVT        saed90nm_max_hvt 
PLACE_optlc_1803          TIEL_HVT        saed90nm_max_hvt 
PLACE_optlc_1804          TIEL_HVT        saed90nm_max_hvt 
PLACE_optlc_1805          TIEL_HVT        saed90nm_max_hvt 
PLACE_optlc_1806          TIEL_HVT        saed90nm_max_hvt 
PLACE_optlc_1807          TIEL_HVT        saed90nm_max_hvt 
PLACE_optlc_1808          TIEL_HVT        saed90nm_max_hvt 
PLACE_optlc_1809          TIEL_HVT        saed90nm_max_hvt 
PLACE_optlc_181           TIEL_HVT        saed90nm_max_hvt 
PLACE_optlc_1810          TIEL_HVT        saed90nm_max_hvt 
PLACE_optlc_1811          TIEL_HVT        saed90nm_max_hvt 
PLACE_optlc_1812          TIEL_HVT        saed90nm_max_hvt 
PLACE_optlc_1813          TIEL_HVT        saed90nm_max_hvt 
PLACE_optlc_1814          TIEL_HVT        saed90nm_max_hvt 
PLACE_optlc_1815          TIEL_HVT        saed90nm_max_hvt 
PLACE_optlc_1816          TIEL_HVT        saed90nm_max_hvt 
PLACE_optlc_1817          TIEL_HVT        saed90nm_max_hvt 
PLACE_optlc_1818          TIEL_HVT        saed90nm_max_hvt 
PLACE_optlc_1819          TIEL_HVT        saed90nm_max_hvt 
PLACE_optlc_182           TIEL_HVT        saed90nm_max_hvt 
PLACE_optlc_1820          TIEL_HVT        saed90nm_max_hvt 
PLACE_optlc_1821          TIEL_HVT        saed90nm_max_hvt 
PLACE_optlc_1822          TIEL_HVT        saed90nm_max_hvt 
PLACE_optlc_1823          TIEL_HVT        saed90nm_max_hvt 
PLACE_optlc_1824          TIEL_HVT        saed90nm_max_hvt 
PLACE_optlc_1825          TIEL_HVT        saed90nm_max_hvt 
PLACE_optlc_1826          TIEL_HVT        saed90nm_max_hvt 
PLACE_optlc_1827          TIEL_HVT        saed90nm_max_hvt 
PLACE_optlc_1828          TIEL_HVT        saed90nm_max_hvt 
PLACE_optlc_1829          TIEL_HVT        saed90nm_max_hvt 
PLACE_optlc_183           TIEL_HVT        saed90nm_max_hvt 
PLACE_optlc_1830          TIEL_HVT        saed90nm_max_hvt 
PLACE_optlc_1831          TIEL_HVT        saed90nm_max_hvt 
PLACE_optlc_1832          TIEL_HVT        saed90nm_max_hvt 
PLACE_optlc_1833          TIEL_HVT        saed90nm_max_hvt 
PLACE_optlc_1834          TIEL_HVT        saed90nm_max_hvt 
PLACE_optlc_1835          TIEL_HVT        saed90nm_max_hvt 
PLACE_optlc_1836          TIEL_HVT        saed90nm_max_hvt 
PLACE_optlc_1837          TIEL_HVT        saed90nm_max_hvt 
PLACE_optlc_1838          TIEL_HVT        saed90nm_max_hvt 
PLACE_optlc_1839          TIEL_HVT        saed90nm_max_hvt 
PLACE_optlc_184           TIEL_HVT        saed90nm_max_hvt 
PLACE_optlc_1840          TIEL_HVT        saed90nm_max_hvt 
PLACE_optlc_1841          TIEL_HVT        saed90nm_max_hvt 
PLACE_optlc_1842          TIEL_HVT        saed90nm_max_hvt 
PLACE_optlc_1843          TIEL_HVT        saed90nm_max_hvt 
PLACE_optlc_1844          TIEL_HVT        saed90nm_max_hvt 
PLACE_optlc_1845          TIEL_HVT        saed90nm_max_hvt 
PLACE_optlc_1846          TIEL_HVT        saed90nm_max_hvt 
PLACE_optlc_1847          TIEL_HVT        saed90nm_max_hvt 
PLACE_optlc_1848          TIEL_HVT        saed90nm_max_hvt 
PLACE_optlc_1849          TIEL_HVT        saed90nm_max_hvt 
PLACE_optlc_185           TIEL_HVT        saed90nm_max_hvt 
PLACE_optlc_1850          TIEL_HVT        saed90nm_max_hvt 
PLACE_optlc_1851          TIEL_HVT        saed90nm_max_hvt 
PLACE_optlc_1852          TIEL_HVT        saed90nm_max_hvt 
PLACE_optlc_1853          TIEL_HVT        saed90nm_max_hvt 
PLACE_optlc_1854          TIEL_HVT        saed90nm_max_hvt 
PLACE_optlc_1855          TIEL_HVT        saed90nm_max_hvt 
PLACE_optlc_1856          TIEL_HVT        saed90nm_max_hvt 
PLACE_optlc_1857          TIEL_HVT        saed90nm_max_hvt 
PLACE_optlc_1858          TIEL_HVT        saed90nm_max_hvt 
PLACE_optlc_1859          TIEL_HVT        saed90nm_max_hvt 
PLACE_optlc_186           TIEL_HVT        saed90nm_max_hvt 
PLACE_optlc_1860          TIEL_HVT        saed90nm_max_hvt 
PLACE_optlc_1861          TIEL_HVT        saed90nm_max_hvt 
PLACE_optlc_1862          TIEL_HVT        saed90nm_max_hvt 
PLACE_optlc_1863          TIEL_HVT        saed90nm_max_hvt 
PLACE_optlc_1864          TIEL_HVT        saed90nm_max_hvt 
PLACE_optlc_1865          TIEL_HVT        saed90nm_max_hvt 
PLACE_optlc_1866          TIEL_HVT        saed90nm_max_hvt 
PLACE_optlc_1867          TIEL_HVT        saed90nm_max_hvt 
PLACE_optlc_1868          TIEL_HVT        saed90nm_max_hvt 
PLACE_optlc_1869          TIEL_HVT        saed90nm_max_hvt 
PLACE_optlc_187           TIEL_HVT        saed90nm_max_hvt 
PLACE_optlc_1870          TIEL_HVT        saed90nm_max_hvt 
PLACE_optlc_1871          TIEL_HVT        saed90nm_max_hvt 
PLACE_optlc_1872          TIEL_HVT        saed90nm_max_hvt 
PLACE_optlc_1873          TIEL_HVT        saed90nm_max_hvt 
PLACE_optlc_1874          TIEL_HVT        saed90nm_max_hvt 
PLACE_optlc_1875          TIEL_HVT        saed90nm_max_hvt 
PLACE_optlc_1876          TIEL_HVT        saed90nm_max_hvt 
PLACE_optlc_1877          TIEL_HVT        saed90nm_max_hvt 
PLACE_optlc_1878          TIEL_HVT        saed90nm_max_hvt 
PLACE_optlc_1879          TIEL_HVT        saed90nm_max_hvt 
PLACE_optlc_188           TIEL_HVT        saed90nm_max_hvt 
PLACE_optlc_1880          TIEL_HVT        saed90nm_max_hvt 
PLACE_optlc_1881          TIEL_HVT        saed90nm_max_hvt 
PLACE_optlc_1882          TIEL_HVT        saed90nm_max_hvt 
PLACE_optlc_1883          TIEL_HVT        saed90nm_max_hvt 
PLACE_optlc_1884          TIEL_HVT        saed90nm_max_hvt 
PLACE_optlc_1885          TIEL_HVT        saed90nm_max_hvt 
PLACE_optlc_1886          TIEL_HVT        saed90nm_max_hvt 
PLACE_optlc_1887          TIEL_HVT        saed90nm_max_hvt 
PLACE_optlc_1888          TIEL_HVT        saed90nm_max_hvt 
PLACE_optlc_1889          TIEL_HVT        saed90nm_max_hvt 
PLACE_optlc_189           TIEL_HVT        saed90nm_max_hvt 
PLACE_optlc_1890          TIEL_HVT        saed90nm_max_hvt 
PLACE_optlc_1891          TIEL_HVT        saed90nm_max_hvt 
PLACE_optlc_1892          TIEL_HVT        saed90nm_max_hvt 
PLACE_optlc_1893          TIEL_HVT        saed90nm_max_hvt 
PLACE_optlc_1894          TIEL_HVT        saed90nm_max_hvt 
PLACE_optlc_1895          TIEL_HVT        saed90nm_max_hvt 
PLACE_optlc_1896          TIEL_HVT        saed90nm_max_hvt 
PLACE_optlc_1897          TIEL_HVT        saed90nm_max_hvt 
PLACE_optlc_1898          TIEL_HVT        saed90nm_max_hvt 
PLACE_optlc_1899          TIEL_HVT        saed90nm_max_hvt 
PLACE_optlc_190           TIEL_HVT        saed90nm_max_hvt 
PLACE_optlc_1900          TIEL_HVT        saed90nm_max_hvt 
PLACE_optlc_1901          TIEL_HVT        saed90nm_max_hvt 
PLACE_optlc_1902          TIEL_HVT        saed90nm_max_hvt 
PLACE_optlc_1903          TIEL_HVT        saed90nm_max_hvt 
PLACE_optlc_1904          TIEL_HVT        saed90nm_max_hvt 
PLACE_optlc_1905          TIEL_HVT        saed90nm_max_hvt 
PLACE_optlc_1906          TIEL_HVT        saed90nm_max_hvt 
PLACE_optlc_1907          TIEL_HVT        saed90nm_max_hvt 
PLACE_optlc_1908          TIEL_HVT        saed90nm_max_hvt 
PLACE_optlc_1909          TIEL_HVT        saed90nm_max_hvt 
PLACE_optlc_191           TIEL_HVT        saed90nm_max_hvt 
PLACE_optlc_1910          TIEL_HVT        saed90nm_max_hvt 
PLACE_optlc_1911          TIEL_HVT        saed90nm_max_hvt 
PLACE_optlc_1912          TIEL_HVT        saed90nm_max_hvt 
PLACE_optlc_1913          TIEL_HVT        saed90nm_max_hvt 
PLACE_optlc_1914          TIEL_HVT        saed90nm_max_hvt 
PLACE_optlc_1915          TIEL_HVT        saed90nm_max_hvt 
PLACE_optlc_1916          TIEL_HVT        saed90nm_max_hvt 
PLACE_optlc_1917          TIEL_HVT        saed90nm_max_hvt 
PLACE_optlc_1918          TIEL_HVT        saed90nm_max_hvt 
PLACE_optlc_1919          TIEL_HVT        saed90nm_max_hvt 
PLACE_optlc_192           TIEL_HVT        saed90nm_max_hvt 
PLACE_optlc_1920          TIEL_HVT        saed90nm_max_hvt 
PLACE_optlc_1921          TIEL_HVT        saed90nm_max_hvt 
PLACE_optlc_1922          TIEL_HVT        saed90nm_max_hvt 
PLACE_optlc_1923          TIEL_HVT        saed90nm_max_hvt 
PLACE_optlc_1924          TIEL_HVT        saed90nm_max_hvt 
PLACE_optlc_1925          TIEL_HVT        saed90nm_max_hvt 
PLACE_optlc_1926          TIEL_HVT        saed90nm_max_hvt 
PLACE_optlc_1927          TIEL_HVT        saed90nm_max_hvt 
PLACE_optlc_1928          TIEL_HVT        saed90nm_max_hvt 
PLACE_optlc_1929          TIEL_HVT        saed90nm_max_hvt 
PLACE_optlc_193           TIEL_HVT        saed90nm_max_hvt 
PLACE_optlc_1930          TIEL_HVT        saed90nm_max_hvt 
PLACE_optlc_1931          TIEL_HVT        saed90nm_max_hvt 
PLACE_optlc_1932          TIEL_HVT        saed90nm_max_hvt 
PLACE_optlc_1933          TIEL_HVT        saed90nm_max_hvt 
PLACE_optlc_1934          TIEL_HVT        saed90nm_max_hvt 
PLACE_optlc_1935          TIEL_HVT        saed90nm_max_hvt 
PLACE_optlc_1936          TIEL_HVT        saed90nm_max_hvt 
PLACE_optlc_1937          TIEL_HVT        saed90nm_max_hvt 
PLACE_optlc_1938          TIEL_HVT        saed90nm_max_hvt 
PLACE_optlc_1939          TIEL_HVT        saed90nm_max_hvt 
PLACE_optlc_194           TIEL_HVT        saed90nm_max_hvt 
PLACE_optlc_1940          TIEL_HVT        saed90nm_max_hvt 
PLACE_optlc_1941          TIEL_HVT        saed90nm_max_hvt 
PLACE_optlc_1942          TIEL_HVT        saed90nm_max_hvt 
PLACE_optlc_1943          TIEL_HVT        saed90nm_max_hvt 
PLACE_optlc_1944          TIEL_HVT        saed90nm_max_hvt 
PLACE_optlc_1945          TIEL_HVT        saed90nm_max_hvt 
PLACE_optlc_1946          TIEL_HVT        saed90nm_max_hvt 
PLACE_optlc_1947          TIEL_HVT        saed90nm_max_hvt 
PLACE_optlc_1948          TIEL_HVT        saed90nm_max_hvt 
PLACE_optlc_1949          TIEL_HVT        saed90nm_max_hvt 
PLACE_optlc_195           TIEL_HVT        saed90nm_max_hvt 
PLACE_optlc_1950          TIEL_HVT        saed90nm_max_hvt 
PLACE_optlc_1951          TIEL_HVT        saed90nm_max_hvt 
PLACE_optlc_1952          TIEL_HVT        saed90nm_max_hvt 
PLACE_optlc_1953          TIEL_HVT        saed90nm_max_hvt 
PLACE_optlc_1954          TIEL_HVT        saed90nm_max_hvt 
PLACE_optlc_1955          TIEL_HVT        saed90nm_max_hvt 
PLACE_optlc_1956          TIEL_HVT        saed90nm_max_hvt 
PLACE_optlc_1957          TIEL_HVT        saed90nm_max_hvt 
PLACE_optlc_1958          TIEL_HVT        saed90nm_max_hvt 
PLACE_optlc_1959          TIEL_HVT        saed90nm_max_hvt 
PLACE_optlc_196           TIEL_HVT        saed90nm_max_hvt 
PLACE_optlc_1960          TIEL_HVT        saed90nm_max_hvt 
PLACE_optlc_1961          TIEL_HVT        saed90nm_max_hvt 
PLACE_optlc_1962          TIEL_HVT        saed90nm_max_hvt 
PLACE_optlc_1963          TIEL_HVT        saed90nm_max_hvt 
PLACE_optlc_1964          TIEL_HVT        saed90nm_max_hvt 
PLACE_optlc_1965          TIEL_HVT        saed90nm_max_hvt 
PLACE_optlc_1966          TIEL_HVT        saed90nm_max_hvt 
PLACE_optlc_1967          TIEL_HVT        saed90nm_max_hvt 
PLACE_optlc_1968          TIEL_HVT        saed90nm_max_hvt 
PLACE_optlc_1969          TIEL_HVT        saed90nm_max_hvt 
PLACE_optlc_197           TIEL_HVT        saed90nm_max_hvt 
PLACE_optlc_1970          TIEL_HVT        saed90nm_max_hvt 
PLACE_optlc_1971          TIEL_HVT        saed90nm_max_hvt 
PLACE_optlc_1972          TIEL_HVT        saed90nm_max_hvt 
PLACE_optlc_1973          TIEL_HVT        saed90nm_max_hvt 
PLACE_optlc_1974          TIEL_HVT        saed90nm_max_hvt 
PLACE_optlc_1975          TIEL_HVT        saed90nm_max_hvt 
PLACE_optlc_1976          TIEL_HVT        saed90nm_max_hvt 
PLACE_optlc_1977          TIEL_HVT        saed90nm_max_hvt 
PLACE_optlc_1978          TIEL_HVT        saed90nm_max_hvt 
PLACE_optlc_1979          TIEL_HVT        saed90nm_max_hvt 
PLACE_optlc_198           TIEL_HVT        saed90nm_max_hvt 
PLACE_optlc_1980          TIEL_HVT        saed90nm_max_hvt 
PLACE_optlc_1981          TIEL_HVT        saed90nm_max_hvt 
PLACE_optlc_1982          TIEL_HVT        saed90nm_max_hvt 
PLACE_optlc_1983          TIEL_HVT        saed90nm_max_hvt 
PLACE_optlc_1984          TIEL_HVT        saed90nm_max_hvt 
PLACE_optlc_1985          TIEL_HVT        saed90nm_max_hvt 
PLACE_optlc_1986          TIEL_HVT        saed90nm_max_hvt 
PLACE_optlc_1987          TIEL_HVT        saed90nm_max_hvt 
PLACE_optlc_1988          TIEL_HVT        saed90nm_max_hvt 
PLACE_optlc_1989          TIEL_HVT        saed90nm_max_hvt 
PLACE_optlc_199           TIEL_HVT        saed90nm_max_hvt 
PLACE_optlc_1990          TIEL_HVT        saed90nm_max_hvt 
PLACE_optlc_1991          TIEL_HVT        saed90nm_max_hvt 
PLACE_optlc_1992          TIEL_HVT        saed90nm_max_hvt 
PLACE_optlc_1993          TIEL_HVT        saed90nm_max_hvt 
PLACE_optlc_1994          TIEL_HVT        saed90nm_max_hvt 
PLACE_optlc_1995          TIEL_HVT        saed90nm_max_hvt 
PLACE_optlc_1996          TIEL_HVT        saed90nm_max_hvt 
PLACE_optlc_1997          TIEL_HVT        saed90nm_max_hvt 
PLACE_optlc_1998          TIEL_HVT        saed90nm_max_hvt 
PLACE_optlc_1999          TIEL_HVT        saed90nm_max_hvt 
PLACE_optlc_200           TIEL_HVT        saed90nm_max_hvt 
PLACE_optlc_2000          TIEL_HVT        saed90nm_max_hvt 
PLACE_optlc_2001          TIEL_HVT        saed90nm_max_hvt 
PLACE_optlc_2002          TIEL_HVT        saed90nm_max_hvt 
PLACE_optlc_2003          TIEL_HVT        saed90nm_max_hvt 
PLACE_optlc_2004          TIEL_HVT        saed90nm_max_hvt 
PLACE_optlc_2005          TIEL_HVT        saed90nm_max_hvt 
PLACE_optlc_2006          TIEL_HVT        saed90nm_max_hvt 
PLACE_optlc_2007          TIEL_HVT        saed90nm_max_hvt 
PLACE_optlc_2008          TIEL_HVT        saed90nm_max_hvt 
PLACE_optlc_2009          TIEL_HVT        saed90nm_max_hvt 
PLACE_optlc_201           TIEL_HVT        saed90nm_max_hvt 
PLACE_optlc_2010          TIEL_HVT        saed90nm_max_hvt 
PLACE_optlc_2011          TIEL_HVT        saed90nm_max_hvt 
PLACE_optlc_2012          TIEL_HVT        saed90nm_max_hvt 
PLACE_optlc_2013          TIEL_HVT        saed90nm_max_hvt 
PLACE_optlc_2014          TIEL_HVT        saed90nm_max_hvt 
PLACE_optlc_2015          TIEL_HVT        saed90nm_max_hvt 
PLACE_optlc_2016          TIEL_HVT        saed90nm_max_hvt 
PLACE_optlc_2017          TIEL_HVT        saed90nm_max_hvt 
PLACE_optlc_2018          TIEL_HVT        saed90nm_max_hvt 
PLACE_optlc_2019          TIEL_HVT        saed90nm_max_hvt 
PLACE_optlc_202           TIEL_HVT        saed90nm_max_hvt 
PLACE_optlc_2020          TIEL_HVT        saed90nm_max_hvt 
PLACE_optlc_2021          TIEL_HVT        saed90nm_max_hvt 
PLACE_optlc_2022          TIEL_HVT        saed90nm_max_hvt 
PLACE_optlc_2023          TIEL_HVT        saed90nm_max_hvt 
PLACE_optlc_2024          TIEL_HVT        saed90nm_max_hvt 
PLACE_optlc_2025          TIEL_HVT        saed90nm_max_hvt 
PLACE_optlc_2026          TIEL_HVT        saed90nm_max_hvt 
PLACE_optlc_2027          TIEL_HVT        saed90nm_max_hvt 
PLACE_optlc_2028          TIEL_HVT        saed90nm_max_hvt 
PLACE_optlc_2029          TIEL_HVT        saed90nm_max_hvt 
PLACE_optlc_203           TIEL_HVT        saed90nm_max_hvt 
PLACE_optlc_2030          TIEL_HVT        saed90nm_max_hvt 
PLACE_optlc_2031          TIEL_HVT        saed90nm_max_hvt 
PLACE_optlc_2032          TIEL_HVT        saed90nm_max_hvt 
PLACE_optlc_2033          TIEL_HVT        saed90nm_max_hvt 
PLACE_optlc_2034          TIEL_HVT        saed90nm_max_hvt 
PLACE_optlc_2035          TIEL_HVT        saed90nm_max_hvt 
PLACE_optlc_2036          TIEL_HVT        saed90nm_max_hvt 
PLACE_optlc_2037          TIEL_HVT        saed90nm_max_hvt 
PLACE_optlc_2038          TIEL_HVT        saed90nm_max_hvt 
PLACE_optlc_2039          TIEL_HVT        saed90nm_max_hvt 
PLACE_optlc_204           TIEL_HVT        saed90nm_max_hvt 
PLACE_optlc_2040          TIEL_HVT        saed90nm_max_hvt 
PLACE_optlc_2041          TIEL_HVT        saed90nm_max_hvt 
PLACE_optlc_2042          TIEL_HVT        saed90nm_max_hvt 
PLACE_optlc_2043          TIEL_HVT        saed90nm_max_hvt 
PLACE_optlc_2044          TIEL_HVT        saed90nm_max_hvt 
PLACE_optlc_2045          TIEL_HVT        saed90nm_max_hvt 
PLACE_optlc_2046          TIEL_HVT        saed90nm_max_hvt 
PLACE_optlc_2047          TIEL_HVT        saed90nm_max_hvt 
PLACE_optlc_2048          TIEL_HVT        saed90nm_max_hvt 
PLACE_optlc_2049          TIEL_HVT        saed90nm_max_hvt 
PLACE_optlc_205           TIEL_HVT        saed90nm_max_hvt 
PLACE_optlc_2050          TIEL_HVT        saed90nm_max_hvt 
PLACE_optlc_2051          TIEL_HVT        saed90nm_max_hvt 
PLACE_optlc_2052          TIEL_HVT        saed90nm_max_hvt 
PLACE_optlc_2053          TIEL_HVT        saed90nm_max_hvt 
PLACE_optlc_2054          TIEL_HVT        saed90nm_max_hvt 
PLACE_optlc_2055          TIEL_HVT        saed90nm_max_hvt 
PLACE_optlc_2056          TIEL_HVT        saed90nm_max_hvt 
PLACE_optlc_2057          TIEL_HVT        saed90nm_max_hvt 
PLACE_optlc_2058          TIEL_HVT        saed90nm_max_hvt 
PLACE_optlc_2059          TIEL_HVT        saed90nm_max_hvt 
PLACE_optlc_206           TIEL_HVT        saed90nm_max_hvt 
PLACE_optlc_2060          TIEL_HVT        saed90nm_max_hvt 
PLACE_optlc_2061          TIEL_HVT        saed90nm_max_hvt 
PLACE_optlc_2062          TIEL_HVT        saed90nm_max_hvt 
PLACE_optlc_2063          TIEL_HVT        saed90nm_max_hvt 
PLACE_optlc_2064          TIEL_HVT        saed90nm_max_hvt 
PLACE_optlc_2065          TIEL_HVT        saed90nm_max_hvt 
PLACE_optlc_2066          TIEL_HVT        saed90nm_max_hvt 
PLACE_optlc_2067          TIEL_HVT        saed90nm_max_hvt 
PLACE_optlc_2068          TIEL_HVT        saed90nm_max_hvt 
PLACE_optlc_2069          TIEL_HVT        saed90nm_max_hvt 
PLACE_optlc_207           TIEL_HVT        saed90nm_max_hvt 
PLACE_optlc_2070          TIEL_HVT        saed90nm_max_hvt 
PLACE_optlc_2071          TIEL_HVT        saed90nm_max_hvt 
PLACE_optlc_2072          TIEL_HVT        saed90nm_max_hvt 
PLACE_optlc_2073          TIEL_HVT        saed90nm_max_hvt 
PLACE_optlc_2074          TIEL_HVT        saed90nm_max_hvt 
PLACE_optlc_2075          TIEL_HVT        saed90nm_max_hvt 
PLACE_optlc_2076          TIEL_HVT        saed90nm_max_hvt 
PLACE_optlc_2077          TIEL_HVT        saed90nm_max_hvt 
PLACE_optlc_2078          TIEL_HVT        saed90nm_max_hvt 
PLACE_optlc_2079          TIEL_HVT        saed90nm_max_hvt 
PLACE_optlc_208           TIEL_HVT        saed90nm_max_hvt 
PLACE_optlc_2080          TIEL_HVT        saed90nm_max_hvt 
PLACE_optlc_2081          TIEL_HVT        saed90nm_max_hvt 
PLACE_optlc_2082          TIEL_HVT        saed90nm_max_hvt 
PLACE_optlc_2083          TIEL_HVT        saed90nm_max_hvt 
PLACE_optlc_2084          TIEL_HVT        saed90nm_max_hvt 
PLACE_optlc_2085          TIEL_HVT        saed90nm_max_hvt 
PLACE_optlc_2086          TIEL_HVT        saed90nm_max_hvt 
PLACE_optlc_2087          TIEL_HVT        saed90nm_max_hvt 
PLACE_optlc_2088          TIEL_HVT        saed90nm_max_hvt 
PLACE_optlc_2089          TIEL_HVT        saed90nm_max_hvt 
PLACE_optlc_209           TIEL_HVT        saed90nm_max_hvt 
PLACE_optlc_2090          TIEL_HVT        saed90nm_max_hvt 
PLACE_optlc_2091          TIEL_HVT        saed90nm_max_hvt 
PLACE_optlc_2092          TIEL_HVT        saed90nm_max_hvt 
PLACE_optlc_2093          TIEL_HVT        saed90nm_max_hvt 
PLACE_optlc_2094          TIEL_HVT        saed90nm_max_hvt 
PLACE_optlc_2095          TIEL_HVT        saed90nm_max_hvt 
PLACE_optlc_2096          TIEL_HVT        saed90nm_max_hvt 
PLACE_optlc_2097          TIEL_HVT        saed90nm_max_hvt 
PLACE_optlc_2098          TIEL_HVT        saed90nm_max_hvt 
PLACE_optlc_2099          TIEL_HVT        saed90nm_max_hvt 
PLACE_optlc_210           TIEL_HVT        saed90nm_max_hvt 
PLACE_optlc_2100          TIEL_HVT        saed90nm_max_hvt 
PLACE_optlc_2101          TIEL_HVT        saed90nm_max_hvt 
PLACE_optlc_2102          TIEL_HVT        saed90nm_max_hvt 
PLACE_optlc_2103          TIEL_HVT        saed90nm_max_hvt 
PLACE_optlc_2104          TIEL_HVT        saed90nm_max_hvt 
PLACE_optlc_2105          TIEL_HVT        saed90nm_max_hvt 
PLACE_optlc_2106          TIEL_HVT        saed90nm_max_hvt 
PLACE_optlc_2107          TIEL_HVT        saed90nm_max_hvt 
PLACE_optlc_2108          TIEL_HVT        saed90nm_max_hvt 
PLACE_optlc_2109          TIEL_HVT        saed90nm_max_hvt 
PLACE_optlc_211           TIEL_HVT        saed90nm_max_hvt 
PLACE_optlc_2110          TIEL_HVT        saed90nm_max_hvt 
PLACE_optlc_2111          TIEL_HVT        saed90nm_max_hvt 
PLACE_optlc_2112          TIEL_HVT        saed90nm_max_hvt 
PLACE_optlc_2113          TIEL_HVT        saed90nm_max_hvt 
PLACE_optlc_2114          TIEL_HVT        saed90nm_max_hvt 
PLACE_optlc_2115          TIEL_HVT        saed90nm_max_hvt 
PLACE_optlc_2116          TIEL_HVT        saed90nm_max_hvt 
PLACE_optlc_2117          TIEL_HVT        saed90nm_max_hvt 
PLACE_optlc_2118          TIEL_HVT        saed90nm_max_hvt 
PLACE_optlc_2119          TIEL_HVT        saed90nm_max_hvt 
PLACE_optlc_212           TIEL_HVT        saed90nm_max_hvt 
PLACE_optlc_2120          TIEL_HVT        saed90nm_max_hvt 
PLACE_optlc_2121          TIEL_HVT        saed90nm_max_hvt 
PLACE_optlc_2122          TIEL_HVT        saed90nm_max_hvt 
PLACE_optlc_2123          TIEL_HVT        saed90nm_max_hvt 
PLACE_optlc_2124          TIEL_HVT        saed90nm_max_hvt 
PLACE_optlc_2125          TIEL_HVT        saed90nm_max_hvt 
PLACE_optlc_2126          TIEL_HVT        saed90nm_max_hvt 
PLACE_optlc_2127          TIEL_HVT        saed90nm_max_hvt 
PLACE_optlc_2128          TIEL_HVT        saed90nm_max_hvt 
PLACE_optlc_2129          TIEL_HVT        saed90nm_max_hvt 
PLACE_optlc_213           TIEL_HVT        saed90nm_max_hvt 
PLACE_optlc_2130          TIEL_HVT        saed90nm_max_hvt 
PLACE_optlc_2131          TIEL_HVT        saed90nm_max_hvt 
PLACE_optlc_2132          TIEL_HVT        saed90nm_max_hvt 
PLACE_optlc_2133          TIEL_HVT        saed90nm_max_hvt 
PLACE_optlc_2134          TIEL_HVT        saed90nm_max_hvt 
PLACE_optlc_2135          TIEL_HVT        saed90nm_max_hvt 
PLACE_optlc_2136          TIEL_HVT        saed90nm_max_hvt 
PLACE_optlc_2137          TIEL_HVT        saed90nm_max_hvt 
PLACE_optlc_2138          TIEL_HVT        saed90nm_max_hvt 
PLACE_optlc_2139          TIEL_HVT        saed90nm_max_hvt 
PLACE_optlc_214           TIEL_HVT        saed90nm_max_hvt 
PLACE_optlc_2140          TIEL_HVT        saed90nm_max_hvt 
PLACE_optlc_2141          TIEL_HVT        saed90nm_max_hvt 
PLACE_optlc_2142          TIEL_HVT        saed90nm_max_hvt 
PLACE_optlc_2143          TIEL_HVT        saed90nm_max_hvt 
PLACE_optlc_2144          TIEL_HVT        saed90nm_max_hvt 
PLACE_optlc_2145          TIEL_HVT        saed90nm_max_hvt 
PLACE_optlc_2146          TIEL_HVT        saed90nm_max_hvt 
PLACE_optlc_2147          TIEL_HVT        saed90nm_max_hvt 
PLACE_optlc_2148          TIEL_HVT        saed90nm_max_hvt 
PLACE_optlc_2149          TIEL_HVT        saed90nm_max_hvt 
PLACE_optlc_215           TIEL_HVT        saed90nm_max_hvt 
PLACE_optlc_2150          TIEL_HVT        saed90nm_max_hvt 
PLACE_optlc_2151          TIEL_HVT        saed90nm_max_hvt 
PLACE_optlc_2152          TIEL_HVT        saed90nm_max_hvt 
PLACE_optlc_2153          TIEL_HVT        saed90nm_max_hvt 
PLACE_optlc_2154          TIEL_HVT        saed90nm_max_hvt 
PLACE_optlc_2155          TIEL_HVT        saed90nm_max_hvt 
PLACE_optlc_2156          TIEL_HVT        saed90nm_max_hvt 
PLACE_optlc_2157          TIEL_HVT        saed90nm_max_hvt 
PLACE_optlc_2158          TIEL_HVT        saed90nm_max_hvt 
PLACE_optlc_2159          TIEL_HVT        saed90nm_max_hvt 
PLACE_optlc_216           TIEL_HVT        saed90nm_max_hvt 
PLACE_optlc_2160          TIEL_HVT        saed90nm_max_hvt 
PLACE_optlc_2161          TIEL_HVT        saed90nm_max_hvt 
PLACE_optlc_2162          TIEL_HVT        saed90nm_max_hvt 
PLACE_optlc_2163          TIEL_HVT        saed90nm_max_hvt 
PLACE_optlc_2164          TIEL_HVT        saed90nm_max_hvt 
PLACE_optlc_2165          TIEL_HVT        saed90nm_max_hvt 
PLACE_optlc_2166          TIEL_HVT        saed90nm_max_hvt 
PLACE_optlc_2167          TIEL_HVT        saed90nm_max_hvt 
PLACE_optlc_2168          TIEL_HVT        saed90nm_max_hvt 
PLACE_optlc_2169          TIEL_HVT        saed90nm_max_hvt 
PLACE_optlc_217           TIEL_HVT        saed90nm_max_hvt 
PLACE_optlc_2170          TIEL_HVT        saed90nm_max_hvt 
PLACE_optlc_2171          TIEL_HVT        saed90nm_max_hvt 
PLACE_optlc_2172          TIEL_HVT        saed90nm_max_hvt 
PLACE_optlc_2173          TIEL_HVT        saed90nm_max_hvt 
PLACE_optlc_2174          TIEL_HVT        saed90nm_max_hvt 
PLACE_optlc_2175          TIEL_HVT        saed90nm_max_hvt 
PLACE_optlc_2176          TIEL_HVT        saed90nm_max_hvt 
PLACE_optlc_2177          TIEL_HVT        saed90nm_max_hvt 
PLACE_optlc_2178          TIEL_HVT        saed90nm_max_hvt 
PLACE_optlc_2179          TIEL_HVT        saed90nm_max_hvt 
PLACE_optlc_218           TIEL_HVT        saed90nm_max_hvt 
PLACE_optlc_2180          TIEL_HVT        saed90nm_max_hvt 
PLACE_optlc_2181          TIEL_HVT        saed90nm_max_hvt 
PLACE_optlc_2182          TIEL_HVT        saed90nm_max_hvt 
PLACE_optlc_2183          TIEL_HVT        saed90nm_max_hvt 
PLACE_optlc_2184          TIEL_HVT        saed90nm_max_hvt 
PLACE_optlc_2185          TIEL_HVT        saed90nm_max_hvt 
PLACE_optlc_2186          TIEL_HVT        saed90nm_max_hvt 
PLACE_optlc_2187          TIEL_HVT        saed90nm_max_hvt 
PLACE_optlc_2188          TIEL_HVT        saed90nm_max_hvt 
PLACE_optlc_2189          TIEL_HVT        saed90nm_max_hvt 
PLACE_optlc_219           TIEL_HVT        saed90nm_max_hvt 
PLACE_optlc_2190          TIEL_HVT        saed90nm_max_hvt 
PLACE_optlc_2191          TIEL_HVT        saed90nm_max_hvt 
PLACE_optlc_2192          TIEL_HVT        saed90nm_max_hvt 
PLACE_optlc_2193          TIEL_HVT        saed90nm_max_hvt 
PLACE_optlc_2194          TIEL_HVT        saed90nm_max_hvt 
PLACE_optlc_2195          TIEL_HVT        saed90nm_max_hvt 
PLACE_optlc_2196          TIEL_HVT        saed90nm_max_hvt 
PLACE_optlc_2197          TIEL_HVT        saed90nm_max_hvt 
PLACE_optlc_2198          TIEL_HVT        saed90nm_max_hvt 
PLACE_optlc_2199          TIEL_HVT        saed90nm_max_hvt 
PLACE_optlc_220           TIEL_HVT        saed90nm_max_hvt 
PLACE_optlc_2200          TIEL_HVT        saed90nm_max_hvt 
PLACE_optlc_2201          TIEL_HVT        saed90nm_max_hvt 
PLACE_optlc_2202          TIEL_HVT        saed90nm_max_hvt 
PLACE_optlc_2203          TIEL_HVT        saed90nm_max_hvt 
PLACE_optlc_2204          TIEL_HVT        saed90nm_max_hvt 
PLACE_optlc_2205          TIEL_HVT        saed90nm_max_hvt 
PLACE_optlc_2206          TIEL_HVT        saed90nm_max_hvt 
PLACE_optlc_2207          TIEL_HVT        saed90nm_max_hvt 
PLACE_optlc_2208          TIEL_HVT        saed90nm_max_hvt 
PLACE_optlc_2209          TIEL_HVT        saed90nm_max_hvt 
PLACE_optlc_221           TIEL_HVT        saed90nm_max_hvt 
PLACE_optlc_2210          TIEL_HVT        saed90nm_max_hvt 
PLACE_optlc_2211          TIEL_HVT        saed90nm_max_hvt 
PLACE_optlc_2212          TIEL_HVT        saed90nm_max_hvt 
PLACE_optlc_2213          TIEL_HVT        saed90nm_max_hvt 
PLACE_optlc_2214          TIEL_HVT        saed90nm_max_hvt 
PLACE_optlc_2215          TIEL_HVT        saed90nm_max_hvt 
PLACE_optlc_2216          TIEL_HVT        saed90nm_max_hvt 
PLACE_optlc_2217          TIEL_HVT        saed90nm_max_hvt 
PLACE_optlc_2218          TIEL_HVT        saed90nm_max_hvt 
PLACE_optlc_2219          TIEL_HVT        saed90nm_max_hvt 
PLACE_optlc_222           TIEL_HVT        saed90nm_max_hvt 
PLACE_optlc_2220          TIEL_HVT        saed90nm_max_hvt 
PLACE_optlc_2221          TIEL_HVT        saed90nm_max_hvt 
PLACE_optlc_2222          TIEL_HVT        saed90nm_max_hvt 
PLACE_optlc_2223          TIEL_HVT        saed90nm_max_hvt 
PLACE_optlc_2224          TIEL_HVT        saed90nm_max_hvt 
PLACE_optlc_2225          TIEL_HVT        saed90nm_max_hvt 
PLACE_optlc_2226          TIEL_HVT        saed90nm_max_hvt 
PLACE_optlc_2227          TIEL_HVT        saed90nm_max_hvt 
PLACE_optlc_2228          TIEL_HVT        saed90nm_max_hvt 
PLACE_optlc_2229          TIEL_HVT        saed90nm_max_hvt 
PLACE_optlc_223           TIEL_HVT        saed90nm_max_hvt 
PLACE_optlc_2230          TIEL_HVT        saed90nm_max_hvt 
PLACE_optlc_2231          TIEL_HVT        saed90nm_max_hvt 
PLACE_optlc_2232          TIEL_HVT        saed90nm_max_hvt 
PLACE_optlc_2233          TIEL_HVT        saed90nm_max_hvt 
PLACE_optlc_2234          TIEL_HVT        saed90nm_max_hvt 
PLACE_optlc_2235          TIEL_HVT        saed90nm_max_hvt 
PLACE_optlc_2236          TIEL_HVT        saed90nm_max_hvt 
PLACE_optlc_2237          TIEL_HVT        saed90nm_max_hvt 
PLACE_optlc_2238          TIEL_HVT        saed90nm_max_hvt 
PLACE_optlc_2239          TIEL_HVT        saed90nm_max_hvt 
PLACE_optlc_224           TIEL_HVT        saed90nm_max_hvt 
PLACE_optlc_2240          TIEL_HVT        saed90nm_max_hvt 
PLACE_optlc_2241          TIEL_HVT        saed90nm_max_hvt 
PLACE_optlc_2242          TIEL_HVT        saed90nm_max_hvt 
PLACE_optlc_2243          TIEL_HVT        saed90nm_max_hvt 
PLACE_optlc_2244          TIEL_HVT        saed90nm_max_hvt 
PLACE_optlc_2245          TIEL_HVT        saed90nm_max_hvt 
PLACE_optlc_2246          TIEL_HVT        saed90nm_max_hvt 
PLACE_optlc_2247          TIEL_HVT        saed90nm_max_hvt 
PLACE_optlc_2248          TIEL_HVT        saed90nm_max_hvt 
PLACE_optlc_2249          TIEL_HVT        saed90nm_max_hvt 
PLACE_optlc_225           TIEL_HVT        saed90nm_max_hvt 
PLACE_optlc_2250          TIEL_HVT        saed90nm_max_hvt 
PLACE_optlc_2251          TIEL_HVT        saed90nm_max_hvt 
PLACE_optlc_2252          TIEL_HVT        saed90nm_max_hvt 
PLACE_optlc_2253          TIEL_HVT        saed90nm_max_hvt 
PLACE_optlc_2254          TIEL_HVT        saed90nm_max_hvt 
PLACE_optlc_2255          TIEL_HVT        saed90nm_max_hvt 
PLACE_optlc_2256          TIEL_HVT        saed90nm_max_hvt 
PLACE_optlc_2257          TIEL_HVT        saed90nm_max_hvt 
PLACE_optlc_2258          TIEL_HVT        saed90nm_max_hvt 
PLACE_optlc_2259          TIEL_HVT        saed90nm_max_hvt 
PLACE_optlc_226           TIEL_HVT        saed90nm_max_hvt 
PLACE_optlc_2260          TIEL_HVT        saed90nm_max_hvt 
PLACE_optlc_2261          TIEL_HVT        saed90nm_max_hvt 
PLACE_optlc_2262          TIEL_HVT        saed90nm_max_hvt 
PLACE_optlc_2263          TIEL_HVT        saed90nm_max_hvt 
PLACE_optlc_2264          TIEL_HVT        saed90nm_max_hvt 
PLACE_optlc_2265          TIEL_HVT        saed90nm_max_hvt 
PLACE_optlc_2266          TIEL_HVT        saed90nm_max_hvt 
PLACE_optlc_2267          TIEL_HVT        saed90nm_max_hvt 
PLACE_optlc_2268          TIEL_HVT        saed90nm_max_hvt 
PLACE_optlc_2269          TIEL_HVT        saed90nm_max_hvt 
PLACE_optlc_227           TIEL_HVT        saed90nm_max_hvt 
PLACE_optlc_2270          TIEL_HVT        saed90nm_max_hvt 
PLACE_optlc_2271          TIEL_HVT        saed90nm_max_hvt 
PLACE_optlc_2272          TIEL_HVT        saed90nm_max_hvt 
PLACE_optlc_2273          TIEL_HVT        saed90nm_max_hvt 
PLACE_optlc_2274          TIEL_HVT        saed90nm_max_hvt 
PLACE_optlc_2275          TIEL_HVT        saed90nm_max_hvt 
PLACE_optlc_2276          TIEL_HVT        saed90nm_max_hvt 
PLACE_optlc_2277          TIEL_HVT        saed90nm_max_hvt 
PLACE_optlc_2278          TIEL_HVT        saed90nm_max_hvt 
PLACE_optlc_2279          TIEL_HVT        saed90nm_max_hvt 
PLACE_optlc_228           TIEL_HVT        saed90nm_max_hvt 
PLACE_optlc_2280          TIEL_HVT        saed90nm_max_hvt 
PLACE_optlc_2281          TIEL_HVT        saed90nm_max_hvt 
PLACE_optlc_2282          TIEL_HVT        saed90nm_max_hvt 
PLACE_optlc_2283          TIEL_HVT        saed90nm_max_hvt 
PLACE_optlc_2284          TIEL_HVT        saed90nm_max_hvt 
PLACE_optlc_2285          TIEL_HVT        saed90nm_max_hvt 
PLACE_optlc_2286          TIEL_HVT        saed90nm_max_hvt 
PLACE_optlc_2287          TIEL_HVT        saed90nm_max_hvt 
PLACE_optlc_2288          TIEL_HVT        saed90nm_max_hvt 
PLACE_optlc_2289          TIEL_HVT        saed90nm_max_hvt 
PLACE_optlc_229           TIEL_HVT        saed90nm_max_hvt 
PLACE_optlc_2290          TIEL_HVT        saed90nm_max_hvt 
PLACE_optlc_2291          TIEL_HVT        saed90nm_max_hvt 
PLACE_optlc_2292          TIEL_HVT        saed90nm_max_hvt 
PLACE_optlc_2293          TIEL_HVT        saed90nm_max_hvt 
PLACE_optlc_2294          TIEL_HVT        saed90nm_max_hvt 
PLACE_optlc_2295          TIEL_HVT        saed90nm_max_hvt 
PLACE_optlc_2296          TIEL_HVT        saed90nm_max_hvt 
PLACE_optlc_2297          TIEL_HVT        saed90nm_max_hvt 
PLACE_optlc_2298          TIEL_HVT        saed90nm_max_hvt 
PLACE_optlc_2299          TIEL_HVT        saed90nm_max_hvt 
PLACE_optlc_230           TIEL_HVT        saed90nm_max_hvt 
PLACE_optlc_2300          TIEL_HVT        saed90nm_max_hvt 
PLACE_optlc_2301          TIEL_HVT        saed90nm_max_hvt 
PLACE_optlc_2302          TIEL_HVT        saed90nm_max_hvt 
PLACE_optlc_2303          TIEL_HVT        saed90nm_max_hvt 
PLACE_optlc_2304          TIEL_HVT        saed90nm_max_hvt 
PLACE_optlc_2305          TIEL_HVT        saed90nm_max_hvt 
PLACE_optlc_2306          TIEL_HVT        saed90nm_max_hvt 
PLACE_optlc_2307          TIEL_HVT        saed90nm_max_hvt 
PLACE_optlc_2308          TIEL_HVT        saed90nm_max_hvt 
PLACE_optlc_2309          TIEL_HVT        saed90nm_max_hvt 
PLACE_optlc_231           TIEL_HVT        saed90nm_max_hvt 
PLACE_optlc_2310          TIEL_HVT        saed90nm_max_hvt 
PLACE_optlc_2311          TIEL_HVT        saed90nm_max_hvt 
PLACE_optlc_2312          TIEL_HVT        saed90nm_max_hvt 
PLACE_optlc_2313          TIEL_HVT        saed90nm_max_hvt 
PLACE_optlc_2314          TIEL_HVT        saed90nm_max_hvt 
PLACE_optlc_2315          TIEL_HVT        saed90nm_max_hvt 
PLACE_optlc_2316          TIEL_HVT        saed90nm_max_hvt 
PLACE_optlc_2317          TIEL_HVT        saed90nm_max_hvt 
PLACE_optlc_2318          TIEL_HVT        saed90nm_max_hvt 
PLACE_optlc_2319          TIEL_HVT        saed90nm_max_hvt 
PLACE_optlc_232           TIEL_HVT        saed90nm_max_hvt 
PLACE_optlc_2320          TIEL_HVT        saed90nm_max_hvt 
PLACE_optlc_2321          TIEL_HVT        saed90nm_max_hvt 
PLACE_optlc_2322          TIEL_HVT        saed90nm_max_hvt 
PLACE_optlc_2323          TIEL_HVT        saed90nm_max_hvt 
PLACE_optlc_2324          TIEL_HVT        saed90nm_max_hvt 
PLACE_optlc_2325          TIEL_HVT        saed90nm_max_hvt 
PLACE_optlc_2326          TIEL_HVT        saed90nm_max_hvt 
PLACE_optlc_2327          TIEL_HVT        saed90nm_max_hvt 
PLACE_optlc_2328          TIEL_HVT        saed90nm_max_hvt 
PLACE_optlc_2329          TIEL_HVT        saed90nm_max_hvt 
PLACE_optlc_233           TIEL_HVT        saed90nm_max_hvt 
PLACE_optlc_2330          TIEL_HVT        saed90nm_max_hvt 
PLACE_optlc_2331          TIEL_HVT        saed90nm_max_hvt 
PLACE_optlc_2332          TIEL_HVT        saed90nm_max_hvt 
PLACE_optlc_2333          TIEL_HVT        saed90nm_max_hvt 
PLACE_optlc_2334          TIEL_HVT        saed90nm_max_hvt 
PLACE_optlc_2335          TIEL_HVT        saed90nm_max_hvt 
PLACE_optlc_2336          TIEL_HVT        saed90nm_max_hvt 
PLACE_optlc_2337          TIEL_HVT        saed90nm_max_hvt 
PLACE_optlc_2338          TIEL_HVT        saed90nm_max_hvt 
PLACE_optlc_2339          TIEL_HVT        saed90nm_max_hvt 
PLACE_optlc_234           TIEL_HVT        saed90nm_max_hvt 
PLACE_optlc_2340          TIEL_HVT        saed90nm_max_hvt 
PLACE_optlc_2341          TIEL_HVT        saed90nm_max_hvt 
PLACE_optlc_2342          TIEL_HVT        saed90nm_max_hvt 
PLACE_optlc_2343          TIEL_HVT        saed90nm_max_hvt 
PLACE_optlc_2344          TIEL_HVT        saed90nm_max_hvt 
PLACE_optlc_2345          TIEL_HVT        saed90nm_max_hvt 
PLACE_optlc_2346          TIEL_HVT        saed90nm_max_hvt 
PLACE_optlc_2347          TIEL_HVT        saed90nm_max_hvt 
PLACE_optlc_2348          TIEL_HVT        saed90nm_max_hvt 
PLACE_optlc_2349          TIEL_HVT        saed90nm_max_hvt 
PLACE_optlc_235           TIEL_HVT        saed90nm_max_hvt 
PLACE_optlc_2350          TIEL_HVT        saed90nm_max_hvt 
PLACE_optlc_2351          TIEL_HVT        saed90nm_max_hvt 
PLACE_optlc_2352          TIEL_HVT        saed90nm_max_hvt 
PLACE_optlc_2353          TIEL_HVT        saed90nm_max_hvt 
PLACE_optlc_2354          TIEL_HVT        saed90nm_max_hvt 
PLACE_optlc_2355          TIEL_HVT        saed90nm_max_hvt 
PLACE_optlc_2356          TIEL_HVT        saed90nm_max_hvt 
PLACE_optlc_2357          TIEL_HVT        saed90nm_max_hvt 
PLACE_optlc_2358          TIEL_HVT        saed90nm_max_hvt 
PLACE_optlc_2359          TIEL_HVT        saed90nm_max_hvt 
PLACE_optlc_236           TIEL_HVT        saed90nm_max_hvt 
PLACE_optlc_2360          TIEL_HVT        saed90nm_max_hvt 
PLACE_optlc_2361          TIEL_HVT        saed90nm_max_hvt 
PLACE_optlc_2362          TIEL_HVT        saed90nm_max_hvt 
PLACE_optlc_2363          TIEL_HVT        saed90nm_max_hvt 
PLACE_optlc_2364          TIEL_HVT        saed90nm_max_hvt 
PLACE_optlc_2365          TIEL_HVT        saed90nm_max_hvt 
PLACE_optlc_2366          TIEL_HVT        saed90nm_max_hvt 
PLACE_optlc_2367          TIEL_HVT        saed90nm_max_hvt 
PLACE_optlc_2368          TIEL_HVT        saed90nm_max_hvt 
PLACE_optlc_2369          TIEL_HVT        saed90nm_max_hvt 
PLACE_optlc_237           TIEL_HVT        saed90nm_max_hvt 
PLACE_optlc_2370          TIEL_HVT        saed90nm_max_hvt 
PLACE_optlc_2371          TIEL_HVT        saed90nm_max_hvt 
PLACE_optlc_2372          TIEL_HVT        saed90nm_max_hvt 
PLACE_optlc_2373          TIEL_HVT        saed90nm_max_hvt 
PLACE_optlc_2374          TIEL_HVT        saed90nm_max_hvt 
PLACE_optlc_2375          TIEL_HVT        saed90nm_max_hvt 
PLACE_optlc_2376          TIEL_HVT        saed90nm_max_hvt 
PLACE_optlc_2377          TIEL_HVT        saed90nm_max_hvt 
PLACE_optlc_2378          TIEL_HVT        saed90nm_max_hvt 
PLACE_optlc_2379          TIEL_HVT        saed90nm_max_hvt 
PLACE_optlc_238           TIEL_HVT        saed90nm_max_hvt 
PLACE_optlc_2380          TIEL_HVT        saed90nm_max_hvt 
PLACE_optlc_2381          TIEL_HVT        saed90nm_max_hvt 
PLACE_optlc_2382          TIEL_HVT        saed90nm_max_hvt 
PLACE_optlc_2383          TIEL_HVT        saed90nm_max_hvt 
PLACE_optlc_2384          TIEL_HVT        saed90nm_max_hvt 
PLACE_optlc_2385          TIEL_HVT        saed90nm_max_hvt 
PLACE_optlc_2386          TIEL_HVT        saed90nm_max_hvt 
PLACE_optlc_2387          TIEL_HVT        saed90nm_max_hvt 
PLACE_optlc_2389          TIEL_HVT        saed90nm_max_hvt 
PLACE_optlc_239           TIEL_HVT        saed90nm_max_hvt 
PLACE_optlc_2390          TIEL_HVT        saed90nm_max_hvt 
PLACE_optlc_2391          TIEL_HVT        saed90nm_max_hvt 
PLACE_optlc_2392          TIEL_HVT        saed90nm_max_hvt 
PLACE_optlc_2393          TIEL_HVT        saed90nm_max_hvt 
PLACE_optlc_2394          TIEL_HVT        saed90nm_max_hvt 
PLACE_optlc_2395          TIEL_HVT        saed90nm_max_hvt 
PLACE_optlc_2396          TIEL_HVT        saed90nm_max_hvt 
PLACE_optlc_2397          TIEL_HVT        saed90nm_max_hvt 
PLACE_optlc_2398          TIEL_HVT        saed90nm_max_hvt 
PLACE_optlc_2399          TIEL_HVT        saed90nm_max_hvt 
PLACE_optlc_240           TIEL_HVT        saed90nm_max_hvt 
PLACE_optlc_2400          TIEL_HVT        saed90nm_max_hvt 
PLACE_optlc_2401          TIEL_HVT        saed90nm_max_hvt 
PLACE_optlc_2402          TIEL_HVT        saed90nm_max_hvt 
PLACE_optlc_2403          TIEL_HVT        saed90nm_max_hvt 
PLACE_optlc_2404          TIEL_HVT        saed90nm_max_hvt 
PLACE_optlc_2405          TIEL_HVT        saed90nm_max_hvt 
PLACE_optlc_2406          TIEL_HVT        saed90nm_max_hvt 
PLACE_optlc_2407          TIEL_HVT        saed90nm_max_hvt 
PLACE_optlc_2408          TIEL_HVT        saed90nm_max_hvt 
PLACE_optlc_2409          TIEL_HVT        saed90nm_max_hvt 
PLACE_optlc_241           TIEL_HVT        saed90nm_max_hvt 
PLACE_optlc_2410          TIEL_HVT        saed90nm_max_hvt 
PLACE_optlc_2411          TIEL_HVT        saed90nm_max_hvt 
PLACE_optlc_2412          TIEL_HVT        saed90nm_max_hvt 
PLACE_optlc_2413          TIEL_HVT        saed90nm_max_hvt 
PLACE_optlc_2414          TIEL_HVT        saed90nm_max_hvt 
PLACE_optlc_2415          TIEL_HVT        saed90nm_max_hvt 
PLACE_optlc_2416          TIEL_HVT        saed90nm_max_hvt 
PLACE_optlc_2417          TIEL_HVT        saed90nm_max_hvt 
PLACE_optlc_2418          TIEL_HVT        saed90nm_max_hvt 
PLACE_optlc_2419          TIEL_HVT        saed90nm_max_hvt 
PLACE_optlc_242           TIEL_HVT        saed90nm_max_hvt 
PLACE_optlc_2420          TIEL_HVT        saed90nm_max_hvt 
PLACE_optlc_2421          TIEL_HVT        saed90nm_max_hvt 
PLACE_optlc_2422          TIEL_HVT        saed90nm_max_hvt 
PLACE_optlc_2423          TIEL_HVT        saed90nm_max_hvt 
PLACE_optlc_2424          TIEL_HVT        saed90nm_max_hvt 
PLACE_optlc_2425          TIEL_HVT        saed90nm_max_hvt 
PLACE_optlc_2426          TIEL_HVT        saed90nm_max_hvt 
PLACE_optlc_2427          TIEL_HVT        saed90nm_max_hvt 
PLACE_optlc_2428          TIEL_HVT        saed90nm_max_hvt 
PLACE_optlc_2429          TIEL_HVT        saed90nm_max_hvt 
PLACE_optlc_243           TIEL_HVT        saed90nm_max_hvt 
PLACE_optlc_2430          TIEL_HVT        saed90nm_max_hvt 
PLACE_optlc_2431          TIEL_HVT        saed90nm_max_hvt 
PLACE_optlc_2432          TIEL_HVT        saed90nm_max_hvt 
PLACE_optlc_2433          TIEL_HVT        saed90nm_max_hvt 
PLACE_optlc_2434          TIEL_HVT        saed90nm_max_hvt 
PLACE_optlc_2435          TIEL_HVT        saed90nm_max_hvt 
PLACE_optlc_2436          TIEL_HVT        saed90nm_max_hvt 
PLACE_optlc_2437          TIEL_HVT        saed90nm_max_hvt 
PLACE_optlc_2438          TIEL_HVT        saed90nm_max_hvt 
PLACE_optlc_2439          TIEL_HVT        saed90nm_max_hvt 
PLACE_optlc_244           TIEL_HVT        saed90nm_max_hvt 
PLACE_optlc_2440          TIEL_HVT        saed90nm_max_hvt 
PLACE_optlc_2441          TIEL_HVT        saed90nm_max_hvt 
PLACE_optlc_2442          TIEL_HVT        saed90nm_max_hvt 
PLACE_optlc_2443          TIEL_HVT        saed90nm_max_hvt 
PLACE_optlc_2444          TIEL_HVT        saed90nm_max_hvt 
PLACE_optlc_2445          TIEL_HVT        saed90nm_max_hvt 
PLACE_optlc_2446          TIEL_HVT        saed90nm_max_hvt 
PLACE_optlc_2447          TIEL_HVT        saed90nm_max_hvt 
PLACE_optlc_2448          TIEL_HVT        saed90nm_max_hvt 
PLACE_optlc_2449          TIEL_HVT        saed90nm_max_hvt 
PLACE_optlc_245           TIEL_HVT        saed90nm_max_hvt 
PLACE_optlc_2450          TIEL_HVT        saed90nm_max_hvt 
PLACE_optlc_2451          TIEL_HVT        saed90nm_max_hvt 
PLACE_optlc_2452          TIEL_HVT        saed90nm_max_hvt 
PLACE_optlc_2453          TIEL_HVT        saed90nm_max_hvt 
PLACE_optlc_2454          TIEL_HVT        saed90nm_max_hvt 
PLACE_optlc_2455          TIEL_HVT        saed90nm_max_hvt 
PLACE_optlc_2456          TIEL_HVT        saed90nm_max_hvt 
PLACE_optlc_2457          TIEL_HVT        saed90nm_max_hvt 
PLACE_optlc_2458          TIEL_HVT        saed90nm_max_hvt 
PLACE_optlc_2459          TIEL_HVT        saed90nm_max_hvt 
PLACE_optlc_246           TIEL_HVT        saed90nm_max_hvt 
PLACE_optlc_2460          TIEL_HVT        saed90nm_max_hvt 
PLACE_optlc_2461          TIEL_HVT        saed90nm_max_hvt 
PLACE_optlc_2462          TIEL_HVT        saed90nm_max_hvt 
PLACE_optlc_2463          TIEL_HVT        saed90nm_max_hvt 
PLACE_optlc_2464          TIEL_HVT        saed90nm_max_hvt 
PLACE_optlc_2465          TIEL_HVT        saed90nm_max_hvt 
PLACE_optlc_2466          TIEL_HVT        saed90nm_max_hvt 
PLACE_optlc_2467          TIEL_HVT        saed90nm_max_hvt 
PLACE_optlc_2468          TIEL_HVT        saed90nm_max_hvt 
PLACE_optlc_2469          TIEL_HVT        saed90nm_max_hvt 
PLACE_optlc_247           TIEL_HVT        saed90nm_max_hvt 
PLACE_optlc_2470          TIEL_HVT        saed90nm_max_hvt 
PLACE_optlc_2471          TIEL_HVT        saed90nm_max_hvt 
PLACE_optlc_2472          TIEL_HVT        saed90nm_max_hvt 
PLACE_optlc_2473          TIEL_HVT        saed90nm_max_hvt 
PLACE_optlc_2474          TIEL_HVT        saed90nm_max_hvt 
PLACE_optlc_2475          TIEL_HVT        saed90nm_max_hvt 
PLACE_optlc_2476          TIEL_HVT        saed90nm_max_hvt 
PLACE_optlc_2477          TIEL_HVT        saed90nm_max_hvt 
PLACE_optlc_2478          TIEL_HVT        saed90nm_max_hvt 
PLACE_optlc_2479          TIEL_HVT        saed90nm_max_hvt 
PLACE_optlc_248           TIEL_HVT        saed90nm_max_hvt 
PLACE_optlc_2480          TIEL_HVT        saed90nm_max_hvt 
PLACE_optlc_2481          TIEL_HVT        saed90nm_max_hvt 
PLACE_optlc_2482          TIEL_HVT        saed90nm_max_hvt 
PLACE_optlc_2483          TIEL_HVT        saed90nm_max_hvt 
PLACE_optlc_2484          TIEL_HVT        saed90nm_max_hvt 
PLACE_optlc_2485          TIEL_HVT        saed90nm_max_hvt 
PLACE_optlc_2486          TIEL_HVT        saed90nm_max_hvt 
PLACE_optlc_2487          TIEL_HVT        saed90nm_max_hvt 
PLACE_optlc_2488          TIEL_HVT        saed90nm_max_hvt 
PLACE_optlc_2489          TIEL_HVT        saed90nm_max_hvt 
PLACE_optlc_249           TIEL_HVT        saed90nm_max_hvt 
PLACE_optlc_2490          TIEL_HVT        saed90nm_max_hvt 
PLACE_optlc_2491          TIEL_HVT        saed90nm_max_hvt 
PLACE_optlc_2492          TIEL_HVT        saed90nm_max_hvt 
PLACE_optlc_2493          TIEL_HVT        saed90nm_max_hvt 
PLACE_optlc_2494          TIEL_HVT        saed90nm_max_hvt 
PLACE_optlc_2495          TIEL_HVT        saed90nm_max_hvt 
PLACE_optlc_2496          TIEL_HVT        saed90nm_max_hvt 
PLACE_optlc_2497          TIEL_HVT        saed90nm_max_hvt 
PLACE_optlc_2498          TIEL_HVT        saed90nm_max_hvt 
PLACE_optlc_2499          TIEL_HVT        saed90nm_max_hvt 
PLACE_optlc_250           TIEL_HVT        saed90nm_max_hvt 
PLACE_optlc_2500          TIEL_HVT        saed90nm_max_hvt 
PLACE_optlc_2501          TIEL_HVT        saed90nm_max_hvt 
PLACE_optlc_2502          TIEL_HVT        saed90nm_max_hvt 
PLACE_optlc_2503          TIEL_HVT        saed90nm_max_hvt 
PLACE_optlc_2504          TIEL_HVT        saed90nm_max_hvt 
PLACE_optlc_2505          TIEL_HVT        saed90nm_max_hvt 
PLACE_optlc_2506          TIEL_HVT        saed90nm_max_hvt 
PLACE_optlc_2507          TIEL_HVT        saed90nm_max_hvt 
PLACE_optlc_2508          TIEL_HVT        saed90nm_max_hvt 
PLACE_optlc_2509          TIEL_HVT        saed90nm_max_hvt 
PLACE_optlc_251           TIEL_HVT        saed90nm_max_hvt 
PLACE_optlc_2510          TIEL_HVT        saed90nm_max_hvt 
PLACE_optlc_2511          TIEL_HVT        saed90nm_max_hvt 
PLACE_optlc_2512          TIEL_HVT        saed90nm_max_hvt 
PLACE_optlc_2513          TIEL_HVT        saed90nm_max_hvt 
PLACE_optlc_2514          TIEL_HVT        saed90nm_max_hvt 
PLACE_optlc_2515          TIEL_HVT        saed90nm_max_hvt 
PLACE_optlc_2516          TIEL_HVT        saed90nm_max_hvt 
PLACE_optlc_2517          TIEL_HVT        saed90nm_max_hvt 
PLACE_optlc_2518          TIEL_HVT        saed90nm_max_hvt 
PLACE_optlc_2519          TIEL_HVT        saed90nm_max_hvt 
PLACE_optlc_252           TIEL_HVT        saed90nm_max_hvt 
PLACE_optlc_2520          TIEL_HVT        saed90nm_max_hvt 
PLACE_optlc_2521          TIEL_HVT        saed90nm_max_hvt 
PLACE_optlc_2522          TIEL_HVT        saed90nm_max_hvt 
PLACE_optlc_2523          TIEL_HVT        saed90nm_max_hvt 
PLACE_optlc_2524          TIEL_HVT        saed90nm_max_hvt 
PLACE_optlc_2525          TIEL_HVT        saed90nm_max_hvt 
PLACE_optlc_2526          TIEL_HVT        saed90nm_max_hvt 
PLACE_optlc_2527          TIEL_HVT        saed90nm_max_hvt 
PLACE_optlc_2528          TIEL_HVT        saed90nm_max_hvt 
PLACE_optlc_2529          TIEL_HVT        saed90nm_max_hvt 
PLACE_optlc_253           TIEL_HVT        saed90nm_max_hvt 
PLACE_optlc_2530          TIEL_HVT        saed90nm_max_hvt 
PLACE_optlc_2531          TIEL_HVT        saed90nm_max_hvt 
PLACE_optlc_2532          TIEL_HVT        saed90nm_max_hvt 
PLACE_optlc_2533          TIEL_HVT        saed90nm_max_hvt 
PLACE_optlc_2534          TIEL_HVT        saed90nm_max_hvt 
PLACE_optlc_2535          TIEL_HVT        saed90nm_max_hvt 
PLACE_optlc_2536          TIEL_HVT        saed90nm_max_hvt 
PLACE_optlc_2537          TIEL_HVT        saed90nm_max_hvt 
PLACE_optlc_2538          TIEL_HVT        saed90nm_max_hvt 
PLACE_optlc_2539          TIEL_HVT        saed90nm_max_hvt 
PLACE_optlc_254           TIEL_HVT        saed90nm_max_hvt 
PLACE_optlc_2540          TIEL_HVT        saed90nm_max_hvt 
PLACE_optlc_2541          TIEL_HVT        saed90nm_max_hvt 
PLACE_optlc_2542          TIEL_HVT        saed90nm_max_hvt 
PLACE_optlc_2543          TIEL_HVT        saed90nm_max_hvt 
PLACE_optlc_2544          TIEL_HVT        saed90nm_max_hvt 
PLACE_optlc_2545          TIEL_HVT        saed90nm_max_hvt 
PLACE_optlc_2546          TIEL_HVT        saed90nm_max_hvt 
PLACE_optlc_2547          TIEL_HVT        saed90nm_max_hvt 
PLACE_optlc_2548          TIEL_HVT        saed90nm_max_hvt 
PLACE_optlc_2549          TIEL_HVT        saed90nm_max_hvt 
PLACE_optlc_255           TIEL_HVT        saed90nm_max_hvt 
PLACE_optlc_2550          TIEL_HVT        saed90nm_max_hvt 
PLACE_optlc_2551          TIEL_HVT        saed90nm_max_hvt 
PLACE_optlc_2552          TIEL_HVT        saed90nm_max_hvt 
PLACE_optlc_2553          TIEL_HVT        saed90nm_max_hvt 
PLACE_optlc_2554          TIEL_HVT        saed90nm_max_hvt 
PLACE_optlc_2555          TIEL_HVT        saed90nm_max_hvt 
PLACE_optlc_2556          TIEL_HVT        saed90nm_max_hvt 
PLACE_optlc_2557          TIEL_HVT        saed90nm_max_hvt 
PLACE_optlc_2558          TIEL_HVT        saed90nm_max_hvt 
PLACE_optlc_2559          TIEL_HVT        saed90nm_max_hvt 
PLACE_optlc_256           TIEL_HVT        saed90nm_max_hvt 
PLACE_optlc_2560          TIEL_HVT        saed90nm_max_hvt 
PLACE_optlc_2561          TIEL_HVT        saed90nm_max_hvt 
PLACE_optlc_2562          TIEL_HVT        saed90nm_max_hvt 
PLACE_optlc_2563          TIEL_HVT        saed90nm_max_hvt 
PLACE_optlc_2564          TIEL_HVT        saed90nm_max_hvt 
PLACE_optlc_2565          TIEL_HVT        saed90nm_max_hvt 
PLACE_optlc_2566          TIEL_HVT        saed90nm_max_hvt 
PLACE_optlc_2567          TIEL_HVT        saed90nm_max_hvt 
PLACE_optlc_2568          TIEL_HVT        saed90nm_max_hvt 
PLACE_optlc_2569          TIEL_HVT        saed90nm_max_hvt 
PLACE_optlc_257           TIEL_HVT        saed90nm_max_hvt 
PLACE_optlc_2570          TIEL_HVT        saed90nm_max_hvt 
PLACE_optlc_2571          TIEL_HVT        saed90nm_max_hvt 
PLACE_optlc_2572          TIEL_HVT        saed90nm_max_hvt 
PLACE_optlc_2573          TIEL_HVT        saed90nm_max_hvt 
PLACE_optlc_2574          TIEL_HVT        saed90nm_max_hvt 
PLACE_optlc_2575          TIEL_HVT        saed90nm_max_hvt 
PLACE_optlc_2576          TIEL_HVT        saed90nm_max_hvt 
PLACE_optlc_2577          TIEL_HVT        saed90nm_max_hvt 
PLACE_optlc_2578          TIEL_HVT        saed90nm_max_hvt 
PLACE_optlc_2579          TIEL_HVT        saed90nm_max_hvt 
PLACE_optlc_258           TIEL_HVT        saed90nm_max_hvt 
PLACE_optlc_2580          TIEL_HVT        saed90nm_max_hvt 
PLACE_optlc_2581          TIEL_HVT        saed90nm_max_hvt 
PLACE_optlc_2582          TIEL_HVT        saed90nm_max_hvt 
PLACE_optlc_2583          TIEL_HVT        saed90nm_max_hvt 
PLACE_optlc_2584          TIEL_HVT        saed90nm_max_hvt 
PLACE_optlc_2585          TIEL_HVT        saed90nm_max_hvt 
PLACE_optlc_2586          TIEL_HVT        saed90nm_max_hvt 
PLACE_optlc_2587          TIEL_HVT        saed90nm_max_hvt 
PLACE_optlc_2588          TIEL_HVT        saed90nm_max_hvt 
PLACE_optlc_2589          TIEL_HVT        saed90nm_max_hvt 
PLACE_optlc_259           TIEL_HVT        saed90nm_max_hvt 
PLACE_optlc_2590          TIEL_HVT        saed90nm_max_hvt 
PLACE_optlc_2591          TIEL_HVT        saed90nm_max_hvt 
PLACE_optlc_2592          TIEL_HVT        saed90nm_max_hvt 
PLACE_optlc_2593          TIEL_HVT        saed90nm_max_hvt 
PLACE_optlc_2594          TIEL_HVT        saed90nm_max_hvt 
PLACE_optlc_2595          TIEL_HVT        saed90nm_max_hvt 
PLACE_optlc_2596          TIEL_HVT        saed90nm_max_hvt 
PLACE_optlc_2597          TIEL_HVT        saed90nm_max_hvt 
PLACE_optlc_2598          TIEL_HVT        saed90nm_max_hvt 
PLACE_optlc_2599          TIEL_HVT        saed90nm_max_hvt 
PLACE_optlc_260           TIEL_HVT        saed90nm_max_hvt 
PLACE_optlc_2600          TIEL_HVT        saed90nm_max_hvt 
PLACE_optlc_2601          TIEL_HVT        saed90nm_max_hvt 
PLACE_optlc_2602          TIEL_HVT        saed90nm_max_hvt 
PLACE_optlc_2603          TIEL_HVT        saed90nm_max_hvt 
PLACE_optlc_2604          TIEL_HVT        saed90nm_max_hvt 
PLACE_optlc_2605          TIEL_HVT        saed90nm_max_hvt 
PLACE_optlc_2606          TIEL_HVT        saed90nm_max_hvt 
PLACE_optlc_2607          TIEL_HVT        saed90nm_max_hvt 
PLACE_optlc_2608          TIEL_HVT        saed90nm_max_hvt 
PLACE_optlc_2609          TIEL_HVT        saed90nm_max_hvt 
PLACE_optlc_261           TIEL_HVT        saed90nm_max_hvt 
PLACE_optlc_2610          TIEL_HVT        saed90nm_max_hvt 
PLACE_optlc_2611          TIEL_HVT        saed90nm_max_hvt 
PLACE_optlc_2612          TIEL_HVT        saed90nm_max_hvt 
PLACE_optlc_2613          TIEL_HVT        saed90nm_max_hvt 
PLACE_optlc_2614          TIEL_HVT        saed90nm_max_hvt 
PLACE_optlc_2615          TIEL_HVT        saed90nm_max_hvt 
PLACE_optlc_2616          TIEL_HVT        saed90nm_max_hvt 
PLACE_optlc_2617          TIEL_HVT        saed90nm_max_hvt 
PLACE_optlc_2618          TIEL_HVT        saed90nm_max_hvt 
PLACE_optlc_2619          TIEL_HVT        saed90nm_max_hvt 
PLACE_optlc_262           TIEL_HVT        saed90nm_max_hvt 
PLACE_optlc_2620          TIEL_HVT        saed90nm_max_hvt 
PLACE_optlc_2621          TIEL_HVT        saed90nm_max_hvt 
PLACE_optlc_2622          TIEL_HVT        saed90nm_max_hvt 
PLACE_optlc_2623          TIEL_HVT        saed90nm_max_hvt 
PLACE_optlc_2624          TIEL_HVT        saed90nm_max_hvt 
PLACE_optlc_2625          TIEL_HVT        saed90nm_max_hvt 
PLACE_optlc_2626          TIEL_HVT        saed90nm_max_hvt 
PLACE_optlc_2627          TIEL_HVT        saed90nm_max_hvt 
PLACE_optlc_2628          TIEL_HVT        saed90nm_max_hvt 
PLACE_optlc_2629          TIEL_HVT        saed90nm_max_hvt 
PLACE_optlc_263           TIEL_HVT        saed90nm_max_hvt 
PLACE_optlc_2630          TIEL_HVT        saed90nm_max_hvt 
PLACE_optlc_2631          TIEL_HVT        saed90nm_max_hvt 
PLACE_optlc_2632          TIEL_HVT        saed90nm_max_hvt 
PLACE_optlc_2633          TIEL_HVT        saed90nm_max_hvt 
PLACE_optlc_2634          TIEL_HVT        saed90nm_max_hvt 
PLACE_optlc_2635          TIEL_HVT        saed90nm_max_hvt 
PLACE_optlc_2636          TIEL_HVT        saed90nm_max_hvt 
PLACE_optlc_2637          TIEL_HVT        saed90nm_max_hvt 
PLACE_optlc_2638          TIEL_HVT        saed90nm_max_hvt 
PLACE_optlc_2639          TIEL_HVT        saed90nm_max_hvt 
PLACE_optlc_264           TIEL_HVT        saed90nm_max_hvt 
PLACE_optlc_2640          TIEL_HVT        saed90nm_max_hvt 
PLACE_optlc_2641          TIEL_HVT        saed90nm_max_hvt 
PLACE_optlc_2642          TIEL_HVT        saed90nm_max_hvt 
PLACE_optlc_2643          TIEL_HVT        saed90nm_max_hvt 
PLACE_optlc_2644          TIEL_HVT        saed90nm_max_hvt 
PLACE_optlc_2645          TIEL_HVT        saed90nm_max_hvt 
PLACE_optlc_2646          TIEL_HVT        saed90nm_max_hvt 
PLACE_optlc_2647          TIEL_HVT        saed90nm_max_hvt 
PLACE_optlc_2648          TIEL_HVT        saed90nm_max_hvt 
PLACE_optlc_2649          TIEL_HVT        saed90nm_max_hvt 
PLACE_optlc_265           TIEL_HVT        saed90nm_max_hvt 
PLACE_optlc_2650          TIEL_HVT        saed90nm_max_hvt 
PLACE_optlc_2651          TIEL_HVT        saed90nm_max_hvt 
PLACE_optlc_2652          TIEL_HVT        saed90nm_max_hvt 
PLACE_optlc_2653          TIEL_HVT        saed90nm_max_hvt 
PLACE_optlc_2654          TIEL_HVT        saed90nm_max_hvt 
PLACE_optlc_2655          TIEL_HVT        saed90nm_max_hvt 
PLACE_optlc_2656          TIEL_HVT        saed90nm_max_hvt 
PLACE_optlc_2657          TIEL_HVT        saed90nm_max_hvt 
PLACE_optlc_2658          TIEL_HVT        saed90nm_max_hvt 
PLACE_optlc_2659          TIEL_HVT        saed90nm_max_hvt 
PLACE_optlc_266           TIEL_HVT        saed90nm_max_hvt 
PLACE_optlc_2660          TIEL_HVT        saed90nm_max_hvt 
PLACE_optlc_2661          TIEL_HVT        saed90nm_max_hvt 
PLACE_optlc_2662          TIEL_HVT        saed90nm_max_hvt 
PLACE_optlc_2663          TIEL_HVT        saed90nm_max_hvt 
PLACE_optlc_2664          TIEL_HVT        saed90nm_max_hvt 
PLACE_optlc_2665          TIEL_HVT        saed90nm_max_hvt 
PLACE_optlc_2666          TIEL_HVT        saed90nm_max_hvt 
PLACE_optlc_2667          TIEL_HVT        saed90nm_max_hvt 
PLACE_optlc_2668          TIEL_HVT        saed90nm_max_hvt 
PLACE_optlc_2669          TIEL_HVT        saed90nm_max_hvt 
PLACE_optlc_267           TIEL_HVT        saed90nm_max_hvt 
PLACE_optlc_2670          TIEL_HVT        saed90nm_max_hvt 
PLACE_optlc_2671          TIEL_HVT        saed90nm_max_hvt 
PLACE_optlc_2672          TIEL_HVT        saed90nm_max_hvt 
PLACE_optlc_2673          TIEL_HVT        saed90nm_max_hvt 
PLACE_optlc_2674          TIEL_HVT        saed90nm_max_hvt 
PLACE_optlc_2675          TIEL_HVT        saed90nm_max_hvt 
PLACE_optlc_2676          TIEL_HVT        saed90nm_max_hvt 
PLACE_optlc_2677          TIEL_HVT        saed90nm_max_hvt 
PLACE_optlc_2678          TIEL_HVT        saed90nm_max_hvt 
PLACE_optlc_2679          TIEL_HVT        saed90nm_max_hvt 
PLACE_optlc_268           TIEL_HVT        saed90nm_max_hvt 
PLACE_optlc_2680          TIEL_HVT        saed90nm_max_hvt 
PLACE_optlc_2681          TIEL_HVT        saed90nm_max_hvt 
PLACE_optlc_2682          TIEL_HVT        saed90nm_max_hvt 
PLACE_optlc_2683          TIEL_HVT        saed90nm_max_hvt 
PLACE_optlc_2684          TIEL_HVT        saed90nm_max_hvt 
PLACE_optlc_2685          TIEL_HVT        saed90nm_max_hvt 
PLACE_optlc_2686          TIEL_HVT        saed90nm_max_hvt 
PLACE_optlc_2687          TIEL_HVT        saed90nm_max_hvt 
PLACE_optlc_2688          TIEL_HVT        saed90nm_max_hvt 
PLACE_optlc_2689          TIEL_HVT        saed90nm_max_hvt 
PLACE_optlc_269           TIEL_HVT        saed90nm_max_hvt 
PLACE_optlc_2690          TIEL_HVT        saed90nm_max_hvt 
PLACE_optlc_2691          TIEL_HVT        saed90nm_max_hvt 
PLACE_optlc_2692          TIEL_HVT        saed90nm_max_hvt 
PLACE_optlc_2693          TIEL_HVT        saed90nm_max_hvt 
PLACE_optlc_2694          TIEL_HVT        saed90nm_max_hvt 
PLACE_optlc_2695          TIEL_HVT        saed90nm_max_hvt 
PLACE_optlc_2696          TIEL_HVT        saed90nm_max_hvt 
PLACE_optlc_2697          TIEL_HVT        saed90nm_max_hvt 
PLACE_optlc_2698          TIEL_HVT        saed90nm_max_hvt 
PLACE_optlc_2699          TIEL_HVT        saed90nm_max_hvt 
PLACE_optlc_270           TIEL_HVT        saed90nm_max_hvt 
PLACE_optlc_2700          TIEL_HVT        saed90nm_max_hvt 
PLACE_optlc_2701          TIEL_HVT        saed90nm_max_hvt 
PLACE_optlc_2702          TIEL_HVT        saed90nm_max_hvt 
PLACE_optlc_2703          TIEL_HVT        saed90nm_max_hvt 
PLACE_optlc_2704          TIEL_HVT        saed90nm_max_hvt 
PLACE_optlc_2705          TIEL_HVT        saed90nm_max_hvt 
PLACE_optlc_2706          TIEL_HVT        saed90nm_max_hvt 
PLACE_optlc_2707          TIEL_HVT        saed90nm_max_hvt 
PLACE_optlc_2708          TIEL_HVT        saed90nm_max_hvt 
PLACE_optlc_2709          TIEL_HVT        saed90nm_max_hvt 
PLACE_optlc_271           TIEL_HVT        saed90nm_max_hvt 
PLACE_optlc_2710          TIEL_HVT        saed90nm_max_hvt 
PLACE_optlc_2711          TIEL_HVT        saed90nm_max_hvt 
PLACE_optlc_2712          TIEL_HVT        saed90nm_max_hvt 
PLACE_optlc_2713          TIEL_HVT        saed90nm_max_hvt 
PLACE_optlc_2714          TIEL_HVT        saed90nm_max_hvt 
PLACE_optlc_2715          TIEL_HVT        saed90nm_max_hvt 
PLACE_optlc_2716          TIEL_HVT        saed90nm_max_hvt 
PLACE_optlc_2717          TIEL_HVT        saed90nm_max_hvt 
PLACE_optlc_2718          TIEL_HVT        saed90nm_max_hvt 
PLACE_optlc_2719          TIEL_HVT        saed90nm_max_hvt 
PLACE_optlc_272           TIEL_HVT        saed90nm_max_hvt 
PLACE_optlc_2720          TIEL_HVT        saed90nm_max_hvt 
PLACE_optlc_2721          TIEL_HVT        saed90nm_max_hvt 
PLACE_optlc_2722          TIEL_HVT        saed90nm_max_hvt 
PLACE_optlc_2723          TIEL_HVT        saed90nm_max_hvt 
PLACE_optlc_2724          TIEL_HVT        saed90nm_max_hvt 
PLACE_optlc_2725          TIEL_HVT        saed90nm_max_hvt 
PLACE_optlc_2726          TIEL_HVT        saed90nm_max_hvt 
PLACE_optlc_2727          TIEL_HVT        saed90nm_max_hvt 
PLACE_optlc_2728          TIEL_HVT        saed90nm_max_hvt 
PLACE_optlc_2729          TIEL_HVT        saed90nm_max_hvt 
PLACE_optlc_273           TIEL_HVT        saed90nm_max_hvt 
PLACE_optlc_2730          TIEL_HVT        saed90nm_max_hvt 
PLACE_optlc_2731          TIEL_HVT        saed90nm_max_hvt 
PLACE_optlc_2732          TIEL_HVT        saed90nm_max_hvt 
PLACE_optlc_2733          TIEL_HVT        saed90nm_max_hvt 
PLACE_optlc_2734          TIEL_HVT        saed90nm_max_hvt 
PLACE_optlc_2735          TIEL_HVT        saed90nm_max_hvt 
PLACE_optlc_2736          TIEL_HVT        saed90nm_max_hvt 
PLACE_optlc_2737          TIEL_HVT        saed90nm_max_hvt 
PLACE_optlc_2738          TIEL_HVT        saed90nm_max_hvt 
PLACE_optlc_2739          TIEL_HVT        saed90nm_max_hvt 
PLACE_optlc_274           TIEL_HVT        saed90nm_max_hvt 
PLACE_optlc_2740          TIEL_HVT        saed90nm_max_hvt 
PLACE_optlc_2741          TIEL_HVT        saed90nm_max_hvt 
PLACE_optlc_2742          TIEL_HVT        saed90nm_max_hvt 
PLACE_optlc_2743          TIEL_HVT        saed90nm_max_hvt 
PLACE_optlc_2744          TIEL_HVT        saed90nm_max_hvt 
PLACE_optlc_2745          TIEL_HVT        saed90nm_max_hvt 
PLACE_optlc_2746          TIEL_HVT        saed90nm_max_hvt 
PLACE_optlc_2747          TIEL_HVT        saed90nm_max_hvt 
PLACE_optlc_2748          TIEL_HVT        saed90nm_max_hvt 
PLACE_optlc_2749          TIEL_HVT        saed90nm_max_hvt 
PLACE_optlc_275           TIEL_HVT        saed90nm_max_hvt 
PLACE_optlc_2750          TIEL_HVT        saed90nm_max_hvt 
PLACE_optlc_2751          TIEL_HVT        saed90nm_max_hvt 
PLACE_optlc_2752          TIEL_HVT        saed90nm_max_hvt 
PLACE_optlc_2753          TIEL_HVT        saed90nm_max_hvt 
PLACE_optlc_2754          TIEL_HVT        saed90nm_max_hvt 
PLACE_optlc_2755          TIEL_HVT        saed90nm_max_hvt 
PLACE_optlc_2756          TIEL_HVT        saed90nm_max_hvt 
PLACE_optlc_2757          TIEL_HVT        saed90nm_max_hvt 
PLACE_optlc_2758          TIEL_HVT        saed90nm_max_hvt 
PLACE_optlc_2759          TIEL_HVT        saed90nm_max_hvt 
PLACE_optlc_276           TIEL_HVT        saed90nm_max_hvt 
PLACE_optlc_2760          TIEL_HVT        saed90nm_max_hvt 
PLACE_optlc_2761          TIEL_HVT        saed90nm_max_hvt 
PLACE_optlc_2762          TIEL_HVT        saed90nm_max_hvt 
PLACE_optlc_2763          TIEL_HVT        saed90nm_max_hvt 
PLACE_optlc_2764          TIEL_HVT        saed90nm_max_hvt 
PLACE_optlc_2765          TIEL_HVT        saed90nm_max_hvt 
PLACE_optlc_2766          TIEL_HVT        saed90nm_max_hvt 
PLACE_optlc_2767          TIEL_HVT        saed90nm_max_hvt 
PLACE_optlc_2768          TIEL_HVT        saed90nm_max_hvt 
PLACE_optlc_2769          TIEL_HVT        saed90nm_max_hvt 
PLACE_optlc_277           TIEL_HVT        saed90nm_max_hvt 
PLACE_optlc_2770          TIEL_HVT        saed90nm_max_hvt 
PLACE_optlc_2771          TIEL_HVT        saed90nm_max_hvt 
PLACE_optlc_2772          TIEL_HVT        saed90nm_max_hvt 
PLACE_optlc_2773          TIEL_HVT        saed90nm_max_hvt 
PLACE_optlc_2774          TIEL_HVT        saed90nm_max_hvt 
PLACE_optlc_2775          TIEL_HVT        saed90nm_max_hvt 
PLACE_optlc_2776          TIEL_HVT        saed90nm_max_hvt 
PLACE_optlc_2777          TIEL_HVT        saed90nm_max_hvt 
PLACE_optlc_2778          TIEL_HVT        saed90nm_max_hvt 
PLACE_optlc_2779          TIEL_HVT        saed90nm_max_hvt 
PLACE_optlc_278           TIEL_HVT        saed90nm_max_hvt 
PLACE_optlc_2780          TIEL_HVT        saed90nm_max_hvt 
PLACE_optlc_2781          TIEL_HVT        saed90nm_max_hvt 
PLACE_optlc_2782          TIEL_HVT        saed90nm_max_hvt 
PLACE_optlc_2783          TIEL_HVT        saed90nm_max_hvt 
PLACE_optlc_2784          TIEL_HVT        saed90nm_max_hvt 
PLACE_optlc_2785          TIEL_HVT        saed90nm_max_hvt 
PLACE_optlc_2786          TIEL_HVT        saed90nm_max_hvt 
PLACE_optlc_2787          TIEL_HVT        saed90nm_max_hvt 
PLACE_optlc_2788          TIEL_HVT        saed90nm_max_hvt 
PLACE_optlc_2789          TIEL_HVT        saed90nm_max_hvt 
PLACE_optlc_279           TIEL_HVT        saed90nm_max_hvt 
PLACE_optlc_2790          TIEL_HVT        saed90nm_max_hvt 
PLACE_optlc_2791          TIEL_HVT        saed90nm_max_hvt 
PLACE_optlc_2792          TIEL_HVT        saed90nm_max_hvt 
PLACE_optlc_2793          TIEL_HVT        saed90nm_max_hvt 
PLACE_optlc_2794          TIEL_HVT        saed90nm_max_hvt 
PLACE_optlc_2795          TIEL_HVT        saed90nm_max_hvt 
PLACE_optlc_2796          TIEL_HVT        saed90nm_max_hvt 
PLACE_optlc_2797          TIEL_HVT        saed90nm_max_hvt 
PLACE_optlc_2798          TIEL_HVT        saed90nm_max_hvt 
PLACE_optlc_2799          TIEL_HVT        saed90nm_max_hvt 
PLACE_optlc_280           TIEL_HVT        saed90nm_max_hvt 
PLACE_optlc_2800          TIEL_HVT        saed90nm_max_hvt 
PLACE_optlc_2801          TIEL_HVT        saed90nm_max_hvt 
PLACE_optlc_2802          TIEL_HVT        saed90nm_max_hvt 
PLACE_optlc_2803          TIEL_HVT        saed90nm_max_hvt 
PLACE_optlc_2804          TIEL_HVT        saed90nm_max_hvt 
PLACE_optlc_2805          TIEL_HVT        saed90nm_max_hvt 
PLACE_optlc_2806          TIEL_HVT        saed90nm_max_hvt 
PLACE_optlc_2807          TIEL_HVT        saed90nm_max_hvt 
PLACE_optlc_2808          TIEL_HVT        saed90nm_max_hvt 
PLACE_optlc_2809          TIEL_HVT        saed90nm_max_hvt 
PLACE_optlc_281           TIEL_HVT        saed90nm_max_hvt 
PLACE_optlc_2810          TIEL_HVT        saed90nm_max_hvt 
PLACE_optlc_2811          TIEL_HVT        saed90nm_max_hvt 
PLACE_optlc_2812          TIEL_HVT        saed90nm_max_hvt 
PLACE_optlc_2813          TIEL_HVT        saed90nm_max_hvt 
PLACE_optlc_2814          TIEL_HVT        saed90nm_max_hvt 
PLACE_optlc_2815          TIEL_HVT        saed90nm_max_hvt 
PLACE_optlc_2816          TIEL_HVT        saed90nm_max_hvt 
PLACE_optlc_2817          TIEL_HVT        saed90nm_max_hvt 
PLACE_optlc_2818          TIEL_HVT        saed90nm_max_hvt 
PLACE_optlc_2819          TIEL_HVT        saed90nm_max_hvt 
PLACE_optlc_282           TIEL_HVT        saed90nm_max_hvt 
PLACE_optlc_2820          TIEL_HVT        saed90nm_max_hvt 
PLACE_optlc_2821          TIEL_HVT        saed90nm_max_hvt 
PLACE_optlc_2822          TIEL_HVT        saed90nm_max_hvt 
PLACE_optlc_2823          TIEL_HVT        saed90nm_max_hvt 
PLACE_optlc_2824          TIEL_HVT        saed90nm_max_hvt 
PLACE_optlc_2825          TIEL_HVT        saed90nm_max_hvt 
PLACE_optlc_2826          TIEL_HVT        saed90nm_max_hvt 
PLACE_optlc_2827          TIEL_HVT        saed90nm_max_hvt 
PLACE_optlc_2828          TIEL_HVT        saed90nm_max_hvt 
PLACE_optlc_2829          TIEL_HVT        saed90nm_max_hvt 
PLACE_optlc_283           TIEL_HVT        saed90nm_max_hvt 
PLACE_optlc_2830          TIEL_HVT        saed90nm_max_hvt 
PLACE_optlc_2831          TIEL_HVT        saed90nm_max_hvt 
PLACE_optlc_2832          TIEL_HVT        saed90nm_max_hvt 
PLACE_optlc_2833          TIEL_HVT        saed90nm_max_hvt 
PLACE_optlc_2834          TIEL_HVT        saed90nm_max_hvt 
PLACE_optlc_2835          TIEL_HVT        saed90nm_max_hvt 
PLACE_optlc_2836          TIEL_HVT        saed90nm_max_hvt 
PLACE_optlc_2837          TIEL_HVT        saed90nm_max_hvt 
PLACE_optlc_2838          TIEL_HVT        saed90nm_max_hvt 
PLACE_optlc_2839          TIEL_HVT        saed90nm_max_hvt 
PLACE_optlc_284           TIEL_HVT        saed90nm_max_hvt 
PLACE_optlc_2840          TIEL_HVT        saed90nm_max_hvt 
PLACE_optlc_2841          TIEL_HVT        saed90nm_max_hvt 
PLACE_optlc_2842          TIEL_HVT        saed90nm_max_hvt 
PLACE_optlc_2843          TIEL_HVT        saed90nm_max_hvt 
PLACE_optlc_2844          TIEL_HVT        saed90nm_max_hvt 
PLACE_optlc_2845          TIEL_HVT        saed90nm_max_hvt 
PLACE_optlc_2846          TIEL_HVT        saed90nm_max_hvt 
PLACE_optlc_2847          TIEL_HVT        saed90nm_max_hvt 
PLACE_optlc_2848          TIEL_HVT        saed90nm_max_hvt 
PLACE_optlc_2849          TIEL_HVT        saed90nm_max_hvt 
PLACE_optlc_285           TIEL_HVT        saed90nm_max_hvt 
PLACE_optlc_2850          TIEL_HVT        saed90nm_max_hvt 
PLACE_optlc_2851          TIEL_HVT        saed90nm_max_hvt 
PLACE_optlc_2852          TIEL_HVT        saed90nm_max_hvt 
PLACE_optlc_2853          TIEL_HVT        saed90nm_max_hvt 
PLACE_optlc_2854          TIEL_HVT        saed90nm_max_hvt 
PLACE_optlc_2855          TIEL_HVT        saed90nm_max_hvt 
PLACE_optlc_2856          TIEL_HVT        saed90nm_max_hvt 
PLACE_optlc_2857          TIEL_HVT        saed90nm_max_hvt 
PLACE_optlc_2858          TIEL_HVT        saed90nm_max_hvt 
PLACE_optlc_2859          TIEL_HVT        saed90nm_max_hvt 
PLACE_optlc_286           TIEL_HVT        saed90nm_max_hvt 
PLACE_optlc_2860          TIEL_HVT        saed90nm_max_hvt 
PLACE_optlc_2861          TIEL_HVT        saed90nm_max_hvt 
PLACE_optlc_2862          TIEL_HVT        saed90nm_max_hvt 
PLACE_optlc_2863          TIEL_HVT        saed90nm_max_hvt 
PLACE_optlc_2864          TIEL_HVT        saed90nm_max_hvt 
PLACE_optlc_2865          TIEL_HVT        saed90nm_max_hvt 
PLACE_optlc_2866          TIEL_HVT        saed90nm_max_hvt 
PLACE_optlc_2867          TIEL_HVT        saed90nm_max_hvt 
PLACE_optlc_2868          TIEL_HVT        saed90nm_max_hvt 
PLACE_optlc_2869          TIEL_HVT        saed90nm_max_hvt 
PLACE_optlc_287           TIEL_HVT        saed90nm_max_hvt 
PLACE_optlc_2870          TIEL_HVT        saed90nm_max_hvt 
PLACE_optlc_2871          TIEL_HVT        saed90nm_max_hvt 
PLACE_optlc_2872          TIEL_HVT        saed90nm_max_hvt 
PLACE_optlc_2873          TIEL_HVT        saed90nm_max_hvt 
PLACE_optlc_2874          TIEL_HVT        saed90nm_max_hvt 
PLACE_optlc_2875          TIEL_HVT        saed90nm_max_hvt 
PLACE_optlc_2876          TIEL_HVT        saed90nm_max_hvt 
PLACE_optlc_2877          TIEL_HVT        saed90nm_max_hvt 
PLACE_optlc_2878          TIEL_HVT        saed90nm_max_hvt 
PLACE_optlc_2879          TIEL_HVT        saed90nm_max_hvt 
PLACE_optlc_288           TIEL_HVT        saed90nm_max_hvt 
PLACE_optlc_2880          TIEL_HVT        saed90nm_max_hvt 
PLACE_optlc_2881          TIEL_HVT        saed90nm_max_hvt 
PLACE_optlc_2882          TIEL_HVT        saed90nm_max_hvt 
PLACE_optlc_2883          TIEL_HVT        saed90nm_max_hvt 
PLACE_optlc_2884          TIEL_HVT        saed90nm_max_hvt 
PLACE_optlc_2885          TIEL_HVT        saed90nm_max_hvt 
PLACE_optlc_2886          TIEL_HVT        saed90nm_max_hvt 
PLACE_optlc_2887          TIEL_HVT        saed90nm_max_hvt 
PLACE_optlc_2888          TIEL_HVT        saed90nm_max_hvt 
PLACE_optlc_2889          TIEL_HVT        saed90nm_max_hvt 
PLACE_optlc_289           TIEL_HVT        saed90nm_max_hvt 
PLACE_optlc_2890          TIEL_HVT        saed90nm_max_hvt 
PLACE_optlc_2891          TIEL_HVT        saed90nm_max_hvt 
PLACE_optlc_2892          TIEL_HVT        saed90nm_max_hvt 
PLACE_optlc_2893          TIEL_HVT        saed90nm_max_hvt 
PLACE_optlc_2894          TIEL_HVT        saed90nm_max_hvt 
PLACE_optlc_2895          TIEL_HVT        saed90nm_max_hvt 
PLACE_optlc_2896          TIEL_HVT        saed90nm_max_hvt 
PLACE_optlc_2897          TIEL_HVT        saed90nm_max_hvt 
PLACE_optlc_2898          TIEL_HVT        saed90nm_max_hvt 
PLACE_optlc_2899          TIEL_HVT        saed90nm_max_hvt 
PLACE_optlc_290           TIEL_HVT        saed90nm_max_hvt 
PLACE_optlc_2900          TIEL_HVT        saed90nm_max_hvt 
PLACE_optlc_2901          TIEL_HVT        saed90nm_max_hvt 
PLACE_optlc_2902          TIEL_HVT        saed90nm_max_hvt 
PLACE_optlc_2903          TIEL_HVT        saed90nm_max_hvt 
PLACE_optlc_2904          TIEL_HVT        saed90nm_max_hvt 
PLACE_optlc_2905          TIEL_HVT        saed90nm_max_hvt 
PLACE_optlc_2906          TIEL_HVT        saed90nm_max_hvt 
PLACE_optlc_2907          TIEL_HVT        saed90nm_max_hvt 
PLACE_optlc_2908          TIEL_HVT        saed90nm_max_hvt 
PLACE_optlc_2909          TIEL_HVT        saed90nm_max_hvt 
PLACE_optlc_291           TIEL_HVT        saed90nm_max_hvt 
PLACE_optlc_2910          TIEL_HVT        saed90nm_max_hvt 
PLACE_optlc_2911          TIEL_HVT        saed90nm_max_hvt 
PLACE_optlc_2912          TIEL_HVT        saed90nm_max_hvt 
PLACE_optlc_2913          TIEL_HVT        saed90nm_max_hvt 
PLACE_optlc_2914          TIEL_HVT        saed90nm_max_hvt 
PLACE_optlc_2915          TIEL_HVT        saed90nm_max_hvt 
PLACE_optlc_2916          TIEL_HVT        saed90nm_max_hvt 
PLACE_optlc_2917          TIEL_HVT        saed90nm_max_hvt 
PLACE_optlc_2918          TIEL_HVT        saed90nm_max_hvt 
PLACE_optlc_2919          TIEL_HVT        saed90nm_max_hvt 
PLACE_optlc_292           TIEL_HVT        saed90nm_max_hvt 
PLACE_optlc_2920          TIEL_HVT        saed90nm_max_hvt 
PLACE_optlc_2921          TIEL_HVT        saed90nm_max_hvt 
PLACE_optlc_2922          TIEL_HVT        saed90nm_max_hvt 
PLACE_optlc_2923          TIEL_HVT        saed90nm_max_hvt 
PLACE_optlc_2924          TIEL_HVT        saed90nm_max_hvt 
PLACE_optlc_2925          TIEL_HVT        saed90nm_max_hvt 
PLACE_optlc_2926          TIEL_HVT        saed90nm_max_hvt 
PLACE_optlc_2927          TIEL_HVT        saed90nm_max_hvt 
PLACE_optlc_2928          TIEL_HVT        saed90nm_max_hvt 
PLACE_optlc_2929          TIEL_HVT        saed90nm_max_hvt 
PLACE_optlc_293           TIEL_HVT        saed90nm_max_hvt 
PLACE_optlc_2930          TIEL_HVT        saed90nm_max_hvt 
PLACE_optlc_2931          TIEL_HVT        saed90nm_max_hvt 
PLACE_optlc_2932          TIEL_HVT        saed90nm_max_hvt 
PLACE_optlc_2933          TIEL_HVT        saed90nm_max_hvt 
PLACE_optlc_2934          TIEL_HVT        saed90nm_max_hvt 
PLACE_optlc_2935          TIEL_HVT        saed90nm_max_hvt 
PLACE_optlc_2936          TIEL_HVT        saed90nm_max_hvt 
PLACE_optlc_2937          TIEL_HVT        saed90nm_max_hvt 
PLACE_optlc_2938          TIEL_HVT        saed90nm_max_hvt 
PLACE_optlc_2939          TIEL_HVT        saed90nm_max_hvt 
PLACE_optlc_294           TIEL_HVT        saed90nm_max_hvt 
PLACE_optlc_2940          TIEL_HVT        saed90nm_max_hvt 
PLACE_optlc_2941          TIEL_HVT        saed90nm_max_hvt 
PLACE_optlc_2942          TIEL_HVT        saed90nm_max_hvt 
PLACE_optlc_2943          TIEL_HVT        saed90nm_max_hvt 
PLACE_optlc_2944          TIEL_HVT        saed90nm_max_hvt 
PLACE_optlc_2945          TIEL_HVT        saed90nm_max_hvt 
PLACE_optlc_2946          TIEL_HVT        saed90nm_max_hvt 
PLACE_optlc_2947          TIEL_HVT        saed90nm_max_hvt 
PLACE_optlc_2948          TIEL_HVT        saed90nm_max_hvt 
PLACE_optlc_2949          TIEL_HVT        saed90nm_max_hvt 
PLACE_optlc_295           TIEL_HVT        saed90nm_max_hvt 
PLACE_optlc_2950          TIEL_HVT        saed90nm_max_hvt 
PLACE_optlc_2951          TIEL_HVT        saed90nm_max_hvt 
PLACE_optlc_2952          TIEL_HVT        saed90nm_max_hvt 
PLACE_optlc_2953          TIEL_HVT        saed90nm_max_hvt 
PLACE_optlc_2954          TIEL_HVT        saed90nm_max_hvt 
PLACE_optlc_2955          TIEL_HVT        saed90nm_max_hvt 
PLACE_optlc_2956          TIEL_HVT        saed90nm_max_hvt 
PLACE_optlc_2957          TIEL_HVT        saed90nm_max_hvt 
PLACE_optlc_2958          TIEL_HVT        saed90nm_max_hvt 
PLACE_optlc_2959          TIEL_HVT        saed90nm_max_hvt 
PLACE_optlc_296           TIEL_HVT        saed90nm_max_hvt 
PLACE_optlc_2960          TIEL_HVT        saed90nm_max_hvt 
PLACE_optlc_2961          TIEL_HVT        saed90nm_max_hvt 
PLACE_optlc_2962          TIEL_HVT        saed90nm_max_hvt 
PLACE_optlc_2963          TIEL_HVT        saed90nm_max_hvt 
PLACE_optlc_2964          TIEL_HVT        saed90nm_max_hvt 
PLACE_optlc_2965          TIEL_HVT        saed90nm_max_hvt 
PLACE_optlc_2966          TIEL_HVT        saed90nm_max_hvt 
PLACE_optlc_2967          TIEL_HVT        saed90nm_max_hvt 
PLACE_optlc_2968          TIEL_HVT        saed90nm_max_hvt 
PLACE_optlc_2969          TIEL_HVT        saed90nm_max_hvt 
PLACE_optlc_297           TIEL_HVT        saed90nm_max_hvt 
PLACE_optlc_2970          TIEL_HVT        saed90nm_max_hvt 
PLACE_optlc_2971          TIEL_HVT        saed90nm_max_hvt 
PLACE_optlc_2972          TIEL_HVT        saed90nm_max_hvt 
PLACE_optlc_2973          TIEL_HVT        saed90nm_max_hvt 
PLACE_optlc_2974          TIEL_HVT        saed90nm_max_hvt 
PLACE_optlc_2975          TIEL_HVT        saed90nm_max_hvt 
PLACE_optlc_2976          TIEL_HVT        saed90nm_max_hvt 
PLACE_optlc_2977          TIEL_HVT        saed90nm_max_hvt 
PLACE_optlc_2978          TIEL_HVT        saed90nm_max_hvt 
PLACE_optlc_2979          TIEL_HVT        saed90nm_max_hvt 
PLACE_optlc_298           TIEL_HVT        saed90nm_max_hvt 
PLACE_optlc_2980          TIEL_HVT        saed90nm_max_hvt 
PLACE_optlc_2981          TIEL_HVT        saed90nm_max_hvt 
PLACE_optlc_2982          TIEL_HVT        saed90nm_max_hvt 
PLACE_optlc_2983          TIEL_HVT        saed90nm_max_hvt 
PLACE_optlc_2984          TIEL_HVT        saed90nm_max_hvt 
PLACE_optlc_2985          TIEL_HVT        saed90nm_max_hvt 
PLACE_optlc_2986          TIEL_HVT        saed90nm_max_hvt 
PLACE_optlc_2987          TIEL_HVT        saed90nm_max_hvt 
PLACE_optlc_2988          TIEL_HVT        saed90nm_max_hvt 
PLACE_optlc_2989          TIEL_HVT        saed90nm_max_hvt 
PLACE_optlc_299           TIEL_HVT        saed90nm_max_hvt 
PLACE_optlc_2990          TIEL_HVT        saed90nm_max_hvt 
PLACE_optlc_2991          TIEL_HVT        saed90nm_max_hvt 
PLACE_optlc_2992          TIEL_HVT        saed90nm_max_hvt 
PLACE_optlc_2993          TIEL_HVT        saed90nm_max_hvt 
PLACE_optlc_2994          TIEL_HVT        saed90nm_max_hvt 
PLACE_optlc_2995          TIEL_HVT        saed90nm_max_hvt 
PLACE_optlc_2996          TIEL_HVT        saed90nm_max_hvt 
PLACE_optlc_2997          TIEL_HVT        saed90nm_max_hvt 
PLACE_optlc_2998          TIEL_HVT        saed90nm_max_hvt 
PLACE_optlc_2999          TIEL_HVT        saed90nm_max_hvt 
PLACE_optlc_300           TIEL_HVT        saed90nm_max_hvt 
PLACE_optlc_3000          TIEL_HVT        saed90nm_max_hvt 
PLACE_optlc_3001          TIEL_HVT        saed90nm_max_hvt 
PLACE_optlc_3002          TIEL_HVT        saed90nm_max_hvt 
PLACE_optlc_3003          TIEL_HVT        saed90nm_max_hvt 
PLACE_optlc_3004          TIEL_HVT        saed90nm_max_hvt 
PLACE_optlc_3005          TIEL_HVT        saed90nm_max_hvt 
PLACE_optlc_3006          TIEL_HVT        saed90nm_max_hvt 
PLACE_optlc_3007          TIEL_HVT        saed90nm_max_hvt 
PLACE_optlc_3008          TIEL_HVT        saed90nm_max_hvt 
PLACE_optlc_3009          TIEL_HVT        saed90nm_max_hvt 
PLACE_optlc_301           TIEL_HVT        saed90nm_max_hvt 
PLACE_optlc_3010          TIEL_HVT        saed90nm_max_hvt 
PLACE_optlc_3011          TIEL_HVT        saed90nm_max_hvt 
PLACE_optlc_3012          TIEL_HVT        saed90nm_max_hvt 
PLACE_optlc_3013          TIEL_HVT        saed90nm_max_hvt 
PLACE_optlc_3014          TIEL_HVT        saed90nm_max_hvt 
PLACE_optlc_3015          TIEL_HVT        saed90nm_max_hvt 
PLACE_optlc_3016          TIEL_HVT        saed90nm_max_hvt 
PLACE_optlc_3017          TIEL_HVT        saed90nm_max_hvt 
PLACE_optlc_3018          TIEL_HVT        saed90nm_max_hvt 
PLACE_optlc_3019          TIEL_HVT        saed90nm_max_hvt 
PLACE_optlc_302           TIEL_HVT        saed90nm_max_hvt 
PLACE_optlc_3020          TIEL_HVT        saed90nm_max_hvt 
PLACE_optlc_3021          TIEL_HVT        saed90nm_max_hvt 
PLACE_optlc_3022          TIEL_HVT        saed90nm_max_hvt 
PLACE_optlc_3023          TIEL_HVT        saed90nm_max_hvt 
PLACE_optlc_3024          TIEL_HVT        saed90nm_max_hvt 
PLACE_optlc_3025          TIEL_HVT        saed90nm_max_hvt 
PLACE_optlc_3026          TIEL_HVT        saed90nm_max_hvt 
PLACE_optlc_3027          TIEL_HVT        saed90nm_max_hvt 
PLACE_optlc_3028          TIEL_HVT        saed90nm_max_hvt 
PLACE_optlc_3029          TIEL_HVT        saed90nm_max_hvt 
PLACE_optlc_303           TIEL_HVT        saed90nm_max_hvt 
PLACE_optlc_3030          TIEL_HVT        saed90nm_max_hvt 
PLACE_optlc_3031          TIEL_HVT        saed90nm_max_hvt 
PLACE_optlc_3032          TIEL_HVT        saed90nm_max_hvt 
PLACE_optlc_3033          TIEL_HVT        saed90nm_max_hvt 
PLACE_optlc_3034          TIEL_HVT        saed90nm_max_hvt 
PLACE_optlc_3035          TIEL_HVT        saed90nm_max_hvt 
PLACE_optlc_3036          TIEL_HVT        saed90nm_max_hvt 
PLACE_optlc_3037          TIEL_HVT        saed90nm_max_hvt 
PLACE_optlc_3038          TIEL_HVT        saed90nm_max_hvt 
PLACE_optlc_3039          TIEL_HVT        saed90nm_max_hvt 
PLACE_optlc_304           TIEL_HVT        saed90nm_max_hvt 
PLACE_optlc_3040          TIEL_HVT        saed90nm_max_hvt 
PLACE_optlc_3041          TIEL_HVT        saed90nm_max_hvt 
PLACE_optlc_3042          TIEL_HVT        saed90nm_max_hvt 
PLACE_optlc_3043          TIEL_HVT        saed90nm_max_hvt 
PLACE_optlc_3044          TIEL_HVT        saed90nm_max_hvt 
PLACE_optlc_3045          TIEL_HVT        saed90nm_max_hvt 
PLACE_optlc_3046          TIEL_HVT        saed90nm_max_hvt 
PLACE_optlc_3047          TIEL_HVT        saed90nm_max_hvt 
PLACE_optlc_3048          TIEL_HVT        saed90nm_max_hvt 
PLACE_optlc_3049          TIEL_HVT        saed90nm_max_hvt 
PLACE_optlc_305           TIEL_HVT        saed90nm_max_hvt 
PLACE_optlc_3050          TIEL_HVT        saed90nm_max_hvt 
PLACE_optlc_3051          TIEL_HVT        saed90nm_max_hvt 
PLACE_optlc_3052          TIEL_HVT        saed90nm_max_hvt 
PLACE_optlc_3053          TIEL_HVT        saed90nm_max_hvt 
PLACE_optlc_3054          TIEL_HVT        saed90nm_max_hvt 
PLACE_optlc_3055          TIEL_HVT        saed90nm_max_hvt 
PLACE_optlc_3056          TIEL_HVT        saed90nm_max_hvt 
PLACE_optlc_3057          TIEL_HVT        saed90nm_max_hvt 
PLACE_optlc_3058          TIEL_HVT        saed90nm_max_hvt 
PLACE_optlc_3059          TIEL_HVT        saed90nm_max_hvt 
PLACE_optlc_306           TIEL_HVT        saed90nm_max_hvt 
PLACE_optlc_3060          TIEL_HVT        saed90nm_max_hvt 
PLACE_optlc_3061          TIEL_HVT        saed90nm_max_hvt 
PLACE_optlc_3062          TIEL_HVT        saed90nm_max_hvt 
PLACE_optlc_3063          TIEL_HVT        saed90nm_max_hvt 
PLACE_optlc_3064          TIEL_HVT        saed90nm_max_hvt 
PLACE_optlc_3065          TIEL_HVT        saed90nm_max_hvt 
PLACE_optlc_3066          TIEL_HVT        saed90nm_max_hvt 
PLACE_optlc_3067          TIEL_HVT        saed90nm_max_hvt 
PLACE_optlc_3068          TIEL_HVT        saed90nm_max_hvt 
PLACE_optlc_3069          TIEL_HVT        saed90nm_max_hvt 
PLACE_optlc_307           TIEL_HVT        saed90nm_max_hvt 
PLACE_optlc_3070          TIEL_HVT        saed90nm_max_hvt 
PLACE_optlc_3071          TIEL_HVT        saed90nm_max_hvt 
PLACE_optlc_3072          TIEL_HVT        saed90nm_max_hvt 
PLACE_optlc_3073          TIEL_HVT        saed90nm_max_hvt 
PLACE_optlc_3074          TIEL_HVT        saed90nm_max_hvt 
PLACE_optlc_3075          TIEL_HVT        saed90nm_max_hvt 
PLACE_optlc_3076          TIEL_HVT        saed90nm_max_hvt 
PLACE_optlc_3077          TIEL_HVT        saed90nm_max_hvt 
PLACE_optlc_3078          TIEL_HVT        saed90nm_max_hvt 
PLACE_optlc_3079          TIEL_HVT        saed90nm_max_hvt 
PLACE_optlc_308           TIEL_HVT        saed90nm_max_hvt 
PLACE_optlc_3080          TIEL_HVT        saed90nm_max_hvt 
PLACE_optlc_3081          TIEL_HVT        saed90nm_max_hvt 
PLACE_optlc_3082          TIEL_HVT        saed90nm_max_hvt 
PLACE_optlc_3083          TIEL_HVT        saed90nm_max_hvt 
PLACE_optlc_3084          TIEL_HVT        saed90nm_max_hvt 
PLACE_optlc_3085          TIEL_HVT        saed90nm_max_hvt 
PLACE_optlc_3086          TIEL_HVT        saed90nm_max_hvt 
PLACE_optlc_3087          TIEL_HVT        saed90nm_max_hvt 
PLACE_optlc_3088          TIEL_HVT        saed90nm_max_hvt 
PLACE_optlc_3089          TIEL_HVT        saed90nm_max_hvt 
PLACE_optlc_309           TIEL_HVT        saed90nm_max_hvt 
PLACE_optlc_3090          TIEL_HVT        saed90nm_max_hvt 
PLACE_optlc_3091          TIEL_HVT        saed90nm_max_hvt 
PLACE_optlc_3092          TIEL_HVT        saed90nm_max_hvt 
PLACE_optlc_3093          TIEL_HVT        saed90nm_max_hvt 
PLACE_optlc_3094          TIEL_HVT        saed90nm_max_hvt 
PLACE_optlc_3095          TIEL_HVT        saed90nm_max_hvt 
PLACE_optlc_3096          TIEL_HVT        saed90nm_max_hvt 
PLACE_optlc_3097          TIEL_HVT        saed90nm_max_hvt 
PLACE_optlc_3098          TIEL_HVT        saed90nm_max_hvt 
PLACE_optlc_3099          TIEL_HVT        saed90nm_max_hvt 
PLACE_optlc_310           TIEL_HVT        saed90nm_max_hvt 
PLACE_optlc_3100          TIEL_HVT        saed90nm_max_hvt 
PLACE_optlc_3101          TIEL_HVT        saed90nm_max_hvt 
PLACE_optlc_3102          TIEL_HVT        saed90nm_max_hvt 
PLACE_optlc_3103          TIEL_HVT        saed90nm_max_hvt 
PLACE_optlc_3104          TIEL_HVT        saed90nm_max_hvt 
PLACE_optlc_3105          TIEL_HVT        saed90nm_max_hvt 
PLACE_optlc_3106          TIEL_HVT        saed90nm_max_hvt 
PLACE_optlc_3107          TIEL_HVT        saed90nm_max_hvt 
PLACE_optlc_3108          TIEL_HVT        saed90nm_max_hvt 
PLACE_optlc_3109          TIEL_HVT        saed90nm_max_hvt 
PLACE_optlc_311           TIEL_HVT        saed90nm_max_hvt 
PLACE_optlc_3110          TIEL_HVT        saed90nm_max_hvt 
PLACE_optlc_3111          TIEL_HVT        saed90nm_max_hvt 
PLACE_optlc_3112          TIEL_HVT        saed90nm_max_hvt 
PLACE_optlc_3113          TIEL_HVT        saed90nm_max_hvt 
PLACE_optlc_3114          TIEL_HVT        saed90nm_max_hvt 
PLACE_optlc_3115          TIEL_HVT        saed90nm_max_hvt 
PLACE_optlc_3116          TIEL_HVT        saed90nm_max_hvt 
PLACE_optlc_3117          TIEL_HVT        saed90nm_max_hvt 
PLACE_optlc_3118          TIEL_HVT        saed90nm_max_hvt 
PLACE_optlc_3119          TIEL_HVT        saed90nm_max_hvt 
PLACE_optlc_312           TIEL_HVT        saed90nm_max_hvt 
PLACE_optlc_3120          TIEL_HVT        saed90nm_max_hvt 
PLACE_optlc_3121          TIEL_HVT        saed90nm_max_hvt 
PLACE_optlc_3122          TIEL_HVT        saed90nm_max_hvt 
PLACE_optlc_3123          TIEL_HVT        saed90nm_max_hvt 
PLACE_optlc_3124          TIEL_HVT        saed90nm_max_hvt 
PLACE_optlc_3125          TIEL_HVT        saed90nm_max_hvt 
PLACE_optlc_3126          TIEL_HVT        saed90nm_max_hvt 
PLACE_optlc_3127          TIEL_HVT        saed90nm_max_hvt 
PLACE_optlc_3128          TIEL_HVT        saed90nm_max_hvt 
PLACE_optlc_3129          TIEL_HVT        saed90nm_max_hvt 
PLACE_optlc_313           TIEL_HVT        saed90nm_max_hvt 
PLACE_optlc_3130          TIEL_HVT        saed90nm_max_hvt 
PLACE_optlc_3131          TIEL_HVT        saed90nm_max_hvt 
PLACE_optlc_3132          TIEL_HVT        saed90nm_max_hvt 
PLACE_optlc_3133          TIEL_HVT        saed90nm_max_hvt 
PLACE_optlc_3134          TIEL_HVT        saed90nm_max_hvt 
PLACE_optlc_3135          TIEL_HVT        saed90nm_max_hvt 
PLACE_optlc_3136          TIEL_HVT        saed90nm_max_hvt 
PLACE_optlc_3137          TIEL_HVT        saed90nm_max_hvt 
PLACE_optlc_3138          TIEL_HVT        saed90nm_max_hvt 
PLACE_optlc_3139          TIEL_HVT        saed90nm_max_hvt 
PLACE_optlc_314           TIEL_HVT        saed90nm_max_hvt 
PLACE_optlc_3140          TIEL_HVT        saed90nm_max_hvt 
PLACE_optlc_3141          TIEL_HVT        saed90nm_max_hvt 
PLACE_optlc_3142          TIEL_HVT        saed90nm_max_hvt 
PLACE_optlc_3143          TIEL_HVT        saed90nm_max_hvt 
PLACE_optlc_3144          TIEL_HVT        saed90nm_max_hvt 
PLACE_optlc_3145          TIEL_HVT        saed90nm_max_hvt 
PLACE_optlc_3146          TIEL_HVT        saed90nm_max_hvt 
PLACE_optlc_3147          TIEL_HVT        saed90nm_max_hvt 
PLACE_optlc_3148          TIEL_HVT        saed90nm_max_hvt 
PLACE_optlc_3149          TIEL_HVT        saed90nm_max_hvt 
PLACE_optlc_315           TIEL_HVT        saed90nm_max_hvt 
PLACE_optlc_3150          TIEL_HVT        saed90nm_max_hvt 
PLACE_optlc_3151          TIEL_HVT        saed90nm_max_hvt 
PLACE_optlc_3152          TIEL_HVT        saed90nm_max_hvt 
PLACE_optlc_3153          TIEL_HVT        saed90nm_max_hvt 
PLACE_optlc_3154          TIEL_HVT        saed90nm_max_hvt 
PLACE_optlc_3155          TIEL_HVT        saed90nm_max_hvt 
PLACE_optlc_3156          TIEL_HVT        saed90nm_max_hvt 
PLACE_optlc_3157          TIEL_HVT        saed90nm_max_hvt 
PLACE_optlc_3158          TIEL_HVT        saed90nm_max_hvt 
PLACE_optlc_3159          TIEL_HVT        saed90nm_max_hvt 
PLACE_optlc_316           TIEL_HVT        saed90nm_max_hvt 
PLACE_optlc_3160          TIEL_HVT        saed90nm_max_hvt 
PLACE_optlc_3161          TIEL_HVT        saed90nm_max_hvt 
PLACE_optlc_3162          TIEL_HVT        saed90nm_max_hvt 
PLACE_optlc_3163          TIEL_HVT        saed90nm_max_hvt 
PLACE_optlc_3164          TIEL_HVT        saed90nm_max_hvt 
PLACE_optlc_3165          TIEL_HVT        saed90nm_max_hvt 
PLACE_optlc_3166          TIEL_HVT        saed90nm_max_hvt 
PLACE_optlc_3167          TIEL_HVT        saed90nm_max_hvt 
PLACE_optlc_3168          TIEL_HVT        saed90nm_max_hvt 
PLACE_optlc_3169          TIEL_HVT        saed90nm_max_hvt 
PLACE_optlc_317           TIEL_HVT        saed90nm_max_hvt 
PLACE_optlc_3170          TIEL_HVT        saed90nm_max_hvt 
PLACE_optlc_3171          TIEL_HVT        saed90nm_max_hvt 
PLACE_optlc_3172          TIEL_HVT        saed90nm_max_hvt 
PLACE_optlc_3173          TIEL_HVT        saed90nm_max_hvt 
PLACE_optlc_3174          TIEL_HVT        saed90nm_max_hvt 
PLACE_optlc_3175          TIEL_HVT        saed90nm_max_hvt 
PLACE_optlc_3176          TIEL_HVT        saed90nm_max_hvt 
PLACE_optlc_3177          TIEL_HVT        saed90nm_max_hvt 
PLACE_optlc_3178          TIEL_HVT        saed90nm_max_hvt 
PLACE_optlc_3179          TIEL_HVT        saed90nm_max_hvt 
PLACE_optlc_318           TIEL_HVT        saed90nm_max_hvt 
PLACE_optlc_3180          TIEL_HVT        saed90nm_max_hvt 
PLACE_optlc_3181          TIEL_HVT        saed90nm_max_hvt 
PLACE_optlc_3182          TIEL_HVT        saed90nm_max_hvt 
PLACE_optlc_3183          TIEL_HVT        saed90nm_max_hvt 
PLACE_optlc_3184          TIEL_HVT        saed90nm_max_hvt 
PLACE_optlc_3185          TIEL_HVT        saed90nm_max_hvt 
PLACE_optlc_3186          TIEL_HVT        saed90nm_max_hvt 
PLACE_optlc_3187          TIEL_HVT        saed90nm_max_hvt 
PLACE_optlc_3188          TIEL_HVT        saed90nm_max_hvt 
PLACE_optlc_3189          TIEL_HVT        saed90nm_max_hvt 
PLACE_optlc_319           TIEL_HVT        saed90nm_max_hvt 
PLACE_optlc_3190          TIEL_HVT        saed90nm_max_hvt 
PLACE_optlc_3191          TIEL_HVT        saed90nm_max_hvt 
PLACE_optlc_3192          TIEL_HVT        saed90nm_max_hvt 
PLACE_optlc_3193          TIEL_HVT        saed90nm_max_hvt 
PLACE_optlc_3194          TIEL_HVT        saed90nm_max_hvt 
PLACE_optlc_3195          TIEL_HVT        saed90nm_max_hvt 
PLACE_optlc_3196          TIEL_HVT        saed90nm_max_hvt 
PLACE_optlc_3197          TIEL_HVT        saed90nm_max_hvt 
PLACE_optlc_3198          TIEL_HVT        saed90nm_max_hvt 
PLACE_optlc_3199          TIEL_HVT        saed90nm_max_hvt 
PLACE_optlc_320           TIEL_HVT        saed90nm_max_hvt 
PLACE_optlc_3200          TIEL_HVT        saed90nm_max_hvt 
PLACE_optlc_3201          TIEL_HVT        saed90nm_max_hvt 
PLACE_optlc_3202          TIEL_HVT        saed90nm_max_hvt 
PLACE_optlc_3203          TIEL_HVT        saed90nm_max_hvt 
PLACE_optlc_3204          TIEL_HVT        saed90nm_max_hvt 
PLACE_optlc_3205          TIEL_HVT        saed90nm_max_hvt 
PLACE_optlc_3206          TIEL_HVT        saed90nm_max_hvt 
PLACE_optlc_3207          TIEL_HVT        saed90nm_max_hvt 
PLACE_optlc_3208          TIEL_HVT        saed90nm_max_hvt 
PLACE_optlc_3209          TIEL_HVT        saed90nm_max_hvt 
PLACE_optlc_321           TIEL_HVT        saed90nm_max_hvt 
PLACE_optlc_3210          TIEL_HVT        saed90nm_max_hvt 
PLACE_optlc_3211          TIEL_HVT        saed90nm_max_hvt 
PLACE_optlc_3212          TIEL_HVT        saed90nm_max_hvt 
PLACE_optlc_3213          TIEL_HVT        saed90nm_max_hvt 
PLACE_optlc_3214          TIEL_HVT        saed90nm_max_hvt 
PLACE_optlc_3215          TIEL_HVT        saed90nm_max_hvt 
PLACE_optlc_3216          TIEL_HVT        saed90nm_max_hvt 
PLACE_optlc_3217          TIEL_HVT        saed90nm_max_hvt 
PLACE_optlc_3218          TIEL_HVT        saed90nm_max_hvt 
PLACE_optlc_3219          TIEL_HVT        saed90nm_max_hvt 
PLACE_optlc_322           TIEL_HVT        saed90nm_max_hvt 
PLACE_optlc_3220          TIEL_HVT        saed90nm_max_hvt 
PLACE_optlc_3221          TIEL_HVT        saed90nm_max_hvt 
PLACE_optlc_3222          TIEL_HVT        saed90nm_max_hvt 
PLACE_optlc_3223          TIEL_HVT        saed90nm_max_hvt 
PLACE_optlc_3224          TIEL_HVT        saed90nm_max_hvt 
PLACE_optlc_3225          TIEL_HVT        saed90nm_max_hvt 
PLACE_optlc_3226          TIEL_HVT        saed90nm_max_hvt 
PLACE_optlc_3227          TIEL_HVT        saed90nm_max_hvt 
PLACE_optlc_3228          TIEL_HVT        saed90nm_max_hvt 
PLACE_optlc_3229          TIEL_HVT        saed90nm_max_hvt 
PLACE_optlc_323           TIEL_HVT        saed90nm_max_hvt 
PLACE_optlc_3230          TIEL_HVT        saed90nm_max_hvt 
PLACE_optlc_3231          TIEL_HVT        saed90nm_max_hvt 
PLACE_optlc_3232          TIEL_HVT        saed90nm_max_hvt 
PLACE_optlc_3233          TIEL_HVT        saed90nm_max_hvt 
PLACE_optlc_3234          TIEL_HVT        saed90nm_max_hvt 
PLACE_optlc_3235          TIEL_HVT        saed90nm_max_hvt 
PLACE_optlc_3236          TIEL_HVT        saed90nm_max_hvt 
PLACE_optlc_3237          TIEL_HVT        saed90nm_max_hvt 
PLACE_optlc_3238          TIEL_HVT        saed90nm_max_hvt 
PLACE_optlc_3239          TIEL_HVT        saed90nm_max_hvt 
PLACE_optlc_324           TIEL_HVT        saed90nm_max_hvt 
PLACE_optlc_3240          TIEL_HVT        saed90nm_max_hvt 
PLACE_optlc_3241          TIEL_HVT        saed90nm_max_hvt 
PLACE_optlc_3242          TIEL_HVT        saed90nm_max_hvt 
PLACE_optlc_3243          TIEL_HVT        saed90nm_max_hvt 
PLACE_optlc_3244          TIEL_HVT        saed90nm_max_hvt 
PLACE_optlc_3245          TIEL_HVT        saed90nm_max_hvt 
PLACE_optlc_3246          TIEL_HVT        saed90nm_max_hvt 
PLACE_optlc_3247          TIEL_HVT        saed90nm_max_hvt 
PLACE_optlc_3248          TIEL_HVT        saed90nm_max_hvt 
PLACE_optlc_3249          TIEL_HVT        saed90nm_max_hvt 
PLACE_optlc_325           TIEL_HVT        saed90nm_max_hvt 
PLACE_optlc_3250          TIEL_HVT        saed90nm_max_hvt 
PLACE_optlc_3251          TIEL_HVT        saed90nm_max_hvt 
PLACE_optlc_3252          TIEL_HVT        saed90nm_max_hvt 
PLACE_optlc_3253          TIEL_HVT        saed90nm_max_hvt 
PLACE_optlc_3254          TIEL_HVT        saed90nm_max_hvt 
PLACE_optlc_3255          TIEL_HVT        saed90nm_max_hvt 
PLACE_optlc_3256          TIEL_HVT        saed90nm_max_hvt 
PLACE_optlc_3257          TIEL_HVT        saed90nm_max_hvt 
PLACE_optlc_3258          TIEL_HVT        saed90nm_max_hvt 
PLACE_optlc_3259          TIEL_HVT        saed90nm_max_hvt 
PLACE_optlc_326           TIEL_HVT        saed90nm_max_hvt 
PLACE_optlc_3260          TIEL_HVT        saed90nm_max_hvt 
PLACE_optlc_3261          TIEL_HVT        saed90nm_max_hvt 
PLACE_optlc_3262          TIEL_HVT        saed90nm_max_hvt 
PLACE_optlc_3263          TIEL_HVT        saed90nm_max_hvt 
PLACE_optlc_3264          TIEL_HVT        saed90nm_max_hvt 
PLACE_optlc_3265          TIEL_HVT        saed90nm_max_hvt 
PLACE_optlc_3266          TIEL_HVT        saed90nm_max_hvt 
PLACE_optlc_3267          TIEL_HVT        saed90nm_max_hvt 
PLACE_optlc_3268          TIEL_HVT        saed90nm_max_hvt 
PLACE_optlc_3269          TIEL_HVT        saed90nm_max_hvt 
PLACE_optlc_327           TIEL_HVT        saed90nm_max_hvt 
PLACE_optlc_3270          TIEL_HVT        saed90nm_max_hvt 
PLACE_optlc_3271          TIEL_HVT        saed90nm_max_hvt 
PLACE_optlc_3272          TIEL_HVT        saed90nm_max_hvt 
PLACE_optlc_3273          TIEL_HVT        saed90nm_max_hvt 
PLACE_optlc_3274          TIEL_HVT        saed90nm_max_hvt 
PLACE_optlc_3275          TIEL_HVT        saed90nm_max_hvt 
PLACE_optlc_3276          TIEL_HVT        saed90nm_max_hvt 
PLACE_optlc_3277          TIEL_HVT        saed90nm_max_hvt 
PLACE_optlc_3278          TIEL_HVT        saed90nm_max_hvt 
PLACE_optlc_3279          TIEL_HVT        saed90nm_max_hvt 
PLACE_optlc_328           TIEL_HVT        saed90nm_max_hvt 
PLACE_optlc_3280          TIEL_HVT        saed90nm_max_hvt 
PLACE_optlc_3281          TIEL_HVT        saed90nm_max_hvt 
PLACE_optlc_3282          TIEL_HVT        saed90nm_max_hvt 
PLACE_optlc_3283          TIEL_HVT        saed90nm_max_hvt 
PLACE_optlc_3284          TIEL_HVT        saed90nm_max_hvt 
PLACE_optlc_3285          TIEL_HVT        saed90nm_max_hvt 
PLACE_optlc_3286          TIEL_HVT        saed90nm_max_hvt 
PLACE_optlc_3287          TIEL_HVT        saed90nm_max_hvt 
PLACE_optlc_3288          TIEL_HVT        saed90nm_max_hvt 
PLACE_optlc_3289          TIEL_HVT        saed90nm_max_hvt 
PLACE_optlc_329           TIEL_HVT        saed90nm_max_hvt 
PLACE_optlc_3290          TIEL_HVT        saed90nm_max_hvt 
PLACE_optlc_3291          TIEL_HVT        saed90nm_max_hvt 
PLACE_optlc_3292          TIEL_HVT        saed90nm_max_hvt 
PLACE_optlc_3293          TIEL_HVT        saed90nm_max_hvt 
PLACE_optlc_3294          TIEL_HVT        saed90nm_max_hvt 
PLACE_optlc_3295          TIEL_HVT        saed90nm_max_hvt 
PLACE_optlc_3296          TIEL_HVT        saed90nm_max_hvt 
PLACE_optlc_3297          TIEL_HVT        saed90nm_max_hvt 
PLACE_optlc_3298          TIEL_HVT        saed90nm_max_hvt 
PLACE_optlc_3299          TIEL_HVT        saed90nm_max_hvt 
PLACE_optlc_330           TIEL_HVT        saed90nm_max_hvt 
PLACE_optlc_3300          TIEL_HVT        saed90nm_max_hvt 
PLACE_optlc_3301          TIEL_HVT        saed90nm_max_hvt 
PLACE_optlc_3302          TIEL_HVT        saed90nm_max_hvt 
PLACE_optlc_3303          TIEL_HVT        saed90nm_max_hvt 
PLACE_optlc_3304          TIEL_HVT        saed90nm_max_hvt 
PLACE_optlc_3305          TIEL_HVT        saed90nm_max_hvt 
PLACE_optlc_3306          TIEL_HVT        saed90nm_max_hvt 
PLACE_optlc_3307          TIEL_HVT        saed90nm_max_hvt 
PLACE_optlc_3308          TIEL_HVT        saed90nm_max_hvt 
PLACE_optlc_3309          TIEL_HVT        saed90nm_max_hvt 
PLACE_optlc_331           TIEL_HVT        saed90nm_max_hvt 
PLACE_optlc_3310          TIEL_HVT        saed90nm_max_hvt 
PLACE_optlc_3311          TIEL_HVT        saed90nm_max_hvt 
PLACE_optlc_3312          TIEL_HVT        saed90nm_max_hvt 
PLACE_optlc_3313          TIEL_HVT        saed90nm_max_hvt 
PLACE_optlc_3314          TIEL_HVT        saed90nm_max_hvt 
PLACE_optlc_3315          TIEL_HVT        saed90nm_max_hvt 
PLACE_optlc_3316          TIEL_HVT        saed90nm_max_hvt 
PLACE_optlc_3317          TIEL_HVT        saed90nm_max_hvt 
PLACE_optlc_3318          TIEL_HVT        saed90nm_max_hvt 
PLACE_optlc_3319          TIEL_HVT        saed90nm_max_hvt 
PLACE_optlc_332           TIEL_HVT        saed90nm_max_hvt 
PLACE_optlc_3320          TIEL_HVT        saed90nm_max_hvt 
PLACE_optlc_3321          TIEL_HVT        saed90nm_max_hvt 
PLACE_optlc_3322          TIEL_HVT        saed90nm_max_hvt 
PLACE_optlc_3323          TIEL_HVT        saed90nm_max_hvt 
PLACE_optlc_3324          TIEL_HVT        saed90nm_max_hvt 
PLACE_optlc_3325          TIEL_HVT        saed90nm_max_hvt 
PLACE_optlc_3326          TIEL_HVT        saed90nm_max_hvt 
PLACE_optlc_3327          TIEL_HVT        saed90nm_max_hvt 
PLACE_optlc_3328          TIEL_HVT        saed90nm_max_hvt 
PLACE_optlc_3329          TIEL_HVT        saed90nm_max_hvt 
PLACE_optlc_333           TIEL_HVT        saed90nm_max_hvt 
PLACE_optlc_3330          TIEL_HVT        saed90nm_max_hvt 
PLACE_optlc_3331          TIEL_HVT        saed90nm_max_hvt 
PLACE_optlc_3332          TIEL_HVT        saed90nm_max_hvt 
PLACE_optlc_3333          TIEL_HVT        saed90nm_max_hvt 
PLACE_optlc_3334          TIEL_HVT        saed90nm_max_hvt 
PLACE_optlc_3335          TIEL_HVT        saed90nm_max_hvt 
PLACE_optlc_3336          TIEL_HVT        saed90nm_max_hvt 
PLACE_optlc_3337          TIEL_HVT        saed90nm_max_hvt 
PLACE_optlc_3338          TIEL_HVT        saed90nm_max_hvt 
PLACE_optlc_3339          TIEL_HVT        saed90nm_max_hvt 
PLACE_optlc_334           TIEL_HVT        saed90nm_max_hvt 
PLACE_optlc_3340          TIEL_HVT        saed90nm_max_hvt 
PLACE_optlc_3341          TIEL_HVT        saed90nm_max_hvt 
PLACE_optlc_3342          TIEL_HVT        saed90nm_max_hvt 
PLACE_optlc_3343          TIEL_HVT        saed90nm_max_hvt 
PLACE_optlc_3344          TIEL_HVT        saed90nm_max_hvt 
PLACE_optlc_3345          TIEL_HVT        saed90nm_max_hvt 
PLACE_optlc_3346          TIEL_HVT        saed90nm_max_hvt 
PLACE_optlc_3347          TIEL_HVT        saed90nm_max_hvt 
PLACE_optlc_3348          TIEL_HVT        saed90nm_max_hvt 
PLACE_optlc_3349          TIEL_HVT        saed90nm_max_hvt 
PLACE_optlc_335           TIEL_HVT        saed90nm_max_hvt 
PLACE_optlc_3350          TIEL_HVT        saed90nm_max_hvt 
PLACE_optlc_3351          TIEL_HVT        saed90nm_max_hvt 
PLACE_optlc_3352          TIEL_HVT        saed90nm_max_hvt 
PLACE_optlc_3353          TIEL_HVT        saed90nm_max_hvt 
PLACE_optlc_3354          TIEL_HVT        saed90nm_max_hvt 
PLACE_optlc_3355          TIEL_HVT        saed90nm_max_hvt 
PLACE_optlc_3356          TIEL_HVT        saed90nm_max_hvt 
PLACE_optlc_3357          TIEL_HVT        saed90nm_max_hvt 
PLACE_optlc_3358          TIEL_HVT        saed90nm_max_hvt 
PLACE_optlc_3359          TIEL_HVT        saed90nm_max_hvt 
PLACE_optlc_336           TIEL_HVT        saed90nm_max_hvt 
PLACE_optlc_3360          TIEL_HVT        saed90nm_max_hvt 
PLACE_optlc_3361          TIEL_HVT        saed90nm_max_hvt 
PLACE_optlc_3362          TIEL_HVT        saed90nm_max_hvt 
PLACE_optlc_3363          TIEL_HVT        saed90nm_max_hvt 
PLACE_optlc_3364          TIEL_HVT        saed90nm_max_hvt 
PLACE_optlc_3365          TIEL_HVT        saed90nm_max_hvt 
PLACE_optlc_3366          TIEL_HVT        saed90nm_max_hvt 
PLACE_optlc_3367          TIEL_HVT        saed90nm_max_hvt 
PLACE_optlc_3368          TIEL_HVT        saed90nm_max_hvt 
PLACE_optlc_3369          TIEL_HVT        saed90nm_max_hvt 
PLACE_optlc_337           TIEL_HVT        saed90nm_max_hvt 
PLACE_optlc_3370          TIEL_HVT        saed90nm_max_hvt 
PLACE_optlc_3371          TIEL_HVT        saed90nm_max_hvt 
PLACE_optlc_3372          TIEL_HVT        saed90nm_max_hvt 
PLACE_optlc_3373          TIEL_HVT        saed90nm_max_hvt 
PLACE_optlc_3374          TIEL_HVT        saed90nm_max_hvt 
PLACE_optlc_3375          TIEL_HVT        saed90nm_max_hvt 
PLACE_optlc_3376          TIEL_HVT        saed90nm_max_hvt 
PLACE_optlc_3377          TIEL_HVT        saed90nm_max_hvt 
PLACE_optlc_3378          TIEL_HVT        saed90nm_max_hvt 
PLACE_optlc_3379          TIEL_HVT        saed90nm_max_hvt 
PLACE_optlc_338           TIEL_HVT        saed90nm_max_hvt 
PLACE_optlc_3380          TIEL_HVT        saed90nm_max_hvt 
PLACE_optlc_3381          TIEL_HVT        saed90nm_max_hvt 
PLACE_optlc_3382          TIEL_HVT        saed90nm_max_hvt 
PLACE_optlc_3383          TIEL_HVT        saed90nm_max_hvt 
PLACE_optlc_3384          TIEL_HVT        saed90nm_max_hvt 
PLACE_optlc_3385          TIEL_HVT        saed90nm_max_hvt 
PLACE_optlc_3386          TIEL_HVT        saed90nm_max_hvt 
PLACE_optlc_3387          TIEL_HVT        saed90nm_max_hvt 
PLACE_optlc_3388          TIEL_HVT        saed90nm_max_hvt 
PLACE_optlc_3389          TIEL_HVT        saed90nm_max_hvt 
PLACE_optlc_339           TIEL_HVT        saed90nm_max_hvt 
PLACE_optlc_3390          TIEL_HVT        saed90nm_max_hvt 
PLACE_optlc_3391          TIEL_HVT        saed90nm_max_hvt 
PLACE_optlc_3392          TIEL_HVT        saed90nm_max_hvt 
PLACE_optlc_3393          TIEL_HVT        saed90nm_max_hvt 
PLACE_optlc_3394          TIEL_HVT        saed90nm_max_hvt 
PLACE_optlc_3395          TIEL_HVT        saed90nm_max_hvt 
PLACE_optlc_3396          TIEL_HVT        saed90nm_max_hvt 
PLACE_optlc_3397          TIEL_HVT        saed90nm_max_hvt 
PLACE_optlc_3398          TIEL_HVT        saed90nm_max_hvt 
PLACE_optlc_3399          TIEL_HVT        saed90nm_max_hvt 
PLACE_optlc_340           TIEL_HVT        saed90nm_max_hvt 
PLACE_optlc_3400          TIEL_HVT        saed90nm_max_hvt 
PLACE_optlc_3401          TIEL_HVT        saed90nm_max_hvt 
PLACE_optlc_3402          TIEL_HVT        saed90nm_max_hvt 
PLACE_optlc_3403          TIEL_HVT        saed90nm_max_hvt 
PLACE_optlc_3404          TIEL_HVT        saed90nm_max_hvt 
PLACE_optlc_3405          TIEL_HVT        saed90nm_max_hvt 
PLACE_optlc_3406          TIEL_HVT        saed90nm_max_hvt 
PLACE_optlc_3407          TIEL_HVT        saed90nm_max_hvt 
PLACE_optlc_3408          TIEL_HVT        saed90nm_max_hvt 
PLACE_optlc_3409          TIEL_HVT        saed90nm_max_hvt 
PLACE_optlc_341           TIEL_HVT        saed90nm_max_hvt 
PLACE_optlc_3410          TIEL_HVT        saed90nm_max_hvt 
PLACE_optlc_3411          TIEL_HVT        saed90nm_max_hvt 
PLACE_optlc_3412          TIEL_HVT        saed90nm_max_hvt 
PLACE_optlc_3413          TIEL_HVT        saed90nm_max_hvt 
PLACE_optlc_3414          TIEL_HVT        saed90nm_max_hvt 
PLACE_optlc_3415          TIEL_HVT        saed90nm_max_hvt 
PLACE_optlc_3416          TIEL_HVT        saed90nm_max_hvt 
PLACE_optlc_3417          TIEL_HVT        saed90nm_max_hvt 
PLACE_optlc_3418          TIEL_HVT        saed90nm_max_hvt 
PLACE_optlc_3419          TIEL_HVT        saed90nm_max_hvt 
PLACE_optlc_342           TIEL_HVT        saed90nm_max_hvt 
PLACE_optlc_3420          TIEL_HVT        saed90nm_max_hvt 
PLACE_optlc_3421          TIEL_HVT        saed90nm_max_hvt 
PLACE_optlc_3422          TIEL_HVT        saed90nm_max_hvt 
PLACE_optlc_3423          TIEL_HVT        saed90nm_max_hvt 
PLACE_optlc_3424          TIEL_HVT        saed90nm_max_hvt 
PLACE_optlc_3425          TIEL_HVT        saed90nm_max_hvt 
PLACE_optlc_3426          TIEL_HVT        saed90nm_max_hvt 
PLACE_optlc_3427          TIEL_HVT        saed90nm_max_hvt 
PLACE_optlc_3428          TIEL_HVT        saed90nm_max_hvt 
PLACE_optlc_3429          TIEL_HVT        saed90nm_max_hvt 
PLACE_optlc_343           TIEL_HVT        saed90nm_max_hvt 
PLACE_optlc_3430          TIEL_HVT        saed90nm_max_hvt 
PLACE_optlc_3431          TIEL_HVT        saed90nm_max_hvt 
PLACE_optlc_3432          TIEL_HVT        saed90nm_max_hvt 
PLACE_optlc_3433          TIEL_HVT        saed90nm_max_hvt 
PLACE_optlc_3434          TIEL_HVT        saed90nm_max_hvt 
PLACE_optlc_3435          TIEL_HVT        saed90nm_max_hvt 
PLACE_optlc_3436          TIEL_HVT        saed90nm_max_hvt 
PLACE_optlc_3437          TIEL_HVT        saed90nm_max_hvt 
PLACE_optlc_3438          TIEL_HVT        saed90nm_max_hvt 
PLACE_optlc_3439          TIEL_HVT        saed90nm_max_hvt 
PLACE_optlc_344           TIEL_HVT        saed90nm_max_hvt 
PLACE_optlc_3440          TIEL_HVT        saed90nm_max_hvt 
PLACE_optlc_3441          TIEL_HVT        saed90nm_max_hvt 
PLACE_optlc_3442          TIEL_HVT        saed90nm_max_hvt 
PLACE_optlc_3443          TIEL_HVT        saed90nm_max_hvt 
PLACE_optlc_3444          TIEL_HVT        saed90nm_max_hvt 
PLACE_optlc_3445          TIEL_HVT        saed90nm_max_hvt 
PLACE_optlc_3446          TIEL_HVT        saed90nm_max_hvt 
PLACE_optlc_3447          TIEL_HVT        saed90nm_max_hvt 
PLACE_optlc_3448          TIEL_HVT        saed90nm_max_hvt 
PLACE_optlc_3449          TIEL_HVT        saed90nm_max_hvt 
PLACE_optlc_345           TIEL_HVT        saed90nm_max_hvt 
PLACE_optlc_3450          TIEL_HVT        saed90nm_max_hvt 
PLACE_optlc_3451          TIEL_HVT        saed90nm_max_hvt 
PLACE_optlc_3452          TIEL_HVT        saed90nm_max_hvt 
PLACE_optlc_3453          TIEL_HVT        saed90nm_max_hvt 
PLACE_optlc_3454          TIEL_HVT        saed90nm_max_hvt 
PLACE_optlc_3455          TIEL_HVT        saed90nm_max_hvt 
PLACE_optlc_3456          TIEL_HVT        saed90nm_max_hvt 
PLACE_optlc_3457          TIEL_HVT        saed90nm_max_hvt 
PLACE_optlc_3458          TIEL_HVT        saed90nm_max_hvt 
PLACE_optlc_3459          TIEL_HVT        saed90nm_max_hvt 
PLACE_optlc_346           TIEL_HVT        saed90nm_max_hvt 
PLACE_optlc_3460          TIEL_HVT        saed90nm_max_hvt 
PLACE_optlc_3461          TIEL_HVT        saed90nm_max_hvt 
PLACE_optlc_3462          TIEL_HVT        saed90nm_max_hvt 
PLACE_optlc_3463          TIEL_HVT        saed90nm_max_hvt 
PLACE_optlc_3464          TIEL_HVT        saed90nm_max_hvt 
PLACE_optlc_3465          TIEL_HVT        saed90nm_max_hvt 
PLACE_optlc_3466          TIEL_HVT        saed90nm_max_hvt 
PLACE_optlc_3467          TIEL_HVT        saed90nm_max_hvt 
PLACE_optlc_3468          TIEL_HVT        saed90nm_max_hvt 
PLACE_optlc_3469          TIEL_HVT        saed90nm_max_hvt 
PLACE_optlc_347           TIEL_HVT        saed90nm_max_hvt 
PLACE_optlc_3470          TIEL_HVT        saed90nm_max_hvt 
PLACE_optlc_3471          TIEL_HVT        saed90nm_max_hvt 
PLACE_optlc_3472          TIEL_HVT        saed90nm_max_hvt 
PLACE_optlc_3473          TIEL_HVT        saed90nm_max_hvt 
PLACE_optlc_3474          TIEL_HVT        saed90nm_max_hvt 
PLACE_optlc_3475          TIEL_HVT        saed90nm_max_hvt 
PLACE_optlc_3476          TIEL_HVT        saed90nm_max_hvt 
PLACE_optlc_3477          TIEL_HVT        saed90nm_max_hvt 
PLACE_optlc_3478          TIEL_HVT        saed90nm_max_hvt 
PLACE_optlc_3479          TIEL_HVT        saed90nm_max_hvt 
PLACE_optlc_348           TIEL_HVT        saed90nm_max_hvt 
PLACE_optlc_3480          TIEL_HVT        saed90nm_max_hvt 
PLACE_optlc_3481          TIEL_HVT        saed90nm_max_hvt 
PLACE_optlc_3482          TIEL_HVT        saed90nm_max_hvt 
PLACE_optlc_3483          TIEL_HVT        saed90nm_max_hvt 
PLACE_optlc_3484          TIEL_HVT        saed90nm_max_hvt 
PLACE_optlc_3485          TIEL_HVT        saed90nm_max_hvt 
PLACE_optlc_3486          TIEL_HVT        saed90nm_max_hvt 
PLACE_optlc_3487          TIEL_HVT        saed90nm_max_hvt 
PLACE_optlc_3488          TIEL_HVT        saed90nm_max_hvt 
PLACE_optlc_3489          TIEL_HVT        saed90nm_max_hvt 
PLACE_optlc_349           TIEL_HVT        saed90nm_max_hvt 
PLACE_optlc_3490          TIEL_HVT        saed90nm_max_hvt 
PLACE_optlc_3491          TIEL_HVT        saed90nm_max_hvt 
PLACE_optlc_3492          TIEL_HVT        saed90nm_max_hvt 
PLACE_optlc_3493          TIEL_HVT        saed90nm_max_hvt 
PLACE_optlc_3494          TIEL_HVT        saed90nm_max_hvt 
PLACE_optlc_3495          TIEL_HVT        saed90nm_max_hvt 
PLACE_optlc_3496          TIEL_HVT        saed90nm_max_hvt 
PLACE_optlc_3497          TIEL_HVT        saed90nm_max_hvt 
PLACE_optlc_3498          TIEL_HVT        saed90nm_max_hvt 
PLACE_optlc_3499          TIEL_HVT        saed90nm_max_hvt 
PLACE_optlc_350           TIEL_HVT        saed90nm_max_hvt 
PLACE_optlc_3500          TIEL_HVT        saed90nm_max_hvt 
PLACE_optlc_3501          TIEL_HVT        saed90nm_max_hvt 
PLACE_optlc_3502          TIEL_HVT        saed90nm_max_hvt 
PLACE_optlc_3503          TIEL_HVT        saed90nm_max_hvt 
PLACE_optlc_3504          TIEL_HVT        saed90nm_max_hvt 
PLACE_optlc_3505          TIEL_HVT        saed90nm_max_hvt 
PLACE_optlc_3506          TIEL_HVT        saed90nm_max_hvt 
PLACE_optlc_3507          TIEL_HVT        saed90nm_max_hvt 
PLACE_optlc_3508          TIEL_HVT        saed90nm_max_hvt 
PLACE_optlc_3509          TIEL_HVT        saed90nm_max_hvt 
PLACE_optlc_351           TIEL_HVT        saed90nm_max_hvt 
PLACE_optlc_3510          TIEL_HVT        saed90nm_max_hvt 
PLACE_optlc_3511          TIEL_HVT        saed90nm_max_hvt 
PLACE_optlc_3512          TIEL_HVT        saed90nm_max_hvt 
PLACE_optlc_3513          TIEL_HVT        saed90nm_max_hvt 
PLACE_optlc_3514          TIEL_HVT        saed90nm_max_hvt 
PLACE_optlc_3515          TIEL_HVT        saed90nm_max_hvt 
PLACE_optlc_3516          TIEL_HVT        saed90nm_max_hvt 
PLACE_optlc_3517          TIEL_HVT        saed90nm_max_hvt 
PLACE_optlc_3518          TIEL_HVT        saed90nm_max_hvt 
PLACE_optlc_3519          TIEL_HVT        saed90nm_max_hvt 
PLACE_optlc_352           TIEL_HVT        saed90nm_max_hvt 
PLACE_optlc_3520          TIEL_HVT        saed90nm_max_hvt 
PLACE_optlc_3521          TIEL_HVT        saed90nm_max_hvt 
PLACE_optlc_3522          TIEL_HVT        saed90nm_max_hvt 
PLACE_optlc_3523          TIEL_HVT        saed90nm_max_hvt 
PLACE_optlc_3524          TIEL_HVT        saed90nm_max_hvt 
PLACE_optlc_3525          TIEL_HVT        saed90nm_max_hvt 
PLACE_optlc_3526          TIEL_HVT        saed90nm_max_hvt 
PLACE_optlc_3527          TIEL_HVT        saed90nm_max_hvt 
PLACE_optlc_3528          TIEL_HVT        saed90nm_max_hvt 
PLACE_optlc_3529          TIEL_HVT        saed90nm_max_hvt 
PLACE_optlc_353           TIEL_HVT        saed90nm_max_hvt 
PLACE_optlc_3530          TIEL_HVT        saed90nm_max_hvt 
PLACE_optlc_3531          TIEL_HVT        saed90nm_max_hvt 
PLACE_optlc_3532          TIEL_HVT        saed90nm_max_hvt 
PLACE_optlc_3533          TIEL_HVT        saed90nm_max_hvt 
PLACE_optlc_3534          TIEL_HVT        saed90nm_max_hvt 
PLACE_optlc_3535          TIEL_HVT        saed90nm_max_hvt 
PLACE_optlc_3536          TIEL_HVT        saed90nm_max_hvt 
PLACE_optlc_3537          TIEL_HVT        saed90nm_max_hvt 
PLACE_optlc_3538          TIEL_HVT        saed90nm_max_hvt 
PLACE_optlc_3539          TIEL_HVT        saed90nm_max_hvt 
PLACE_optlc_354           TIEL_HVT        saed90nm_max_hvt 
PLACE_optlc_3540          TIEL_HVT        saed90nm_max_hvt 
PLACE_optlc_3541          TIEL_HVT        saed90nm_max_hvt 
PLACE_optlc_3542          TIEL_HVT        saed90nm_max_hvt 
PLACE_optlc_3543          TIEL_HVT        saed90nm_max_hvt 
PLACE_optlc_3544          TIEL_HVT        saed90nm_max_hvt 
PLACE_optlc_3545          TIEL_HVT        saed90nm_max_hvt 
PLACE_optlc_3546          TIEL_HVT        saed90nm_max_hvt 
PLACE_optlc_3547          TIEL_HVT        saed90nm_max_hvt 
PLACE_optlc_3548          TIEL_HVT        saed90nm_max_hvt 
PLACE_optlc_3549          TIEL_HVT        saed90nm_max_hvt 
PLACE_optlc_355           TIEL_HVT        saed90nm_max_hvt 
PLACE_optlc_3550          TIEL_HVT        saed90nm_max_hvt 
PLACE_optlc_3551          TIEL_HVT        saed90nm_max_hvt 
PLACE_optlc_3552          TIEL_HVT        saed90nm_max_hvt 
PLACE_optlc_3553          TIEL_HVT        saed90nm_max_hvt 
PLACE_optlc_3554          TIEL_HVT        saed90nm_max_hvt 
PLACE_optlc_3555          TIEL_HVT        saed90nm_max_hvt 
PLACE_optlc_3556          TIEL_HVT        saed90nm_max_hvt 
PLACE_optlc_3557          TIEL_HVT        saed90nm_max_hvt 
PLACE_optlc_3558          TIEL_HVT        saed90nm_max_hvt 
PLACE_optlc_3559          TIEL_HVT        saed90nm_max_hvt 
PLACE_optlc_356           TIEL_HVT        saed90nm_max_hvt 
PLACE_optlc_3560          TIEL_HVT        saed90nm_max_hvt 
PLACE_optlc_3561          TIEL_HVT        saed90nm_max_hvt 
PLACE_optlc_3562          TIEL_HVT        saed90nm_max_hvt 
PLACE_optlc_3563          TIEL_HVT        saed90nm_max_hvt 
PLACE_optlc_3564          TIEL_HVT        saed90nm_max_hvt 
PLACE_optlc_3565          TIEL_HVT        saed90nm_max_hvt 
PLACE_optlc_3566          TIEL_HVT        saed90nm_max_hvt 
PLACE_optlc_3567          TIEL_HVT        saed90nm_max_hvt 
PLACE_optlc_3568          TIEL_HVT        saed90nm_max_hvt 
PLACE_optlc_3569          TIEL_HVT        saed90nm_max_hvt 
PLACE_optlc_357           TIEL_HVT        saed90nm_max_hvt 
PLACE_optlc_3570          TIEL_HVT        saed90nm_max_hvt 
PLACE_optlc_3571          TIEL_HVT        saed90nm_max_hvt 
PLACE_optlc_3572          TIEL_HVT        saed90nm_max_hvt 
PLACE_optlc_3573          TIEL_HVT        saed90nm_max_hvt 
PLACE_optlc_3574          TIEL_HVT        saed90nm_max_hvt 
PLACE_optlc_3575          TIEL_HVT        saed90nm_max_hvt 
PLACE_optlc_3576          TIEL_HVT        saed90nm_max_hvt 
PLACE_optlc_3577          TIEL_HVT        saed90nm_max_hvt 
PLACE_optlc_3578          TIEL_HVT        saed90nm_max_hvt 
PLACE_optlc_3579          TIEL_HVT        saed90nm_max_hvt 
PLACE_optlc_358           TIEL_HVT        saed90nm_max_hvt 
PLACE_optlc_3580          TIEL_HVT        saed90nm_max_hvt 
PLACE_optlc_3581          TIEL_HVT        saed90nm_max_hvt 
PLACE_optlc_3582          TIEL_HVT        saed90nm_max_hvt 
PLACE_optlc_3583          TIEL_HVT        saed90nm_max_hvt 
PLACE_optlc_3584          TIEL_HVT        saed90nm_max_hvt 
PLACE_optlc_3585          TIEL_HVT        saed90nm_max_hvt 
PLACE_optlc_3586          TIEL_HVT        saed90nm_max_hvt 
PLACE_optlc_3587          TIEL_HVT        saed90nm_max_hvt 
PLACE_optlc_3588          TIEL_HVT        saed90nm_max_hvt 
PLACE_optlc_3589          TIEL_HVT        saed90nm_max_hvt 
PLACE_optlc_359           TIEL_HVT        saed90nm_max_hvt 
PLACE_optlc_3590          TIEL_HVT        saed90nm_max_hvt 
PLACE_optlc_3591          TIEL_HVT        saed90nm_max_hvt 
PLACE_optlc_3592          TIEL_HVT        saed90nm_max_hvt 
PLACE_optlc_3593          TIEL_HVT        saed90nm_max_hvt 
PLACE_optlc_3594          TIEL_HVT        saed90nm_max_hvt 
PLACE_optlc_3595          TIEL_HVT        saed90nm_max_hvt 
PLACE_optlc_3596          TIEL_HVT        saed90nm_max_hvt 
PLACE_optlc_3597          TIEL_HVT        saed90nm_max_hvt 
PLACE_optlc_3598          TIEL_HVT        saed90nm_max_hvt 
PLACE_optlc_3599          TIEL_HVT        saed90nm_max_hvt 
PLACE_optlc_360           TIEL_HVT        saed90nm_max_hvt 
PLACE_optlc_3600          TIEL_HVT        saed90nm_max_hvt 
PLACE_optlc_3601          TIEL_HVT        saed90nm_max_hvt 
PLACE_optlc_3602          TIEL_HVT        saed90nm_max_hvt 
PLACE_optlc_3603          TIEL_HVT        saed90nm_max_hvt 
PLACE_optlc_3604          TIEL_HVT        saed90nm_max_hvt 
PLACE_optlc_3605          TIEL_HVT        saed90nm_max_hvt 
PLACE_optlc_3606          TIEL_HVT        saed90nm_max_hvt 
PLACE_optlc_3607          TIEL_HVT        saed90nm_max_hvt 
PLACE_optlc_3608          TIEL_HVT        saed90nm_max_hvt 
PLACE_optlc_3609          TIEL_HVT        saed90nm_max_hvt 
PLACE_optlc_361           TIEL_HVT        saed90nm_max_hvt 
PLACE_optlc_3610          TIEL_HVT        saed90nm_max_hvt 
PLACE_optlc_3611          TIEL_HVT        saed90nm_max_hvt 
PLACE_optlc_3612          TIEL_HVT        saed90nm_max_hvt 
PLACE_optlc_3613          TIEL_HVT        saed90nm_max_hvt 
PLACE_optlc_3614          TIEL_HVT        saed90nm_max_hvt 
PLACE_optlc_3615          TIEL_HVT        saed90nm_max_hvt 
PLACE_optlc_3616          TIEL_HVT        saed90nm_max_hvt 
PLACE_optlc_3617          TIEL_HVT        saed90nm_max_hvt 
PLACE_optlc_3618          TIEL_HVT        saed90nm_max_hvt 
PLACE_optlc_3619          TIEL_HVT        saed90nm_max_hvt 
PLACE_optlc_362           TIEL_HVT        saed90nm_max_hvt 
PLACE_optlc_3620          TIEL_HVT        saed90nm_max_hvt 
PLACE_optlc_3621          TIEL_HVT        saed90nm_max_hvt 
PLACE_optlc_3622          TIEL_HVT        saed90nm_max_hvt 
PLACE_optlc_3623          TIEL_HVT        saed90nm_max_hvt 
PLACE_optlc_3624          TIEL_HVT        saed90nm_max_hvt 
PLACE_optlc_3625          TIEL_HVT        saed90nm_max_hvt 
PLACE_optlc_3626          TIEL_HVT        saed90nm_max_hvt 
PLACE_optlc_3627          TIEL_HVT        saed90nm_max_hvt 
PLACE_optlc_3628          TIEL_HVT        saed90nm_max_hvt 
PLACE_optlc_3629          TIEL_HVT        saed90nm_max_hvt 
PLACE_optlc_363           TIEL_HVT        saed90nm_max_hvt 
PLACE_optlc_3630          TIEL_HVT        saed90nm_max_hvt 
PLACE_optlc_3631          TIEL_HVT        saed90nm_max_hvt 
PLACE_optlc_3632          TIEL_HVT        saed90nm_max_hvt 
PLACE_optlc_3633          TIEL_HVT        saed90nm_max_hvt 
PLACE_optlc_3634          TIEL_HVT        saed90nm_max_hvt 
PLACE_optlc_3635          TIEL_HVT        saed90nm_max_hvt 
PLACE_optlc_3636          TIEL_HVT        saed90nm_max_hvt 
PLACE_optlc_3637          TIEL_HVT        saed90nm_max_hvt 
PLACE_optlc_3638          TIEL_HVT        saed90nm_max_hvt 
PLACE_optlc_3639          TIEL_HVT        saed90nm_max_hvt 
PLACE_optlc_364           TIEL_HVT        saed90nm_max_hvt 
PLACE_optlc_3640          TIEL_HVT        saed90nm_max_hvt 
PLACE_optlc_3641          TIEL_HVT        saed90nm_max_hvt 
PLACE_optlc_3642          TIEL_HVT        saed90nm_max_hvt 
PLACE_optlc_3643          TIEL_HVT        saed90nm_max_hvt 
PLACE_optlc_3644          TIEL_HVT        saed90nm_max_hvt 
PLACE_optlc_3645          TIEL_HVT        saed90nm_max_hvt 
PLACE_optlc_3646          TIEL_HVT        saed90nm_max_hvt 
PLACE_optlc_3647          TIEL_HVT        saed90nm_max_hvt 
PLACE_optlc_3648          TIEL_HVT        saed90nm_max_hvt 
PLACE_optlc_3649          TIEL_HVT        saed90nm_max_hvt 
PLACE_optlc_365           TIEL_HVT        saed90nm_max_hvt 
PLACE_optlc_3650          TIEL_HVT        saed90nm_max_hvt 
PLACE_optlc_3651          TIEL_HVT        saed90nm_max_hvt 
PLACE_optlc_3652          TIEL_HVT        saed90nm_max_hvt 
PLACE_optlc_3653          TIEL_HVT        saed90nm_max_hvt 
PLACE_optlc_3654          TIEL_HVT        saed90nm_max_hvt 
PLACE_optlc_3655          TIEL_HVT        saed90nm_max_hvt 
PLACE_optlc_3656          TIEL_HVT        saed90nm_max_hvt 
PLACE_optlc_3657          TIEL_HVT        saed90nm_max_hvt 
PLACE_optlc_3658          TIEL_HVT        saed90nm_max_hvt 
PLACE_optlc_3659          TIEL_HVT        saed90nm_max_hvt 
PLACE_optlc_366           TIEL_HVT        saed90nm_max_hvt 
PLACE_optlc_3660          TIEL_HVT        saed90nm_max_hvt 
PLACE_optlc_3661          TIEL_HVT        saed90nm_max_hvt 
PLACE_optlc_3662          TIEL_HVT        saed90nm_max_hvt 
PLACE_optlc_3663          TIEL_HVT        saed90nm_max_hvt 
PLACE_optlc_3664          TIEL_HVT        saed90nm_max_hvt 
PLACE_optlc_3665          TIEL_HVT        saed90nm_max_hvt 
PLACE_optlc_3666          TIEL_HVT        saed90nm_max_hvt 
PLACE_optlc_3667          TIEL_HVT        saed90nm_max_hvt 
PLACE_optlc_3668          TIEL_HVT        saed90nm_max_hvt 
PLACE_optlc_3669          TIEL_HVT        saed90nm_max_hvt 
PLACE_optlc_367           TIEL_HVT        saed90nm_max_hvt 
PLACE_optlc_3670          TIEL_HVT        saed90nm_max_hvt 
PLACE_optlc_3671          TIEL_HVT        saed90nm_max_hvt 
PLACE_optlc_3672          TIEL_HVT        saed90nm_max_hvt 
PLACE_optlc_3673          TIEL_HVT        saed90nm_max_hvt 
PLACE_optlc_3674          TIEL_HVT        saed90nm_max_hvt 
PLACE_optlc_3675          TIEL_HVT        saed90nm_max_hvt 
PLACE_optlc_3676          TIEL_HVT        saed90nm_max_hvt 
PLACE_optlc_3677          TIEL_HVT        saed90nm_max_hvt 
PLACE_optlc_3678          TIEL_HVT        saed90nm_max_hvt 
PLACE_optlc_3679          TIEL_HVT        saed90nm_max_hvt 
PLACE_optlc_368           TIEL_HVT        saed90nm_max_hvt 
PLACE_optlc_3680          TIEL_HVT        saed90nm_max_hvt 
PLACE_optlc_3681          TIEL_HVT        saed90nm_max_hvt 
PLACE_optlc_3682          TIEL_HVT        saed90nm_max_hvt 
PLACE_optlc_3683          TIEL_HVT        saed90nm_max_hvt 
PLACE_optlc_3684          TIEL_HVT        saed90nm_max_hvt 
PLACE_optlc_3685          TIEL_HVT        saed90nm_max_hvt 
PLACE_optlc_3686          TIEL_HVT        saed90nm_max_hvt 
PLACE_optlc_3687          TIEL_HVT        saed90nm_max_hvt 
PLACE_optlc_3688          TIEL_HVT        saed90nm_max_hvt 
PLACE_optlc_3689          TIEL_HVT        saed90nm_max_hvt 
PLACE_optlc_369           TIEL_HVT        saed90nm_max_hvt 
PLACE_optlc_3690          TIEL_HVT        saed90nm_max_hvt 
PLACE_optlc_3691          TIEL_HVT        saed90nm_max_hvt 
PLACE_optlc_3692          TIEL_HVT        saed90nm_max_hvt 
PLACE_optlc_3693          TIEL_HVT        saed90nm_max_hvt 
PLACE_optlc_3694          TIEL_HVT        saed90nm_max_hvt 
PLACE_optlc_3695          TIEL_HVT        saed90nm_max_hvt 
PLACE_optlc_3696          TIEL_HVT        saed90nm_max_hvt 
PLACE_optlc_3697          TIEL_HVT        saed90nm_max_hvt 
PLACE_optlc_3698          TIEL_HVT        saed90nm_max_hvt 
PLACE_optlc_3699          TIEL_HVT        saed90nm_max_hvt 
PLACE_optlc_370           TIEL_HVT        saed90nm_max_hvt 
PLACE_optlc_3700          TIEL_HVT        saed90nm_max_hvt 
PLACE_optlc_3701          TIEL_HVT        saed90nm_max_hvt 
PLACE_optlc_3702          TIEL_HVT        saed90nm_max_hvt 
PLACE_optlc_3703          TIEL_HVT        saed90nm_max_hvt 
PLACE_optlc_3704          TIEL_HVT        saed90nm_max_hvt 
PLACE_optlc_3705          TIEL_HVT        saed90nm_max_hvt 
PLACE_optlc_3706          TIEL_HVT        saed90nm_max_hvt 
PLACE_optlc_3707          TIEL_HVT        saed90nm_max_hvt 
PLACE_optlc_3708          TIEL_HVT        saed90nm_max_hvt 
PLACE_optlc_3709          TIEL_HVT        saed90nm_max_hvt 
PLACE_optlc_371           TIEL_HVT        saed90nm_max_hvt 
PLACE_optlc_3710          TIEL_HVT        saed90nm_max_hvt 
PLACE_optlc_3711          TIEL_HVT        saed90nm_max_hvt 
PLACE_optlc_3712          TIEL_HVT        saed90nm_max_hvt 
PLACE_optlc_3713          TIEL_HVT        saed90nm_max_hvt 
PLACE_optlc_3714          TIEL_HVT        saed90nm_max_hvt 
PLACE_optlc_3715          TIEL_HVT        saed90nm_max_hvt 
PLACE_optlc_3716          TIEL_HVT        saed90nm_max_hvt 
PLACE_optlc_3717          TIEL_HVT        saed90nm_max_hvt 
PLACE_optlc_3718          TIEL_HVT        saed90nm_max_hvt 
PLACE_optlc_3719          TIEL_HVT        saed90nm_max_hvt 
PLACE_optlc_372           TIEL_HVT        saed90nm_max_hvt 
PLACE_optlc_3720          TIEL_HVT        saed90nm_max_hvt 
PLACE_optlc_3721          TIEL_HVT        saed90nm_max_hvt 
PLACE_optlc_3722          TIEL_HVT        saed90nm_max_hvt 
PLACE_optlc_3723          TIEL_HVT        saed90nm_max_hvt 
PLACE_optlc_3724          TIEL_HVT        saed90nm_max_hvt 
PLACE_optlc_3725          TIEL_HVT        saed90nm_max_hvt 
PLACE_optlc_3726          TIEL_HVT        saed90nm_max_hvt 
PLACE_optlc_3727          TIEL_HVT        saed90nm_max_hvt 
PLACE_optlc_3728          TIEL_HVT        saed90nm_max_hvt 
PLACE_optlc_3729          TIEL_HVT        saed90nm_max_hvt 
PLACE_optlc_373           TIEL_HVT        saed90nm_max_hvt 
PLACE_optlc_3730          TIEL_HVT        saed90nm_max_hvt 
PLACE_optlc_3731          TIEL_HVT        saed90nm_max_hvt 
PLACE_optlc_3732          TIEL_HVT        saed90nm_max_hvt 
PLACE_optlc_3733          TIEL_HVT        saed90nm_max_hvt 
PLACE_optlc_3734          TIEL_HVT        saed90nm_max_hvt 
PLACE_optlc_3735          TIEL_HVT        saed90nm_max_hvt 
PLACE_optlc_3736          TIEL_HVT        saed90nm_max_hvt 
PLACE_optlc_3737          TIEL_HVT        saed90nm_max_hvt 
PLACE_optlc_3738          TIEL_HVT        saed90nm_max_hvt 
PLACE_optlc_3739          TIEL_HVT        saed90nm_max_hvt 
PLACE_optlc_374           TIEL_HVT        saed90nm_max_hvt 
PLACE_optlc_3740          TIEL_HVT        saed90nm_max_hvt 
PLACE_optlc_3741          TIEL_HVT        saed90nm_max_hvt 
PLACE_optlc_3742          TIEL_HVT        saed90nm_max_hvt 
PLACE_optlc_3743          TIEL_HVT        saed90nm_max_hvt 
PLACE_optlc_3744          TIEL_HVT        saed90nm_max_hvt 
PLACE_optlc_3745          TIEL_HVT        saed90nm_max_hvt 
PLACE_optlc_3746          TIEL_HVT        saed90nm_max_hvt 
PLACE_optlc_3747          TIEL_HVT        saed90nm_max_hvt 
PLACE_optlc_3748          TIEL_HVT        saed90nm_max_hvt 
PLACE_optlc_3749          TIEL_HVT        saed90nm_max_hvt 
PLACE_optlc_375           TIEL_HVT        saed90nm_max_hvt 
PLACE_optlc_3750          TIEL_HVT        saed90nm_max_hvt 
PLACE_optlc_3751          TIEL_HVT        saed90nm_max_hvt 
PLACE_optlc_3752          TIEL_HVT        saed90nm_max_hvt 
PLACE_optlc_3753          TIEL_HVT        saed90nm_max_hvt 
PLACE_optlc_3754          TIEL_HVT        saed90nm_max_hvt 
PLACE_optlc_3755          TIEL_HVT        saed90nm_max_hvt 
PLACE_optlc_3756          TIEL_HVT        saed90nm_max_hvt 
PLACE_optlc_3757          TIEL_HVT        saed90nm_max_hvt 
PLACE_optlc_3758          TIEL_HVT        saed90nm_max_hvt 
PLACE_optlc_3759          TIEL_HVT        saed90nm_max_hvt 
PLACE_optlc_376           TIEL_HVT        saed90nm_max_hvt 
PLACE_optlc_3760          TIEL_HVT        saed90nm_max_hvt 
PLACE_optlc_3761          TIEL_HVT        saed90nm_max_hvt 
PLACE_optlc_3762          TIEL_HVT        saed90nm_max_hvt 
PLACE_optlc_3763          TIEL_HVT        saed90nm_max_hvt 
PLACE_optlc_3764          TIEL_HVT        saed90nm_max_hvt 
PLACE_optlc_3765          TIEL_HVT        saed90nm_max_hvt 
PLACE_optlc_3766          TIEL_HVT        saed90nm_max_hvt 
PLACE_optlc_3767          TIEL_HVT        saed90nm_max_hvt 
PLACE_optlc_3768          TIEL_HVT        saed90nm_max_hvt 
PLACE_optlc_3769          TIEL_HVT        saed90nm_max_hvt 
PLACE_optlc_377           TIEL_HVT        saed90nm_max_hvt 
PLACE_optlc_3770          TIEL_HVT        saed90nm_max_hvt 
PLACE_optlc_3771          TIEL_HVT        saed90nm_max_hvt 
PLACE_optlc_3772          TIEL_HVT        saed90nm_max_hvt 
PLACE_optlc_3773          TIEL_HVT        saed90nm_max_hvt 
PLACE_optlc_3774          TIEL_HVT        saed90nm_max_hvt 
PLACE_optlc_3775          TIEL_HVT        saed90nm_max_hvt 
PLACE_optlc_3776          TIEL_HVT        saed90nm_max_hvt 
PLACE_optlc_3777          TIEL_HVT        saed90nm_max_hvt 
PLACE_optlc_3778          TIEL_HVT        saed90nm_max_hvt 
PLACE_optlc_3779          TIEL_HVT        saed90nm_max_hvt 
PLACE_optlc_378           TIEL_HVT        saed90nm_max_hvt 
PLACE_optlc_3780          TIEL_HVT        saed90nm_max_hvt 
PLACE_optlc_3781          TIEL_HVT        saed90nm_max_hvt 
PLACE_optlc_3782          TIEL_HVT        saed90nm_max_hvt 
PLACE_optlc_3783          TIEL_HVT        saed90nm_max_hvt 
PLACE_optlc_3784          TIEL_HVT        saed90nm_max_hvt 
PLACE_optlc_3785          TIEL_HVT        saed90nm_max_hvt 
PLACE_optlc_3786          TIEL_HVT        saed90nm_max_hvt 
PLACE_optlc_3787          TIEL_HVT        saed90nm_max_hvt 
PLACE_optlc_3788          TIEL_HVT        saed90nm_max_hvt 
PLACE_optlc_3789          TIEL_HVT        saed90nm_max_hvt 
PLACE_optlc_379           TIEL_HVT        saed90nm_max_hvt 
PLACE_optlc_3790          TIEL_HVT        saed90nm_max_hvt 
PLACE_optlc_3791          TIEL_HVT        saed90nm_max_hvt 
PLACE_optlc_3792          TIEL_HVT        saed90nm_max_hvt 
PLACE_optlc_3793          TIEL_HVT        saed90nm_max_hvt 
PLACE_optlc_3794          TIEL_HVT        saed90nm_max_hvt 
PLACE_optlc_3795          TIEL_HVT        saed90nm_max_hvt 
PLACE_optlc_3796          TIEL_HVT        saed90nm_max_hvt 
PLACE_optlc_3797          TIEL_HVT        saed90nm_max_hvt 
PLACE_optlc_3798          TIEL_HVT        saed90nm_max_hvt 
PLACE_optlc_3799          TIEL_HVT        saed90nm_max_hvt 
PLACE_optlc_380           TIEL_HVT        saed90nm_max_hvt 
PLACE_optlc_3800          TIEL_HVT        saed90nm_max_hvt 
PLACE_optlc_3801          TIEL_HVT        saed90nm_max_hvt 
PLACE_optlc_3802          TIEL_HVT        saed90nm_max_hvt 
PLACE_optlc_3803          TIEL_HVT        saed90nm_max_hvt 
PLACE_optlc_3804          TIEL_HVT        saed90nm_max_hvt 
PLACE_optlc_3805          TIEL_HVT        saed90nm_max_hvt 
PLACE_optlc_3806          TIEL_HVT        saed90nm_max_hvt 
PLACE_optlc_3807          TIEL_HVT        saed90nm_max_hvt 
PLACE_optlc_3808          TIEL_HVT        saed90nm_max_hvt 
PLACE_optlc_3809          TIEL_HVT        saed90nm_max_hvt 
PLACE_optlc_381           TIEL_HVT        saed90nm_max_hvt 
PLACE_optlc_3810          TIEL_HVT        saed90nm_max_hvt 
PLACE_optlc_3811          TIEL_HVT        saed90nm_max_hvt 
PLACE_optlc_3812          TIEL_HVT        saed90nm_max_hvt 
PLACE_optlc_3813          TIEL_HVT        saed90nm_max_hvt 
PLACE_optlc_3814          TIEL_HVT        saed90nm_max_hvt 
PLACE_optlc_3815          TIEL_HVT        saed90nm_max_hvt 
PLACE_optlc_3816          TIEL_HVT        saed90nm_max_hvt 
PLACE_optlc_3817          TIEL_HVT        saed90nm_max_hvt 
PLACE_optlc_3818          TIEL_HVT        saed90nm_max_hvt 
PLACE_optlc_3819          TIEL_HVT        saed90nm_max_hvt 
PLACE_optlc_382           TIEL_HVT        saed90nm_max_hvt 
PLACE_optlc_3820          TIEL_HVT        saed90nm_max_hvt 
PLACE_optlc_3821          TIEL_HVT        saed90nm_max_hvt 
PLACE_optlc_3822          TIEL_HVT        saed90nm_max_hvt 
PLACE_optlc_3823          TIEL_HVT        saed90nm_max_hvt 
PLACE_optlc_3824          TIEL_HVT        saed90nm_max_hvt 
PLACE_optlc_3825          TIEL_HVT        saed90nm_max_hvt 
PLACE_optlc_3826          TIEL_HVT        saed90nm_max_hvt 
PLACE_optlc_3827          TIEL_HVT        saed90nm_max_hvt 
PLACE_optlc_3828          TIEL_HVT        saed90nm_max_hvt 
PLACE_optlc_3829          TIEL_HVT        saed90nm_max_hvt 
PLACE_optlc_383           TIEL_HVT        saed90nm_max_hvt 
PLACE_optlc_3830          TIEL_HVT        saed90nm_max_hvt 
PLACE_optlc_3831          TIEL_HVT        saed90nm_max_hvt 
PLACE_optlc_3832          TIEL_HVT        saed90nm_max_hvt 
PLACE_optlc_3833          TIEL_HVT        saed90nm_max_hvt 
PLACE_optlc_3834          TIEL_HVT        saed90nm_max_hvt 
PLACE_optlc_3835          TIEL_HVT        saed90nm_max_hvt 
PLACE_optlc_3836          TIEL_HVT        saed90nm_max_hvt 
PLACE_optlc_3837          TIEL_HVT        saed90nm_max_hvt 
PLACE_optlc_3838          TIEL_HVT        saed90nm_max_hvt 
PLACE_optlc_3839          TIEL_HVT        saed90nm_max_hvt 
PLACE_optlc_384           TIEL_HVT        saed90nm_max_hvt 
PLACE_optlc_3840          TIEL_HVT        saed90nm_max_hvt 
PLACE_optlc_3841          TIEL_HVT        saed90nm_max_hvt 
PLACE_optlc_3842          TIEL_HVT        saed90nm_max_hvt 
PLACE_optlc_3843          TIEL_HVT        saed90nm_max_hvt 
PLACE_optlc_3844          TIEL_HVT        saed90nm_max_hvt 
PLACE_optlc_3845          TIEL_HVT        saed90nm_max_hvt 
PLACE_optlc_3846          TIEL_HVT        saed90nm_max_hvt 
PLACE_optlc_3847          TIEL_HVT        saed90nm_max_hvt 
PLACE_optlc_3848          TIEL_HVT        saed90nm_max_hvt 
PLACE_optlc_3849          TIEL_HVT        saed90nm_max_hvt 
PLACE_optlc_385           TIEL_HVT        saed90nm_max_hvt 
PLACE_optlc_3850          TIEL_HVT        saed90nm_max_hvt 
PLACE_optlc_3851          TIEL_HVT        saed90nm_max_hvt 
PLACE_optlc_3852          TIEL_HVT        saed90nm_max_hvt 
PLACE_optlc_3853          TIEL_HVT        saed90nm_max_hvt 
PLACE_optlc_3854          TIEL_HVT        saed90nm_max_hvt 
PLACE_optlc_3855          TIEL_HVT        saed90nm_max_hvt 
PLACE_optlc_3856          TIEL_HVT        saed90nm_max_hvt 
PLACE_optlc_3857          TIEL_HVT        saed90nm_max_hvt 
PLACE_optlc_3858          TIEL_HVT        saed90nm_max_hvt 
PLACE_optlc_3859          TIEL_HVT        saed90nm_max_hvt 
PLACE_optlc_386           TIEL_HVT        saed90nm_max_hvt 
PLACE_optlc_3860          TIEL_HVT        saed90nm_max_hvt 
PLACE_optlc_3861          TIEL_HVT        saed90nm_max_hvt 
PLACE_optlc_3862          TIEL_HVT        saed90nm_max_hvt 
PLACE_optlc_3863          TIEL_HVT        saed90nm_max_hvt 
PLACE_optlc_3864          TIEL_HVT        saed90nm_max_hvt 
PLACE_optlc_3865          TIEL_HVT        saed90nm_max_hvt 
PLACE_optlc_3866          TIEL_HVT        saed90nm_max_hvt 
PLACE_optlc_3867          TIEL_HVT        saed90nm_max_hvt 
PLACE_optlc_3868          TIEL_HVT        saed90nm_max_hvt 
PLACE_optlc_3869          TIEL_HVT        saed90nm_max_hvt 
PLACE_optlc_387           TIEL_HVT        saed90nm_max_hvt 
PLACE_optlc_3870          TIEL_HVT        saed90nm_max_hvt 
PLACE_optlc_3871          TIEL_HVT        saed90nm_max_hvt 
PLACE_optlc_3872          TIEL_HVT        saed90nm_max_hvt 
PLACE_optlc_3873          TIEL_HVT        saed90nm_max_hvt 
PLACE_optlc_3874          TIEL_HVT        saed90nm_max_hvt 
PLACE_optlc_3875          TIEL_HVT        saed90nm_max_hvt 
PLACE_optlc_3876          TIEL_HVT        saed90nm_max_hvt 
PLACE_optlc_3877          TIEL_HVT        saed90nm_max_hvt 
PLACE_optlc_3878          TIEL_HVT        saed90nm_max_hvt 
PLACE_optlc_3879          TIEL_HVT        saed90nm_max_hvt 
PLACE_optlc_388           TIEL_HVT        saed90nm_max_hvt 
PLACE_optlc_3880          TIEL_HVT        saed90nm_max_hvt 
PLACE_optlc_3881          TIEL_HVT        saed90nm_max_hvt 
PLACE_optlc_3882          TIEL_HVT        saed90nm_max_hvt 
PLACE_optlc_3883          TIEL_HVT        saed90nm_max_hvt 
PLACE_optlc_3884          TIEL_HVT        saed90nm_max_hvt 
PLACE_optlc_3885          TIEL_HVT        saed90nm_max_hvt 
PLACE_optlc_3886          TIEL_HVT        saed90nm_max_hvt 
PLACE_optlc_3887          TIEL_HVT        saed90nm_max_hvt 
PLACE_optlc_3888          TIEL_HVT        saed90nm_max_hvt 
PLACE_optlc_3889          TIEL_HVT        saed90nm_max_hvt 
PLACE_optlc_389           TIEL_HVT        saed90nm_max_hvt 
PLACE_optlc_3890          TIEL_HVT        saed90nm_max_hvt 
PLACE_optlc_3891          TIEL_HVT        saed90nm_max_hvt 
PLACE_optlc_3892          TIEL_HVT        saed90nm_max_hvt 
PLACE_optlc_3893          TIEL_HVT        saed90nm_max_hvt 
PLACE_optlc_3894          TIEL_HVT        saed90nm_max_hvt 
PLACE_optlc_3895          TIEL_HVT        saed90nm_max_hvt 
PLACE_optlc_3896          TIEL_HVT        saed90nm_max_hvt 
PLACE_optlc_3897          TIEL_HVT        saed90nm_max_hvt 
PLACE_optlc_3898          TIEL_HVT        saed90nm_max_hvt 
PLACE_optlc_3899          TIEL_HVT        saed90nm_max_hvt 
PLACE_optlc_390           TIEL_HVT        saed90nm_max_hvt 
PLACE_optlc_3900          TIEL_HVT        saed90nm_max_hvt 
PLACE_optlc_3901          TIEL_HVT        saed90nm_max_hvt 
PLACE_optlc_3902          TIEL_HVT        saed90nm_max_hvt 
PLACE_optlc_3903          TIEL_HVT        saed90nm_max_hvt 
PLACE_optlc_3904          TIEL_HVT        saed90nm_max_hvt 
PLACE_optlc_3905          TIEL_HVT        saed90nm_max_hvt 
PLACE_optlc_3906          TIEL_HVT        saed90nm_max_hvt 
PLACE_optlc_3907          TIEL_HVT        saed90nm_max_hvt 
PLACE_optlc_3908          TIEL_HVT        saed90nm_max_hvt 
PLACE_optlc_3909          TIEL_HVT        saed90nm_max_hvt 
PLACE_optlc_391           TIEL_HVT        saed90nm_max_hvt 
PLACE_optlc_3910          TIEL_HVT        saed90nm_max_hvt 
PLACE_optlc_3911          TIEL_HVT        saed90nm_max_hvt 
PLACE_optlc_3912          TIEL_HVT        saed90nm_max_hvt 
PLACE_optlc_3913          TIEL_HVT        saed90nm_max_hvt 
PLACE_optlc_3914          TIEL_HVT        saed90nm_max_hvt 
PLACE_optlc_3915          TIEL_HVT        saed90nm_max_hvt 
PLACE_optlc_3916          TIEL_HVT        saed90nm_max_hvt 
PLACE_optlc_3917          TIEL_HVT        saed90nm_max_hvt 
PLACE_optlc_3918          TIEL_HVT        saed90nm_max_hvt 
PLACE_optlc_3919          TIEL_HVT        saed90nm_max_hvt 
PLACE_optlc_392           TIEL_HVT        saed90nm_max_hvt 
PLACE_optlc_3920          TIEL_HVT        saed90nm_max_hvt 
PLACE_optlc_3921          TIEL_HVT        saed90nm_max_hvt 
PLACE_optlc_3922          TIEL_HVT        saed90nm_max_hvt 
PLACE_optlc_3923          TIEL_HVT        saed90nm_max_hvt 
PLACE_optlc_3924          TIEL_HVT        saed90nm_max_hvt 
PLACE_optlc_3925          TIEL_HVT        saed90nm_max_hvt 
PLACE_optlc_3926          TIEL_HVT        saed90nm_max_hvt 
PLACE_optlc_3927          TIEL_HVT        saed90nm_max_hvt 
PLACE_optlc_3928          TIEL_HVT        saed90nm_max_hvt 
PLACE_optlc_3929          TIEL_HVT        saed90nm_max_hvt 
PLACE_optlc_393           TIEL_HVT        saed90nm_max_hvt 
PLACE_optlc_3930          TIEL_HVT        saed90nm_max_hvt 
PLACE_optlc_3931          TIEL_HVT        saed90nm_max_hvt 
PLACE_optlc_3932          TIEL_HVT        saed90nm_max_hvt 
PLACE_optlc_3933          TIEL_HVT        saed90nm_max_hvt 
PLACE_optlc_3934          TIEL_HVT        saed90nm_max_hvt 
PLACE_optlc_3935          TIEL_HVT        saed90nm_max_hvt 
PLACE_optlc_3936          TIEL_HVT        saed90nm_max_hvt 
PLACE_optlc_3937          TIEL_HVT        saed90nm_max_hvt 
PLACE_optlc_3938          TIEL_HVT        saed90nm_max_hvt 
PLACE_optlc_3939          TIEL_HVT        saed90nm_max_hvt 
PLACE_optlc_394           TIEL_HVT        saed90nm_max_hvt 
PLACE_optlc_3940          TIEL_HVT        saed90nm_max_hvt 
PLACE_optlc_3941          TIEL_HVT        saed90nm_max_hvt 
PLACE_optlc_3942          TIEL_HVT        saed90nm_max_hvt 
PLACE_optlc_3943          TIEL_HVT        saed90nm_max_hvt 
PLACE_optlc_3944          TIEL_HVT        saed90nm_max_hvt 
PLACE_optlc_3945          TIEL_HVT        saed90nm_max_hvt 
PLACE_optlc_3946          TIEL_HVT        saed90nm_max_hvt 
PLACE_optlc_3947          TIEL_HVT        saed90nm_max_hvt 
PLACE_optlc_3948          TIEL_HVT        saed90nm_max_hvt 
PLACE_optlc_3949          TIEL_HVT        saed90nm_max_hvt 
PLACE_optlc_395           TIEL_HVT        saed90nm_max_hvt 
PLACE_optlc_3950          TIEL_HVT        saed90nm_max_hvt 
PLACE_optlc_3951          TIEL_HVT        saed90nm_max_hvt 
PLACE_optlc_3952          TIEL_HVT        saed90nm_max_hvt 
PLACE_optlc_3953          TIEL_HVT        saed90nm_max_hvt 
PLACE_optlc_3954          TIEL_HVT        saed90nm_max_hvt 
PLACE_optlc_3955          TIEL_HVT        saed90nm_max_hvt 
PLACE_optlc_3956          TIEL_HVT        saed90nm_max_hvt 
PLACE_optlc_3957          TIEL_HVT        saed90nm_max_hvt 
PLACE_optlc_3958          TIEL_HVT        saed90nm_max_hvt 
PLACE_optlc_3959          TIEL_HVT        saed90nm_max_hvt 
PLACE_optlc_396           TIEL_HVT        saed90nm_max_hvt 
PLACE_optlc_3960          TIEL_HVT        saed90nm_max_hvt 
PLACE_optlc_3961          TIEL_HVT        saed90nm_max_hvt 
PLACE_optlc_3962          TIEL_HVT        saed90nm_max_hvt 
PLACE_optlc_3963          TIEL_HVT        saed90nm_max_hvt 
PLACE_optlc_3964          TIEL_HVT        saed90nm_max_hvt 
PLACE_optlc_3965          TIEL_HVT        saed90nm_max_hvt 
PLACE_optlc_3966          TIEL_HVT        saed90nm_max_hvt 
PLACE_optlc_3967          TIEL_HVT        saed90nm_max_hvt 
PLACE_optlc_3968          TIEL_HVT        saed90nm_max_hvt 
PLACE_optlc_3969          TIEL_HVT        saed90nm_max_hvt 
PLACE_optlc_397           TIEL_HVT        saed90nm_max_hvt 
PLACE_optlc_3970          TIEL_HVT        saed90nm_max_hvt 
PLACE_optlc_3971          TIEL_HVT        saed90nm_max_hvt 
PLACE_optlc_3972          TIEL_HVT        saed90nm_max_hvt 
PLACE_optlc_3973          TIEL_HVT        saed90nm_max_hvt 
PLACE_optlc_3974          TIEL_HVT        saed90nm_max_hvt 
PLACE_optlc_3975          TIEL_HVT        saed90nm_max_hvt 
PLACE_optlc_3976          TIEL_HVT        saed90nm_max_hvt 
PLACE_optlc_3977          TIEL_HVT        saed90nm_max_hvt 
PLACE_optlc_3978          TIEL_HVT        saed90nm_max_hvt 
PLACE_optlc_3979          TIEL_HVT        saed90nm_max_hvt 
PLACE_optlc_398           TIEL_HVT        saed90nm_max_hvt 
PLACE_optlc_3980          TIEL_HVT        saed90nm_max_hvt 
PLACE_optlc_3981          TIEL_HVT        saed90nm_max_hvt 
PLACE_optlc_3982          TIEL_HVT        saed90nm_max_hvt 
PLACE_optlc_3983          TIEL_HVT        saed90nm_max_hvt 
PLACE_optlc_3984          TIEL_HVT        saed90nm_max_hvt 
PLACE_optlc_3985          TIEL_HVT        saed90nm_max_hvt 
PLACE_optlc_3986          TIEL_HVT        saed90nm_max_hvt 
PLACE_optlc_3987          TIEL_HVT        saed90nm_max_hvt 
PLACE_optlc_3988          TIEL_HVT        saed90nm_max_hvt 
PLACE_optlc_3989          TIEL_HVT        saed90nm_max_hvt 
PLACE_optlc_399           TIEL_HVT        saed90nm_max_hvt 
PLACE_optlc_3990          TIEL_HVT        saed90nm_max_hvt 
PLACE_optlc_3991          TIEL_HVT        saed90nm_max_hvt 
PLACE_optlc_3992          TIEL_HVT        saed90nm_max_hvt 
PLACE_optlc_3993          TIEL_HVT        saed90nm_max_hvt 
PLACE_optlc_3994          TIEL_HVT        saed90nm_max_hvt 
PLACE_optlc_3995          TIEL_HVT        saed90nm_max_hvt 
PLACE_optlc_3996          TIEL_HVT        saed90nm_max_hvt 
PLACE_optlc_3997          TIEL_HVT        saed90nm_max_hvt 
PLACE_optlc_3998          TIEL_HVT        saed90nm_max_hvt 
PLACE_optlc_3999          TIEL_HVT        saed90nm_max_hvt 
PLACE_optlc_400           TIEL_HVT        saed90nm_max_hvt 
PLACE_optlc_4000          TIEL_HVT        saed90nm_max_hvt 
PLACE_optlc_4001          TIEL_HVT        saed90nm_max_hvt 
PLACE_optlc_4002          TIEL_HVT        saed90nm_max_hvt 
PLACE_optlc_4003          TIEL_HVT        saed90nm_max_hvt 
PLACE_optlc_4004          TIEL_HVT        saed90nm_max_hvt 
PLACE_optlc_4005          TIEL_HVT        saed90nm_max_hvt 
PLACE_optlc_4006          TIEL_HVT        saed90nm_max_hvt 
PLACE_optlc_4007          TIEL_HVT        saed90nm_max_hvt 
PLACE_optlc_4008          TIEL_HVT        saed90nm_max_hvt 
PLACE_optlc_4009          TIEL_HVT        saed90nm_max_hvt 
PLACE_optlc_401           TIEL_HVT        saed90nm_max_hvt 
PLACE_optlc_4010          TIEL_HVT        saed90nm_max_hvt 
PLACE_optlc_4011          TIEL_HVT        saed90nm_max_hvt 
PLACE_optlc_4012          TIEL_HVT        saed90nm_max_hvt 
PLACE_optlc_4013          TIEL_HVT        saed90nm_max_hvt 
PLACE_optlc_4015          TIEL_HVT        saed90nm_max_hvt 
PLACE_optlc_4016          TIEL_HVT        saed90nm_max_hvt 
PLACE_optlc_4017          TIEL_HVT        saed90nm_max_hvt 
PLACE_optlc_4018          TIEL_HVT        saed90nm_max_hvt 
PLACE_optlc_4019          TIEL_HVT        saed90nm_max_hvt 
PLACE_optlc_402           TIEL_HVT        saed90nm_max_hvt 
PLACE_optlc_4020          TIEL_HVT        saed90nm_max_hvt 
PLACE_optlc_4021          TIEL_HVT        saed90nm_max_hvt 
PLACE_optlc_4022          TIEL_HVT        saed90nm_max_hvt 
PLACE_optlc_4023          TIEL_HVT        saed90nm_max_hvt 
PLACE_optlc_4024          TIEL_HVT        saed90nm_max_hvt 
PLACE_optlc_4025          TIEL_HVT        saed90nm_max_hvt 
PLACE_optlc_4026          TIEL_HVT        saed90nm_max_hvt 
PLACE_optlc_4027          TIEL_HVT        saed90nm_max_hvt 
PLACE_optlc_4028          TIEL_HVT        saed90nm_max_hvt 
PLACE_optlc_4029          TIEL_HVT        saed90nm_max_hvt 
PLACE_optlc_403           TIEL_HVT        saed90nm_max_hvt 
PLACE_optlc_4030          TIEL_HVT        saed90nm_max_hvt 
PLACE_optlc_4031          TIEL_HVT        saed90nm_max_hvt 
PLACE_optlc_4032          TIEL_HVT        saed90nm_max_hvt 
PLACE_optlc_4033          TIEL_HVT        saed90nm_max_hvt 
PLACE_optlc_4034          TIEL_HVT        saed90nm_max_hvt 
PLACE_optlc_4035          TIEL_HVT        saed90nm_max_hvt 
PLACE_optlc_4036          TIEL_HVT        saed90nm_max_hvt 
PLACE_optlc_4037          TIEL_HVT        saed90nm_max_hvt 
PLACE_optlc_4038          TIEL_HVT        saed90nm_max_hvt 
PLACE_optlc_4039          TIEL_HVT        saed90nm_max_hvt 
PLACE_optlc_404           TIEL_HVT        saed90nm_max_hvt 
PLACE_optlc_4040          TIEL_HVT        saed90nm_max_hvt 
PLACE_optlc_4041          TIEL_HVT        saed90nm_max_hvt 
PLACE_optlc_4042          TIEL_HVT        saed90nm_max_hvt 
PLACE_optlc_4043          TIEL_HVT        saed90nm_max_hvt 
PLACE_optlc_4044          TIEL_HVT        saed90nm_max_hvt 
PLACE_optlc_4045          TIEL_HVT        saed90nm_max_hvt 
PLACE_optlc_4046          TIEL_HVT        saed90nm_max_hvt 
PLACE_optlc_4047          TIEL_HVT        saed90nm_max_hvt 
PLACE_optlc_4048          TIEL_HVT        saed90nm_max_hvt 
PLACE_optlc_4049          TIEL_HVT        saed90nm_max_hvt 
PLACE_optlc_405           TIEL_HVT        saed90nm_max_hvt 
PLACE_optlc_4050          TIEL_HVT        saed90nm_max_hvt 
PLACE_optlc_4051          TIEL_HVT        saed90nm_max_hvt 
PLACE_optlc_4052          TIEL_HVT        saed90nm_max_hvt 
PLACE_optlc_4053          TIEL_HVT        saed90nm_max_hvt 
PLACE_optlc_4054          TIEL_HVT        saed90nm_max_hvt 
PLACE_optlc_4055          TIEL_HVT        saed90nm_max_hvt 
PLACE_optlc_4056          TIEL_HVT        saed90nm_max_hvt 
PLACE_optlc_4057          TIEL_HVT        saed90nm_max_hvt 
PLACE_optlc_4058          TIEL_HVT        saed90nm_max_hvt 
PLACE_optlc_4059          TIEL_HVT        saed90nm_max_hvt 
PLACE_optlc_406           TIEL_HVT        saed90nm_max_hvt 
PLACE_optlc_4060          TIEL_HVT        saed90nm_max_hvt 
PLACE_optlc_4061          TIEL_HVT        saed90nm_max_hvt 
PLACE_optlc_4062          TIEL_HVT        saed90nm_max_hvt 
PLACE_optlc_4063          TIEL_HVT        saed90nm_max_hvt 
PLACE_optlc_4064          TIEL_HVT        saed90nm_max_hvt 
PLACE_optlc_4065          TIEL_HVT        saed90nm_max_hvt 
PLACE_optlc_4066          TIEL_HVT        saed90nm_max_hvt 
PLACE_optlc_4067          TIEL_HVT        saed90nm_max_hvt 
PLACE_optlc_4068          TIEL_HVT        saed90nm_max_hvt 
PLACE_optlc_4069          TIEL_HVT        saed90nm_max_hvt 
PLACE_optlc_407           TIEL_HVT        saed90nm_max_hvt 
PLACE_optlc_4070          TIEL_HVT        saed90nm_max_hvt 
PLACE_optlc_4071          TIEL_HVT        saed90nm_max_hvt 
PLACE_optlc_4072          TIEL_HVT        saed90nm_max_hvt 
PLACE_optlc_4073          TIEL_HVT        saed90nm_max_hvt 
PLACE_optlc_4074          TIEL_HVT        saed90nm_max_hvt 
PLACE_optlc_4075          TIEL_HVT        saed90nm_max_hvt 
PLACE_optlc_4076          TIEL_HVT        saed90nm_max_hvt 
PLACE_optlc_4077          TIEL_HVT        saed90nm_max_hvt 
PLACE_optlc_4078          TIEL_HVT        saed90nm_max_hvt 
PLACE_optlc_4079          TIEL_HVT        saed90nm_max_hvt 
PLACE_optlc_408           TIEL_HVT        saed90nm_max_hvt 
PLACE_optlc_4080          TIEL_HVT        saed90nm_max_hvt 
PLACE_optlc_4081          TIEL_HVT        saed90nm_max_hvt 
PLACE_optlc_4082          TIEL_HVT        saed90nm_max_hvt 
PLACE_optlc_4083          TIEL_HVT        saed90nm_max_hvt 
PLACE_optlc_4084          TIEL_HVT        saed90nm_max_hvt 
PLACE_optlc_4085          TIEL_HVT        saed90nm_max_hvt 
PLACE_optlc_4086          TIEL_HVT        saed90nm_max_hvt 
PLACE_optlc_4087          TIEL_HVT        saed90nm_max_hvt 
PLACE_optlc_4088          TIEL_HVT        saed90nm_max_hvt 
PLACE_optlc_4089          TIEL_HVT        saed90nm_max_hvt 
PLACE_optlc_409           TIEL_HVT        saed90nm_max_hvt 
PLACE_optlc_4090          TIEL_HVT        saed90nm_max_hvt 
PLACE_optlc_4091          TIEL_HVT        saed90nm_max_hvt 
PLACE_optlc_4092          TIEL_HVT        saed90nm_max_hvt 
PLACE_optlc_4093          TIEL_HVT        saed90nm_max_hvt 
PLACE_optlc_4094          TIEL_HVT        saed90nm_max_hvt 
PLACE_optlc_4095          TIEL_HVT        saed90nm_max_hvt 
PLACE_optlc_4096          TIEL_HVT        saed90nm_max_hvt 
PLACE_optlc_4097          TIEL_HVT        saed90nm_max_hvt 
PLACE_optlc_4098          TIEL_HVT        saed90nm_max_hvt 
PLACE_optlc_4099          TIEL_HVT        saed90nm_max_hvt 
PLACE_optlc_410           TIEL_HVT        saed90nm_max_hvt 
PLACE_optlc_4100          TIEL_HVT        saed90nm_max_hvt 
PLACE_optlc_4101          TIEL_HVT        saed90nm_max_hvt 
PLACE_optlc_4102          TIEL_HVT        saed90nm_max_hvt 
PLACE_optlc_4103          TIEL_HVT        saed90nm_max_hvt 
PLACE_optlc_4104          TIEL_HVT        saed90nm_max_hvt 
PLACE_optlc_4105          TIEL_HVT        saed90nm_max_hvt 
PLACE_optlc_4106          TIEL_HVT        saed90nm_max_hvt 
PLACE_optlc_4107          TIEL_HVT        saed90nm_max_hvt 
PLACE_optlc_4108          TIEL_HVT        saed90nm_max_hvt 
PLACE_optlc_4109          TIEL_HVT        saed90nm_max_hvt 
PLACE_optlc_411           TIEL_HVT        saed90nm_max_hvt 
PLACE_optlc_4110          TIEL_HVT        saed90nm_max_hvt 
PLACE_optlc_4111          TIEL_HVT        saed90nm_max_hvt 
PLACE_optlc_4112          TIEL_HVT        saed90nm_max_hvt 
PLACE_optlc_4113          TIEL_HVT        saed90nm_max_hvt 
PLACE_optlc_4114          TIEL_HVT        saed90nm_max_hvt 
PLACE_optlc_4115          TIEL_HVT        saed90nm_max_hvt 
PLACE_optlc_4116          TIEL_HVT        saed90nm_max_hvt 
PLACE_optlc_4117          TIEL_HVT        saed90nm_max_hvt 
PLACE_optlc_4118          TIEL_HVT        saed90nm_max_hvt 
PLACE_optlc_4119          TIEL_HVT        saed90nm_max_hvt 
PLACE_optlc_412           TIEL_HVT        saed90nm_max_hvt 
PLACE_optlc_4120          TIEL_HVT        saed90nm_max_hvt 
PLACE_optlc_4121          TIEL_HVT        saed90nm_max_hvt 
PLACE_optlc_4122          TIEL_HVT        saed90nm_max_hvt 
PLACE_optlc_4123          TIEL_HVT        saed90nm_max_hvt 
PLACE_optlc_4124          TIEL_HVT        saed90nm_max_hvt 
PLACE_optlc_4125          TIEL_HVT        saed90nm_max_hvt 
PLACE_optlc_4126          TIEL_HVT        saed90nm_max_hvt 
PLACE_optlc_4127          TIEL_HVT        saed90nm_max_hvt 
PLACE_optlc_4128          TIEL_HVT        saed90nm_max_hvt 
PLACE_optlc_4129          TIEL_HVT        saed90nm_max_hvt 
PLACE_optlc_413           TIEL_HVT        saed90nm_max_hvt 
PLACE_optlc_4130          TIEL_HVT        saed90nm_max_hvt 
PLACE_optlc_4131          TIEL_HVT        saed90nm_max_hvt 
PLACE_optlc_4132          TIEL_HVT        saed90nm_max_hvt 
PLACE_optlc_4133          TIEL_HVT        saed90nm_max_hvt 
PLACE_optlc_4134          TIEL_HVT        saed90nm_max_hvt 
PLACE_optlc_4135          TIEL_HVT        saed90nm_max_hvt 
PLACE_optlc_4136          TIEL_HVT        saed90nm_max_hvt 
PLACE_optlc_4137          TIEL_HVT        saed90nm_max_hvt 
PLACE_optlc_4138          TIEL_HVT        saed90nm_max_hvt 
PLACE_optlc_4139          TIEL_HVT        saed90nm_max_hvt 
PLACE_optlc_414           TIEL_HVT        saed90nm_max_hvt 
PLACE_optlc_4140          TIEL_HVT        saed90nm_max_hvt 
PLACE_optlc_4141          TIEL_HVT        saed90nm_max_hvt 
PLACE_optlc_4142          TIEL_HVT        saed90nm_max_hvt 
PLACE_optlc_4143          TIEL_HVT        saed90nm_max_hvt 
PLACE_optlc_4144          TIEL_HVT        saed90nm_max_hvt 
PLACE_optlc_4145          TIEL_HVT        saed90nm_max_hvt 
PLACE_optlc_4146          TIEL_HVT        saed90nm_max_hvt 
PLACE_optlc_4147          TIEL_HVT        saed90nm_max_hvt 
PLACE_optlc_4148          TIEL_HVT        saed90nm_max_hvt 
PLACE_optlc_4149          TIEL_HVT        saed90nm_max_hvt 
PLACE_optlc_415           TIEL_HVT        saed90nm_max_hvt 
PLACE_optlc_4150          TIEL_HVT        saed90nm_max_hvt 
PLACE_optlc_4151          TIEL_HVT        saed90nm_max_hvt 
PLACE_optlc_4152          TIEL_HVT        saed90nm_max_hvt 
PLACE_optlc_4153          TIEL_HVT        saed90nm_max_hvt 
PLACE_optlc_4154          TIEL_HVT        saed90nm_max_hvt 
PLACE_optlc_4155          TIEL_HVT        saed90nm_max_hvt 
PLACE_optlc_4156          TIEL_HVT        saed90nm_max_hvt 
PLACE_optlc_4157          TIEL_HVT        saed90nm_max_hvt 
PLACE_optlc_4158          TIEL_HVT        saed90nm_max_hvt 
PLACE_optlc_4159          TIEL_HVT        saed90nm_max_hvt 
PLACE_optlc_416           TIEL_HVT        saed90nm_max_hvt 
PLACE_optlc_4160          TIEL_HVT        saed90nm_max_hvt 
PLACE_optlc_4161          TIEL_HVT        saed90nm_max_hvt 
PLACE_optlc_4162          TIEL_HVT        saed90nm_max_hvt 
PLACE_optlc_4163          TIEL_HVT        saed90nm_max_hvt 
PLACE_optlc_4164          TIEL_HVT        saed90nm_max_hvt 
PLACE_optlc_4165          TIEL_HVT        saed90nm_max_hvt 
PLACE_optlc_4166          TIEL_HVT        saed90nm_max_hvt 
PLACE_optlc_4167          TIEL_HVT        saed90nm_max_hvt 
PLACE_optlc_4168          TIEL_HVT        saed90nm_max_hvt 
PLACE_optlc_4169          TIEL_HVT        saed90nm_max_hvt 
PLACE_optlc_417           TIEL_HVT        saed90nm_max_hvt 
PLACE_optlc_4170          TIEL_HVT        saed90nm_max_hvt 
PLACE_optlc_4171          TIEL_HVT        saed90nm_max_hvt 
PLACE_optlc_4172          TIEL_HVT        saed90nm_max_hvt 
PLACE_optlc_4173          TIEL_HVT        saed90nm_max_hvt 
PLACE_optlc_4174          TIEL_HVT        saed90nm_max_hvt 
PLACE_optlc_4175          TIEL_HVT        saed90nm_max_hvt 
PLACE_optlc_4176          TIEL_HVT        saed90nm_max_hvt 
PLACE_optlc_4177          TIEL_HVT        saed90nm_max_hvt 
PLACE_optlc_4178          TIEL_HVT        saed90nm_max_hvt 
PLACE_optlc_4179          TIEL_HVT        saed90nm_max_hvt 
PLACE_optlc_418           TIEL_HVT        saed90nm_max_hvt 
PLACE_optlc_4180          TIEL_HVT        saed90nm_max_hvt 
PLACE_optlc_4181          TIEL_HVT        saed90nm_max_hvt 
PLACE_optlc_4182          TIEL_HVT        saed90nm_max_hvt 
PLACE_optlc_4183          TIEL_HVT        saed90nm_max_hvt 
PLACE_optlc_4184          TIEL_HVT        saed90nm_max_hvt 
PLACE_optlc_4185          TIEL_HVT        saed90nm_max_hvt 
PLACE_optlc_4186          TIEL_HVT        saed90nm_max_hvt 
PLACE_optlc_4187          TIEL_HVT        saed90nm_max_hvt 
PLACE_optlc_4188          TIEL_HVT        saed90nm_max_hvt 
PLACE_optlc_4189          TIEL_HVT        saed90nm_max_hvt 
PLACE_optlc_419           TIEL_HVT        saed90nm_max_hvt 
PLACE_optlc_4190          TIEL_HVT        saed90nm_max_hvt 
PLACE_optlc_4191          TIEL_HVT        saed90nm_max_hvt 
PLACE_optlc_4192          TIEL_HVT        saed90nm_max_hvt 
PLACE_optlc_4193          TIEL_HVT        saed90nm_max_hvt 
PLACE_optlc_4194          TIEL_HVT        saed90nm_max_hvt 
PLACE_optlc_4195          TIEL_HVT        saed90nm_max_hvt 
PLACE_optlc_4196          TIEL_HVT        saed90nm_max_hvt 
PLACE_optlc_4197          TIEL_HVT        saed90nm_max_hvt 
PLACE_optlc_4198          TIEL_HVT        saed90nm_max_hvt 
PLACE_optlc_4199          TIEL_HVT        saed90nm_max_hvt 
PLACE_optlc_420           TIEL_HVT        saed90nm_max_hvt 
PLACE_optlc_4200          TIEL_HVT        saed90nm_max_hvt 
PLACE_optlc_4201          TIEL_HVT        saed90nm_max_hvt 
PLACE_optlc_4202          TIEL_HVT        saed90nm_max_hvt 
PLACE_optlc_4203          TIEL_HVT        saed90nm_max_hvt 
PLACE_optlc_4204          TIEL_HVT        saed90nm_max_hvt 
PLACE_optlc_4205          TIEL_HVT        saed90nm_max_hvt 
PLACE_optlc_4206          TIEL_HVT        saed90nm_max_hvt 
PLACE_optlc_4207          TIEL_HVT        saed90nm_max_hvt 
PLACE_optlc_4208          TIEL_HVT        saed90nm_max_hvt 
PLACE_optlc_4209          TIEL_HVT        saed90nm_max_hvt 
PLACE_optlc_421           TIEL_HVT        saed90nm_max_hvt 
PLACE_optlc_4210          TIEL_HVT        saed90nm_max_hvt 
PLACE_optlc_4211          TIEL_HVT        saed90nm_max_hvt 
PLACE_optlc_4212          TIEL_HVT        saed90nm_max_hvt 
PLACE_optlc_4213          TIEL_HVT        saed90nm_max_hvt 
PLACE_optlc_4214          TIEL_HVT        saed90nm_max_hvt 
PLACE_optlc_4215          TIEL_HVT        saed90nm_max_hvt 
PLACE_optlc_4216          TIEL_HVT        saed90nm_max_hvt 
PLACE_optlc_4217          TIEL_HVT        saed90nm_max_hvt 
PLACE_optlc_4218          TIEL_HVT        saed90nm_max_hvt 
PLACE_optlc_4219          TIEL_HVT        saed90nm_max_hvt 
PLACE_optlc_422           TIEL_HVT        saed90nm_max_hvt 
PLACE_optlc_4220          TIEL_HVT        saed90nm_max_hvt 
PLACE_optlc_4221          TIEL_HVT        saed90nm_max_hvt 
PLACE_optlc_4222          TIEL_HVT        saed90nm_max_hvt 
PLACE_optlc_4223          TIEL_HVT        saed90nm_max_hvt 
PLACE_optlc_4224          TIEL_HVT        saed90nm_max_hvt 
PLACE_optlc_4225          TIEL_HVT        saed90nm_max_hvt 
PLACE_optlc_4226          TIEL_HVT        saed90nm_max_hvt 
PLACE_optlc_4227          TIEL_HVT        saed90nm_max_hvt 
PLACE_optlc_4228          TIEL_HVT        saed90nm_max_hvt 
PLACE_optlc_4229          TIEL_HVT        saed90nm_max_hvt 
PLACE_optlc_423           TIEL_HVT        saed90nm_max_hvt 
PLACE_optlc_4230          TIEL_HVT        saed90nm_max_hvt 
PLACE_optlc_4231          TIEL_HVT        saed90nm_max_hvt 
PLACE_optlc_4232          TIEL_HVT        saed90nm_max_hvt 
PLACE_optlc_4233          TIEL_HVT        saed90nm_max_hvt 
PLACE_optlc_4234          TIEL_HVT        saed90nm_max_hvt 
PLACE_optlc_4235          TIEL_HVT        saed90nm_max_hvt 
PLACE_optlc_4236          TIEL_HVT        saed90nm_max_hvt 
PLACE_optlc_4237          TIEL_HVT        saed90nm_max_hvt 
PLACE_optlc_4238          TIEL_HVT        saed90nm_max_hvt 
PLACE_optlc_4239          TIEL_HVT        saed90nm_max_hvt 
PLACE_optlc_424           TIEL_HVT        saed90nm_max_hvt 
PLACE_optlc_4240          TIEL_HVT        saed90nm_max_hvt 
PLACE_optlc_4241          TIEL_HVT        saed90nm_max_hvt 
PLACE_optlc_4242          TIEL_HVT        saed90nm_max_hvt 
PLACE_optlc_4243          TIEL_HVT        saed90nm_max_hvt 
PLACE_optlc_4244          TIEL_HVT        saed90nm_max_hvt 
PLACE_optlc_4245          TIEL_HVT        saed90nm_max_hvt 
PLACE_optlc_4246          TIEL_HVT        saed90nm_max_hvt 
PLACE_optlc_4247          TIEL_HVT        saed90nm_max_hvt 
PLACE_optlc_4248          TIEL_HVT        saed90nm_max_hvt 
PLACE_optlc_4249          TIEL_HVT        saed90nm_max_hvt 
PLACE_optlc_425           TIEL_HVT        saed90nm_max_hvt 
PLACE_optlc_4250          TIEL_HVT        saed90nm_max_hvt 
PLACE_optlc_4251          TIEL_HVT        saed90nm_max_hvt 
PLACE_optlc_4252          TIEL_HVT        saed90nm_max_hvt 
PLACE_optlc_4253          TIEL_HVT        saed90nm_max_hvt 
PLACE_optlc_4254          TIEL_HVT        saed90nm_max_hvt 
PLACE_optlc_4255          TIEL_HVT        saed90nm_max_hvt 
PLACE_optlc_4256          TIEL_HVT        saed90nm_max_hvt 
PLACE_optlc_4257          TIEL_HVT        saed90nm_max_hvt 
PLACE_optlc_4258          TIEL_HVT        saed90nm_max_hvt 
PLACE_optlc_4259          TIEL_HVT        saed90nm_max_hvt 
PLACE_optlc_426           TIEL_HVT        saed90nm_max_hvt 
PLACE_optlc_4260          TIEL_HVT        saed90nm_max_hvt 
PLACE_optlc_4261          TIEL_HVT        saed90nm_max_hvt 
PLACE_optlc_4262          TIEL_HVT        saed90nm_max_hvt 
PLACE_optlc_4263          TIEL_HVT        saed90nm_max_hvt 
PLACE_optlc_4264          TIEL_HVT        saed90nm_max_hvt 
PLACE_optlc_4265          TIEL_HVT        saed90nm_max_hvt 
PLACE_optlc_4266          TIEL_HVT        saed90nm_max_hvt 
PLACE_optlc_4267          TIEL_HVT        saed90nm_max_hvt 
PLACE_optlc_4268          TIEL_HVT        saed90nm_max_hvt 
PLACE_optlc_4269          TIEL_HVT        saed90nm_max_hvt 
PLACE_optlc_427           TIEL_HVT        saed90nm_max_hvt 
PLACE_optlc_4270          TIEL_HVT        saed90nm_max_hvt 
PLACE_optlc_4271          TIEL_HVT        saed90nm_max_hvt 
PLACE_optlc_4272          TIEL_HVT        saed90nm_max_hvt 
PLACE_optlc_4273          TIEL_HVT        saed90nm_max_hvt 
PLACE_optlc_4274          TIEL_HVT        saed90nm_max_hvt 
PLACE_optlc_4275          TIEL_HVT        saed90nm_max_hvt 
PLACE_optlc_4276          TIEL_HVT        saed90nm_max_hvt 
PLACE_optlc_4277          TIEL_HVT        saed90nm_max_hvt 
PLACE_optlc_4278          TIEL_HVT        saed90nm_max_hvt 
PLACE_optlc_4279          TIEL_HVT        saed90nm_max_hvt 
PLACE_optlc_428           TIEL_HVT        saed90nm_max_hvt 
PLACE_optlc_4280          TIEL_HVT        saed90nm_max_hvt 
PLACE_optlc_4281          TIEL_HVT        saed90nm_max_hvt 
PLACE_optlc_4282          TIEL_HVT        saed90nm_max_hvt 
PLACE_optlc_4283          TIEL_HVT        saed90nm_max_hvt 
PLACE_optlc_4284          TIEL_HVT        saed90nm_max_hvt 
PLACE_optlc_4285          TIEL_HVT        saed90nm_max_hvt 
PLACE_optlc_4286          TIEL_HVT        saed90nm_max_hvt 
PLACE_optlc_4287          TIEL_HVT        saed90nm_max_hvt 
PLACE_optlc_4288          TIEL_HVT        saed90nm_max_hvt 
PLACE_optlc_4289          TIEL_HVT        saed90nm_max_hvt 
PLACE_optlc_429           TIEL_HVT        saed90nm_max_hvt 
PLACE_optlc_4290          TIEL_HVT        saed90nm_max_hvt 
PLACE_optlc_4291          TIEL_HVT        saed90nm_max_hvt 
PLACE_optlc_4292          TIEL_HVT        saed90nm_max_hvt 
PLACE_optlc_4293          TIEL_HVT        saed90nm_max_hvt 
PLACE_optlc_4294          TIEL_HVT        saed90nm_max_hvt 
PLACE_optlc_4295          TIEL_HVT        saed90nm_max_hvt 
PLACE_optlc_4296          TIEL_HVT        saed90nm_max_hvt 
PLACE_optlc_4297          TIEL_HVT        saed90nm_max_hvt 
PLACE_optlc_4298          TIEL_HVT        saed90nm_max_hvt 
PLACE_optlc_4299          TIEL_HVT        saed90nm_max_hvt 
PLACE_optlc_430           TIEL_HVT        saed90nm_max_hvt 
PLACE_optlc_4300          TIEL_HVT        saed90nm_max_hvt 
PLACE_optlc_4301          TIEL_HVT        saed90nm_max_hvt 
PLACE_optlc_4302          TIEL_HVT        saed90nm_max_hvt 
PLACE_optlc_4303          TIEL_HVT        saed90nm_max_hvt 
PLACE_optlc_4304          TIEL_HVT        saed90nm_max_hvt 
PLACE_optlc_4305          TIEL_HVT        saed90nm_max_hvt 
PLACE_optlc_4306          TIEL_HVT        saed90nm_max_hvt 
PLACE_optlc_4307          TIEL_HVT        saed90nm_max_hvt 
PLACE_optlc_4308          TIEL_HVT        saed90nm_max_hvt 
PLACE_optlc_4309          TIEL_HVT        saed90nm_max_hvt 
PLACE_optlc_431           TIEL_HVT        saed90nm_max_hvt 
PLACE_optlc_4310          TIEL_HVT        saed90nm_max_hvt 
PLACE_optlc_4311          TIEL_HVT        saed90nm_max_hvt 
PLACE_optlc_4312          TIEL_HVT        saed90nm_max_hvt 
PLACE_optlc_4313          TIEL_HVT        saed90nm_max_hvt 
PLACE_optlc_4314          TIEL_HVT        saed90nm_max_hvt 
PLACE_optlc_4315          TIEL_HVT        saed90nm_max_hvt 
PLACE_optlc_4316          TIEL_HVT        saed90nm_max_hvt 
PLACE_optlc_4317          TIEL_HVT        saed90nm_max_hvt 
PLACE_optlc_4318          TIEL_HVT        saed90nm_max_hvt 
PLACE_optlc_4319          TIEL_HVT        saed90nm_max_hvt 
PLACE_optlc_432           TIEL_HVT        saed90nm_max_hvt 
PLACE_optlc_4320          TIEL_HVT        saed90nm_max_hvt 
PLACE_optlc_4321          TIEL_HVT        saed90nm_max_hvt 
PLACE_optlc_4322          TIEL_HVT        saed90nm_max_hvt 
PLACE_optlc_4323          TIEL_HVT        saed90nm_max_hvt 
PLACE_optlc_4324          TIEL_HVT        saed90nm_max_hvt 
PLACE_optlc_4325          TIEL_HVT        saed90nm_max_hvt 
PLACE_optlc_4326          TIEL_HVT        saed90nm_max_hvt 
PLACE_optlc_4327          TIEL_HVT        saed90nm_max_hvt 
PLACE_optlc_4328          TIEL_HVT        saed90nm_max_hvt 
PLACE_optlc_4329          TIEL_HVT        saed90nm_max_hvt 
PLACE_optlc_433           TIEL_HVT        saed90nm_max_hvt 
PLACE_optlc_4330          TIEL_HVT        saed90nm_max_hvt 
PLACE_optlc_4331          TIEL_HVT        saed90nm_max_hvt 
PLACE_optlc_4332          TIEL_HVT        saed90nm_max_hvt 
PLACE_optlc_4333          TIEL_HVT        saed90nm_max_hvt 
PLACE_optlc_4334          TIEL_HVT        saed90nm_max_hvt 
PLACE_optlc_4335          TIEL_HVT        saed90nm_max_hvt 
PLACE_optlc_4336          TIEL_HVT        saed90nm_max_hvt 
PLACE_optlc_4337          TIEL_HVT        saed90nm_max_hvt 
PLACE_optlc_4338          TIEL_HVT        saed90nm_max_hvt 
PLACE_optlc_4339          TIEL_HVT        saed90nm_max_hvt 
PLACE_optlc_434           TIEL_HVT        saed90nm_max_hvt 
PLACE_optlc_4340          TIEL_HVT        saed90nm_max_hvt 
PLACE_optlc_4341          TIEL_HVT        saed90nm_max_hvt 
PLACE_optlc_4342          TIEL_HVT        saed90nm_max_hvt 
PLACE_optlc_4343          TIEL_HVT        saed90nm_max_hvt 
PLACE_optlc_4344          TIEL_HVT        saed90nm_max_hvt 
PLACE_optlc_4345          TIEL_HVT        saed90nm_max_hvt 
PLACE_optlc_4346          TIEL_HVT        saed90nm_max_hvt 
PLACE_optlc_4347          TIEL_HVT        saed90nm_max_hvt 
PLACE_optlc_4348          TIEL_HVT        saed90nm_max_hvt 
PLACE_optlc_4349          TIEL_HVT        saed90nm_max_hvt 
PLACE_optlc_435           TIEL_HVT        saed90nm_max_hvt 
PLACE_optlc_4350          TIEL_HVT        saed90nm_max_hvt 
PLACE_optlc_4351          TIEL_HVT        saed90nm_max_hvt 
PLACE_optlc_4352          TIEL_HVT        saed90nm_max_hvt 
PLACE_optlc_4353          TIEL_HVT        saed90nm_max_hvt 
PLACE_optlc_4354          TIEL_HVT        saed90nm_max_hvt 
PLACE_optlc_4355          TIEL_HVT        saed90nm_max_hvt 
PLACE_optlc_4356          TIEL_HVT        saed90nm_max_hvt 
PLACE_optlc_4357          TIEL_HVT        saed90nm_max_hvt 
PLACE_optlc_4358          TIEL_HVT        saed90nm_max_hvt 
PLACE_optlc_4359          TIEL_HVT        saed90nm_max_hvt 
PLACE_optlc_436           TIEL_HVT        saed90nm_max_hvt 
PLACE_optlc_4360          TIEL_HVT        saed90nm_max_hvt 
PLACE_optlc_4361          TIEL_HVT        saed90nm_max_hvt 
PLACE_optlc_4362          TIEL_HVT        saed90nm_max_hvt 
PLACE_optlc_4363          TIEL_HVT        saed90nm_max_hvt 
PLACE_optlc_4364          TIEL_HVT        saed90nm_max_hvt 
PLACE_optlc_4365          TIEL_HVT        saed90nm_max_hvt 
PLACE_optlc_4366          TIEL_HVT        saed90nm_max_hvt 
PLACE_optlc_4367          TIEL_HVT        saed90nm_max_hvt 
PLACE_optlc_4368          TIEL_HVT        saed90nm_max_hvt 
PLACE_optlc_4369          TIEL_HVT        saed90nm_max_hvt 
PLACE_optlc_437           TIEL_HVT        saed90nm_max_hvt 
PLACE_optlc_4370          TIEL_HVT        saed90nm_max_hvt 
PLACE_optlc_4371          TIEL_HVT        saed90nm_max_hvt 
PLACE_optlc_4372          TIEL_HVT        saed90nm_max_hvt 
PLACE_optlc_4373          TIEL_HVT        saed90nm_max_hvt 
PLACE_optlc_4374          TIEL_HVT        saed90nm_max_hvt 
PLACE_optlc_4375          TIEL_HVT        saed90nm_max_hvt 
PLACE_optlc_4376          TIEL_HVT        saed90nm_max_hvt 
PLACE_optlc_4377          TIEL_HVT        saed90nm_max_hvt 
PLACE_optlc_4378          TIEL_HVT        saed90nm_max_hvt 
PLACE_optlc_4379          TIEL_HVT        saed90nm_max_hvt 
PLACE_optlc_438           TIEL_HVT        saed90nm_max_hvt 
PLACE_optlc_4380          TIEL_HVT        saed90nm_max_hvt 
PLACE_optlc_4381          TIEL_HVT        saed90nm_max_hvt 
PLACE_optlc_4382          TIEL_HVT        saed90nm_max_hvt 
PLACE_optlc_4383          TIEL_HVT        saed90nm_max_hvt 
PLACE_optlc_4384          TIEL_HVT        saed90nm_max_hvt 
PLACE_optlc_4385          TIEL_HVT        saed90nm_max_hvt 
PLACE_optlc_4386          TIEL_HVT        saed90nm_max_hvt 
PLACE_optlc_4387          TIEL_HVT        saed90nm_max_hvt 
PLACE_optlc_4388          TIEL_HVT        saed90nm_max_hvt 
PLACE_optlc_4389          TIEL_HVT        saed90nm_max_hvt 
PLACE_optlc_439           TIEL_HVT        saed90nm_max_hvt 
PLACE_optlc_4390          TIEL_HVT        saed90nm_max_hvt 
PLACE_optlc_4391          TIEL_HVT        saed90nm_max_hvt 
PLACE_optlc_4392          TIEL_HVT        saed90nm_max_hvt 
PLACE_optlc_4393          TIEL_HVT        saed90nm_max_hvt 
PLACE_optlc_4394          TIEL_HVT        saed90nm_max_hvt 
PLACE_optlc_4395          TIEL_HVT        saed90nm_max_hvt 
PLACE_optlc_4396          TIEL_HVT        saed90nm_max_hvt 
PLACE_optlc_4397          TIEL_HVT        saed90nm_max_hvt 
PLACE_optlc_4398          TIEL_HVT        saed90nm_max_hvt 
PLACE_optlc_4399          TIEL_HVT        saed90nm_max_hvt 
PLACE_optlc_44            TIEL_HVT        saed90nm_max_hvt 
PLACE_optlc_440           TIEL_HVT        saed90nm_max_hvt 
PLACE_optlc_4400          TIEL_HVT        saed90nm_max_hvt 
PLACE_optlc_4401          TIEL_HVT        saed90nm_max_hvt 
PLACE_optlc_4402          TIEL_HVT        saed90nm_max_hvt 
PLACE_optlc_4403          TIEL_HVT        saed90nm_max_hvt 
PLACE_optlc_4404          TIEL_HVT        saed90nm_max_hvt 
PLACE_optlc_4405          TIEL_HVT        saed90nm_max_hvt 
PLACE_optlc_4406          TIEL_HVT        saed90nm_max_hvt 
PLACE_optlc_4407          TIEL_HVT        saed90nm_max_hvt 
PLACE_optlc_4408          TIEL_HVT        saed90nm_max_hvt 
PLACE_optlc_4409          TIEL_HVT        saed90nm_max_hvt 
PLACE_optlc_441           TIEL_HVT        saed90nm_max_hvt 
PLACE_optlc_4410          TIEL_HVT        saed90nm_max_hvt 
PLACE_optlc_4411          TIEL_HVT        saed90nm_max_hvt 
PLACE_optlc_4412          TIEL_HVT        saed90nm_max_hvt 
PLACE_optlc_4413          TIEL_HVT        saed90nm_max_hvt 
PLACE_optlc_4414          TIEL_HVT        saed90nm_max_hvt 
PLACE_optlc_4415          TIEL_HVT        saed90nm_max_hvt 
PLACE_optlc_4416          TIEL_HVT        saed90nm_max_hvt 
PLACE_optlc_4417          TIEL_HVT        saed90nm_max_hvt 
PLACE_optlc_4418          TIEL_HVT        saed90nm_max_hvt 
PLACE_optlc_4419          TIEL_HVT        saed90nm_max_hvt 
PLACE_optlc_442           TIEL_HVT        saed90nm_max_hvt 
PLACE_optlc_4420          TIEL_HVT        saed90nm_max_hvt 
PLACE_optlc_4421          TIEL_HVT        saed90nm_max_hvt 
PLACE_optlc_4422          TIEL_HVT        saed90nm_max_hvt 
PLACE_optlc_4423          TIEL_HVT        saed90nm_max_hvt 
PLACE_optlc_4424          TIEL_HVT        saed90nm_max_hvt 
PLACE_optlc_4425          TIEL_HVT        saed90nm_max_hvt 
PLACE_optlc_4426          TIEL_HVT        saed90nm_max_hvt 
PLACE_optlc_4427          TIEL_HVT        saed90nm_max_hvt 
PLACE_optlc_4428          TIEL_HVT        saed90nm_max_hvt 
PLACE_optlc_4429          TIEL_HVT        saed90nm_max_hvt 
PLACE_optlc_443           TIEL_HVT        saed90nm_max_hvt 
PLACE_optlc_4430          TIEL_HVT        saed90nm_max_hvt 
PLACE_optlc_4431          TIEL_HVT        saed90nm_max_hvt 
PLACE_optlc_4432          TIEL_HVT        saed90nm_max_hvt 
PLACE_optlc_4433          TIEL_HVT        saed90nm_max_hvt 
PLACE_optlc_4434          TIEL_HVT        saed90nm_max_hvt 
PLACE_optlc_4435          TIEL_HVT        saed90nm_max_hvt 
PLACE_optlc_4436          TIEL_HVT        saed90nm_max_hvt 
PLACE_optlc_4437          TIEL_HVT        saed90nm_max_hvt 
PLACE_optlc_4438          TIEL_HVT        saed90nm_max_hvt 
PLACE_optlc_4439          TIEL_HVT        saed90nm_max_hvt 
PLACE_optlc_444           TIEL_HVT        saed90nm_max_hvt 
PLACE_optlc_4440          TIEL_HVT        saed90nm_max_hvt 
PLACE_optlc_4441          TIEL_HVT        saed90nm_max_hvt 
PLACE_optlc_4442          TIEL_HVT        saed90nm_max_hvt 
PLACE_optlc_4443          TIEL_HVT        saed90nm_max_hvt 
PLACE_optlc_4444          TIEL_HVT        saed90nm_max_hvt 
PLACE_optlc_4445          TIEL_HVT        saed90nm_max_hvt 
PLACE_optlc_4446          TIEL_HVT        saed90nm_max_hvt 
PLACE_optlc_4447          TIEL_HVT        saed90nm_max_hvt 
PLACE_optlc_4448          TIEL_HVT        saed90nm_max_hvt 
PLACE_optlc_4449          TIEL_HVT        saed90nm_max_hvt 
PLACE_optlc_445           TIEL_HVT        saed90nm_max_hvt 
PLACE_optlc_4450          TIEL_HVT        saed90nm_max_hvt 
PLACE_optlc_4451          TIEL_HVT        saed90nm_max_hvt 
PLACE_optlc_4452          TIEL_HVT        saed90nm_max_hvt 
PLACE_optlc_4453          TIEL_HVT        saed90nm_max_hvt 
PLACE_optlc_4454          TIEL_HVT        saed90nm_max_hvt 
PLACE_optlc_4455          TIEL_HVT        saed90nm_max_hvt 
PLACE_optlc_4456          TIEL_HVT        saed90nm_max_hvt 
PLACE_optlc_4457          TIEL_HVT        saed90nm_max_hvt 
PLACE_optlc_4458          TIEL_HVT        saed90nm_max_hvt 
PLACE_optlc_4459          TIEL_HVT        saed90nm_max_hvt 
PLACE_optlc_446           TIEL_HVT        saed90nm_max_hvt 
PLACE_optlc_4460          TIEL_HVT        saed90nm_max_hvt 
PLACE_optlc_4461          TIEL_HVT        saed90nm_max_hvt 
PLACE_optlc_4462          TIEL_HVT        saed90nm_max_hvt 
PLACE_optlc_4463          TIEL_HVT        saed90nm_max_hvt 
PLACE_optlc_4464          TIEL_HVT        saed90nm_max_hvt 
PLACE_optlc_4465          TIEL_HVT        saed90nm_max_hvt 
PLACE_optlc_4466          TIEL_HVT        saed90nm_max_hvt 
PLACE_optlc_4467          TIEL_HVT        saed90nm_max_hvt 
PLACE_optlc_4468          TIEL_HVT        saed90nm_max_hvt 
PLACE_optlc_4469          TIEL_HVT        saed90nm_max_hvt 
PLACE_optlc_447           TIEL_HVT        saed90nm_max_hvt 
PLACE_optlc_4470          TIEL_HVT        saed90nm_max_hvt 
PLACE_optlc_4471          TIEL_HVT        saed90nm_max_hvt 
PLACE_optlc_4472          TIEL_HVT        saed90nm_max_hvt 
PLACE_optlc_4473          TIEL_HVT        saed90nm_max_hvt 
PLACE_optlc_4474          TIEL_HVT        saed90nm_max_hvt 
PLACE_optlc_4475          TIEL_HVT        saed90nm_max_hvt 
PLACE_optlc_4476          TIEL_HVT        saed90nm_max_hvt 
PLACE_optlc_4477          TIEL_HVT        saed90nm_max_hvt 
PLACE_optlc_4478          TIEL_HVT        saed90nm_max_hvt 
PLACE_optlc_4479          TIEL_HVT        saed90nm_max_hvt 
PLACE_optlc_448           TIEL_HVT        saed90nm_max_hvt 
PLACE_optlc_4480          TIEL_HVT        saed90nm_max_hvt 
PLACE_optlc_4481          TIEL_HVT        saed90nm_max_hvt 
PLACE_optlc_4482          TIEL_HVT        saed90nm_max_hvt 
PLACE_optlc_4483          TIEL_HVT        saed90nm_max_hvt 
PLACE_optlc_4484          TIEL_HVT        saed90nm_max_hvt 
PLACE_optlc_4485          TIEL_HVT        saed90nm_max_hvt 
PLACE_optlc_4486          TIEL_HVT        saed90nm_max_hvt 
PLACE_optlc_4487          TIEL_HVT        saed90nm_max_hvt 
PLACE_optlc_4488          TIEL_HVT        saed90nm_max_hvt 
PLACE_optlc_4489          TIEL_HVT        saed90nm_max_hvt 
PLACE_optlc_449           TIEL_HVT        saed90nm_max_hvt 
PLACE_optlc_4490          TIEL_HVT        saed90nm_max_hvt 
PLACE_optlc_4491          TIEL_HVT        saed90nm_max_hvt 
PLACE_optlc_4492          TIEL_HVT        saed90nm_max_hvt 
PLACE_optlc_4493          TIEL_HVT        saed90nm_max_hvt 
PLACE_optlc_4494          TIEL_HVT        saed90nm_max_hvt 
PLACE_optlc_4495          TIEL_HVT        saed90nm_max_hvt 
PLACE_optlc_4496          TIEL_HVT        saed90nm_max_hvt 
PLACE_optlc_4497          TIEL_HVT        saed90nm_max_hvt 
PLACE_optlc_4498          TIEL_HVT        saed90nm_max_hvt 
PLACE_optlc_4499          TIEL_HVT        saed90nm_max_hvt 
PLACE_optlc_45            TIEL_HVT        saed90nm_max_hvt 
PLACE_optlc_450           TIEL_HVT        saed90nm_max_hvt 
PLACE_optlc_4500          TIEL_HVT        saed90nm_max_hvt 
PLACE_optlc_4501          TIEL_HVT        saed90nm_max_hvt 
PLACE_optlc_4502          TIEL_HVT        saed90nm_max_hvt 
PLACE_optlc_4503          TIEL_HVT        saed90nm_max_hvt 
PLACE_optlc_4504          TIEL_HVT        saed90nm_max_hvt 
PLACE_optlc_4505          TIEL_HVT        saed90nm_max_hvt 
PLACE_optlc_4506          TIEL_HVT        saed90nm_max_hvt 
PLACE_optlc_4507          TIEL_HVT        saed90nm_max_hvt 
PLACE_optlc_4508          TIEL_HVT        saed90nm_max_hvt 
PLACE_optlc_4509          TIEL_HVT        saed90nm_max_hvt 
PLACE_optlc_451           TIEL_HVT        saed90nm_max_hvt 
PLACE_optlc_4510          TIEL_HVT        saed90nm_max_hvt 
PLACE_optlc_4511          TIEL_HVT        saed90nm_max_hvt 
PLACE_optlc_4512          TIEL_HVT        saed90nm_max_hvt 
PLACE_optlc_4513          TIEL_HVT        saed90nm_max_hvt 
PLACE_optlc_4514          TIEL_HVT        saed90nm_max_hvt 
PLACE_optlc_4515          TIEL_HVT        saed90nm_max_hvt 
PLACE_optlc_4516          TIEL_HVT        saed90nm_max_hvt 
PLACE_optlc_4517          TIEL_HVT        saed90nm_max_hvt 
PLACE_optlc_4518          TIEL_HVT        saed90nm_max_hvt 
PLACE_optlc_4519          TIEL_HVT        saed90nm_max_hvt 
PLACE_optlc_452           TIEL_HVT        saed90nm_max_hvt 
PLACE_optlc_4520          TIEL_HVT        saed90nm_max_hvt 
PLACE_optlc_4521          TIEL_HVT        saed90nm_max_hvt 
PLACE_optlc_4522          TIEL_HVT        saed90nm_max_hvt 
PLACE_optlc_4523          TIEL_HVT        saed90nm_max_hvt 
PLACE_optlc_4524          TIEL_HVT        saed90nm_max_hvt 
PLACE_optlc_4525          TIEL_HVT        saed90nm_max_hvt 
PLACE_optlc_4526          TIEL_HVT        saed90nm_max_hvt 
PLACE_optlc_4527          TIEL_HVT        saed90nm_max_hvt 
PLACE_optlc_4528          TIEL_HVT        saed90nm_max_hvt 
PLACE_optlc_4529          TIEL_HVT        saed90nm_max_hvt 
PLACE_optlc_453           TIEL_HVT        saed90nm_max_hvt 
PLACE_optlc_4530          TIEL_HVT        saed90nm_max_hvt 
PLACE_optlc_4531          TIEL_HVT        saed90nm_max_hvt 
PLACE_optlc_4532          TIEL_HVT        saed90nm_max_hvt 
PLACE_optlc_4533          TIEL_HVT        saed90nm_max_hvt 
PLACE_optlc_4534          TIEL_HVT        saed90nm_max_hvt 
PLACE_optlc_4535          TIEL_HVT        saed90nm_max_hvt 
PLACE_optlc_4536          TIEL_HVT        saed90nm_max_hvt 
PLACE_optlc_4537          TIEL_HVT        saed90nm_max_hvt 
PLACE_optlc_4538          TIEL_HVT        saed90nm_max_hvt 
PLACE_optlc_4539          TIEL_HVT        saed90nm_max_hvt 
PLACE_optlc_454           TIEL_HVT        saed90nm_max_hvt 
PLACE_optlc_4540          TIEL_HVT        saed90nm_max_hvt 
PLACE_optlc_4541          TIEL_HVT        saed90nm_max_hvt 
PLACE_optlc_4542          TIEL_HVT        saed90nm_max_hvt 
PLACE_optlc_4543          TIEL_HVT        saed90nm_max_hvt 
PLACE_optlc_4544          TIEL_HVT        saed90nm_max_hvt 
PLACE_optlc_4545          TIEL_HVT        saed90nm_max_hvt 
PLACE_optlc_4546          TIEL_HVT        saed90nm_max_hvt 
PLACE_optlc_4547          TIEL_HVT        saed90nm_max_hvt 
PLACE_optlc_4548          TIEL_HVT        saed90nm_max_hvt 
PLACE_optlc_4549          TIEL_HVT        saed90nm_max_hvt 
PLACE_optlc_455           TIEL_HVT        saed90nm_max_hvt 
PLACE_optlc_4550          TIEL_HVT        saed90nm_max_hvt 
PLACE_optlc_4551          TIEL_HVT        saed90nm_max_hvt 
PLACE_optlc_4552          TIEL_HVT        saed90nm_max_hvt 
PLACE_optlc_4553          TIEL_HVT        saed90nm_max_hvt 
PLACE_optlc_4554          TIEL_HVT        saed90nm_max_hvt 
PLACE_optlc_4555          TIEL_HVT        saed90nm_max_hvt 
PLACE_optlc_4556          TIEL_HVT        saed90nm_max_hvt 
PLACE_optlc_4557          TIEL_HVT        saed90nm_max_hvt 
PLACE_optlc_4558          TIEL_HVT        saed90nm_max_hvt 
PLACE_optlc_4559          TIEL_HVT        saed90nm_max_hvt 
PLACE_optlc_456           TIEL_HVT        saed90nm_max_hvt 
PLACE_optlc_4560          TIEL_HVT        saed90nm_max_hvt 
PLACE_optlc_4561          TIEL_HVT        saed90nm_max_hvt 
PLACE_optlc_4562          TIEL_HVT        saed90nm_max_hvt 
PLACE_optlc_4563          TIEL_HVT        saed90nm_max_hvt 
PLACE_optlc_4564          TIEL_HVT        saed90nm_max_hvt 
PLACE_optlc_4565          TIEL_HVT        saed90nm_max_hvt 
PLACE_optlc_4566          TIEL_HVT        saed90nm_max_hvt 
PLACE_optlc_4567          TIEL_HVT        saed90nm_max_hvt 
PLACE_optlc_4568          TIEL_HVT        saed90nm_max_hvt 
PLACE_optlc_4569          TIEL_HVT        saed90nm_max_hvt 
PLACE_optlc_457           TIEL_HVT        saed90nm_max_hvt 
PLACE_optlc_4570          TIEL_HVT        saed90nm_max_hvt 
PLACE_optlc_4571          TIEL_HVT        saed90nm_max_hvt 
PLACE_optlc_4572          TIEL_HVT        saed90nm_max_hvt 
PLACE_optlc_4573          TIEL_HVT        saed90nm_max_hvt 
PLACE_optlc_4574          TIEL_HVT        saed90nm_max_hvt 
PLACE_optlc_4575          TIEL_HVT        saed90nm_max_hvt 
PLACE_optlc_4576          TIEL_HVT        saed90nm_max_hvt 
PLACE_optlc_4577          TIEL_HVT        saed90nm_max_hvt 
PLACE_optlc_4578          TIEL_HVT        saed90nm_max_hvt 
PLACE_optlc_4579          TIEL_HVT        saed90nm_max_hvt 
PLACE_optlc_458           TIEL_HVT        saed90nm_max_hvt 
PLACE_optlc_4580          TIEL_HVT        saed90nm_max_hvt 
PLACE_optlc_4581          TIEL_HVT        saed90nm_max_hvt 
PLACE_optlc_4582          TIEL_HVT        saed90nm_max_hvt 
PLACE_optlc_4583          TIEL_HVT        saed90nm_max_hvt 
PLACE_optlc_4584          TIEL_HVT        saed90nm_max_hvt 
PLACE_optlc_4585          TIEL_HVT        saed90nm_max_hvt 
PLACE_optlc_4586          TIEL_HVT        saed90nm_max_hvt 
PLACE_optlc_4587          TIEL_HVT        saed90nm_max_hvt 
PLACE_optlc_4588          TIEL_HVT        saed90nm_max_hvt 
PLACE_optlc_4589          TIEL_HVT        saed90nm_max_hvt 
PLACE_optlc_459           TIEL_HVT        saed90nm_max_hvt 
PLACE_optlc_4590          TIEL_HVT        saed90nm_max_hvt 
PLACE_optlc_4591          TIEL_HVT        saed90nm_max_hvt 
PLACE_optlc_4592          TIEL_HVT        saed90nm_max_hvt 
PLACE_optlc_4593          TIEL_HVT        saed90nm_max_hvt 
PLACE_optlc_4594          TIEL_HVT        saed90nm_max_hvt 
PLACE_optlc_4595          TIEL_HVT        saed90nm_max_hvt 
PLACE_optlc_4596          TIEL_HVT        saed90nm_max_hvt 
PLACE_optlc_4597          TIEL_HVT        saed90nm_max_hvt 
PLACE_optlc_4598          TIEL_HVT        saed90nm_max_hvt 
PLACE_optlc_4599          TIEL_HVT        saed90nm_max_hvt 
PLACE_optlc_46            TIEL_HVT        saed90nm_max_hvt 
PLACE_optlc_460           TIEL_HVT        saed90nm_max_hvt 
PLACE_optlc_4600          TIEL_HVT        saed90nm_max_hvt 
PLACE_optlc_4601          TIEL_HVT        saed90nm_max_hvt 
PLACE_optlc_4602          TIEL_HVT        saed90nm_max_hvt 
PLACE_optlc_4603          TIEL_HVT        saed90nm_max_hvt 
PLACE_optlc_4604          TIEL_HVT        saed90nm_max_hvt 
PLACE_optlc_4605          TIEL_HVT        saed90nm_max_hvt 
PLACE_optlc_4606          TIEL_HVT        saed90nm_max_hvt 
PLACE_optlc_4607          TIEL_HVT        saed90nm_max_hvt 
PLACE_optlc_4608          TIEL_HVT        saed90nm_max_hvt 
PLACE_optlc_4609          TIEL_HVT        saed90nm_max_hvt 
PLACE_optlc_461           TIEL_HVT        saed90nm_max_hvt 
PLACE_optlc_4610          TIEL_HVT        saed90nm_max_hvt 
PLACE_optlc_4611          TIEL_HVT        saed90nm_max_hvt 
PLACE_optlc_4612          TIEL_HVT        saed90nm_max_hvt 
PLACE_optlc_4613          TIEL_HVT        saed90nm_max_hvt 
PLACE_optlc_4614          TIEL_HVT        saed90nm_max_hvt 
PLACE_optlc_4615          TIEL_HVT        saed90nm_max_hvt 
PLACE_optlc_4616          TIEL_HVT        saed90nm_max_hvt 
PLACE_optlc_4617          TIEL_HVT        saed90nm_max_hvt 
PLACE_optlc_4618          TIEL_HVT        saed90nm_max_hvt 
PLACE_optlc_4619          TIEL_HVT        saed90nm_max_hvt 
PLACE_optlc_462           TIEL_HVT        saed90nm_max_hvt 
PLACE_optlc_4620          TIEL_HVT        saed90nm_max_hvt 
PLACE_optlc_4621          TIEL_HVT        saed90nm_max_hvt 
PLACE_optlc_4622          TIEL_HVT        saed90nm_max_hvt 
PLACE_optlc_4623          TIEL_HVT        saed90nm_max_hvt 
PLACE_optlc_4624          TIEL_HVT        saed90nm_max_hvt 
PLACE_optlc_4625          TIEL_HVT        saed90nm_max_hvt 
PLACE_optlc_4626          TIEL_HVT        saed90nm_max_hvt 
PLACE_optlc_4627          TIEL_HVT        saed90nm_max_hvt 
PLACE_optlc_4628          TIEL_HVT        saed90nm_max_hvt 
PLACE_optlc_4629          TIEL_HVT        saed90nm_max_hvt 
PLACE_optlc_463           TIEL_HVT        saed90nm_max_hvt 
PLACE_optlc_4630          TIEL_HVT        saed90nm_max_hvt 
PLACE_optlc_4631          TIEL_HVT        saed90nm_max_hvt 
PLACE_optlc_4632          TIEL_HVT        saed90nm_max_hvt 
PLACE_optlc_4633          TIEL_HVT        saed90nm_max_hvt 
PLACE_optlc_4634          TIEL_HVT        saed90nm_max_hvt 
PLACE_optlc_4635          TIEL_HVT        saed90nm_max_hvt 
PLACE_optlc_4636          TIEL_HVT        saed90nm_max_hvt 
PLACE_optlc_4637          TIEL_HVT        saed90nm_max_hvt 
PLACE_optlc_4638          TIEL_HVT        saed90nm_max_hvt 
PLACE_optlc_4639          TIEL_HVT        saed90nm_max_hvt 
PLACE_optlc_464           TIEL_HVT        saed90nm_max_hvt 
PLACE_optlc_4640          TIEL_HVT        saed90nm_max_hvt 
PLACE_optlc_4641          TIEL_HVT        saed90nm_max_hvt 
PLACE_optlc_4642          TIEL_HVT        saed90nm_max_hvt 
PLACE_optlc_4643          TIEL_HVT        saed90nm_max_hvt 
PLACE_optlc_4644          TIEL_HVT        saed90nm_max_hvt 
PLACE_optlc_4645          TIEL_HVT        saed90nm_max_hvt 
PLACE_optlc_4646          TIEL_HVT        saed90nm_max_hvt 
PLACE_optlc_4647          TIEL_HVT        saed90nm_max_hvt 
PLACE_optlc_4648          TIEL_HVT        saed90nm_max_hvt 
PLACE_optlc_4649          TIEL_HVT        saed90nm_max_hvt 
PLACE_optlc_465           TIEL_HVT        saed90nm_max_hvt 
PLACE_optlc_4650          TIEL_HVT        saed90nm_max_hvt 
PLACE_optlc_4651          TIEL_HVT        saed90nm_max_hvt 
PLACE_optlc_4652          TIEL_HVT        saed90nm_max_hvt 
PLACE_optlc_4653          TIEL_HVT        saed90nm_max_hvt 
PLACE_optlc_4654          TIEL_HVT        saed90nm_max_hvt 
PLACE_optlc_4655          TIEL_HVT        saed90nm_max_hvt 
PLACE_optlc_4656          TIEL_HVT        saed90nm_max_hvt 
PLACE_optlc_4657          TIEL_HVT        saed90nm_max_hvt 
PLACE_optlc_4658          TIEL_HVT        saed90nm_max_hvt 
PLACE_optlc_4659          TIEL_HVT        saed90nm_max_hvt 
PLACE_optlc_466           TIEL_HVT        saed90nm_max_hvt 
PLACE_optlc_4660          TIEL_HVT        saed90nm_max_hvt 
PLACE_optlc_4661          TIEL_HVT        saed90nm_max_hvt 
PLACE_optlc_4662          TIEL_HVT        saed90nm_max_hvt 
PLACE_optlc_4663          TIEL_HVT        saed90nm_max_hvt 
PLACE_optlc_4664          TIEL_HVT        saed90nm_max_hvt 
PLACE_optlc_4665          TIEL_HVT        saed90nm_max_hvt 
PLACE_optlc_4666          TIEL_HVT        saed90nm_max_hvt 
PLACE_optlc_4667          TIEL_HVT        saed90nm_max_hvt 
PLACE_optlc_4668          TIEL_HVT        saed90nm_max_hvt 
PLACE_optlc_4669          TIEL_HVT        saed90nm_max_hvt 
PLACE_optlc_467           TIEL_HVT        saed90nm_max_hvt 
PLACE_optlc_4670          TIEL_HVT        saed90nm_max_hvt 
PLACE_optlc_4671          TIEL_HVT        saed90nm_max_hvt 
PLACE_optlc_4672          TIEL_HVT        saed90nm_max_hvt 
PLACE_optlc_4673          TIEL_HVT        saed90nm_max_hvt 
PLACE_optlc_4674          TIEL_HVT        saed90nm_max_hvt 
PLACE_optlc_4675          TIEL_HVT        saed90nm_max_hvt 
PLACE_optlc_4676          TIEL_HVT        saed90nm_max_hvt 
PLACE_optlc_4677          TIEL_HVT        saed90nm_max_hvt 
PLACE_optlc_4678          TIEL_HVT        saed90nm_max_hvt 
PLACE_optlc_4679          TIEL_HVT        saed90nm_max_hvt 
PLACE_optlc_468           TIEL_HVT        saed90nm_max_hvt 
PLACE_optlc_4680          TIEL_HVT        saed90nm_max_hvt 
PLACE_optlc_4681          TIEL_HVT        saed90nm_max_hvt 
PLACE_optlc_4682          TIEL_HVT        saed90nm_max_hvt 
PLACE_optlc_4683          TIEL_HVT        saed90nm_max_hvt 
PLACE_optlc_4684          TIEL_HVT        saed90nm_max_hvt 
PLACE_optlc_4685          TIEL_HVT        saed90nm_max_hvt 
PLACE_optlc_4686          TIEL_HVT        saed90nm_max_hvt 
PLACE_optlc_4687          TIEL_HVT        saed90nm_max_hvt 
PLACE_optlc_4688          TIEL_HVT        saed90nm_max_hvt 
PLACE_optlc_4689          TIEL_HVT        saed90nm_max_hvt 
PLACE_optlc_469           TIEL_HVT        saed90nm_max_hvt 
PLACE_optlc_4690          TIEL_HVT        saed90nm_max_hvt 
PLACE_optlc_4691          TIEL_HVT        saed90nm_max_hvt 
PLACE_optlc_4692          TIEL_HVT        saed90nm_max_hvt 
PLACE_optlc_4693          TIEL_HVT        saed90nm_max_hvt 
PLACE_optlc_4694          TIEL_HVT        saed90nm_max_hvt 
PLACE_optlc_4695          TIEL_HVT        saed90nm_max_hvt 
PLACE_optlc_4696          TIEL_HVT        saed90nm_max_hvt 
PLACE_optlc_4697          TIEL_HVT        saed90nm_max_hvt 
PLACE_optlc_4698          TIEL_HVT        saed90nm_max_hvt 
PLACE_optlc_4699          TIEL_HVT        saed90nm_max_hvt 
PLACE_optlc_47            TIEL_HVT        saed90nm_max_hvt 
PLACE_optlc_470           TIEL_HVT        saed90nm_max_hvt 
PLACE_optlc_4700          TIEL_HVT        saed90nm_max_hvt 
PLACE_optlc_4701          TIEL_HVT        saed90nm_max_hvt 
PLACE_optlc_4702          TIEL_HVT        saed90nm_max_hvt 
PLACE_optlc_4703          TIEL_HVT        saed90nm_max_hvt 
PLACE_optlc_4704          TIEL_HVT        saed90nm_max_hvt 
PLACE_optlc_4705          TIEL_HVT        saed90nm_max_hvt 
PLACE_optlc_4706          TIEL_HVT        saed90nm_max_hvt 
PLACE_optlc_4707          TIEL_HVT        saed90nm_max_hvt 
PLACE_optlc_4708          TIEL_HVT        saed90nm_max_hvt 
PLACE_optlc_4709          TIEL_HVT        saed90nm_max_hvt 
PLACE_optlc_471           TIEL_HVT        saed90nm_max_hvt 
PLACE_optlc_4710          TIEL_HVT        saed90nm_max_hvt 
PLACE_optlc_4711          TIEL_HVT        saed90nm_max_hvt 
PLACE_optlc_4712          TIEL_HVT        saed90nm_max_hvt 
PLACE_optlc_4713          TIEL_HVT        saed90nm_max_hvt 
PLACE_optlc_4714          TIEL_HVT        saed90nm_max_hvt 
PLACE_optlc_4715          TIEL_HVT        saed90nm_max_hvt 
PLACE_optlc_4716          TIEL_HVT        saed90nm_max_hvt 
PLACE_optlc_4717          TIEL_HVT        saed90nm_max_hvt 
PLACE_optlc_4718          TIEL_HVT        saed90nm_max_hvt 
PLACE_optlc_4719          TIEL_HVT        saed90nm_max_hvt 
PLACE_optlc_472           TIEL_HVT        saed90nm_max_hvt 
PLACE_optlc_4720          TIEL_HVT        saed90nm_max_hvt 
PLACE_optlc_4721          TIEL_HVT        saed90nm_max_hvt 
PLACE_optlc_4722          TIEL_HVT        saed90nm_max_hvt 
PLACE_optlc_4723          TIEL_HVT        saed90nm_max_hvt 
PLACE_optlc_4724          TIEL_HVT        saed90nm_max_hvt 
PLACE_optlc_4725          TIEL_HVT        saed90nm_max_hvt 
PLACE_optlc_4726          TIEL_HVT        saed90nm_max_hvt 
PLACE_optlc_4727          TIEL_HVT        saed90nm_max_hvt 
PLACE_optlc_4728          TIEL_HVT        saed90nm_max_hvt 
PLACE_optlc_4729          TIEL_HVT        saed90nm_max_hvt 
PLACE_optlc_473           TIEL_HVT        saed90nm_max_hvt 
PLACE_optlc_4730          TIEL_HVT        saed90nm_max_hvt 
PLACE_optlc_4731          TIEL_HVT        saed90nm_max_hvt 
PLACE_optlc_4732          TIEL_HVT        saed90nm_max_hvt 
PLACE_optlc_4733          TIEL_HVT        saed90nm_max_hvt 
PLACE_optlc_4734          TIEL_HVT        saed90nm_max_hvt 
PLACE_optlc_4735          TIEL_HVT        saed90nm_max_hvt 
PLACE_optlc_4736          TIEL_HVT        saed90nm_max_hvt 
PLACE_optlc_4737          TIEL_HVT        saed90nm_max_hvt 
PLACE_optlc_4738          TIEL_HVT        saed90nm_max_hvt 
PLACE_optlc_4739          TIEL_HVT        saed90nm_max_hvt 
PLACE_optlc_474           TIEL_HVT        saed90nm_max_hvt 
PLACE_optlc_4740          TIEL_HVT        saed90nm_max_hvt 
PLACE_optlc_4741          TIEL_HVT        saed90nm_max_hvt 
PLACE_optlc_4742          TIEL_HVT        saed90nm_max_hvt 
PLACE_optlc_4743          TIEL_HVT        saed90nm_max_hvt 
PLACE_optlc_4744          TIEL_HVT        saed90nm_max_hvt 
PLACE_optlc_4745          TIEL_HVT        saed90nm_max_hvt 
PLACE_optlc_4746          TIEL_HVT        saed90nm_max_hvt 
PLACE_optlc_4747          TIEL_HVT        saed90nm_max_hvt 
PLACE_optlc_4748          TIEL_HVT        saed90nm_max_hvt 
PLACE_optlc_4749          TIEL_HVT        saed90nm_max_hvt 
PLACE_optlc_475           TIEL_HVT        saed90nm_max_hvt 
PLACE_optlc_4750          TIEL_HVT        saed90nm_max_hvt 
PLACE_optlc_4751          TIEL_HVT        saed90nm_max_hvt 
PLACE_optlc_4752          TIEL_HVT        saed90nm_max_hvt 
PLACE_optlc_4753          TIEL_HVT        saed90nm_max_hvt 
PLACE_optlc_4754          TIEL_HVT        saed90nm_max_hvt 
PLACE_optlc_4755          TIEL_HVT        saed90nm_max_hvt 
PLACE_optlc_4756          TIEL_HVT        saed90nm_max_hvt 
PLACE_optlc_4757          TIEL_HVT        saed90nm_max_hvt 
PLACE_optlc_4758          TIEL_HVT        saed90nm_max_hvt 
PLACE_optlc_4759          TIEL_HVT        saed90nm_max_hvt 
PLACE_optlc_476           TIEL_HVT        saed90nm_max_hvt 
PLACE_optlc_4760          TIEL_HVT        saed90nm_max_hvt 
PLACE_optlc_4761          TIEL_HVT        saed90nm_max_hvt 
PLACE_optlc_4762          TIEL_HVT        saed90nm_max_hvt 
PLACE_optlc_4763          TIEL_HVT        saed90nm_max_hvt 
PLACE_optlc_4764          TIEL_HVT        saed90nm_max_hvt 
PLACE_optlc_4765          TIEL_HVT        saed90nm_max_hvt 
PLACE_optlc_4766          TIEL_HVT        saed90nm_max_hvt 
PLACE_optlc_4767          TIEL_HVT        saed90nm_max_hvt 
PLACE_optlc_4768          TIEL_HVT        saed90nm_max_hvt 
PLACE_optlc_4769          TIEL_HVT        saed90nm_max_hvt 
PLACE_optlc_477           TIEL_HVT        saed90nm_max_hvt 
PLACE_optlc_4770          TIEL_HVT        saed90nm_max_hvt 
PLACE_optlc_4771          TIEL_HVT        saed90nm_max_hvt 
PLACE_optlc_4772          TIEL_HVT        saed90nm_max_hvt 
PLACE_optlc_4773          TIEL_HVT        saed90nm_max_hvt 
PLACE_optlc_4774          TIEL_HVT        saed90nm_max_hvt 
PLACE_optlc_4775          TIEL_HVT        saed90nm_max_hvt 
PLACE_optlc_4776          TIEL_HVT        saed90nm_max_hvt 
PLACE_optlc_4777          TIEL_HVT        saed90nm_max_hvt 
PLACE_optlc_4778          TIEL_HVT        saed90nm_max_hvt 
PLACE_optlc_4779          TIEL_HVT        saed90nm_max_hvt 
PLACE_optlc_478           TIEL_HVT        saed90nm_max_hvt 
PLACE_optlc_4780          TIEL_HVT        saed90nm_max_hvt 
PLACE_optlc_4781          TIEL_HVT        saed90nm_max_hvt 
PLACE_optlc_4782          TIEL_HVT        saed90nm_max_hvt 
PLACE_optlc_4783          TIEL_HVT        saed90nm_max_hvt 
PLACE_optlc_4784          TIEL_HVT        saed90nm_max_hvt 
PLACE_optlc_4785          TIEL_HVT        saed90nm_max_hvt 
PLACE_optlc_4786          TIEL_HVT        saed90nm_max_hvt 
PLACE_optlc_4787          TIEL_HVT        saed90nm_max_hvt 
PLACE_optlc_4788          TIEL_HVT        saed90nm_max_hvt 
PLACE_optlc_4789          TIEL_HVT        saed90nm_max_hvt 
PLACE_optlc_479           TIEL_HVT        saed90nm_max_hvt 
PLACE_optlc_4790          TIEL_HVT        saed90nm_max_hvt 
PLACE_optlc_4791          TIEL_HVT        saed90nm_max_hvt 
PLACE_optlc_4792          TIEL_HVT        saed90nm_max_hvt 
PLACE_optlc_4793          TIEL_HVT        saed90nm_max_hvt 
PLACE_optlc_4794          TIEL_HVT        saed90nm_max_hvt 
PLACE_optlc_4795          TIEL_HVT        saed90nm_max_hvt 
PLACE_optlc_4796          TIEL_HVT        saed90nm_max_hvt 
PLACE_optlc_4797          TIEL_HVT        saed90nm_max_hvt 
PLACE_optlc_4798          TIEL_HVT        saed90nm_max_hvt 
PLACE_optlc_4799          TIEL_HVT        saed90nm_max_hvt 
PLACE_optlc_48            TIEL_HVT        saed90nm_max_hvt 
PLACE_optlc_480           TIEL_HVT        saed90nm_max_hvt 
PLACE_optlc_4800          TIEL_HVT        saed90nm_max_hvt 
PLACE_optlc_4801          TIEL_HVT        saed90nm_max_hvt 
PLACE_optlc_4802          TIEL_HVT        saed90nm_max_hvt 
PLACE_optlc_4803          TIEL_HVT        saed90nm_max_hvt 
PLACE_optlc_4804          TIEL_HVT        saed90nm_max_hvt 
PLACE_optlc_4805          TIEL_HVT        saed90nm_max_hvt 
PLACE_optlc_4806          TIEL_HVT        saed90nm_max_hvt 
PLACE_optlc_4807          TIEL_HVT        saed90nm_max_hvt 
PLACE_optlc_4808          TIEL_HVT        saed90nm_max_hvt 
PLACE_optlc_4809          TIEL_HVT        saed90nm_max_hvt 
PLACE_optlc_481           TIEL_HVT        saed90nm_max_hvt 
PLACE_optlc_4810          TIEL_HVT        saed90nm_max_hvt 
PLACE_optlc_4811          TIEL_HVT        saed90nm_max_hvt 
PLACE_optlc_4812          TIEL_HVT        saed90nm_max_hvt 
PLACE_optlc_4813          TIEL_HVT        saed90nm_max_hvt 
PLACE_optlc_4814          TIEL_HVT        saed90nm_max_hvt 
PLACE_optlc_4815          TIEL_HVT        saed90nm_max_hvt 
PLACE_optlc_4816          TIEL_HVT        saed90nm_max_hvt 
PLACE_optlc_4817          TIEL_HVT        saed90nm_max_hvt 
PLACE_optlc_4818          TIEL_HVT        saed90nm_max_hvt 
PLACE_optlc_4819          TIEL_HVT        saed90nm_max_hvt 
PLACE_optlc_482           TIEL_HVT        saed90nm_max_hvt 
PLACE_optlc_4820          TIEL_HVT        saed90nm_max_hvt 
PLACE_optlc_4821          TIEL_HVT        saed90nm_max_hvt 
PLACE_optlc_4822          TIEL_HVT        saed90nm_max_hvt 
PLACE_optlc_4823          TIEL_HVT        saed90nm_max_hvt 
PLACE_optlc_4824          TIEL_HVT        saed90nm_max_hvt 
PLACE_optlc_4825          TIEL_HVT        saed90nm_max_hvt 
PLACE_optlc_4826          TIEL_HVT        saed90nm_max_hvt 
PLACE_optlc_4827          TIEL_HVT        saed90nm_max_hvt 
PLACE_optlc_4828          TIEL_HVT        saed90nm_max_hvt 
PLACE_optlc_4829          TIEL_HVT        saed90nm_max_hvt 
PLACE_optlc_483           TIEL_HVT        saed90nm_max_hvt 
PLACE_optlc_4830          TIEL_HVT        saed90nm_max_hvt 
PLACE_optlc_4831          TIEL_HVT        saed90nm_max_hvt 
PLACE_optlc_4832          TIEL_HVT        saed90nm_max_hvt 
PLACE_optlc_4833          TIEL_HVT        saed90nm_max_hvt 
PLACE_optlc_4834          TIEL_HVT        saed90nm_max_hvt 
PLACE_optlc_4835          TIEL_HVT        saed90nm_max_hvt 
PLACE_optlc_4836          TIEL_HVT        saed90nm_max_hvt 
PLACE_optlc_4837          TIEL_HVT        saed90nm_max_hvt 
PLACE_optlc_4838          TIEL_HVT        saed90nm_max_hvt 
PLACE_optlc_4839          TIEL_HVT        saed90nm_max_hvt 
PLACE_optlc_484           TIEL_HVT        saed90nm_max_hvt 
PLACE_optlc_4840          TIEL_HVT        saed90nm_max_hvt 
PLACE_optlc_4841          TIEL_HVT        saed90nm_max_hvt 
PLACE_optlc_4842          TIEL_HVT        saed90nm_max_hvt 
PLACE_optlc_4843          TIEL_HVT        saed90nm_max_hvt 
PLACE_optlc_4844          TIEL_HVT        saed90nm_max_hvt 
PLACE_optlc_4845          TIEL_HVT        saed90nm_max_hvt 
PLACE_optlc_4846          TIEL_HVT        saed90nm_max_hvt 
PLACE_optlc_4847          TIEL_HVT        saed90nm_max_hvt 
PLACE_optlc_4848          TIEL_HVT        saed90nm_max_hvt 
PLACE_optlc_4849          TIEL_HVT        saed90nm_max_hvt 
PLACE_optlc_485           TIEL_HVT        saed90nm_max_hvt 
PLACE_optlc_4850          TIEL_HVT        saed90nm_max_hvt 
PLACE_optlc_4851          TIEL_HVT        saed90nm_max_hvt 
PLACE_optlc_4852          TIEL_HVT        saed90nm_max_hvt 
PLACE_optlc_4853          TIEL_HVT        saed90nm_max_hvt 
PLACE_optlc_4854          TIEL_HVT        saed90nm_max_hvt 
PLACE_optlc_4855          TIEL_HVT        saed90nm_max_hvt 
PLACE_optlc_4856          TIEL_HVT        saed90nm_max_hvt 
PLACE_optlc_4857          TIEL_HVT        saed90nm_max_hvt 
PLACE_optlc_4858          TIEL_HVT        saed90nm_max_hvt 
PLACE_optlc_4859          TIEL_HVT        saed90nm_max_hvt 
PLACE_optlc_486           TIEL_HVT        saed90nm_max_hvt 
PLACE_optlc_4860          TIEL_HVT        saed90nm_max_hvt 
PLACE_optlc_4861          TIEL_HVT        saed90nm_max_hvt 
PLACE_optlc_4862          TIEL_HVT        saed90nm_max_hvt 
PLACE_optlc_4863          TIEL_HVT        saed90nm_max_hvt 
PLACE_optlc_4864          TIEL_HVT        saed90nm_max_hvt 
PLACE_optlc_4865          TIEL_HVT        saed90nm_max_hvt 
PLACE_optlc_4866          TIEL_HVT        saed90nm_max_hvt 
PLACE_optlc_4867          TIEL_HVT        saed90nm_max_hvt 
PLACE_optlc_4868          TIEL_HVT        saed90nm_max_hvt 
PLACE_optlc_4869          TIEL_HVT        saed90nm_max_hvt 
PLACE_optlc_487           TIEL_HVT        saed90nm_max_hvt 
PLACE_optlc_4870          TIEL_HVT        saed90nm_max_hvt 
PLACE_optlc_4871          TIEL_HVT        saed90nm_max_hvt 
PLACE_optlc_4872          TIEL_HVT        saed90nm_max_hvt 
PLACE_optlc_4873          TIEL_HVT        saed90nm_max_hvt 
PLACE_optlc_4874          TIEL_HVT        saed90nm_max_hvt 
PLACE_optlc_4875          TIEL_HVT        saed90nm_max_hvt 
PLACE_optlc_4876          TIEL_HVT        saed90nm_max_hvt 
PLACE_optlc_4877          TIEL_HVT        saed90nm_max_hvt 
PLACE_optlc_4878          TIEL_HVT        saed90nm_max_hvt 
PLACE_optlc_4879          TIEL_HVT        saed90nm_max_hvt 
PLACE_optlc_488           TIEL_HVT        saed90nm_max_hvt 
PLACE_optlc_4880          TIEL_HVT        saed90nm_max_hvt 
PLACE_optlc_4881          TIEL_HVT        saed90nm_max_hvt 
PLACE_optlc_4882          TIEL_HVT        saed90nm_max_hvt 
PLACE_optlc_4883          TIEL_HVT        saed90nm_max_hvt 
PLACE_optlc_4884          TIEL_HVT        saed90nm_max_hvt 
PLACE_optlc_4885          TIEL_HVT        saed90nm_max_hvt 
PLACE_optlc_4886          TIEL_HVT        saed90nm_max_hvt 
PLACE_optlc_4887          TIEL_HVT        saed90nm_max_hvt 
PLACE_optlc_4888          TIEL_HVT        saed90nm_max_hvt 
PLACE_optlc_4889          TIEL_HVT        saed90nm_max_hvt 
PLACE_optlc_489           TIEL_HVT        saed90nm_max_hvt 
PLACE_optlc_4890          TIEL_HVT        saed90nm_max_hvt 
PLACE_optlc_4891          TIEL_HVT        saed90nm_max_hvt 
PLACE_optlc_4892          TIEL_HVT        saed90nm_max_hvt 
PLACE_optlc_4893          TIEL_HVT        saed90nm_max_hvt 
PLACE_optlc_4894          TIEL_HVT        saed90nm_max_hvt 
PLACE_optlc_4895          TIEL_HVT        saed90nm_max_hvt 
PLACE_optlc_4896          TIEL_HVT        saed90nm_max_hvt 
PLACE_optlc_4897          TIEL_HVT        saed90nm_max_hvt 
PLACE_optlc_4898          TIEL_HVT        saed90nm_max_hvt 
PLACE_optlc_4899          TIEL_HVT        saed90nm_max_hvt 
PLACE_optlc_49            TIEL_HVT        saed90nm_max_hvt 
PLACE_optlc_490           TIEL_HVT        saed90nm_max_hvt 
PLACE_optlc_4900          TIEL_HVT        saed90nm_max_hvt 
PLACE_optlc_4901          TIEL_HVT        saed90nm_max_hvt 
PLACE_optlc_4902          TIEL_HVT        saed90nm_max_hvt 
PLACE_optlc_4903          TIEL_HVT        saed90nm_max_hvt 
PLACE_optlc_4904          TIEL_HVT        saed90nm_max_hvt 
PLACE_optlc_4905          TIEL_HVT        saed90nm_max_hvt 
PLACE_optlc_4906          TIEL_HVT        saed90nm_max_hvt 
PLACE_optlc_4907          TIEL_HVT        saed90nm_max_hvt 
PLACE_optlc_4908          TIEL_HVT        saed90nm_max_hvt 
PLACE_optlc_4909          TIEL_HVT        saed90nm_max_hvt 
PLACE_optlc_491           TIEL_HVT        saed90nm_max_hvt 
PLACE_optlc_4910          TIEL_HVT        saed90nm_max_hvt 
PLACE_optlc_4911          TIEL_HVT        saed90nm_max_hvt 
PLACE_optlc_4912          TIEL_HVT        saed90nm_max_hvt 
PLACE_optlc_4913          TIEL_HVT        saed90nm_max_hvt 
PLACE_optlc_4914          TIEL_HVT        saed90nm_max_hvt 
PLACE_optlc_4915          TIEL_HVT        saed90nm_max_hvt 
PLACE_optlc_4916          TIEL_HVT        saed90nm_max_hvt 
PLACE_optlc_4917          TIEL_HVT        saed90nm_max_hvt 
PLACE_optlc_4918          TIEL_HVT        saed90nm_max_hvt 
PLACE_optlc_4919          TIEL_HVT        saed90nm_max_hvt 
PLACE_optlc_492           TIEL_HVT        saed90nm_max_hvt 
PLACE_optlc_4920          TIEL_HVT        saed90nm_max_hvt 
PLACE_optlc_4921          TIEL_HVT        saed90nm_max_hvt 
PLACE_optlc_4922          TIEL_HVT        saed90nm_max_hvt 
PLACE_optlc_4923          TIEL_HVT        saed90nm_max_hvt 
PLACE_optlc_4924          TIEL_HVT        saed90nm_max_hvt 
PLACE_optlc_4925          TIEL_HVT        saed90nm_max_hvt 
PLACE_optlc_4926          TIEL_HVT        saed90nm_max_hvt 
PLACE_optlc_4927          TIEL_HVT        saed90nm_max_hvt 
PLACE_optlc_4928          TIEL_HVT        saed90nm_max_hvt 
PLACE_optlc_4929          TIEL_HVT        saed90nm_max_hvt 
PLACE_optlc_493           TIEL_HVT        saed90nm_max_hvt 
PLACE_optlc_4930          TIEL_HVT        saed90nm_max_hvt 
PLACE_optlc_4931          TIEL_HVT        saed90nm_max_hvt 
PLACE_optlc_4932          TIEL_HVT        saed90nm_max_hvt 
PLACE_optlc_4933          TIEL_HVT        saed90nm_max_hvt 
PLACE_optlc_4934          TIEL_HVT        saed90nm_max_hvt 
PLACE_optlc_4935          TIEL_HVT        saed90nm_max_hvt 
PLACE_optlc_4936          TIEL_HVT        saed90nm_max_hvt 
PLACE_optlc_4937          TIEL_HVT        saed90nm_max_hvt 
PLACE_optlc_4938          TIEL_HVT        saed90nm_max_hvt 
PLACE_optlc_4939          TIEL_HVT        saed90nm_max_hvt 
PLACE_optlc_494           TIEL_HVT        saed90nm_max_hvt 
PLACE_optlc_4940          TIEL_HVT        saed90nm_max_hvt 
PLACE_optlc_4941          TIEL_HVT        saed90nm_max_hvt 
PLACE_optlc_4942          TIEL_HVT        saed90nm_max_hvt 
PLACE_optlc_4943          TIEL_HVT        saed90nm_max_hvt 
PLACE_optlc_4944          TIEL_HVT        saed90nm_max_hvt 
PLACE_optlc_4945          TIEL_HVT        saed90nm_max_hvt 
PLACE_optlc_4946          TIEL_HVT        saed90nm_max_hvt 
PLACE_optlc_4947          TIEL_HVT        saed90nm_max_hvt 
PLACE_optlc_4948          TIEL_HVT        saed90nm_max_hvt 
PLACE_optlc_4949          TIEL_HVT        saed90nm_max_hvt 
PLACE_optlc_495           TIEL_HVT        saed90nm_max_hvt 
PLACE_optlc_4950          TIEL_HVT        saed90nm_max_hvt 
PLACE_optlc_4951          TIEL_HVT        saed90nm_max_hvt 
PLACE_optlc_4952          TIEL_HVT        saed90nm_max_hvt 
PLACE_optlc_4953          TIEL_HVT        saed90nm_max_hvt 
PLACE_optlc_4954          TIEL_HVT        saed90nm_max_hvt 
PLACE_optlc_4955          TIEL_HVT        saed90nm_max_hvt 
PLACE_optlc_4956          TIEL_HVT        saed90nm_max_hvt 
PLACE_optlc_4957          TIEL_HVT        saed90nm_max_hvt 
PLACE_optlc_4958          TIEL_HVT        saed90nm_max_hvt 
PLACE_optlc_4959          TIEL_HVT        saed90nm_max_hvt 
PLACE_optlc_496           TIEL_HVT        saed90nm_max_hvt 
PLACE_optlc_4960          TIEL_HVT        saed90nm_max_hvt 
PLACE_optlc_4961          TIEL_HVT        saed90nm_max_hvt 
PLACE_optlc_4962          TIEL_HVT        saed90nm_max_hvt 
PLACE_optlc_4963          TIEL_HVT        saed90nm_max_hvt 
PLACE_optlc_4964          TIEL_HVT        saed90nm_max_hvt 
PLACE_optlc_4965          TIEL_HVT        saed90nm_max_hvt 
PLACE_optlc_4966          TIEL_HVT        saed90nm_max_hvt 
PLACE_optlc_4967          TIEL_HVT        saed90nm_max_hvt 
PLACE_optlc_4968          TIEL_HVT        saed90nm_max_hvt 
PLACE_optlc_4969          TIEL_HVT        saed90nm_max_hvt 
PLACE_optlc_497           TIEL_HVT        saed90nm_max_hvt 
PLACE_optlc_4970          TIEL_HVT        saed90nm_max_hvt 
PLACE_optlc_4971          TIEL_HVT        saed90nm_max_hvt 
PLACE_optlc_4972          TIEL_HVT        saed90nm_max_hvt 
PLACE_optlc_4973          TIEL_HVT        saed90nm_max_hvt 
PLACE_optlc_4974          TIEL_HVT        saed90nm_max_hvt 
PLACE_optlc_4975          TIEL_HVT        saed90nm_max_hvt 
PLACE_optlc_4976          TIEL_HVT        saed90nm_max_hvt 
PLACE_optlc_4977          TIEL_HVT        saed90nm_max_hvt 
PLACE_optlc_4978          TIEL_HVT        saed90nm_max_hvt 
PLACE_optlc_4979          TIEL_HVT        saed90nm_max_hvt 
PLACE_optlc_498           TIEL_HVT        saed90nm_max_hvt 
PLACE_optlc_4980          TIEL_HVT        saed90nm_max_hvt 
PLACE_optlc_4981          TIEL_HVT        saed90nm_max_hvt 
PLACE_optlc_4982          TIEL_HVT        saed90nm_max_hvt 
PLACE_optlc_4983          TIEL_HVT        saed90nm_max_hvt 
PLACE_optlc_4984          TIEL_HVT        saed90nm_max_hvt 
PLACE_optlc_4985          TIEL_HVT        saed90nm_max_hvt 
PLACE_optlc_4986          TIEL_HVT        saed90nm_max_hvt 
PLACE_optlc_4987          TIEL_HVT        saed90nm_max_hvt 
PLACE_optlc_4988          TIEL_HVT        saed90nm_max_hvt 
PLACE_optlc_4989          TIEL_HVT        saed90nm_max_hvt 
PLACE_optlc_499           TIEL_HVT        saed90nm_max_hvt 
PLACE_optlc_4990          TIEL_HVT        saed90nm_max_hvt 
PLACE_optlc_4991          TIEL_HVT        saed90nm_max_hvt 
PLACE_optlc_4992          TIEL_HVT        saed90nm_max_hvt 
PLACE_optlc_4993          TIEL_HVT        saed90nm_max_hvt 
PLACE_optlc_4994          TIEL_HVT        saed90nm_max_hvt 
PLACE_optlc_4995          TIEL_HVT        saed90nm_max_hvt 
PLACE_optlc_4996          TIEL_HVT        saed90nm_max_hvt 
PLACE_optlc_4997          TIEL_HVT        saed90nm_max_hvt 
PLACE_optlc_4998          TIEL_HVT        saed90nm_max_hvt 
PLACE_optlc_4999          TIEL_HVT        saed90nm_max_hvt 
PLACE_optlc_50            TIEL_HVT        saed90nm_max_hvt 
PLACE_optlc_500           TIEL_HVT        saed90nm_max_hvt 
PLACE_optlc_5000          TIEL_HVT        saed90nm_max_hvt 
PLACE_optlc_5001          TIEL_HVT        saed90nm_max_hvt 
PLACE_optlc_5002          TIEL_HVT        saed90nm_max_hvt 
PLACE_optlc_5003          TIEL_HVT        saed90nm_max_hvt 
PLACE_optlc_5004          TIEL_HVT        saed90nm_max_hvt 
PLACE_optlc_5005          TIEL_HVT        saed90nm_max_hvt 
PLACE_optlc_5006          TIEL_HVT        saed90nm_max_hvt 
PLACE_optlc_5007          TIEL_HVT        saed90nm_max_hvt 
PLACE_optlc_5008          TIEL_HVT        saed90nm_max_hvt 
PLACE_optlc_5009          TIEL_HVT        saed90nm_max_hvt 
PLACE_optlc_501           TIEL_HVT        saed90nm_max_hvt 
PLACE_optlc_5010          TIEL_HVT        saed90nm_max_hvt 
PLACE_optlc_5011          TIEL_HVT        saed90nm_max_hvt 
PLACE_optlc_5012          TIEL_HVT        saed90nm_max_hvt 
PLACE_optlc_5013          TIEL_HVT        saed90nm_max_hvt 
PLACE_optlc_5014          TIEL_HVT        saed90nm_max_hvt 
PLACE_optlc_5015          TIEL_HVT        saed90nm_max_hvt 
PLACE_optlc_5016          TIEL_HVT        saed90nm_max_hvt 
PLACE_optlc_5017          TIEL_HVT        saed90nm_max_hvt 
PLACE_optlc_5018          TIEL_HVT        saed90nm_max_hvt 
PLACE_optlc_5019          TIEL_HVT        saed90nm_max_hvt 
PLACE_optlc_502           TIEL_HVT        saed90nm_max_hvt 
PLACE_optlc_5020          TIEL_HVT        saed90nm_max_hvt 
PLACE_optlc_5021          TIEL_HVT        saed90nm_max_hvt 
PLACE_optlc_5022          TIEL_HVT        saed90nm_max_hvt 
PLACE_optlc_5023          TIEL_HVT        saed90nm_max_hvt 
PLACE_optlc_5024          TIEL_HVT        saed90nm_max_hvt 
PLACE_optlc_5025          TIEL_HVT        saed90nm_max_hvt 
PLACE_optlc_5026          TIEL_HVT        saed90nm_max_hvt 
PLACE_optlc_5027          TIEL_HVT        saed90nm_max_hvt 
PLACE_optlc_5028          TIEL_HVT        saed90nm_max_hvt 
PLACE_optlc_5029          TIEL_HVT        saed90nm_max_hvt 
PLACE_optlc_503           TIEL_HVT        saed90nm_max_hvt 
PLACE_optlc_5030          TIEL_HVT        saed90nm_max_hvt 
PLACE_optlc_5031          TIEL_HVT        saed90nm_max_hvt 
PLACE_optlc_5032          TIEL_HVT        saed90nm_max_hvt 
PLACE_optlc_5033          TIEL_HVT        saed90nm_max_hvt 
PLACE_optlc_5034          TIEL_HVT        saed90nm_max_hvt 
PLACE_optlc_5035          TIEL_HVT        saed90nm_max_hvt 
PLACE_optlc_5036          TIEL_HVT        saed90nm_max_hvt 
PLACE_optlc_5037          TIEL_HVT        saed90nm_max_hvt 
PLACE_optlc_5038          TIEL_HVT        saed90nm_max_hvt 
PLACE_optlc_5039          TIEL_HVT        saed90nm_max_hvt 
PLACE_optlc_504           TIEL_HVT        saed90nm_max_hvt 
PLACE_optlc_5040          TIEL_HVT        saed90nm_max_hvt 
PLACE_optlc_5041          TIEL_HVT        saed90nm_max_hvt 
PLACE_optlc_5042          TIEL_HVT        saed90nm_max_hvt 
PLACE_optlc_5043          TIEL_HVT        saed90nm_max_hvt 
PLACE_optlc_5044          TIEL_HVT        saed90nm_max_hvt 
PLACE_optlc_5045          TIEL_HVT        saed90nm_max_hvt 
PLACE_optlc_5046          TIEL_HVT        saed90nm_max_hvt 
PLACE_optlc_5047          TIEL_HVT        saed90nm_max_hvt 
PLACE_optlc_5048          TIEL_HVT        saed90nm_max_hvt 
PLACE_optlc_5049          TIEL_HVT        saed90nm_max_hvt 
PLACE_optlc_505           TIEL_HVT        saed90nm_max_hvt 
PLACE_optlc_5050          TIEL_HVT        saed90nm_max_hvt 
PLACE_optlc_5051          TIEL_HVT        saed90nm_max_hvt 
PLACE_optlc_5052          TIEL_HVT        saed90nm_max_hvt 
PLACE_optlc_5053          TIEL_HVT        saed90nm_max_hvt 
PLACE_optlc_5054          TIEL_HVT        saed90nm_max_hvt 
PLACE_optlc_5055          TIEL_HVT        saed90nm_max_hvt 
PLACE_optlc_5056          TIEL_HVT        saed90nm_max_hvt 
PLACE_optlc_5057          TIEL_HVT        saed90nm_max_hvt 
PLACE_optlc_5058          TIEL_HVT        saed90nm_max_hvt 
PLACE_optlc_5059          TIEL_HVT        saed90nm_max_hvt 
PLACE_optlc_506           TIEL_HVT        saed90nm_max_hvt 
PLACE_optlc_5060          TIEL_HVT        saed90nm_max_hvt 
PLACE_optlc_5061          TIEL_HVT        saed90nm_max_hvt 
PLACE_optlc_5062          TIEL_HVT        saed90nm_max_hvt 
PLACE_optlc_5063          TIEL_HVT        saed90nm_max_hvt 
PLACE_optlc_5064          TIEL_HVT        saed90nm_max_hvt 
PLACE_optlc_5065          TIEL_HVT        saed90nm_max_hvt 
PLACE_optlc_5066          TIEL_HVT        saed90nm_max_hvt 
PLACE_optlc_5067          TIEL_HVT        saed90nm_max_hvt 
PLACE_optlc_5068          TIEL_HVT        saed90nm_max_hvt 
PLACE_optlc_5069          TIEL_HVT        saed90nm_max_hvt 
PLACE_optlc_507           TIEL_HVT        saed90nm_max_hvt 
PLACE_optlc_5070          TIEL_HVT        saed90nm_max_hvt 
PLACE_optlc_5071          TIEL_HVT        saed90nm_max_hvt 
PLACE_optlc_5072          TIEL_HVT        saed90nm_max_hvt 
PLACE_optlc_5073          TIEL_HVT        saed90nm_max_hvt 
PLACE_optlc_5074          TIEL_HVT        saed90nm_max_hvt 
PLACE_optlc_5075          TIEL_HVT        saed90nm_max_hvt 
PLACE_optlc_5076          TIEL_HVT        saed90nm_max_hvt 
PLACE_optlc_5077          TIEL_HVT        saed90nm_max_hvt 
PLACE_optlc_5078          TIEL_HVT        saed90nm_max_hvt 
PLACE_optlc_5079          TIEL_HVT        saed90nm_max_hvt 
PLACE_optlc_508           TIEL_HVT        saed90nm_max_hvt 
PLACE_optlc_5080          TIEL_HVT        saed90nm_max_hvt 
PLACE_optlc_5081          TIEL_HVT        saed90nm_max_hvt 
PLACE_optlc_5082          TIEL_HVT        saed90nm_max_hvt 
PLACE_optlc_5083          TIEL_HVT        saed90nm_max_hvt 
PLACE_optlc_5084          TIEL_HVT        saed90nm_max_hvt 
PLACE_optlc_5085          TIEL_HVT        saed90nm_max_hvt 
PLACE_optlc_5086          TIEL_HVT        saed90nm_max_hvt 
PLACE_optlc_5087          TIEL_HVT        saed90nm_max_hvt 
PLACE_optlc_5088          TIEL_HVT        saed90nm_max_hvt 
PLACE_optlc_5089          TIEL_HVT        saed90nm_max_hvt 
PLACE_optlc_509           TIEL_HVT        saed90nm_max_hvt 
PLACE_optlc_5090          TIEL_HVT        saed90nm_max_hvt 
PLACE_optlc_5091          TIEL_HVT        saed90nm_max_hvt 
PLACE_optlc_5092          TIEL_HVT        saed90nm_max_hvt 
PLACE_optlc_5093          TIEL_HVT        saed90nm_max_hvt 
PLACE_optlc_5094          TIEL_HVT        saed90nm_max_hvt 
PLACE_optlc_5095          TIEL_HVT        saed90nm_max_hvt 
PLACE_optlc_5096          TIEL_HVT        saed90nm_max_hvt 
PLACE_optlc_5097          TIEL_HVT        saed90nm_max_hvt 
PLACE_optlc_5098          TIEL_HVT        saed90nm_max_hvt 
PLACE_optlc_5099          TIEL_HVT        saed90nm_max_hvt 
PLACE_optlc_51            TIEL_HVT        saed90nm_max_hvt 
PLACE_optlc_510           TIEL_HVT        saed90nm_max_hvt 
PLACE_optlc_5100          TIEL_HVT        saed90nm_max_hvt 
PLACE_optlc_5101          TIEL_HVT        saed90nm_max_hvt 
PLACE_optlc_5102          TIEL_HVT        saed90nm_max_hvt 
PLACE_optlc_5103          TIEL_HVT        saed90nm_max_hvt 
PLACE_optlc_5104          TIEL_HVT        saed90nm_max_hvt 
PLACE_optlc_5105          TIEL_HVT        saed90nm_max_hvt 
PLACE_optlc_5106          TIEL_HVT        saed90nm_max_hvt 
PLACE_optlc_5107          TIEL_HVT        saed90nm_max_hvt 
PLACE_optlc_5108          TIEL_HVT        saed90nm_max_hvt 
PLACE_optlc_5109          TIEL_HVT        saed90nm_max_hvt 
PLACE_optlc_511           TIEL_HVT        saed90nm_max_hvt 
PLACE_optlc_5110          TIEL_HVT        saed90nm_max_hvt 
PLACE_optlc_5111          TIEL_HVT        saed90nm_max_hvt 
PLACE_optlc_5112          TIEL_HVT        saed90nm_max_hvt 
PLACE_optlc_5113          TIEL_HVT        saed90nm_max_hvt 
PLACE_optlc_5114          TIEL_HVT        saed90nm_max_hvt 
PLACE_optlc_5115          TIEL_HVT        saed90nm_max_hvt 
PLACE_optlc_5116          TIEL_HVT        saed90nm_max_hvt 
PLACE_optlc_5117          TIEL_HVT        saed90nm_max_hvt 
PLACE_optlc_5118          TIEL_HVT        saed90nm_max_hvt 
PLACE_optlc_5119          TIEL_HVT        saed90nm_max_hvt 
PLACE_optlc_512           TIEL_HVT        saed90nm_max_hvt 
PLACE_optlc_5120          TIEL_HVT        saed90nm_max_hvt 
PLACE_optlc_5121          TIEL_HVT        saed90nm_max_hvt 
PLACE_optlc_5122          TIEL_HVT        saed90nm_max_hvt 
PLACE_optlc_5123          TIEL_HVT        saed90nm_max_hvt 
PLACE_optlc_5124          TIEL_HVT        saed90nm_max_hvt 
PLACE_optlc_5125          TIEL_HVT        saed90nm_max_hvt 
PLACE_optlc_5126          TIEL_HVT        saed90nm_max_hvt 
PLACE_optlc_5127          TIEL_HVT        saed90nm_max_hvt 
PLACE_optlc_5128          TIEL_HVT        saed90nm_max_hvt 
PLACE_optlc_5129          TIEL_HVT        saed90nm_max_hvt 
PLACE_optlc_513           TIEL_HVT        saed90nm_max_hvt 
PLACE_optlc_5130          TIEL_HVT        saed90nm_max_hvt 
PLACE_optlc_5131          TIEL_HVT        saed90nm_max_hvt 
PLACE_optlc_5132          TIEL_HVT        saed90nm_max_hvt 
PLACE_optlc_5133          TIEL_HVT        saed90nm_max_hvt 
PLACE_optlc_5134          TIEL_HVT        saed90nm_max_hvt 
PLACE_optlc_5135          TIEL_HVT        saed90nm_max_hvt 
PLACE_optlc_5136          TIEL_HVT        saed90nm_max_hvt 
PLACE_optlc_5137          TIEL_HVT        saed90nm_max_hvt 
PLACE_optlc_5138          TIEL_HVT        saed90nm_max_hvt 
PLACE_optlc_5139          TIEL_HVT        saed90nm_max_hvt 
PLACE_optlc_514           TIEL_HVT        saed90nm_max_hvt 
PLACE_optlc_5140          TIEL_HVT        saed90nm_max_hvt 
PLACE_optlc_5141          TIEL_HVT        saed90nm_max_hvt 
PLACE_optlc_5142          TIEL_HVT        saed90nm_max_hvt 
PLACE_optlc_5143          TIEL_HVT        saed90nm_max_hvt 
PLACE_optlc_5144          TIEL_HVT        saed90nm_max_hvt 
PLACE_optlc_5145          TIEL_HVT        saed90nm_max_hvt 
PLACE_optlc_5146          TIEL_HVT        saed90nm_max_hvt 
PLACE_optlc_5147          TIEL_HVT        saed90nm_max_hvt 
PLACE_optlc_5148          TIEL_HVT        saed90nm_max_hvt 
PLACE_optlc_5149          TIEL_HVT        saed90nm_max_hvt 
PLACE_optlc_515           TIEL_HVT        saed90nm_max_hvt 
PLACE_optlc_5150          TIEL_HVT        saed90nm_max_hvt 
PLACE_optlc_5151          TIEL_HVT        saed90nm_max_hvt 
PLACE_optlc_5152          TIEL_HVT        saed90nm_max_hvt 
PLACE_optlc_5153          TIEL_HVT        saed90nm_max_hvt 
PLACE_optlc_5154          TIEL_HVT        saed90nm_max_hvt 
PLACE_optlc_5155          TIEL_HVT        saed90nm_max_hvt 
PLACE_optlc_5156          TIEL_HVT        saed90nm_max_hvt 
PLACE_optlc_5157          TIEL_HVT        saed90nm_max_hvt 
PLACE_optlc_5158          TIEL_HVT        saed90nm_max_hvt 
PLACE_optlc_5159          TIEL_HVT        saed90nm_max_hvt 
PLACE_optlc_516           TIEL_HVT        saed90nm_max_hvt 
PLACE_optlc_5160          TIEL_HVT        saed90nm_max_hvt 
PLACE_optlc_5161          TIEL_HVT        saed90nm_max_hvt 
PLACE_optlc_5162          TIEL_HVT        saed90nm_max_hvt 
PLACE_optlc_5163          TIEL_HVT        saed90nm_max_hvt 
PLACE_optlc_5164          TIEL_HVT        saed90nm_max_hvt 
PLACE_optlc_5165          TIEL_HVT        saed90nm_max_hvt 
PLACE_optlc_5166          TIEL_HVT        saed90nm_max_hvt 
PLACE_optlc_5167          TIEL_HVT        saed90nm_max_hvt 
PLACE_optlc_5168          TIEL_HVT        saed90nm_max_hvt 
PLACE_optlc_5169          TIEL_HVT        saed90nm_max_hvt 
PLACE_optlc_517           TIEL_HVT        saed90nm_max_hvt 
PLACE_optlc_5170          TIEL_HVT        saed90nm_max_hvt 
PLACE_optlc_5171          TIEL_HVT        saed90nm_max_hvt 
PLACE_optlc_5172          TIEL_HVT        saed90nm_max_hvt 
PLACE_optlc_5173          TIEL_HVT        saed90nm_max_hvt 
PLACE_optlc_5174          TIEL_HVT        saed90nm_max_hvt 
PLACE_optlc_5175          TIEL_HVT        saed90nm_max_hvt 
PLACE_optlc_5176          TIEL_HVT        saed90nm_max_hvt 
PLACE_optlc_5177          TIEL_HVT        saed90nm_max_hvt 
PLACE_optlc_5178          TIEL_HVT        saed90nm_max_hvt 
PLACE_optlc_5179          TIEL_HVT        saed90nm_max_hvt 
PLACE_optlc_518           TIEL_HVT        saed90nm_max_hvt 
PLACE_optlc_5180          TIEL_HVT        saed90nm_max_hvt 
PLACE_optlc_5181          TIEL_HVT        saed90nm_max_hvt 
PLACE_optlc_5182          TIEL_HVT        saed90nm_max_hvt 
PLACE_optlc_5183          TIEL_HVT        saed90nm_max_hvt 
PLACE_optlc_5184          TIEL_HVT        saed90nm_max_hvt 
PLACE_optlc_5185          TIEL_HVT        saed90nm_max_hvt 
PLACE_optlc_5186          TIEL_HVT        saed90nm_max_hvt 
PLACE_optlc_5187          TIEL_HVT        saed90nm_max_hvt 
PLACE_optlc_5188          TIEL_HVT        saed90nm_max_hvt 
PLACE_optlc_5189          TIEL_HVT        saed90nm_max_hvt 
PLACE_optlc_519           TIEL_HVT        saed90nm_max_hvt 
PLACE_optlc_5190          TIEL_HVT        saed90nm_max_hvt 
PLACE_optlc_5191          TIEL_HVT        saed90nm_max_hvt 
PLACE_optlc_5192          TIEL_HVT        saed90nm_max_hvt 
PLACE_optlc_5193          TIEL_HVT        saed90nm_max_hvt 
PLACE_optlc_5194          TIEL_HVT        saed90nm_max_hvt 
PLACE_optlc_5195          TIEL_HVT        saed90nm_max_hvt 
PLACE_optlc_5196          TIEL_HVT        saed90nm_max_hvt 
PLACE_optlc_5197          TIEL_HVT        saed90nm_max_hvt 
PLACE_optlc_5198          TIEL_HVT        saed90nm_max_hvt 
PLACE_optlc_5199          TIEL_HVT        saed90nm_max_hvt 
PLACE_optlc_52            TIEL_HVT        saed90nm_max_hvt 
PLACE_optlc_520           TIEL_HVT        saed90nm_max_hvt 
PLACE_optlc_5200          TIEL_HVT        saed90nm_max_hvt 
PLACE_optlc_5201          TIEL_HVT        saed90nm_max_hvt 
PLACE_optlc_5202          TIEL_HVT        saed90nm_max_hvt 
PLACE_optlc_5203          TIEL_HVT        saed90nm_max_hvt 
PLACE_optlc_5204          TIEL_HVT        saed90nm_max_hvt 
PLACE_optlc_5205          TIEL_HVT        saed90nm_max_hvt 
PLACE_optlc_5206          TIEL_HVT        saed90nm_max_hvt 
PLACE_optlc_5207          TIEL_HVT        saed90nm_max_hvt 
PLACE_optlc_5208          TIEL_HVT        saed90nm_max_hvt 
PLACE_optlc_5209          TIEL_HVT        saed90nm_max_hvt 
PLACE_optlc_521           TIEL_HVT        saed90nm_max_hvt 
PLACE_optlc_5210          TIEL_HVT        saed90nm_max_hvt 
PLACE_optlc_5211          TIEL_HVT        saed90nm_max_hvt 
PLACE_optlc_5212          TIEL_HVT        saed90nm_max_hvt 
PLACE_optlc_5213          TIEL_HVT        saed90nm_max_hvt 
PLACE_optlc_5214          TIEL_HVT        saed90nm_max_hvt 
PLACE_optlc_5215          TIEL_HVT        saed90nm_max_hvt 
PLACE_optlc_5216          TIEL_HVT        saed90nm_max_hvt 
PLACE_optlc_5217          TIEL_HVT        saed90nm_max_hvt 
PLACE_optlc_5218          TIEL_HVT        saed90nm_max_hvt 
PLACE_optlc_5219          TIEL_HVT        saed90nm_max_hvt 
PLACE_optlc_522           TIEL_HVT        saed90nm_max_hvt 
PLACE_optlc_5220          TIEL_HVT        saed90nm_max_hvt 
PLACE_optlc_5221          TIEL_HVT        saed90nm_max_hvt 
PLACE_optlc_5222          TIEL_HVT        saed90nm_max_hvt 
PLACE_optlc_5223          TIEL_HVT        saed90nm_max_hvt 
PLACE_optlc_5224          TIEL_HVT        saed90nm_max_hvt 
PLACE_optlc_5225          TIEL_HVT        saed90nm_max_hvt 
PLACE_optlc_5226          TIEL_HVT        saed90nm_max_hvt 
PLACE_optlc_5227          TIEL_HVT        saed90nm_max_hvt 
PLACE_optlc_5228          TIEL_HVT        saed90nm_max_hvt 
PLACE_optlc_5229          TIEL_HVT        saed90nm_max_hvt 
PLACE_optlc_523           TIEL_HVT        saed90nm_max_hvt 
PLACE_optlc_5230          TIEL_HVT        saed90nm_max_hvt 
PLACE_optlc_5231          TIEL_HVT        saed90nm_max_hvt 
PLACE_optlc_5232          TIEL_HVT        saed90nm_max_hvt 
PLACE_optlc_5233          TIEL_HVT        saed90nm_max_hvt 
PLACE_optlc_5234          TIEL_HVT        saed90nm_max_hvt 
PLACE_optlc_5235          TIEL_HVT        saed90nm_max_hvt 
PLACE_optlc_5236          TIEL_HVT        saed90nm_max_hvt 
PLACE_optlc_5237          TIEL_HVT        saed90nm_max_hvt 
PLACE_optlc_5238          TIEL_HVT        saed90nm_max_hvt 
PLACE_optlc_5239          TIEL_HVT        saed90nm_max_hvt 
PLACE_optlc_524           TIEL_HVT        saed90nm_max_hvt 
PLACE_optlc_5240          TIEL_HVT        saed90nm_max_hvt 
PLACE_optlc_5241          TIEL_HVT        saed90nm_max_hvt 
PLACE_optlc_5242          TIEL_HVT        saed90nm_max_hvt 
PLACE_optlc_5243          TIEL_HVT        saed90nm_max_hvt 
PLACE_optlc_5244          TIEL_HVT        saed90nm_max_hvt 
PLACE_optlc_5245          TIEL_HVT        saed90nm_max_hvt 
PLACE_optlc_5246          TIEL_HVT        saed90nm_max_hvt 
PLACE_optlc_5247          TIEL_HVT        saed90nm_max_hvt 
PLACE_optlc_5248          TIEL_HVT        saed90nm_max_hvt 
PLACE_optlc_5249          TIEL_HVT        saed90nm_max_hvt 
PLACE_optlc_525           TIEL_HVT        saed90nm_max_hvt 
PLACE_optlc_5250          TIEL_HVT        saed90nm_max_hvt 
PLACE_optlc_5251          TIEL_HVT        saed90nm_max_hvt 
PLACE_optlc_5252          TIEL_HVT        saed90nm_max_hvt 
PLACE_optlc_5253          TIEL_HVT        saed90nm_max_hvt 
PLACE_optlc_5254          TIEL_HVT        saed90nm_max_hvt 
PLACE_optlc_5255          TIEL_HVT        saed90nm_max_hvt 
PLACE_optlc_5256          TIEL_HVT        saed90nm_max_hvt 
PLACE_optlc_5257          TIEL_HVT        saed90nm_max_hvt 
PLACE_optlc_5258          TIEL_HVT        saed90nm_max_hvt 
PLACE_optlc_5259          TIEL_HVT        saed90nm_max_hvt 
PLACE_optlc_526           TIEL_HVT        saed90nm_max_hvt 
PLACE_optlc_5260          TIEL_HVT        saed90nm_max_hvt 
PLACE_optlc_5261          TIEL_HVT        saed90nm_max_hvt 
PLACE_optlc_5262          TIEL_HVT        saed90nm_max_hvt 
PLACE_optlc_5263          TIEL_HVT        saed90nm_max_hvt 
PLACE_optlc_5264          TIEL_HVT        saed90nm_max_hvt 
PLACE_optlc_5265          TIEL_HVT        saed90nm_max_hvt 
PLACE_optlc_5266          TIEL_HVT        saed90nm_max_hvt 
PLACE_optlc_5267          TIEL_HVT        saed90nm_max_hvt 
PLACE_optlc_5268          TIEL_HVT        saed90nm_max_hvt 
PLACE_optlc_5269          TIEL_HVT        saed90nm_max_hvt 
PLACE_optlc_527           TIEL_HVT        saed90nm_max_hvt 
PLACE_optlc_5270          TIEL_HVT        saed90nm_max_hvt 
PLACE_optlc_5271          TIEL_HVT        saed90nm_max_hvt 
PLACE_optlc_5272          TIEL_HVT        saed90nm_max_hvt 
PLACE_optlc_5273          TIEL_HVT        saed90nm_max_hvt 
PLACE_optlc_5274          TIEL_HVT        saed90nm_max_hvt 
PLACE_optlc_5275          TIEL_HVT        saed90nm_max_hvt 
PLACE_optlc_5276          TIEL_HVT        saed90nm_max_hvt 
PLACE_optlc_5277          TIEL_HVT        saed90nm_max_hvt 
PLACE_optlc_5278          TIEL_HVT        saed90nm_max_hvt 
PLACE_optlc_5279          TIEL_HVT        saed90nm_max_hvt 
PLACE_optlc_528           TIEL_HVT        saed90nm_max_hvt 
PLACE_optlc_5280          TIEL_HVT        saed90nm_max_hvt 
PLACE_optlc_5281          TIEL_HVT        saed90nm_max_hvt 
PLACE_optlc_5282          TIEL_HVT        saed90nm_max_hvt 
PLACE_optlc_5283          TIEL_HVT        saed90nm_max_hvt 
PLACE_optlc_5284          TIEL_HVT        saed90nm_max_hvt 
PLACE_optlc_5285          TIEL_HVT        saed90nm_max_hvt 
PLACE_optlc_5286          TIEL_HVT        saed90nm_max_hvt 
PLACE_optlc_5287          TIEL_HVT        saed90nm_max_hvt 
PLACE_optlc_5288          TIEL_HVT        saed90nm_max_hvt 
PLACE_optlc_5289          TIEL_HVT        saed90nm_max_hvt 
PLACE_optlc_529           TIEL_HVT        saed90nm_max_hvt 
PLACE_optlc_5290          TIEL_HVT        saed90nm_max_hvt 
PLACE_optlc_5291          TIEL_HVT        saed90nm_max_hvt 
PLACE_optlc_5292          TIEL_HVT        saed90nm_max_hvt 
PLACE_optlc_5293          TIEL_HVT        saed90nm_max_hvt 
PLACE_optlc_5294          TIEL_HVT        saed90nm_max_hvt 
PLACE_optlc_5295          TIEL_HVT        saed90nm_max_hvt 
PLACE_optlc_5296          TIEL_HVT        saed90nm_max_hvt 
PLACE_optlc_5297          TIEL_HVT        saed90nm_max_hvt 
PLACE_optlc_5298          TIEL_HVT        saed90nm_max_hvt 
PLACE_optlc_5299          TIEL_HVT        saed90nm_max_hvt 
PLACE_optlc_53            TIEL_HVT        saed90nm_max_hvt 
PLACE_optlc_530           TIEL_HVT        saed90nm_max_hvt 
PLACE_optlc_5300          TIEL_HVT        saed90nm_max_hvt 
PLACE_optlc_5301          TIEL_HVT        saed90nm_max_hvt 
PLACE_optlc_5302          TIEL_HVT        saed90nm_max_hvt 
PLACE_optlc_5303          TIEL_HVT        saed90nm_max_hvt 
PLACE_optlc_5304          TIEL_HVT        saed90nm_max_hvt 
PLACE_optlc_5305          TIEL_HVT        saed90nm_max_hvt 
PLACE_optlc_5306          TIEL_HVT        saed90nm_max_hvt 
PLACE_optlc_5307          TIEL_HVT        saed90nm_max_hvt 
PLACE_optlc_5308          TIEL_HVT        saed90nm_max_hvt 
PLACE_optlc_5309          TIEL_HVT        saed90nm_max_hvt 
PLACE_optlc_531           TIEL_HVT        saed90nm_max_hvt 
PLACE_optlc_5310          TIEL_HVT        saed90nm_max_hvt 
PLACE_optlc_5311          TIEL_HVT        saed90nm_max_hvt 
PLACE_optlc_5312          TIEL_HVT        saed90nm_max_hvt 
PLACE_optlc_5313          TIEL_HVT        saed90nm_max_hvt 
PLACE_optlc_5314          TIEL_HVT        saed90nm_max_hvt 
PLACE_optlc_5315          TIEL_HVT        saed90nm_max_hvt 
PLACE_optlc_5316          TIEL_HVT        saed90nm_max_hvt 
PLACE_optlc_5317          TIEL_HVT        saed90nm_max_hvt 
PLACE_optlc_5318          TIEL_HVT        saed90nm_max_hvt 
PLACE_optlc_5319          TIEL_HVT        saed90nm_max_hvt 
PLACE_optlc_532           TIEL_HVT        saed90nm_max_hvt 
PLACE_optlc_5320          TIEL_HVT        saed90nm_max_hvt 
PLACE_optlc_5321          TIEL_HVT        saed90nm_max_hvt 
PLACE_optlc_5322          TIEL_HVT        saed90nm_max_hvt 
PLACE_optlc_5323          TIEL_HVT        saed90nm_max_hvt 
PLACE_optlc_5324          TIEL_HVT        saed90nm_max_hvt 
PLACE_optlc_5325          TIEL_HVT        saed90nm_max_hvt 
PLACE_optlc_5326          TIEL_HVT        saed90nm_max_hvt 
PLACE_optlc_5327          TIEL_HVT        saed90nm_max_hvt 
PLACE_optlc_5328          TIEL_HVT        saed90nm_max_hvt 
PLACE_optlc_5329          TIEL_HVT        saed90nm_max_hvt 
PLACE_optlc_533           TIEL_HVT        saed90nm_max_hvt 
PLACE_optlc_5330          TIEL_HVT        saed90nm_max_hvt 
PLACE_optlc_5331          TIEL_HVT        saed90nm_max_hvt 
PLACE_optlc_5332          TIEL_HVT        saed90nm_max_hvt 
PLACE_optlc_5333          TIEL_HVT        saed90nm_max_hvt 
PLACE_optlc_5334          TIEL_HVT        saed90nm_max_hvt 
PLACE_optlc_5335          TIEL_HVT        saed90nm_max_hvt 
PLACE_optlc_5336          TIEL_HVT        saed90nm_max_hvt 
PLACE_optlc_5337          TIEL_HVT        saed90nm_max_hvt 
PLACE_optlc_5338          TIEL_HVT        saed90nm_max_hvt 
PLACE_optlc_5339          TIEL_HVT        saed90nm_max_hvt 
PLACE_optlc_534           TIEL_HVT        saed90nm_max_hvt 
PLACE_optlc_5340          TIEL_HVT        saed90nm_max_hvt 
PLACE_optlc_5341          TIEL_HVT        saed90nm_max_hvt 
PLACE_optlc_5342          TIEL_HVT        saed90nm_max_hvt 
PLACE_optlc_5343          TIEL_HVT        saed90nm_max_hvt 
PLACE_optlc_5344          TIEL_HVT        saed90nm_max_hvt 
PLACE_optlc_5345          TIEL_HVT        saed90nm_max_hvt 
PLACE_optlc_5346          TIEL_HVT        saed90nm_max_hvt 
PLACE_optlc_5347          TIEL_HVT        saed90nm_max_hvt 
PLACE_optlc_5348          TIEL_HVT        saed90nm_max_hvt 
PLACE_optlc_5349          TIEL_HVT        saed90nm_max_hvt 
PLACE_optlc_535           TIEL_HVT        saed90nm_max_hvt 
PLACE_optlc_5350          TIEL_HVT        saed90nm_max_hvt 
PLACE_optlc_5351          TIEL_HVT        saed90nm_max_hvt 
PLACE_optlc_5352          TIEL_HVT        saed90nm_max_hvt 
PLACE_optlc_5353          TIEL_HVT        saed90nm_max_hvt 
PLACE_optlc_5354          TIEL_HVT        saed90nm_max_hvt 
PLACE_optlc_5355          TIEL_HVT        saed90nm_max_hvt 
PLACE_optlc_5356          TIEL_HVT        saed90nm_max_hvt 
PLACE_optlc_5357          TIEL_HVT        saed90nm_max_hvt 
PLACE_optlc_5358          TIEL_HVT        saed90nm_max_hvt 
PLACE_optlc_5359          TIEL_HVT        saed90nm_max_hvt 
PLACE_optlc_536           TIEL_HVT        saed90nm_max_hvt 
PLACE_optlc_5360          TIEL_HVT        saed90nm_max_hvt 
PLACE_optlc_5361          TIEL_HVT        saed90nm_max_hvt 
PLACE_optlc_5362          TIEL_HVT        saed90nm_max_hvt 
PLACE_optlc_5363          TIEL_HVT        saed90nm_max_hvt 
PLACE_optlc_5364          TIEL_HVT        saed90nm_max_hvt 
PLACE_optlc_5365          TIEL_HVT        saed90nm_max_hvt 
PLACE_optlc_5366          TIEL_HVT        saed90nm_max_hvt 
PLACE_optlc_5367          TIEL_HVT        saed90nm_max_hvt 
PLACE_optlc_5368          TIEL_HVT        saed90nm_max_hvt 
PLACE_optlc_5369          TIEL_HVT        saed90nm_max_hvt 
PLACE_optlc_537           TIEL_HVT        saed90nm_max_hvt 
PLACE_optlc_5370          TIEL_HVT        saed90nm_max_hvt 
PLACE_optlc_5371          TIEL_HVT        saed90nm_max_hvt 
PLACE_optlc_5372          TIEL_HVT        saed90nm_max_hvt 
PLACE_optlc_5373          TIEL_HVT        saed90nm_max_hvt 
PLACE_optlc_5374          TIEL_HVT        saed90nm_max_hvt 
PLACE_optlc_5375          TIEL_HVT        saed90nm_max_hvt 
PLACE_optlc_5376          TIEL_HVT        saed90nm_max_hvt 
PLACE_optlc_5377          TIEL_HVT        saed90nm_max_hvt 
PLACE_optlc_5378          TIEL_HVT        saed90nm_max_hvt 
PLACE_optlc_5379          TIEL_HVT        saed90nm_max_hvt 
PLACE_optlc_538           TIEL_HVT        saed90nm_max_hvt 
PLACE_optlc_5380          TIEL_HVT        saed90nm_max_hvt 
PLACE_optlc_5381          TIEL_HVT        saed90nm_max_hvt 
PLACE_optlc_5382          TIEL_HVT        saed90nm_max_hvt 
PLACE_optlc_5383          TIEL_HVT        saed90nm_max_hvt 
PLACE_optlc_5384          TIEL_HVT        saed90nm_max_hvt 
PLACE_optlc_5385          TIEL_HVT        saed90nm_max_hvt 
PLACE_optlc_5386          TIEL_HVT        saed90nm_max_hvt 
PLACE_optlc_5387          TIEL_HVT        saed90nm_max_hvt 
PLACE_optlc_5388          TIEL_HVT        saed90nm_max_hvt 
PLACE_optlc_5389          TIEL_HVT        saed90nm_max_hvt 
PLACE_optlc_539           TIEL_HVT        saed90nm_max_hvt 
PLACE_optlc_5390          TIEL_HVT        saed90nm_max_hvt 
PLACE_optlc_5391          TIEL_HVT        saed90nm_max_hvt 
PLACE_optlc_5392          TIEL_HVT        saed90nm_max_hvt 
PLACE_optlc_5393          TIEL_HVT        saed90nm_max_hvt 
PLACE_optlc_5394          TIEL_HVT        saed90nm_max_hvt 
PLACE_optlc_5395          TIEL_HVT        saed90nm_max_hvt 
PLACE_optlc_5396          TIEL_HVT        saed90nm_max_hvt 
PLACE_optlc_5397          TIEL_HVT        saed90nm_max_hvt 
PLACE_optlc_5398          TIEL_HVT        saed90nm_max_hvt 
PLACE_optlc_5399          TIEL_HVT        saed90nm_max_hvt 
PLACE_optlc_54            TIEL_HVT        saed90nm_max_hvt 
PLACE_optlc_540           TIEL_HVT        saed90nm_max_hvt 
PLACE_optlc_5400          TIEL_HVT        saed90nm_max_hvt 
PLACE_optlc_5401          TIEL_HVT        saed90nm_max_hvt 
PLACE_optlc_5402          TIEL_HVT        saed90nm_max_hvt 
PLACE_optlc_5403          TIEL_HVT        saed90nm_max_hvt 
PLACE_optlc_5404          TIEL_HVT        saed90nm_max_hvt 
PLACE_optlc_5405          TIEL_HVT        saed90nm_max_hvt 
PLACE_optlc_5406          TIEL_HVT        saed90nm_max_hvt 
PLACE_optlc_5407          TIEL_HVT        saed90nm_max_hvt 
PLACE_optlc_5408          TIEL_HVT        saed90nm_max_hvt 
PLACE_optlc_5409          TIEL_HVT        saed90nm_max_hvt 
PLACE_optlc_541           TIEL_HVT        saed90nm_max_hvt 
PLACE_optlc_5410          TIEL_HVT        saed90nm_max_hvt 
PLACE_optlc_5411          TIEL_HVT        saed90nm_max_hvt 
PLACE_optlc_5412          TIEL_HVT        saed90nm_max_hvt 
PLACE_optlc_5413          TIEL_HVT        saed90nm_max_hvt 
PLACE_optlc_5414          TIEL_HVT        saed90nm_max_hvt 
PLACE_optlc_5415          TIEL_HVT        saed90nm_max_hvt 
PLACE_optlc_5416          TIEL_HVT        saed90nm_max_hvt 
PLACE_optlc_5417          TIEL_HVT        saed90nm_max_hvt 
PLACE_optlc_5418          TIEL_HVT        saed90nm_max_hvt 
PLACE_optlc_5419          TIEL_HVT        saed90nm_max_hvt 
PLACE_optlc_542           TIEL_HVT        saed90nm_max_hvt 
PLACE_optlc_5420          TIEL_HVT        saed90nm_max_hvt 
PLACE_optlc_5421          TIEL_HVT        saed90nm_max_hvt 
PLACE_optlc_5422          TIEL_HVT        saed90nm_max_hvt 
PLACE_optlc_5423          TIEL_HVT        saed90nm_max_hvt 
PLACE_optlc_5424          TIEL_HVT        saed90nm_max_hvt 
PLACE_optlc_5425          TIEL_HVT        saed90nm_max_hvt 
PLACE_optlc_5426          TIEL_HVT        saed90nm_max_hvt 
PLACE_optlc_5427          TIEL_HVT        saed90nm_max_hvt 
PLACE_optlc_5428          TIEL_HVT        saed90nm_max_hvt 
PLACE_optlc_5429          TIEL_HVT        saed90nm_max_hvt 
PLACE_optlc_543           TIEL_HVT        saed90nm_max_hvt 
PLACE_optlc_5430          TIEL_HVT        saed90nm_max_hvt 
PLACE_optlc_5431          TIEL_HVT        saed90nm_max_hvt 
PLACE_optlc_5432          TIEL_HVT        saed90nm_max_hvt 
PLACE_optlc_5433          TIEL_HVT        saed90nm_max_hvt 
PLACE_optlc_5434          TIEL_HVT        saed90nm_max_hvt 
PLACE_optlc_5435          TIEL_HVT        saed90nm_max_hvt 
PLACE_optlc_5436          TIEL_HVT        saed90nm_max_hvt 
PLACE_optlc_5437          TIEL_HVT        saed90nm_max_hvt 
PLACE_optlc_5438          TIEL_HVT        saed90nm_max_hvt 
PLACE_optlc_5439          TIEL_HVT        saed90nm_max_hvt 
PLACE_optlc_544           TIEL_HVT        saed90nm_max_hvt 
PLACE_optlc_5440          TIEL_HVT        saed90nm_max_hvt 
PLACE_optlc_5441          TIEL_HVT        saed90nm_max_hvt 
PLACE_optlc_5442          TIEL_HVT        saed90nm_max_hvt 
PLACE_optlc_5443          TIEL_HVT        saed90nm_max_hvt 
PLACE_optlc_5444          TIEL_HVT        saed90nm_max_hvt 
PLACE_optlc_5445          TIEL_HVT        saed90nm_max_hvt 
PLACE_optlc_5446          TIEL_HVT        saed90nm_max_hvt 
PLACE_optlc_5447          TIEL_HVT        saed90nm_max_hvt 
PLACE_optlc_5448          TIEL_HVT        saed90nm_max_hvt 
PLACE_optlc_5449          TIEL_HVT        saed90nm_max_hvt 
PLACE_optlc_545           TIEL_HVT        saed90nm_max_hvt 
PLACE_optlc_5450          TIEL_HVT        saed90nm_max_hvt 
PLACE_optlc_5451          TIEL_HVT        saed90nm_max_hvt 
PLACE_optlc_5452          TIEL_HVT        saed90nm_max_hvt 
PLACE_optlc_5453          TIEL_HVT        saed90nm_max_hvt 
PLACE_optlc_5454          TIEL_HVT        saed90nm_max_hvt 
PLACE_optlc_5455          TIEL_HVT        saed90nm_max_hvt 
PLACE_optlc_5456          TIEL_HVT        saed90nm_max_hvt 
PLACE_optlc_5457          TIEL_HVT        saed90nm_max_hvt 
PLACE_optlc_5458          TIEL_HVT        saed90nm_max_hvt 
PLACE_optlc_5459          TIEL_HVT        saed90nm_max_hvt 
PLACE_optlc_546           TIEL_HVT        saed90nm_max_hvt 
PLACE_optlc_5460          TIEL_HVT        saed90nm_max_hvt 
PLACE_optlc_5461          TIEL_HVT        saed90nm_max_hvt 
PLACE_optlc_5462          TIEL_HVT        saed90nm_max_hvt 
PLACE_optlc_5463          TIEL_HVT        saed90nm_max_hvt 
PLACE_optlc_5464          TIEL_HVT        saed90nm_max_hvt 
PLACE_optlc_5465          TIEL_HVT        saed90nm_max_hvt 
PLACE_optlc_5466          TIEL_HVT        saed90nm_max_hvt 
PLACE_optlc_5467          TIEL_HVT        saed90nm_max_hvt 
PLACE_optlc_5468          TIEL_HVT        saed90nm_max_hvt 
PLACE_optlc_5469          TIEL_HVT        saed90nm_max_hvt 
PLACE_optlc_547           TIEL_HVT        saed90nm_max_hvt 
PLACE_optlc_5470          TIEL_HVT        saed90nm_max_hvt 
PLACE_optlc_5471          TIEL_HVT        saed90nm_max_hvt 
PLACE_optlc_5472          TIEL_HVT        saed90nm_max_hvt 
PLACE_optlc_5473          TIEL_HVT        saed90nm_max_hvt 
PLACE_optlc_5474          TIEL_HVT        saed90nm_max_hvt 
PLACE_optlc_5475          TIEL_HVT        saed90nm_max_hvt 
PLACE_optlc_5476          TIEL_HVT        saed90nm_max_hvt 
PLACE_optlc_5477          TIEL_HVT        saed90nm_max_hvt 
PLACE_optlc_5478          TIEL_HVT        saed90nm_max_hvt 
PLACE_optlc_5479          TIEL_HVT        saed90nm_max_hvt 
PLACE_optlc_548           TIEL_HVT        saed90nm_max_hvt 
PLACE_optlc_5480          TIEL_HVT        saed90nm_max_hvt 
PLACE_optlc_5481          TIEL_HVT        saed90nm_max_hvt 
PLACE_optlc_5482          TIEL_HVT        saed90nm_max_hvt 
PLACE_optlc_5483          TIEL_HVT        saed90nm_max_hvt 
PLACE_optlc_5484          TIEL_HVT        saed90nm_max_hvt 
PLACE_optlc_5485          TIEL_HVT        saed90nm_max_hvt 
PLACE_optlc_5486          TIEL_HVT        saed90nm_max_hvt 
PLACE_optlc_5487          TIEL_HVT        saed90nm_max_hvt 
PLACE_optlc_5488          TIEL_HVT        saed90nm_max_hvt 
PLACE_optlc_5489          TIEL_HVT        saed90nm_max_hvt 
PLACE_optlc_549           TIEL_HVT        saed90nm_max_hvt 
PLACE_optlc_5490          TIEL_HVT        saed90nm_max_hvt 
PLACE_optlc_5491          TIEL_HVT        saed90nm_max_hvt 
PLACE_optlc_5492          TIEL_HVT        saed90nm_max_hvt 
PLACE_optlc_5493          TIEL_HVT        saed90nm_max_hvt 
PLACE_optlc_5494          TIEL_HVT        saed90nm_max_hvt 
PLACE_optlc_5495          TIEL_HVT        saed90nm_max_hvt 
PLACE_optlc_5496          TIEL_HVT        saed90nm_max_hvt 
PLACE_optlc_5497          TIEL_HVT        saed90nm_max_hvt 
PLACE_optlc_5498          TIEL_HVT        saed90nm_max_hvt 
PLACE_optlc_5499          TIEL_HVT        saed90nm_max_hvt 
PLACE_optlc_55            TIEL_HVT        saed90nm_max_hvt 
PLACE_optlc_550           TIEL_HVT        saed90nm_max_hvt 
PLACE_optlc_5500          TIEL_HVT        saed90nm_max_hvt 
PLACE_optlc_5501          TIEL_HVT        saed90nm_max_hvt 
PLACE_optlc_5502          TIEL_HVT        saed90nm_max_hvt 
PLACE_optlc_5503          TIEL_HVT        saed90nm_max_hvt 
PLACE_optlc_5504          TIEL_HVT        saed90nm_max_hvt 
PLACE_optlc_5505          TIEL_HVT        saed90nm_max_hvt 
PLACE_optlc_5506          TIEL_HVT        saed90nm_max_hvt 
PLACE_optlc_5507          TIEL_HVT        saed90nm_max_hvt 
PLACE_optlc_5508          TIEL_HVT        saed90nm_max_hvt 
PLACE_optlc_5509          TIEL_HVT        saed90nm_max_hvt 
PLACE_optlc_551           TIEL_HVT        saed90nm_max_hvt 
PLACE_optlc_5510          TIEL_HVT        saed90nm_max_hvt 
PLACE_optlc_5511          TIEL_HVT        saed90nm_max_hvt 
PLACE_optlc_5512          TIEL_HVT        saed90nm_max_hvt 
PLACE_optlc_5513          TIEL_HVT        saed90nm_max_hvt 
PLACE_optlc_5514          TIEL_HVT        saed90nm_max_hvt 
PLACE_optlc_5515          TIEL_HVT        saed90nm_max_hvt 
PLACE_optlc_5516          TIEL_HVT        saed90nm_max_hvt 
PLACE_optlc_5517          TIEL_HVT        saed90nm_max_hvt 
PLACE_optlc_5518          TIEL_HVT        saed90nm_max_hvt 
PLACE_optlc_5519          TIEL_HVT        saed90nm_max_hvt 
PLACE_optlc_552           TIEL_HVT        saed90nm_max_hvt 
PLACE_optlc_5520          TIEL_HVT        saed90nm_max_hvt 
PLACE_optlc_5521          TIEL_HVT        saed90nm_max_hvt 
PLACE_optlc_5522          TIEL_HVT        saed90nm_max_hvt 
PLACE_optlc_5523          TIEL_HVT        saed90nm_max_hvt 
PLACE_optlc_5524          TIEL_HVT        saed90nm_max_hvt 
PLACE_optlc_5525          TIEL_HVT        saed90nm_max_hvt 
PLACE_optlc_5526          TIEL_HVT        saed90nm_max_hvt 
PLACE_optlc_5527          TIEL_HVT        saed90nm_max_hvt 
PLACE_optlc_5528          TIEL_HVT        saed90nm_max_hvt 
PLACE_optlc_5529          TIEL_HVT        saed90nm_max_hvt 
PLACE_optlc_553           TIEL_HVT        saed90nm_max_hvt 
PLACE_optlc_5530          TIEL_HVT        saed90nm_max_hvt 
PLACE_optlc_5531          TIEL_HVT        saed90nm_max_hvt 
PLACE_optlc_5532          TIEL_HVT        saed90nm_max_hvt 
PLACE_optlc_5533          TIEL_HVT        saed90nm_max_hvt 
PLACE_optlc_5534          TIEL_HVT        saed90nm_max_hvt 
PLACE_optlc_5535          TIEL_HVT        saed90nm_max_hvt 
PLACE_optlc_5536          TIEL_HVT        saed90nm_max_hvt 
PLACE_optlc_5537          TIEL_HVT        saed90nm_max_hvt 
PLACE_optlc_5538          TIEL_HVT        saed90nm_max_hvt 
PLACE_optlc_5539          TIEL_HVT        saed90nm_max_hvt 
PLACE_optlc_554           TIEL_HVT        saed90nm_max_hvt 
PLACE_optlc_5540          TIEL_HVT        saed90nm_max_hvt 
PLACE_optlc_5541          TIEL_HVT        saed90nm_max_hvt 
PLACE_optlc_5542          TIEL_HVT        saed90nm_max_hvt 
PLACE_optlc_5543          TIEL_HVT        saed90nm_max_hvt 
PLACE_optlc_5544          TIEL_HVT        saed90nm_max_hvt 
PLACE_optlc_5545          TIEL_HVT        saed90nm_max_hvt 
PLACE_optlc_5546          TIEL_HVT        saed90nm_max_hvt 
PLACE_optlc_5547          TIEL_HVT        saed90nm_max_hvt 
PLACE_optlc_5548          TIEL_HVT        saed90nm_max_hvt 
PLACE_optlc_5549          TIEL_HVT        saed90nm_max_hvt 
PLACE_optlc_555           TIEL_HVT        saed90nm_max_hvt 
PLACE_optlc_5550          TIEL_HVT        saed90nm_max_hvt 
PLACE_optlc_5551          TIEL_HVT        saed90nm_max_hvt 
PLACE_optlc_5552          TIEL_HVT        saed90nm_max_hvt 
PLACE_optlc_5553          TIEL_HVT        saed90nm_max_hvt 
PLACE_optlc_5554          TIEL_HVT        saed90nm_max_hvt 
PLACE_optlc_5555          TIEL_HVT        saed90nm_max_hvt 
PLACE_optlc_5556          TIEL_HVT        saed90nm_max_hvt 
PLACE_optlc_5557          TIEL_HVT        saed90nm_max_hvt 
PLACE_optlc_5558          TIEL_HVT        saed90nm_max_hvt 
PLACE_optlc_5559          TIEL_HVT        saed90nm_max_hvt 
PLACE_optlc_556           TIEL_HVT        saed90nm_max_hvt 
PLACE_optlc_5560          TIEL_HVT        saed90nm_max_hvt 
PLACE_optlc_5561          TIEL_HVT        saed90nm_max_hvt 
PLACE_optlc_5562          TIEL_HVT        saed90nm_max_hvt 
PLACE_optlc_5563          TIEL_HVT        saed90nm_max_hvt 
PLACE_optlc_5564          TIEL_HVT        saed90nm_max_hvt 
PLACE_optlc_5565          TIEL_HVT        saed90nm_max_hvt 
PLACE_optlc_5566          TIEL_HVT        saed90nm_max_hvt 
PLACE_optlc_5567          TIEL_HVT        saed90nm_max_hvt 
PLACE_optlc_5568          TIEL_HVT        saed90nm_max_hvt 
PLACE_optlc_5569          TIEL_HVT        saed90nm_max_hvt 
PLACE_optlc_557           TIEL_HVT        saed90nm_max_hvt 
PLACE_optlc_5570          TIEL_HVT        saed90nm_max_hvt 
PLACE_optlc_5571          TIEL_HVT        saed90nm_max_hvt 
PLACE_optlc_5572          TIEL_HVT        saed90nm_max_hvt 
PLACE_optlc_5573          TIEL_HVT        saed90nm_max_hvt 
PLACE_optlc_5574          TIEL_HVT        saed90nm_max_hvt 
PLACE_optlc_5575          TIEL_HVT        saed90nm_max_hvt 
PLACE_optlc_5576          TIEL_HVT        saed90nm_max_hvt 
PLACE_optlc_5577          TIEL_HVT        saed90nm_max_hvt 
PLACE_optlc_5578          TIEL_HVT        saed90nm_max_hvt 
PLACE_optlc_5579          TIEL_HVT        saed90nm_max_hvt 
PLACE_optlc_558           TIEL_HVT        saed90nm_max_hvt 
PLACE_optlc_5580          TIEL_HVT        saed90nm_max_hvt 
PLACE_optlc_5581          TIEL_HVT        saed90nm_max_hvt 
PLACE_optlc_5582          TIEL_HVT        saed90nm_max_hvt 
PLACE_optlc_5583          TIEL_HVT        saed90nm_max_hvt 
PLACE_optlc_5584          TIEL_HVT        saed90nm_max_hvt 
PLACE_optlc_5585          TIEL_HVT        saed90nm_max_hvt 
PLACE_optlc_5586          TIEL_HVT        saed90nm_max_hvt 
PLACE_optlc_5587          TIEL_HVT        saed90nm_max_hvt 
PLACE_optlc_5588          TIEL_HVT        saed90nm_max_hvt 
PLACE_optlc_5589          TIEL_HVT        saed90nm_max_hvt 
PLACE_optlc_559           TIEL_HVT        saed90nm_max_hvt 
PLACE_optlc_5590          TIEL_HVT        saed90nm_max_hvt 
PLACE_optlc_5591          TIEL_HVT        saed90nm_max_hvt 
PLACE_optlc_5592          TIEL_HVT        saed90nm_max_hvt 
PLACE_optlc_5593          TIEL_HVT        saed90nm_max_hvt 
PLACE_optlc_5594          TIEL_HVT        saed90nm_max_hvt 
PLACE_optlc_5595          TIEL_HVT        saed90nm_max_hvt 
PLACE_optlc_5596          TIEL_HVT        saed90nm_max_hvt 
PLACE_optlc_5597          TIEL_HVT        saed90nm_max_hvt 
PLACE_optlc_5598          TIEL_HVT        saed90nm_max_hvt 
PLACE_optlc_5599          TIEL_HVT        saed90nm_max_hvt 
PLACE_optlc_56            TIEL_HVT        saed90nm_max_hvt 
PLACE_optlc_560           TIEL_HVT        saed90nm_max_hvt 
PLACE_optlc_5600          TIEL_HVT        saed90nm_max_hvt 
PLACE_optlc_5601          TIEL_HVT        saed90nm_max_hvt 
PLACE_optlc_5602          TIEL_HVT        saed90nm_max_hvt 
PLACE_optlc_5603          TIEL_HVT        saed90nm_max_hvt 
PLACE_optlc_5604          TIEL_HVT        saed90nm_max_hvt 
PLACE_optlc_5605          TIEL_HVT        saed90nm_max_hvt 
PLACE_optlc_5606          TIEL_HVT        saed90nm_max_hvt 
PLACE_optlc_5607          TIEL_HVT        saed90nm_max_hvt 
PLACE_optlc_5608          TIEL_HVT        saed90nm_max_hvt 
PLACE_optlc_5609          TIEL_HVT        saed90nm_max_hvt 
PLACE_optlc_561           TIEL_HVT        saed90nm_max_hvt 
PLACE_optlc_5610          TIEL_HVT        saed90nm_max_hvt 
PLACE_optlc_5611          TIEL_HVT        saed90nm_max_hvt 
PLACE_optlc_5612          TIEL_HVT        saed90nm_max_hvt 
PLACE_optlc_5613          TIEL_HVT        saed90nm_max_hvt 
PLACE_optlc_5614          TIEL_HVT        saed90nm_max_hvt 
PLACE_optlc_5615          TIEL_HVT        saed90nm_max_hvt 
PLACE_optlc_5616          TIEL_HVT        saed90nm_max_hvt 
PLACE_optlc_5617          TIEL_HVT        saed90nm_max_hvt 
PLACE_optlc_5618          TIEL_HVT        saed90nm_max_hvt 
PLACE_optlc_5619          TIEL_HVT        saed90nm_max_hvt 
PLACE_optlc_562           TIEL_HVT        saed90nm_max_hvt 
PLACE_optlc_5620          TIEL_HVT        saed90nm_max_hvt 
PLACE_optlc_5621          TIEL_HVT        saed90nm_max_hvt 
PLACE_optlc_5622          TIEL_HVT        saed90nm_max_hvt 
PLACE_optlc_5623          TIEL_HVT        saed90nm_max_hvt 
PLACE_optlc_5624          TIEL_HVT        saed90nm_max_hvt 
PLACE_optlc_5625          TIEL_HVT        saed90nm_max_hvt 
PLACE_optlc_5626          TIEL_HVT        saed90nm_max_hvt 
PLACE_optlc_5627          TIEL_HVT        saed90nm_max_hvt 
PLACE_optlc_5628          TIEL_HVT        saed90nm_max_hvt 
PLACE_optlc_5629          TIEL_HVT        saed90nm_max_hvt 
PLACE_optlc_563           TIEL_HVT        saed90nm_max_hvt 
PLACE_optlc_5630          TIEL_HVT        saed90nm_max_hvt 
PLACE_optlc_5631          TIEL_HVT        saed90nm_max_hvt 
PLACE_optlc_5632          TIEL_HVT        saed90nm_max_hvt 
PLACE_optlc_5633          TIEL_HVT        saed90nm_max_hvt 
PLACE_optlc_5634          TIEL_HVT        saed90nm_max_hvt 
PLACE_optlc_5635          TIEL_HVT        saed90nm_max_hvt 
PLACE_optlc_5636          TIEL_HVT        saed90nm_max_hvt 
PLACE_optlc_5637          TIEL_HVT        saed90nm_max_hvt 
PLACE_optlc_5638          TIEL_HVT        saed90nm_max_hvt 
PLACE_optlc_5639          TIEL_HVT        saed90nm_max_hvt 
PLACE_optlc_564           TIEL_HVT        saed90nm_max_hvt 
PLACE_optlc_5640          TIEL_HVT        saed90nm_max_hvt 
PLACE_optlc_5641          TIEL_HVT        saed90nm_max_hvt 
PLACE_optlc_5642          TIEL_HVT        saed90nm_max_hvt 
PLACE_optlc_5643          TIEL_HVT        saed90nm_max_hvt 
PLACE_optlc_5644          TIEL_HVT        saed90nm_max_hvt 
PLACE_optlc_5645          TIEL_HVT        saed90nm_max_hvt 
PLACE_optlc_5646          TIEL_HVT        saed90nm_max_hvt 
PLACE_optlc_5647          TIEL_HVT        saed90nm_max_hvt 
PLACE_optlc_5648          TIEL_HVT        saed90nm_max_hvt 
PLACE_optlc_5649          TIEL_HVT        saed90nm_max_hvt 
PLACE_optlc_565           TIEL_HVT        saed90nm_max_hvt 
PLACE_optlc_5650          TIEL_HVT        saed90nm_max_hvt 
PLACE_optlc_5651          TIEL_HVT        saed90nm_max_hvt 
PLACE_optlc_5652          TIEL_HVT        saed90nm_max_hvt 
PLACE_optlc_5653          TIEL_HVT        saed90nm_max_hvt 
PLACE_optlc_5654          TIEL_HVT        saed90nm_max_hvt 
PLACE_optlc_5655          TIEL_HVT        saed90nm_max_hvt 
PLACE_optlc_5656          TIEL_HVT        saed90nm_max_hvt 
PLACE_optlc_5657          TIEL_HVT        saed90nm_max_hvt 
PLACE_optlc_5658          TIEL_HVT        saed90nm_max_hvt 
PLACE_optlc_5659          TIEL_HVT        saed90nm_max_hvt 
PLACE_optlc_566           TIEL_HVT        saed90nm_max_hvt 
PLACE_optlc_5660          TIEL_HVT        saed90nm_max_hvt 
PLACE_optlc_5661          TIEL_HVT        saed90nm_max_hvt 
PLACE_optlc_5662          TIEL_HVT        saed90nm_max_hvt 
PLACE_optlc_5663          TIEL_HVT        saed90nm_max_hvt 
PLACE_optlc_5664          TIEL_HVT        saed90nm_max_hvt 
PLACE_optlc_5665          TIEL_HVT        saed90nm_max_hvt 
PLACE_optlc_5666          TIEL_HVT        saed90nm_max_hvt 
PLACE_optlc_5667          TIEL_HVT        saed90nm_max_hvt 
PLACE_optlc_5668          TIEL_HVT        saed90nm_max_hvt 
PLACE_optlc_5669          TIEL_HVT        saed90nm_max_hvt 
PLACE_optlc_567           TIEL_HVT        saed90nm_max_hvt 
PLACE_optlc_5670          TIEL_HVT        saed90nm_max_hvt 
PLACE_optlc_5671          TIEL_HVT        saed90nm_max_hvt 
PLACE_optlc_5672          TIEL_HVT        saed90nm_max_hvt 
PLACE_optlc_5673          TIEL_HVT        saed90nm_max_hvt 
PLACE_optlc_5674          TIEL_HVT        saed90nm_max_hvt 
PLACE_optlc_5675          TIEL_HVT        saed90nm_max_hvt 
PLACE_optlc_5676          TIEL_HVT        saed90nm_max_hvt 
PLACE_optlc_5677          TIEL_HVT        saed90nm_max_hvt 
PLACE_optlc_5678          TIEL_HVT        saed90nm_max_hvt 
PLACE_optlc_5679          TIEL_HVT        saed90nm_max_hvt 
PLACE_optlc_568           TIEL_HVT        saed90nm_max_hvt 
PLACE_optlc_5680          TIEL_HVT        saed90nm_max_hvt 
PLACE_optlc_5681          TIEL_HVT        saed90nm_max_hvt 
PLACE_optlc_5682          TIEL_HVT        saed90nm_max_hvt 
PLACE_optlc_5683          TIEL_HVT        saed90nm_max_hvt 
PLACE_optlc_5684          TIEL_HVT        saed90nm_max_hvt 
PLACE_optlc_5685          TIEL_HVT        saed90nm_max_hvt 
PLACE_optlc_5686          TIEL_HVT        saed90nm_max_hvt 
PLACE_optlc_5687          TIEL_HVT        saed90nm_max_hvt 
PLACE_optlc_5688          TIEL_HVT        saed90nm_max_hvt 
PLACE_optlc_5689          TIEL_HVT        saed90nm_max_hvt 
PLACE_optlc_569           TIEL_HVT        saed90nm_max_hvt 
PLACE_optlc_5690          TIEL_HVT        saed90nm_max_hvt 
PLACE_optlc_5691          TIEL_HVT        saed90nm_max_hvt 
PLACE_optlc_5692          TIEL_HVT        saed90nm_max_hvt 
PLACE_optlc_5693          TIEL_HVT        saed90nm_max_hvt 
PLACE_optlc_5694          TIEL_HVT        saed90nm_max_hvt 
PLACE_optlc_5695          TIEL_HVT        saed90nm_max_hvt 
PLACE_optlc_5696          TIEL_HVT        saed90nm_max_hvt 
PLACE_optlc_5697          TIEL_HVT        saed90nm_max_hvt 
PLACE_optlc_5698          TIEL_HVT        saed90nm_max_hvt 
PLACE_optlc_5699          TIEL_HVT        saed90nm_max_hvt 
PLACE_optlc_57            TIEL_HVT        saed90nm_max_hvt 
PLACE_optlc_570           TIEL_HVT        saed90nm_max_hvt 
PLACE_optlc_5700          TIEL_HVT        saed90nm_max_hvt 
PLACE_optlc_5701          TIEL_HVT        saed90nm_max_hvt 
PLACE_optlc_5702          TIEL_HVT        saed90nm_max_hvt 
PLACE_optlc_5703          TIEL_HVT        saed90nm_max_hvt 
PLACE_optlc_5704          TIEL_HVT        saed90nm_max_hvt 
PLACE_optlc_5705          TIEL_HVT        saed90nm_max_hvt 
PLACE_optlc_5706          TIEL_HVT        saed90nm_max_hvt 
PLACE_optlc_5707          TIEL_HVT        saed90nm_max_hvt 
PLACE_optlc_5708          TIEL_HVT        saed90nm_max_hvt 
PLACE_optlc_5709          TIEL_HVT        saed90nm_max_hvt 
PLACE_optlc_571           TIEL_HVT        saed90nm_max_hvt 
PLACE_optlc_5710          TIEL_HVT        saed90nm_max_hvt 
PLACE_optlc_5711          TIEL_HVT        saed90nm_max_hvt 
PLACE_optlc_5712          TIEL_HVT        saed90nm_max_hvt 
PLACE_optlc_5713          TIEL_HVT        saed90nm_max_hvt 
PLACE_optlc_5714          TIEL_HVT        saed90nm_max_hvt 
PLACE_optlc_5715          TIEL_HVT        saed90nm_max_hvt 
PLACE_optlc_5716          TIEL_HVT        saed90nm_max_hvt 
PLACE_optlc_5717          TIEL_HVT        saed90nm_max_hvt 
PLACE_optlc_5718          TIEL_HVT        saed90nm_max_hvt 
PLACE_optlc_5719          TIEL_HVT        saed90nm_max_hvt 
PLACE_optlc_572           TIEL_HVT        saed90nm_max_hvt 
PLACE_optlc_5720          TIEL_HVT        saed90nm_max_hvt 
PLACE_optlc_5721          TIEL_HVT        saed90nm_max_hvt 
PLACE_optlc_5722          TIEL_HVT        saed90nm_max_hvt 
PLACE_optlc_5723          TIEL_HVT        saed90nm_max_hvt 
PLACE_optlc_5724          TIEL_HVT        saed90nm_max_hvt 
PLACE_optlc_5725          TIEL_HVT        saed90nm_max_hvt 
PLACE_optlc_5726          TIEL_HVT        saed90nm_max_hvt 
PLACE_optlc_5727          TIEL_HVT        saed90nm_max_hvt 
PLACE_optlc_5728          TIEL_HVT        saed90nm_max_hvt 
PLACE_optlc_5729          TIEL_HVT        saed90nm_max_hvt 
PLACE_optlc_573           TIEL_HVT        saed90nm_max_hvt 
PLACE_optlc_5730          TIEL_HVT        saed90nm_max_hvt 
PLACE_optlc_5731          TIEL_HVT        saed90nm_max_hvt 
PLACE_optlc_5732          TIEL_HVT        saed90nm_max_hvt 
PLACE_optlc_5733          TIEL_HVT        saed90nm_max_hvt 
PLACE_optlc_5734          TIEL_HVT        saed90nm_max_hvt 
PLACE_optlc_5735          TIEL_HVT        saed90nm_max_hvt 
PLACE_optlc_5736          TIEL_HVT        saed90nm_max_hvt 
PLACE_optlc_5737          TIEL_HVT        saed90nm_max_hvt 
PLACE_optlc_5738          TIEL_HVT        saed90nm_max_hvt 
PLACE_optlc_5739          TIEL_HVT        saed90nm_max_hvt 
PLACE_optlc_574           TIEL_HVT        saed90nm_max_hvt 
PLACE_optlc_5740          TIEL_HVT        saed90nm_max_hvt 
PLACE_optlc_5741          TIEL_HVT        saed90nm_max_hvt 
PLACE_optlc_5742          TIEL_HVT        saed90nm_max_hvt 
PLACE_optlc_5743          TIEL_HVT        saed90nm_max_hvt 
PLACE_optlc_5744          TIEL_HVT        saed90nm_max_hvt 
PLACE_optlc_5745          TIEL_HVT        saed90nm_max_hvt 
PLACE_optlc_5746          TIEL_HVT        saed90nm_max_hvt 
PLACE_optlc_5747          TIEL_HVT        saed90nm_max_hvt 
PLACE_optlc_5748          TIEL_HVT        saed90nm_max_hvt 
PLACE_optlc_5749          TIEL_HVT        saed90nm_max_hvt 
PLACE_optlc_575           TIEL_HVT        saed90nm_max_hvt 
PLACE_optlc_5750          TIEL_HVT        saed90nm_max_hvt 
PLACE_optlc_5751          TIEL_HVT        saed90nm_max_hvt 
PLACE_optlc_5752          TIEL_HVT        saed90nm_max_hvt 
PLACE_optlc_5753          TIEL_HVT        saed90nm_max_hvt 
PLACE_optlc_5754          TIEL_HVT        saed90nm_max_hvt 
PLACE_optlc_5755          TIEL_HVT        saed90nm_max_hvt 
PLACE_optlc_5756          TIEL_HVT        saed90nm_max_hvt 
PLACE_optlc_5757          TIEL_HVT        saed90nm_max_hvt 
PLACE_optlc_5758          TIEL_HVT        saed90nm_max_hvt 
PLACE_optlc_5759          TIEL_HVT        saed90nm_max_hvt 
PLACE_optlc_576           TIEL_HVT        saed90nm_max_hvt 
PLACE_optlc_5760          TIEL_HVT        saed90nm_max_hvt 
PLACE_optlc_5761          TIEL_HVT        saed90nm_max_hvt 
PLACE_optlc_5762          TIEL_HVT        saed90nm_max_hvt 
PLACE_optlc_5763          TIEL_HVT        saed90nm_max_hvt 
PLACE_optlc_5764          TIEL_HVT        saed90nm_max_hvt 
PLACE_optlc_5765          TIEL_HVT        saed90nm_max_hvt 
PLACE_optlc_5766          TIEL_HVT        saed90nm_max_hvt 
PLACE_optlc_5767          TIEL_HVT        saed90nm_max_hvt 
PLACE_optlc_5768          TIEL_HVT        saed90nm_max_hvt 
PLACE_optlc_5769          TIEL_HVT        saed90nm_max_hvt 
PLACE_optlc_577           TIEL_HVT        saed90nm_max_hvt 
PLACE_optlc_5770          TIEL_HVT        saed90nm_max_hvt 
PLACE_optlc_5771          TIEL_HVT        saed90nm_max_hvt 
PLACE_optlc_5772          TIEL_HVT        saed90nm_max_hvt 
PLACE_optlc_5773          TIEL_HVT        saed90nm_max_hvt 
PLACE_optlc_5774          TIEL_HVT        saed90nm_max_hvt 
PLACE_optlc_5775          TIEL_HVT        saed90nm_max_hvt 
PLACE_optlc_5776          TIEL_HVT        saed90nm_max_hvt 
PLACE_optlc_5777          TIEL_HVT        saed90nm_max_hvt 
PLACE_optlc_5778          TIEL_HVT        saed90nm_max_hvt 
PLACE_optlc_5779          TIEL_HVT        saed90nm_max_hvt 
PLACE_optlc_578           TIEL_HVT        saed90nm_max_hvt 
PLACE_optlc_5780          TIEL_HVT        saed90nm_max_hvt 
PLACE_optlc_5781          TIEL_HVT        saed90nm_max_hvt 
PLACE_optlc_5782          TIEL_HVT        saed90nm_max_hvt 
PLACE_optlc_5783          TIEL_HVT        saed90nm_max_hvt 
PLACE_optlc_5784          TIEL_HVT        saed90nm_max_hvt 
PLACE_optlc_5785          TIEL_HVT        saed90nm_max_hvt 
PLACE_optlc_5786          TIEL_HVT        saed90nm_max_hvt 
PLACE_optlc_5787          TIEL_HVT        saed90nm_max_hvt 
PLACE_optlc_5788          TIEL_HVT        saed90nm_max_hvt 
PLACE_optlc_5789          TIEL_HVT        saed90nm_max_hvt 
PLACE_optlc_579           TIEL_HVT        saed90nm_max_hvt 
PLACE_optlc_5790          TIEL_HVT        saed90nm_max_hvt 
PLACE_optlc_5791          TIEL_HVT        saed90nm_max_hvt 
PLACE_optlc_5792          TIEL_HVT        saed90nm_max_hvt 
PLACE_optlc_5793          TIEL_HVT        saed90nm_max_hvt 
PLACE_optlc_5794          TIEL_HVT        saed90nm_max_hvt 
PLACE_optlc_5795          TIEL_HVT        saed90nm_max_hvt 
PLACE_optlc_5796          TIEL_HVT        saed90nm_max_hvt 
PLACE_optlc_5797          TIEL_HVT        saed90nm_max_hvt 
PLACE_optlc_5798          TIEL_HVT        saed90nm_max_hvt 
PLACE_optlc_5799          TIEL_HVT        saed90nm_max_hvt 
PLACE_optlc_58            TIEL_HVT        saed90nm_max_hvt 
PLACE_optlc_580           TIEL_HVT        saed90nm_max_hvt 
PLACE_optlc_5800          TIEL_HVT        saed90nm_max_hvt 
PLACE_optlc_5801          TIEL_HVT        saed90nm_max_hvt 
PLACE_optlc_5802          TIEL_HVT        saed90nm_max_hvt 
PLACE_optlc_5803          TIEL_HVT        saed90nm_max_hvt 
PLACE_optlc_5804          TIEL_HVT        saed90nm_max_hvt 
PLACE_optlc_5805          TIEL_HVT        saed90nm_max_hvt 
PLACE_optlc_5806          TIEL_HVT        saed90nm_max_hvt 
PLACE_optlc_5807          TIEL_HVT        saed90nm_max_hvt 
PLACE_optlc_5808          TIEL_HVT        saed90nm_max_hvt 
PLACE_optlc_5809          TIEL_HVT        saed90nm_max_hvt 
PLACE_optlc_581           TIEL_HVT        saed90nm_max_hvt 
PLACE_optlc_5810          TIEL_HVT        saed90nm_max_hvt 
PLACE_optlc_5811          TIEL_HVT        saed90nm_max_hvt 
PLACE_optlc_5812          TIEL_HVT        saed90nm_max_hvt 
PLACE_optlc_5813          TIEL_HVT        saed90nm_max_hvt 
PLACE_optlc_5814          TIEL_HVT        saed90nm_max_hvt 
PLACE_optlc_5815          TIEL_HVT        saed90nm_max_hvt 
PLACE_optlc_5816          TIEL_HVT        saed90nm_max_hvt 
PLACE_optlc_5817          TIEL_HVT        saed90nm_max_hvt 
PLACE_optlc_5818          TIEL_HVT        saed90nm_max_hvt 
PLACE_optlc_5819          TIEL_HVT        saed90nm_max_hvt 
PLACE_optlc_582           TIEL_HVT        saed90nm_max_hvt 
PLACE_optlc_5820          TIEL_HVT        saed90nm_max_hvt 
PLACE_optlc_5821          TIEL_HVT        saed90nm_max_hvt 
PLACE_optlc_5822          TIEL_HVT        saed90nm_max_hvt 
PLACE_optlc_5823          TIEL_HVT        saed90nm_max_hvt 
PLACE_optlc_5824          TIEL_HVT        saed90nm_max_hvt 
PLACE_optlc_5825          TIEL_HVT        saed90nm_max_hvt 
PLACE_optlc_5826          TIEL_HVT        saed90nm_max_hvt 
PLACE_optlc_5827          TIEL_HVT        saed90nm_max_hvt 
PLACE_optlc_5828          TIEL_HVT        saed90nm_max_hvt 
PLACE_optlc_5829          TIEL_HVT        saed90nm_max_hvt 
PLACE_optlc_583           TIEL_HVT        saed90nm_max_hvt 
PLACE_optlc_5830          TIEL_HVT        saed90nm_max_hvt 
PLACE_optlc_5831          TIEL_HVT        saed90nm_max_hvt 
PLACE_optlc_5832          TIEL_HVT        saed90nm_max_hvt 
PLACE_optlc_5833          TIEL_HVT        saed90nm_max_hvt 
PLACE_optlc_5834          TIEL_HVT        saed90nm_max_hvt 
PLACE_optlc_5835          TIEL_HVT        saed90nm_max_hvt 
PLACE_optlc_5836          TIEL_HVT        saed90nm_max_hvt 
PLACE_optlc_5837          TIEL_HVT        saed90nm_max_hvt 
PLACE_optlc_5838          TIEL_HVT        saed90nm_max_hvt 
PLACE_optlc_5839          TIEL_HVT        saed90nm_max_hvt 
PLACE_optlc_584           TIEL_HVT        saed90nm_max_hvt 
PLACE_optlc_5840          TIEL_HVT        saed90nm_max_hvt 
PLACE_optlc_5841          TIEL_HVT        saed90nm_max_hvt 
PLACE_optlc_5842          TIEL_HVT        saed90nm_max_hvt 
PLACE_optlc_5843          TIEL_HVT        saed90nm_max_hvt 
PLACE_optlc_5844          TIEL_HVT        saed90nm_max_hvt 
PLACE_optlc_5845          TIEL_HVT        saed90nm_max_hvt 
PLACE_optlc_5846          TIEL_HVT        saed90nm_max_hvt 
PLACE_optlc_5847          TIEL_HVT        saed90nm_max_hvt 
PLACE_optlc_5848          TIEL_HVT        saed90nm_max_hvt 
PLACE_optlc_5849          TIEL_HVT        saed90nm_max_hvt 
PLACE_optlc_585           TIEL_HVT        saed90nm_max_hvt 
PLACE_optlc_5850          TIEL_HVT        saed90nm_max_hvt 
PLACE_optlc_5851          TIEL_HVT        saed90nm_max_hvt 
PLACE_optlc_5852          TIEL_HVT        saed90nm_max_hvt 
PLACE_optlc_5853          TIEL_HVT        saed90nm_max_hvt 
PLACE_optlc_5854          TIEL_HVT        saed90nm_max_hvt 
PLACE_optlc_5855          TIEL_HVT        saed90nm_max_hvt 
PLACE_optlc_5856          TIEL_HVT        saed90nm_max_hvt 
PLACE_optlc_5857          TIEL_HVT        saed90nm_max_hvt 
PLACE_optlc_5858          TIEL_HVT        saed90nm_max_hvt 
PLACE_optlc_5859          TIEL_HVT        saed90nm_max_hvt 
PLACE_optlc_586           TIEL_HVT        saed90nm_max_hvt 
PLACE_optlc_5860          TIEL_HVT        saed90nm_max_hvt 
PLACE_optlc_5861          TIEL_HVT        saed90nm_max_hvt 
PLACE_optlc_5862          TIEL_HVT        saed90nm_max_hvt 
PLACE_optlc_5863          TIEL_HVT        saed90nm_max_hvt 
PLACE_optlc_5864          TIEL_HVT        saed90nm_max_hvt 
PLACE_optlc_5865          TIEL_HVT        saed90nm_max_hvt 
PLACE_optlc_5866          TIEL_HVT        saed90nm_max_hvt 
PLACE_optlc_5867          TIEL_HVT        saed90nm_max_hvt 
PLACE_optlc_5868          TIEL_HVT        saed90nm_max_hvt 
PLACE_optlc_5869          TIEL_HVT        saed90nm_max_hvt 
PLACE_optlc_587           TIEL_HVT        saed90nm_max_hvt 
PLACE_optlc_5870          TIEL_HVT        saed90nm_max_hvt 
PLACE_optlc_5871          TIEL_HVT        saed90nm_max_hvt 
PLACE_optlc_5872          TIEL_HVT        saed90nm_max_hvt 
PLACE_optlc_5873          TIEL_HVT        saed90nm_max_hvt 
PLACE_optlc_5874          TIEL_HVT        saed90nm_max_hvt 
PLACE_optlc_5875          TIEL_HVT        saed90nm_max_hvt 
PLACE_optlc_5876          TIEL_HVT        saed90nm_max_hvt 
PLACE_optlc_5877          TIEL_HVT        saed90nm_max_hvt 
PLACE_optlc_5878          TIEL_HVT        saed90nm_max_hvt 
PLACE_optlc_5879          TIEL_HVT        saed90nm_max_hvt 
PLACE_optlc_588           TIEL_HVT        saed90nm_max_hvt 
PLACE_optlc_5880          TIEL_HVT        saed90nm_max_hvt 
PLACE_optlc_5881          TIEL_HVT        saed90nm_max_hvt 
PLACE_optlc_5882          TIEL_HVT        saed90nm_max_hvt 
PLACE_optlc_5883          TIEL_HVT        saed90nm_max_hvt 
PLACE_optlc_5884          TIEL_HVT        saed90nm_max_hvt 
PLACE_optlc_5885          TIEL_HVT        saed90nm_max_hvt 
PLACE_optlc_5886          TIEL_HVT        saed90nm_max_hvt 
PLACE_optlc_5887          TIEL_HVT        saed90nm_max_hvt 
PLACE_optlc_5888          TIEL_HVT        saed90nm_max_hvt 
PLACE_optlc_5889          TIEL_HVT        saed90nm_max_hvt 
PLACE_optlc_589           TIEL_HVT        saed90nm_max_hvt 
PLACE_optlc_5890          TIEL_HVT        saed90nm_max_hvt 
PLACE_optlc_5891          TIEL_HVT        saed90nm_max_hvt 
PLACE_optlc_5892          TIEL_HVT        saed90nm_max_hvt 
PLACE_optlc_5893          TIEL_HVT        saed90nm_max_hvt 
PLACE_optlc_5894          TIEL_HVT        saed90nm_max_hvt 
PLACE_optlc_5895          TIEL_HVT        saed90nm_max_hvt 
PLACE_optlc_5896          TIEL_HVT        saed90nm_max_hvt 
PLACE_optlc_5897          TIEL_HVT        saed90nm_max_hvt 
PLACE_optlc_5898          TIEL_HVT        saed90nm_max_hvt 
PLACE_optlc_5899          TIEL_HVT        saed90nm_max_hvt 
PLACE_optlc_59            TIEL_HVT        saed90nm_max_hvt 
PLACE_optlc_590           TIEL_HVT        saed90nm_max_hvt 
PLACE_optlc_5900          TIEL_HVT        saed90nm_max_hvt 
PLACE_optlc_5901          TIEL_HVT        saed90nm_max_hvt 
PLACE_optlc_5902          TIEL_HVT        saed90nm_max_hvt 
PLACE_optlc_5903          TIEL_HVT        saed90nm_max_hvt 
PLACE_optlc_5904          TIEL_HVT        saed90nm_max_hvt 
PLACE_optlc_5905          TIEL_HVT        saed90nm_max_hvt 
PLACE_optlc_5906          TIEL_HVT        saed90nm_max_hvt 
PLACE_optlc_5907          TIEL_HVT        saed90nm_max_hvt 
PLACE_optlc_5908          TIEL_HVT        saed90nm_max_hvt 
PLACE_optlc_5909          TIEL_HVT        saed90nm_max_hvt 
PLACE_optlc_591           TIEL_HVT        saed90nm_max_hvt 
PLACE_optlc_5910          TIEL_HVT        saed90nm_max_hvt 
PLACE_optlc_5911          TIEL_HVT        saed90nm_max_hvt 
PLACE_optlc_5912          TIEL_HVT        saed90nm_max_hvt 
PLACE_optlc_5913          TIEL_HVT        saed90nm_max_hvt 
PLACE_optlc_5914          TIEL_HVT        saed90nm_max_hvt 
PLACE_optlc_5915          TIEL_HVT        saed90nm_max_hvt 
PLACE_optlc_5916          TIEL_HVT        saed90nm_max_hvt 
PLACE_optlc_5917          TIEL_HVT        saed90nm_max_hvt 
PLACE_optlc_5918          TIEL_HVT        saed90nm_max_hvt 
PLACE_optlc_5919          TIEL_HVT        saed90nm_max_hvt 
PLACE_optlc_592           TIEL_HVT        saed90nm_max_hvt 
PLACE_optlc_5920          TIEL_HVT        saed90nm_max_hvt 
PLACE_optlc_5921          TIEL_HVT        saed90nm_max_hvt 
PLACE_optlc_5922          TIEL_HVT        saed90nm_max_hvt 
PLACE_optlc_5923          TIEL_HVT        saed90nm_max_hvt 
PLACE_optlc_5924          TIEL_HVT        saed90nm_max_hvt 
PLACE_optlc_5925          TIEL_HVT        saed90nm_max_hvt 
PLACE_optlc_5926          TIEL_HVT        saed90nm_max_hvt 
PLACE_optlc_5927          TIEL_HVT        saed90nm_max_hvt 
PLACE_optlc_5928          TIEL_HVT        saed90nm_max_hvt 
PLACE_optlc_5929          TIEL_HVT        saed90nm_max_hvt 
PLACE_optlc_593           TIEL_HVT        saed90nm_max_hvt 
PLACE_optlc_5930          TIEL_HVT        saed90nm_max_hvt 
PLACE_optlc_5931          TIEL_HVT        saed90nm_max_hvt 
PLACE_optlc_5932          TIEL_HVT        saed90nm_max_hvt 
PLACE_optlc_5933          TIEL_HVT        saed90nm_max_hvt 
PLACE_optlc_5934          TIEL_HVT        saed90nm_max_hvt 
PLACE_optlc_5935          TIEL_HVT        saed90nm_max_hvt 
PLACE_optlc_5936          TIEL_HVT        saed90nm_max_hvt 
PLACE_optlc_5937          TIEL_HVT        saed90nm_max_hvt 
PLACE_optlc_5938          TIEL_HVT        saed90nm_max_hvt 
PLACE_optlc_5939          TIEL_HVT        saed90nm_max_hvt 
PLACE_optlc_594           TIEL_HVT        saed90nm_max_hvt 
PLACE_optlc_5940          TIEL_HVT        saed90nm_max_hvt 
PLACE_optlc_5941          TIEL_HVT        saed90nm_max_hvt 
PLACE_optlc_5942          TIEL_HVT        saed90nm_max_hvt 
PLACE_optlc_5943          TIEL_HVT        saed90nm_max_hvt 
PLACE_optlc_5944          TIEL_HVT        saed90nm_max_hvt 
PLACE_optlc_5945          TIEL_HVT        saed90nm_max_hvt 
PLACE_optlc_5946          TIEL_HVT        saed90nm_max_hvt 
PLACE_optlc_5947          TIEL_HVT        saed90nm_max_hvt 
PLACE_optlc_5948          TIEL_HVT        saed90nm_max_hvt 
PLACE_optlc_5949          TIEL_HVT        saed90nm_max_hvt 
PLACE_optlc_595           TIEL_HVT        saed90nm_max_hvt 
PLACE_optlc_5950          TIEL_HVT        saed90nm_max_hvt 
PLACE_optlc_5951          TIEL_HVT        saed90nm_max_hvt 
PLACE_optlc_5952          TIEL_HVT        saed90nm_max_hvt 
PLACE_optlc_5953          TIEL_HVT        saed90nm_max_hvt 
PLACE_optlc_5954          TIEL_HVT        saed90nm_max_hvt 
PLACE_optlc_5955          TIEL_HVT        saed90nm_max_hvt 
PLACE_optlc_5956          TIEL_HVT        saed90nm_max_hvt 
PLACE_optlc_5957          TIEL_HVT        saed90nm_max_hvt 
PLACE_optlc_5958          TIEL_HVT        saed90nm_max_hvt 
PLACE_optlc_5959          TIEL_HVT        saed90nm_max_hvt 
PLACE_optlc_596           TIEL_HVT        saed90nm_max_hvt 
PLACE_optlc_5960          TIEL_HVT        saed90nm_max_hvt 
PLACE_optlc_5961          TIEL_HVT        saed90nm_max_hvt 
PLACE_optlc_5962          TIEL_HVT        saed90nm_max_hvt 
PLACE_optlc_5963          TIEL_HVT        saed90nm_max_hvt 
PLACE_optlc_5964          TIEL_HVT        saed90nm_max_hvt 
PLACE_optlc_5965          TIEL_HVT        saed90nm_max_hvt 
PLACE_optlc_5966          TIEL_HVT        saed90nm_max_hvt 
PLACE_optlc_5967          TIEL_HVT        saed90nm_max_hvt 
PLACE_optlc_5968          TIEL_HVT        saed90nm_max_hvt 
PLACE_optlc_5969          TIEL_HVT        saed90nm_max_hvt 
PLACE_optlc_597           TIEL_HVT        saed90nm_max_hvt 
PLACE_optlc_5970          TIEL_HVT        saed90nm_max_hvt 
PLACE_optlc_5971          TIEL_HVT        saed90nm_max_hvt 
PLACE_optlc_5972          TIEL_HVT        saed90nm_max_hvt 
PLACE_optlc_5973          TIEL_HVT        saed90nm_max_hvt 
PLACE_optlc_5974          TIEL_HVT        saed90nm_max_hvt 
PLACE_optlc_5975          TIEL_HVT        saed90nm_max_hvt 
PLACE_optlc_5976          TIEL_HVT        saed90nm_max_hvt 
PLACE_optlc_5977          TIEL_HVT        saed90nm_max_hvt 
PLACE_optlc_5978          TIEL_HVT        saed90nm_max_hvt 
PLACE_optlc_5979          TIEL_HVT        saed90nm_max_hvt 
PLACE_optlc_598           TIEL_HVT        saed90nm_max_hvt 
PLACE_optlc_5980          TIEL_HVT        saed90nm_max_hvt 
PLACE_optlc_5981          TIEL_HVT        saed90nm_max_hvt 
PLACE_optlc_5982          TIEL_HVT        saed90nm_max_hvt 
PLACE_optlc_5983          TIEL_HVT        saed90nm_max_hvt 
PLACE_optlc_5984          TIEL_HVT        saed90nm_max_hvt 
PLACE_optlc_5985          TIEL_HVT        saed90nm_max_hvt 
PLACE_optlc_5986          TIEL_HVT        saed90nm_max_hvt 
PLACE_optlc_5987          TIEL_HVT        saed90nm_max_hvt 
PLACE_optlc_5988          TIEL_HVT        saed90nm_max_hvt 
PLACE_optlc_5989          TIEL_HVT        saed90nm_max_hvt 
PLACE_optlc_599           TIEL_HVT        saed90nm_max_hvt 
PLACE_optlc_5990          TIEL_HVT        saed90nm_max_hvt 
PLACE_optlc_5991          TIEL_HVT        saed90nm_max_hvt 
PLACE_optlc_5992          TIEL_HVT        saed90nm_max_hvt 
PLACE_optlc_5993          TIEL_HVT        saed90nm_max_hvt 
PLACE_optlc_5994          TIEL_HVT        saed90nm_max_hvt 
PLACE_optlc_5995          TIEL_HVT        saed90nm_max_hvt 
PLACE_optlc_5996          TIEL_HVT        saed90nm_max_hvt 
PLACE_optlc_5997          TIEL_HVT        saed90nm_max_hvt 
PLACE_optlc_5998          TIEL_HVT        saed90nm_max_hvt 
PLACE_optlc_5999          TIEL_HVT        saed90nm_max_hvt 
PLACE_optlc_60            TIEL_HVT        saed90nm_max_hvt 
PLACE_optlc_600           TIEL_HVT        saed90nm_max_hvt 
PLACE_optlc_6000          TIEL_HVT        saed90nm_max_hvt 
PLACE_optlc_6001          TIEL_HVT        saed90nm_max_hvt 
PLACE_optlc_6002          TIEL_HVT        saed90nm_max_hvt 
PLACE_optlc_6003          TIEL_HVT        saed90nm_max_hvt 
PLACE_optlc_6004          TIEL_HVT        saed90nm_max_hvt 
PLACE_optlc_6005          TIEL_HVT        saed90nm_max_hvt 
PLACE_optlc_6006          TIEL_HVT        saed90nm_max_hvt 
PLACE_optlc_6007          TIEL_HVT        saed90nm_max_hvt 
PLACE_optlc_6008          TIEL_HVT        saed90nm_max_hvt 
PLACE_optlc_6009          TIEL_HVT        saed90nm_max_hvt 
PLACE_optlc_601           TIEL_HVT        saed90nm_max_hvt 
PLACE_optlc_6010          TIEL_HVT        saed90nm_max_hvt 
PLACE_optlc_6011          TIEL_HVT        saed90nm_max_hvt 
PLACE_optlc_6012          TIEL_HVT        saed90nm_max_hvt 
PLACE_optlc_6013          TIEL_HVT        saed90nm_max_hvt 
PLACE_optlc_6014          TIEL_HVT        saed90nm_max_hvt 
PLACE_optlc_6015          TIEL_HVT        saed90nm_max_hvt 
PLACE_optlc_6016          TIEL_HVT        saed90nm_max_hvt 
PLACE_optlc_6017          TIEL_HVT        saed90nm_max_hvt 
PLACE_optlc_6018          TIEL_HVT        saed90nm_max_hvt 
PLACE_optlc_6019          TIEL_HVT        saed90nm_max_hvt 
PLACE_optlc_602           TIEL_HVT        saed90nm_max_hvt 
PLACE_optlc_6020          TIEL_HVT        saed90nm_max_hvt 
PLACE_optlc_6021          TIEL_HVT        saed90nm_max_hvt 
PLACE_optlc_6022          TIEL_HVT        saed90nm_max_hvt 
PLACE_optlc_6023          TIEL_HVT        saed90nm_max_hvt 
PLACE_optlc_6024          TIEL_HVT        saed90nm_max_hvt 
PLACE_optlc_6025          TIEL_HVT        saed90nm_max_hvt 
PLACE_optlc_6026          TIEL_HVT        saed90nm_max_hvt 
PLACE_optlc_6027          TIEL_HVT        saed90nm_max_hvt 
PLACE_optlc_6028          TIEL_HVT        saed90nm_max_hvt 
PLACE_optlc_6029          TIEL_HVT        saed90nm_max_hvt 
PLACE_optlc_603           TIEL_HVT        saed90nm_max_hvt 
PLACE_optlc_6030          TIEL_HVT        saed90nm_max_hvt 
PLACE_optlc_6031          TIEL_HVT        saed90nm_max_hvt 
PLACE_optlc_6032          TIEL_HVT        saed90nm_max_hvt 
PLACE_optlc_6033          TIEL_HVT        saed90nm_max_hvt 
PLACE_optlc_6034          TIEL_HVT        saed90nm_max_hvt 
PLACE_optlc_6035          TIEL_HVT        saed90nm_max_hvt 
PLACE_optlc_6036          TIEL_HVT        saed90nm_max_hvt 
PLACE_optlc_6037          TIEL_HVT        saed90nm_max_hvt 
PLACE_optlc_6038          TIEL_HVT        saed90nm_max_hvt 
PLACE_optlc_6039          TIEL_HVT        saed90nm_max_hvt 
PLACE_optlc_604           TIEL_HVT        saed90nm_max_hvt 
PLACE_optlc_6040          TIEL_HVT        saed90nm_max_hvt 
PLACE_optlc_6041          TIEL_HVT        saed90nm_max_hvt 
PLACE_optlc_6042          TIEL_HVT        saed90nm_max_hvt 
PLACE_optlc_6043          TIEL_HVT        saed90nm_max_hvt 
PLACE_optlc_6044          TIEL_HVT        saed90nm_max_hvt 
PLACE_optlc_6045          TIEL_HVT        saed90nm_max_hvt 
PLACE_optlc_6046          TIEL_HVT        saed90nm_max_hvt 
PLACE_optlc_6047          TIEL_HVT        saed90nm_max_hvt 
PLACE_optlc_6048          TIEL_HVT        saed90nm_max_hvt 
PLACE_optlc_6049          TIEL_HVT        saed90nm_max_hvt 
PLACE_optlc_605           TIEL_HVT        saed90nm_max_hvt 
PLACE_optlc_6050          TIEL_HVT        saed90nm_max_hvt 
PLACE_optlc_6051          TIEL_HVT        saed90nm_max_hvt 
PLACE_optlc_6052          TIEL_HVT        saed90nm_max_hvt 
PLACE_optlc_6053          TIEL_HVT        saed90nm_max_hvt 
PLACE_optlc_6054          TIEL_HVT        saed90nm_max_hvt 
PLACE_optlc_6055          TIEL_HVT        saed90nm_max_hvt 
PLACE_optlc_6056          TIEL_HVT        saed90nm_max_hvt 
PLACE_optlc_6057          TIEL_HVT        saed90nm_max_hvt 
PLACE_optlc_6058          TIEL_HVT        saed90nm_max_hvt 
PLACE_optlc_6059          TIEL_HVT        saed90nm_max_hvt 
PLACE_optlc_606           TIEL_HVT        saed90nm_max_hvt 
PLACE_optlc_6060          TIEL_HVT        saed90nm_max_hvt 
PLACE_optlc_6061          TIEL_HVT        saed90nm_max_hvt 
PLACE_optlc_6062          TIEL_HVT        saed90nm_max_hvt 
PLACE_optlc_6063          TIEL_HVT        saed90nm_max_hvt 
PLACE_optlc_6064          TIEL_HVT        saed90nm_max_hvt 
PLACE_optlc_6065          TIEL_HVT        saed90nm_max_hvt 
PLACE_optlc_6066          TIEL_HVT        saed90nm_max_hvt 
PLACE_optlc_6067          TIEL_HVT        saed90nm_max_hvt 
PLACE_optlc_6068          TIEL_HVT        saed90nm_max_hvt 
PLACE_optlc_6069          TIEL_HVT        saed90nm_max_hvt 
PLACE_optlc_607           TIEL_HVT        saed90nm_max_hvt 
PLACE_optlc_6070          TIEL_HVT        saed90nm_max_hvt 
PLACE_optlc_6071          TIEL_HVT        saed90nm_max_hvt 
PLACE_optlc_6072          TIEL_HVT        saed90nm_max_hvt 
PLACE_optlc_6073          TIEL_HVT        saed90nm_max_hvt 
PLACE_optlc_6074          TIEL_HVT        saed90nm_max_hvt 
PLACE_optlc_6075          TIEL_HVT        saed90nm_max_hvt 
PLACE_optlc_6076          TIEL_HVT        saed90nm_max_hvt 
PLACE_optlc_6077          TIEL_HVT        saed90nm_max_hvt 
PLACE_optlc_6078          TIEL_HVT        saed90nm_max_hvt 
PLACE_optlc_6079          TIEL_HVT        saed90nm_max_hvt 
PLACE_optlc_608           TIEL_HVT        saed90nm_max_hvt 
PLACE_optlc_6080          TIEL_HVT        saed90nm_max_hvt 
PLACE_optlc_6081          TIEL_HVT        saed90nm_max_hvt 
PLACE_optlc_6082          TIEL_HVT        saed90nm_max_hvt 
PLACE_optlc_6083          TIEL_HVT        saed90nm_max_hvt 
PLACE_optlc_6084          TIEL_HVT        saed90nm_max_hvt 
PLACE_optlc_6085          TIEL_HVT        saed90nm_max_hvt 
PLACE_optlc_6086          TIEL_HVT        saed90nm_max_hvt 
PLACE_optlc_6087          TIEL_HVT        saed90nm_max_hvt 
PLACE_optlc_6088          TIEL_HVT        saed90nm_max_hvt 
PLACE_optlc_6089          TIEL_HVT        saed90nm_max_hvt 
PLACE_optlc_609           TIEL_HVT        saed90nm_max_hvt 
PLACE_optlc_6090          TIEL_HVT        saed90nm_max_hvt 
PLACE_optlc_6091          TIEL_HVT        saed90nm_max_hvt 
PLACE_optlc_6092          TIEL_HVT        saed90nm_max_hvt 
PLACE_optlc_6093          TIEL_HVT        saed90nm_max_hvt 
PLACE_optlc_6094          TIEL_HVT        saed90nm_max_hvt 
PLACE_optlc_6095          TIEL_HVT        saed90nm_max_hvt 
PLACE_optlc_6096          TIEL_HVT        saed90nm_max_hvt 
PLACE_optlc_6097          TIEL_HVT        saed90nm_max_hvt 
PLACE_optlc_6098          TIEL_HVT        saed90nm_max_hvt 
PLACE_optlc_6099          TIEL_HVT        saed90nm_max_hvt 
PLACE_optlc_61            TIEL_HVT        saed90nm_max_hvt 
PLACE_optlc_610           TIEL_HVT        saed90nm_max_hvt 
PLACE_optlc_6100          TIEL_HVT        saed90nm_max_hvt 
PLACE_optlc_6101          TIEL_HVT        saed90nm_max_hvt 
PLACE_optlc_6102          TIEL_HVT        saed90nm_max_hvt 
PLACE_optlc_6103          TIEL_HVT        saed90nm_max_hvt 
PLACE_optlc_6104          TIEL_HVT        saed90nm_max_hvt 
PLACE_optlc_6105          TIEL_HVT        saed90nm_max_hvt 
PLACE_optlc_6106          TIEL_HVT        saed90nm_max_hvt 
PLACE_optlc_6107          TIEL_HVT        saed90nm_max_hvt 
PLACE_optlc_6108          TIEL_HVT        saed90nm_max_hvt 
PLACE_optlc_6109          TIEL_HVT        saed90nm_max_hvt 
PLACE_optlc_611           TIEL_HVT        saed90nm_max_hvt 
PLACE_optlc_6110          TIEL_HVT        saed90nm_max_hvt 
PLACE_optlc_6111          TIEL_HVT        saed90nm_max_hvt 
PLACE_optlc_6112          TIEL_HVT        saed90nm_max_hvt 
PLACE_optlc_6113          TIEL_HVT        saed90nm_max_hvt 
PLACE_optlc_6114          TIEL_HVT        saed90nm_max_hvt 
PLACE_optlc_6115          TIEL_HVT        saed90nm_max_hvt 
PLACE_optlc_6116          TIEL_HVT        saed90nm_max_hvt 
PLACE_optlc_6117          TIEL_HVT        saed90nm_max_hvt 
PLACE_optlc_6118          TIEL_HVT        saed90nm_max_hvt 
PLACE_optlc_6119          TIEL_HVT        saed90nm_max_hvt 
PLACE_optlc_612           TIEL_HVT        saed90nm_max_hvt 
PLACE_optlc_6120          TIEL_HVT        saed90nm_max_hvt 
PLACE_optlc_6121          TIEL_HVT        saed90nm_max_hvt 
PLACE_optlc_6122          TIEL_HVT        saed90nm_max_hvt 
PLACE_optlc_6123          TIEL_HVT        saed90nm_max_hvt 
PLACE_optlc_6124          TIEL_HVT        saed90nm_max_hvt 
PLACE_optlc_6125          TIEL_HVT        saed90nm_max_hvt 
PLACE_optlc_6126          TIEL_HVT        saed90nm_max_hvt 
PLACE_optlc_6127          TIEL_HVT        saed90nm_max_hvt 
PLACE_optlc_6128          TIEL_HVT        saed90nm_max_hvt 
PLACE_optlc_6129          TIEL_HVT        saed90nm_max_hvt 
PLACE_optlc_613           TIEL_HVT        saed90nm_max_hvt 
PLACE_optlc_6130          TIEL_HVT        saed90nm_max_hvt 
PLACE_optlc_6131          TIEL_HVT        saed90nm_max_hvt 
PLACE_optlc_6132          TIEL_HVT        saed90nm_max_hvt 
PLACE_optlc_6133          TIEL_HVT        saed90nm_max_hvt 
PLACE_optlc_6134          TIEL_HVT        saed90nm_max_hvt 
PLACE_optlc_6135          TIEL_HVT        saed90nm_max_hvt 
PLACE_optlc_6136          TIEL_HVT        saed90nm_max_hvt 
PLACE_optlc_6137          TIEL_HVT        saed90nm_max_hvt 
PLACE_optlc_6138          TIEL_HVT        saed90nm_max_hvt 
PLACE_optlc_6139          TIEL_HVT        saed90nm_max_hvt 
PLACE_optlc_614           TIEL_HVT        saed90nm_max_hvt 
PLACE_optlc_6140          TIEL_HVT        saed90nm_max_hvt 
PLACE_optlc_6141          TIEL_HVT        saed90nm_max_hvt 
PLACE_optlc_6142          TIEL_HVT        saed90nm_max_hvt 
PLACE_optlc_6143          TIEL_HVT        saed90nm_max_hvt 
PLACE_optlc_6144          TIEL_HVT        saed90nm_max_hvt 
PLACE_optlc_6145          TIEL_HVT        saed90nm_max_hvt 
PLACE_optlc_6146          TIEL_HVT        saed90nm_max_hvt 
PLACE_optlc_6147          TIEL_HVT        saed90nm_max_hvt 
PLACE_optlc_6148          TIEL_HVT        saed90nm_max_hvt 
PLACE_optlc_6149          TIEL_HVT        saed90nm_max_hvt 
PLACE_optlc_615           TIEL_HVT        saed90nm_max_hvt 
PLACE_optlc_6150          TIEL_HVT        saed90nm_max_hvt 
PLACE_optlc_6151          TIEL_HVT        saed90nm_max_hvt 
PLACE_optlc_6152          TIEL_HVT        saed90nm_max_hvt 
PLACE_optlc_6153          TIEL_HVT        saed90nm_max_hvt 
PLACE_optlc_6154          TIEL_HVT        saed90nm_max_hvt 
PLACE_optlc_6155          TIEL_HVT        saed90nm_max_hvt 
PLACE_optlc_6156          TIEL_HVT        saed90nm_max_hvt 
PLACE_optlc_6157          TIEL_HVT        saed90nm_max_hvt 
PLACE_optlc_6158          TIEL_HVT        saed90nm_max_hvt 
PLACE_optlc_6159          TIEL_HVT        saed90nm_max_hvt 
PLACE_optlc_616           TIEL_HVT        saed90nm_max_hvt 
PLACE_optlc_6160          TIEL_HVT        saed90nm_max_hvt 
PLACE_optlc_6161          TIEL_HVT        saed90nm_max_hvt 
PLACE_optlc_6162          TIEL_HVT        saed90nm_max_hvt 
PLACE_optlc_6163          TIEL_HVT        saed90nm_max_hvt 
PLACE_optlc_6164          TIEL_HVT        saed90nm_max_hvt 
PLACE_optlc_6165          TIEL_HVT        saed90nm_max_hvt 
PLACE_optlc_6166          TIEL_HVT        saed90nm_max_hvt 
PLACE_optlc_6167          TIEL_HVT        saed90nm_max_hvt 
PLACE_optlc_6168          TIEL_HVT        saed90nm_max_hvt 
PLACE_optlc_6169          TIEL_HVT        saed90nm_max_hvt 
PLACE_optlc_617           TIEL_HVT        saed90nm_max_hvt 
PLACE_optlc_6170          TIEL_HVT        saed90nm_max_hvt 
PLACE_optlc_6171          TIEL_HVT        saed90nm_max_hvt 
PLACE_optlc_6172          TIEL_HVT        saed90nm_max_hvt 
PLACE_optlc_6173          TIEL_HVT        saed90nm_max_hvt 
PLACE_optlc_6174          TIEL_HVT        saed90nm_max_hvt 
PLACE_optlc_6175          TIEL_HVT        saed90nm_max_hvt 
PLACE_optlc_6176          TIEL_HVT        saed90nm_max_hvt 
PLACE_optlc_6177          TIEL_HVT        saed90nm_max_hvt 
PLACE_optlc_6178          TIEL_HVT        saed90nm_max_hvt 
PLACE_optlc_6179          TIEL_HVT        saed90nm_max_hvt 
PLACE_optlc_618           TIEL_HVT        saed90nm_max_hvt 
PLACE_optlc_6180          TIEL_HVT        saed90nm_max_hvt 
PLACE_optlc_6181          TIEL_HVT        saed90nm_max_hvt 
PLACE_optlc_6182          TIEL_HVT        saed90nm_max_hvt 
PLACE_optlc_6183          TIEL_HVT        saed90nm_max_hvt 
PLACE_optlc_6184          TIEL_HVT        saed90nm_max_hvt 
PLACE_optlc_6185          TIEL_HVT        saed90nm_max_hvt 
PLACE_optlc_6186          TIEL_HVT        saed90nm_max_hvt 
PLACE_optlc_6187          TIEL_HVT        saed90nm_max_hvt 
PLACE_optlc_6188          TIEL_HVT        saed90nm_max_hvt 
PLACE_optlc_6189          TIEL_HVT        saed90nm_max_hvt 
PLACE_optlc_619           TIEL_HVT        saed90nm_max_hvt 
PLACE_optlc_6190          TIEL_HVT        saed90nm_max_hvt 
PLACE_optlc_6191          TIEL_HVT        saed90nm_max_hvt 
PLACE_optlc_6192          TIEL_HVT        saed90nm_max_hvt 
PLACE_optlc_6193          TIEL_HVT        saed90nm_max_hvt 
PLACE_optlc_6194          TIEL_HVT        saed90nm_max_hvt 
PLACE_optlc_6195          TIEL_HVT        saed90nm_max_hvt 
PLACE_optlc_6196          TIEL_HVT        saed90nm_max_hvt 
PLACE_optlc_6197          TIEL_HVT        saed90nm_max_hvt 
PLACE_optlc_6198          TIEL_HVT        saed90nm_max_hvt 
PLACE_optlc_6199          TIEL_HVT        saed90nm_max_hvt 
PLACE_optlc_62            TIEL_HVT        saed90nm_max_hvt 
PLACE_optlc_620           TIEL_HVT        saed90nm_max_hvt 
PLACE_optlc_6200          TIEL_HVT        saed90nm_max_hvt 
PLACE_optlc_6201          TIEL_HVT        saed90nm_max_hvt 
PLACE_optlc_6202          TIEL_HVT        saed90nm_max_hvt 
PLACE_optlc_6203          TIEL_HVT        saed90nm_max_hvt 
PLACE_optlc_6204          TIEL_HVT        saed90nm_max_hvt 
PLACE_optlc_6205          TIEL_HVT        saed90nm_max_hvt 
PLACE_optlc_6206          TIEL_HVT        saed90nm_max_hvt 
PLACE_optlc_6207          TIEL_HVT        saed90nm_max_hvt 
PLACE_optlc_6208          TIEL_HVT        saed90nm_max_hvt 
PLACE_optlc_6209          TIEL_HVT        saed90nm_max_hvt 
PLACE_optlc_621           TIEL_HVT        saed90nm_max_hvt 
PLACE_optlc_6210          TIEL_HVT        saed90nm_max_hvt 
PLACE_optlc_6211          TIEL_HVT        saed90nm_max_hvt 
PLACE_optlc_6212          TIEL_HVT        saed90nm_max_hvt 
PLACE_optlc_6213          TIEL_HVT        saed90nm_max_hvt 
PLACE_optlc_6214          TIEL_HVT        saed90nm_max_hvt 
PLACE_optlc_6215          TIEL_HVT        saed90nm_max_hvt 
PLACE_optlc_6216          TIEL_HVT        saed90nm_max_hvt 
PLACE_optlc_6217          TIEL_HVT        saed90nm_max_hvt 
PLACE_optlc_6218          TIEL_HVT        saed90nm_max_hvt 
PLACE_optlc_6219          TIEL_HVT        saed90nm_max_hvt 
PLACE_optlc_622           TIEL_HVT        saed90nm_max_hvt 
PLACE_optlc_6220          TIEL_HVT        saed90nm_max_hvt 
PLACE_optlc_6221          TIEL_HVT        saed90nm_max_hvt 
PLACE_optlc_6222          TIEL_HVT        saed90nm_max_hvt 
PLACE_optlc_6223          TIEL_HVT        saed90nm_max_hvt 
PLACE_optlc_6224          TIEL_HVT        saed90nm_max_hvt 
PLACE_optlc_6225          TIEL_HVT        saed90nm_max_hvt 
PLACE_optlc_6226          TIEL_HVT        saed90nm_max_hvt 
PLACE_optlc_6227          TIEL_HVT        saed90nm_max_hvt 
PLACE_optlc_6228          TIEL_HVT        saed90nm_max_hvt 
PLACE_optlc_6229          TIEL_HVT        saed90nm_max_hvt 
PLACE_optlc_623           TIEL_HVT        saed90nm_max_hvt 
PLACE_optlc_6230          TIEL_HVT        saed90nm_max_hvt 
PLACE_optlc_6231          TIEL_HVT        saed90nm_max_hvt 
PLACE_optlc_6232          TIEL_HVT        saed90nm_max_hvt 
PLACE_optlc_6233          TIEL_HVT        saed90nm_max_hvt 
PLACE_optlc_6234          TIEL_HVT        saed90nm_max_hvt 
PLACE_optlc_6235          TIEL_HVT        saed90nm_max_hvt 
PLACE_optlc_6236          TIEL_HVT        saed90nm_max_hvt 
PLACE_optlc_6237          TIEL_HVT        saed90nm_max_hvt 
PLACE_optlc_6238          TIEL_HVT        saed90nm_max_hvt 
PLACE_optlc_6239          TIEL_HVT        saed90nm_max_hvt 
PLACE_optlc_624           TIEL_HVT        saed90nm_max_hvt 
PLACE_optlc_6240          TIEL_HVT        saed90nm_max_hvt 
PLACE_optlc_6241          TIEL_HVT        saed90nm_max_hvt 
PLACE_optlc_6242          TIEL_HVT        saed90nm_max_hvt 
PLACE_optlc_6243          TIEL_HVT        saed90nm_max_hvt 
PLACE_optlc_6244          TIEL_HVT        saed90nm_max_hvt 
PLACE_optlc_6245          TIEL_HVT        saed90nm_max_hvt 
PLACE_optlc_6246          TIEL_HVT        saed90nm_max_hvt 
PLACE_optlc_6247          TIEL_HVT        saed90nm_max_hvt 
PLACE_optlc_6248          TIEL_HVT        saed90nm_max_hvt 
PLACE_optlc_6249          TIEL_HVT        saed90nm_max_hvt 
PLACE_optlc_625           TIEL_HVT        saed90nm_max_hvt 
PLACE_optlc_6250          TIEL_HVT        saed90nm_max_hvt 
PLACE_optlc_6251          TIEL_HVT        saed90nm_max_hvt 
PLACE_optlc_6252          TIEL_HVT        saed90nm_max_hvt 
PLACE_optlc_6253          TIEL_HVT        saed90nm_max_hvt 
PLACE_optlc_6254          TIEL_HVT        saed90nm_max_hvt 
PLACE_optlc_6255          TIEL_HVT        saed90nm_max_hvt 
PLACE_optlc_6256          TIEL_HVT        saed90nm_max_hvt 
PLACE_optlc_6257          TIEL_HVT        saed90nm_max_hvt 
PLACE_optlc_6258          TIEL_HVT        saed90nm_max_hvt 
PLACE_optlc_6259          TIEL_HVT        saed90nm_max_hvt 
PLACE_optlc_626           TIEL_HVT        saed90nm_max_hvt 
PLACE_optlc_6260          TIEL_HVT        saed90nm_max_hvt 
PLACE_optlc_6261          TIEL_HVT        saed90nm_max_hvt 
PLACE_optlc_6262          TIEL_HVT        saed90nm_max_hvt 
PLACE_optlc_6263          TIEL_HVT        saed90nm_max_hvt 
PLACE_optlc_6264          TIEL_HVT        saed90nm_max_hvt 
PLACE_optlc_6265          TIEL_HVT        saed90nm_max_hvt 
PLACE_optlc_6266          TIEL_HVT        saed90nm_max_hvt 
PLACE_optlc_6267          TIEL_HVT        saed90nm_max_hvt 
PLACE_optlc_6268          TIEL_HVT        saed90nm_max_hvt 
PLACE_optlc_6269          TIEL_HVT        saed90nm_max_hvt 
PLACE_optlc_627           TIEL_HVT        saed90nm_max_hvt 
PLACE_optlc_6270          TIEL_HVT        saed90nm_max_hvt 
PLACE_optlc_6271          TIEL_HVT        saed90nm_max_hvt 
PLACE_optlc_6272          TIEL_HVT        saed90nm_max_hvt 
PLACE_optlc_6273          TIEL_HVT        saed90nm_max_hvt 
PLACE_optlc_6274          TIEL_HVT        saed90nm_max_hvt 
PLACE_optlc_6275          TIEL_HVT        saed90nm_max_hvt 
PLACE_optlc_6276          TIEL_HVT        saed90nm_max_hvt 
PLACE_optlc_6277          TIEL_HVT        saed90nm_max_hvt 
PLACE_optlc_6278          TIEL_HVT        saed90nm_max_hvt 
PLACE_optlc_6279          TIEL_HVT        saed90nm_max_hvt 
PLACE_optlc_628           TIEL_HVT        saed90nm_max_hvt 
PLACE_optlc_6280          TIEL_HVT        saed90nm_max_hvt 
PLACE_optlc_6281          TIEL_HVT        saed90nm_max_hvt 
PLACE_optlc_6282          TIEL_HVT        saed90nm_max_hvt 
PLACE_optlc_6283          TIEL_HVT        saed90nm_max_hvt 
PLACE_optlc_6284          TIEL_HVT        saed90nm_max_hvt 
PLACE_optlc_6285          TIEL_HVT        saed90nm_max_hvt 
PLACE_optlc_6286          TIEL_HVT        saed90nm_max_hvt 
PLACE_optlc_6287          TIEL_HVT        saed90nm_max_hvt 
PLACE_optlc_6288          TIEL_HVT        saed90nm_max_hvt 
PLACE_optlc_6289          TIEL_HVT        saed90nm_max_hvt 
PLACE_optlc_629           TIEL_HVT        saed90nm_max_hvt 
PLACE_optlc_6290          TIEL_HVT        saed90nm_max_hvt 
PLACE_optlc_6291          TIEL_HVT        saed90nm_max_hvt 
PLACE_optlc_6292          TIEL_HVT        saed90nm_max_hvt 
PLACE_optlc_6293          TIEL_HVT        saed90nm_max_hvt 
PLACE_optlc_6294          TIEL_HVT        saed90nm_max_hvt 
PLACE_optlc_6295          TIEL_HVT        saed90nm_max_hvt 
PLACE_optlc_6296          TIEL_HVT        saed90nm_max_hvt 
PLACE_optlc_6297          TIEL_HVT        saed90nm_max_hvt 
PLACE_optlc_6298          TIEL_HVT        saed90nm_max_hvt 
PLACE_optlc_6299          TIEL_HVT        saed90nm_max_hvt 
PLACE_optlc_63            TIEL_HVT        saed90nm_max_hvt 
PLACE_optlc_630           TIEL_HVT        saed90nm_max_hvt 
PLACE_optlc_6300          TIEL_HVT        saed90nm_max_hvt 
PLACE_optlc_6301          TIEL_HVT        saed90nm_max_hvt 
PLACE_optlc_6302          TIEL_HVT        saed90nm_max_hvt 
PLACE_optlc_6303          TIEL_HVT        saed90nm_max_hvt 
PLACE_optlc_6304          TIEL_HVT        saed90nm_max_hvt 
PLACE_optlc_6305          TIEL_HVT        saed90nm_max_hvt 
PLACE_optlc_6306          TIEL_HVT        saed90nm_max_hvt 
PLACE_optlc_6307          TIEL_HVT        saed90nm_max_hvt 
PLACE_optlc_6308          TIEL_HVT        saed90nm_max_hvt 
PLACE_optlc_6309          TIEL_HVT        saed90nm_max_hvt 
PLACE_optlc_631           TIEL_HVT        saed90nm_max_hvt 
PLACE_optlc_6310          TIEL_HVT        saed90nm_max_hvt 
PLACE_optlc_6311          TIEL_HVT        saed90nm_max_hvt 
PLACE_optlc_6312          TIEL_HVT        saed90nm_max_hvt 
PLACE_optlc_6313          TIEL_HVT        saed90nm_max_hvt 
PLACE_optlc_6314          TIEL_HVT        saed90nm_max_hvt 
PLACE_optlc_6315          TIEL_HVT        saed90nm_max_hvt 
PLACE_optlc_6316          TIEL_HVT        saed90nm_max_hvt 
PLACE_optlc_6317          TIEL_HVT        saed90nm_max_hvt 
PLACE_optlc_6318          TIEL_HVT        saed90nm_max_hvt 
PLACE_optlc_6319          TIEL_HVT        saed90nm_max_hvt 
PLACE_optlc_632           TIEL_HVT        saed90nm_max_hvt 
PLACE_optlc_6320          TIEL_HVT        saed90nm_max_hvt 
PLACE_optlc_6321          TIEL_HVT        saed90nm_max_hvt 
PLACE_optlc_6322          TIEL_HVT        saed90nm_max_hvt 
PLACE_optlc_6323          TIEL_HVT        saed90nm_max_hvt 
PLACE_optlc_6324          TIEL_HVT        saed90nm_max_hvt 
PLACE_optlc_6325          TIEL_HVT        saed90nm_max_hvt 
PLACE_optlc_6326          TIEL_HVT        saed90nm_max_hvt 
PLACE_optlc_6327          TIEL_HVT        saed90nm_max_hvt 
PLACE_optlc_6328          TIEL_HVT        saed90nm_max_hvt 
PLACE_optlc_6329          TIEL_HVT        saed90nm_max_hvt 
PLACE_optlc_633           TIEL_HVT        saed90nm_max_hvt 
PLACE_optlc_6330          TIEL_HVT        saed90nm_max_hvt 
PLACE_optlc_6331          TIEL_HVT        saed90nm_max_hvt 
PLACE_optlc_6332          TIEL_HVT        saed90nm_max_hvt 
PLACE_optlc_6333          TIEL_HVT        saed90nm_max_hvt 
PLACE_optlc_6334          TIEL_HVT        saed90nm_max_hvt 
PLACE_optlc_6335          TIEL_HVT        saed90nm_max_hvt 
PLACE_optlc_6336          TIEL_HVT        saed90nm_max_hvt 
PLACE_optlc_6337          TIEL_HVT        saed90nm_max_hvt 
PLACE_optlc_6338          TIEL_HVT        saed90nm_max_hvt 
PLACE_optlc_6339          TIEL_HVT        saed90nm_max_hvt 
PLACE_optlc_634           TIEL_HVT        saed90nm_max_hvt 
PLACE_optlc_6340          TIEL_HVT        saed90nm_max_hvt 
PLACE_optlc_6341          TIEL_HVT        saed90nm_max_hvt 
PLACE_optlc_6342          TIEL_HVT        saed90nm_max_hvt 
PLACE_optlc_6343          TIEL_HVT        saed90nm_max_hvt 
PLACE_optlc_6344          TIEL_HVT        saed90nm_max_hvt 
PLACE_optlc_6345          TIEL_HVT        saed90nm_max_hvt 
PLACE_optlc_6346          TIEL_HVT        saed90nm_max_hvt 
PLACE_optlc_6347          TIEL_HVT        saed90nm_max_hvt 
PLACE_optlc_6348          TIEL_HVT        saed90nm_max_hvt 
PLACE_optlc_6349          TIEL_HVT        saed90nm_max_hvt 
PLACE_optlc_635           TIEL_HVT        saed90nm_max_hvt 
PLACE_optlc_6350          TIEL_HVT        saed90nm_max_hvt 
PLACE_optlc_6351          TIEL_HVT        saed90nm_max_hvt 
PLACE_optlc_6352          TIEL_HVT        saed90nm_max_hvt 
PLACE_optlc_6353          TIEL_HVT        saed90nm_max_hvt 
PLACE_optlc_6354          TIEL_HVT        saed90nm_max_hvt 
PLACE_optlc_6355          TIEL_HVT        saed90nm_max_hvt 
PLACE_optlc_6356          TIEL_HVT        saed90nm_max_hvt 
PLACE_optlc_6357          TIEL_HVT        saed90nm_max_hvt 
PLACE_optlc_6358          TIEL_HVT        saed90nm_max_hvt 
PLACE_optlc_6359          TIEL_HVT        saed90nm_max_hvt 
PLACE_optlc_636           TIEL_HVT        saed90nm_max_hvt 
PLACE_optlc_6360          TIEL_HVT        saed90nm_max_hvt 
PLACE_optlc_6361          TIEL_HVT        saed90nm_max_hvt 
PLACE_optlc_6362          TIEL_HVT        saed90nm_max_hvt 
PLACE_optlc_6363          TIEL_HVT        saed90nm_max_hvt 
PLACE_optlc_6364          TIEL_HVT        saed90nm_max_hvt 
PLACE_optlc_6365          TIEL_HVT        saed90nm_max_hvt 
PLACE_optlc_6366          TIEL_HVT        saed90nm_max_hvt 
PLACE_optlc_6367          TIEL_HVT        saed90nm_max_hvt 
PLACE_optlc_6368          TIEL_HVT        saed90nm_max_hvt 
PLACE_optlc_6369          TIEL_HVT        saed90nm_max_hvt 
PLACE_optlc_637           TIEL_HVT        saed90nm_max_hvt 
PLACE_optlc_6370          TIEL_HVT        saed90nm_max_hvt 
PLACE_optlc_6371          TIEL_HVT        saed90nm_max_hvt 
PLACE_optlc_6372          TIEL_HVT        saed90nm_max_hvt 
PLACE_optlc_6373          TIEL_HVT        saed90nm_max_hvt 
PLACE_optlc_6374          TIEL_HVT        saed90nm_max_hvt 
PLACE_optlc_6375          TIEL_HVT        saed90nm_max_hvt 
PLACE_optlc_6376          TIEL_HVT        saed90nm_max_hvt 
PLACE_optlc_6377          TIEL_HVT        saed90nm_max_hvt 
PLACE_optlc_6378          TIEL_HVT        saed90nm_max_hvt 
PLACE_optlc_6379          TIEL_HVT        saed90nm_max_hvt 
PLACE_optlc_638           TIEL_HVT        saed90nm_max_hvt 
PLACE_optlc_6380          TIEL_HVT        saed90nm_max_hvt 
PLACE_optlc_6381          TIEL_HVT        saed90nm_max_hvt 
PLACE_optlc_6382          TIEL_HVT        saed90nm_max_hvt 
PLACE_optlc_6383          TIEL_HVT        saed90nm_max_hvt 
PLACE_optlc_6384          TIEL_HVT        saed90nm_max_hvt 
PLACE_optlc_6385          TIEL_HVT        saed90nm_max_hvt 
PLACE_optlc_6386          TIEL_HVT        saed90nm_max_hvt 
PLACE_optlc_6387          TIEL_HVT        saed90nm_max_hvt 
PLACE_optlc_6388          TIEL_HVT        saed90nm_max_hvt 
PLACE_optlc_6389          TIEL_HVT        saed90nm_max_hvt 
PLACE_optlc_639           TIEL_HVT        saed90nm_max_hvt 
PLACE_optlc_6390          TIEL_HVT        saed90nm_max_hvt 
PLACE_optlc_6391          TIEL_HVT        saed90nm_max_hvt 
PLACE_optlc_6392          TIEL_HVT        saed90nm_max_hvt 
PLACE_optlc_6393          TIEL_HVT        saed90nm_max_hvt 
PLACE_optlc_6394          TIEL_HVT        saed90nm_max_hvt 
PLACE_optlc_6395          TIEL_HVT        saed90nm_max_hvt 
PLACE_optlc_6396          TIEL_HVT        saed90nm_max_hvt 
PLACE_optlc_6397          TIEL_HVT        saed90nm_max_hvt 
PLACE_optlc_6398          TIEL_HVT        saed90nm_max_hvt 
PLACE_optlc_6399          TIEL_HVT        saed90nm_max_hvt 
PLACE_optlc_64            TIEL_HVT        saed90nm_max_hvt 
PLACE_optlc_640           TIEL_HVT        saed90nm_max_hvt 
PLACE_optlc_6400          TIEL_HVT        saed90nm_max_hvt 
PLACE_optlc_6401          TIEL_HVT        saed90nm_max_hvt 
PLACE_optlc_6402          TIEL_HVT        saed90nm_max_hvt 
PLACE_optlc_6403          TIEL_HVT        saed90nm_max_hvt 
PLACE_optlc_6404          TIEL_HVT        saed90nm_max_hvt 
PLACE_optlc_6405          TIEL_HVT        saed90nm_max_hvt 
PLACE_optlc_6406          TIEL_HVT        saed90nm_max_hvt 
PLACE_optlc_6407          TIEL_HVT        saed90nm_max_hvt 
PLACE_optlc_6408          TIEL_HVT        saed90nm_max_hvt 
PLACE_optlc_6409          TIEL_HVT        saed90nm_max_hvt 
PLACE_optlc_641           TIEL_HVT        saed90nm_max_hvt 
PLACE_optlc_6410          TIEL_HVT        saed90nm_max_hvt 
PLACE_optlc_6411          TIEL_HVT        saed90nm_max_hvt 
PLACE_optlc_6412          TIEL_HVT        saed90nm_max_hvt 
PLACE_optlc_6413          TIEL_HVT        saed90nm_max_hvt 
PLACE_optlc_6414          TIEL_HVT        saed90nm_max_hvt 
PLACE_optlc_6415          TIEL_HVT        saed90nm_max_hvt 
PLACE_optlc_6416          TIEL_HVT        saed90nm_max_hvt 
PLACE_optlc_6417          TIEL_HVT        saed90nm_max_hvt 
PLACE_optlc_6418          TIEL_HVT        saed90nm_max_hvt 
PLACE_optlc_6419          TIEL_HVT        saed90nm_max_hvt 
PLACE_optlc_642           TIEL_HVT        saed90nm_max_hvt 
PLACE_optlc_6420          TIEL_HVT        saed90nm_max_hvt 
PLACE_optlc_6421          TIEL_HVT        saed90nm_max_hvt 
PLACE_optlc_6422          TIEL_HVT        saed90nm_max_hvt 
PLACE_optlc_6423          TIEL_HVT        saed90nm_max_hvt 
PLACE_optlc_6424          TIEL_HVT        saed90nm_max_hvt 
PLACE_optlc_6425          TIEL_HVT        saed90nm_max_hvt 
PLACE_optlc_6426          TIEL_HVT        saed90nm_max_hvt 
PLACE_optlc_6427          TIEL_HVT        saed90nm_max_hvt 
PLACE_optlc_6428          TIEL_HVT        saed90nm_max_hvt 
PLACE_optlc_6429          TIEL_HVT        saed90nm_max_hvt 
PLACE_optlc_643           TIEL_HVT        saed90nm_max_hvt 
PLACE_optlc_6430          TIEL_HVT        saed90nm_max_hvt 
PLACE_optlc_6431          TIEL_HVT        saed90nm_max_hvt 
PLACE_optlc_6432          TIEL_HVT        saed90nm_max_hvt 
PLACE_optlc_6433          TIEL_HVT        saed90nm_max_hvt 
PLACE_optlc_6434          TIEL_HVT        saed90nm_max_hvt 
PLACE_optlc_6435          TIEL_HVT        saed90nm_max_hvt 
PLACE_optlc_6436          TIEL_HVT        saed90nm_max_hvt 
PLACE_optlc_6437          TIEL_HVT        saed90nm_max_hvt 
PLACE_optlc_6438          TIEL_HVT        saed90nm_max_hvt 
PLACE_optlc_6439          TIEL_HVT        saed90nm_max_hvt 
PLACE_optlc_644           TIEL_HVT        saed90nm_max_hvt 
PLACE_optlc_6440          TIEL_HVT        saed90nm_max_hvt 
PLACE_optlc_6441          TIEL_HVT        saed90nm_max_hvt 
PLACE_optlc_6442          TIEL_HVT        saed90nm_max_hvt 
PLACE_optlc_6443          TIEL_HVT        saed90nm_max_hvt 
PLACE_optlc_6444          TIEL_HVT        saed90nm_max_hvt 
PLACE_optlc_6445          TIEL_HVT        saed90nm_max_hvt 
PLACE_optlc_6446          TIEL_HVT        saed90nm_max_hvt 
PLACE_optlc_6447          TIEL_HVT        saed90nm_max_hvt 
PLACE_optlc_6448          TIEL_HVT        saed90nm_max_hvt 
PLACE_optlc_6449          TIEL_HVT        saed90nm_max_hvt 
PLACE_optlc_645           TIEL_HVT        saed90nm_max_hvt 
PLACE_optlc_6450          TIEL_HVT        saed90nm_max_hvt 
PLACE_optlc_6451          TIEL_HVT        saed90nm_max_hvt 
PLACE_optlc_6452          TIEL_HVT        saed90nm_max_hvt 
PLACE_optlc_6453          TIEL_HVT        saed90nm_max_hvt 
PLACE_optlc_6454          TIEL_HVT        saed90nm_max_hvt 
PLACE_optlc_6455          TIEL_HVT        saed90nm_max_hvt 
PLACE_optlc_6456          TIEL_HVT        saed90nm_max_hvt 
PLACE_optlc_6457          TIEL_HVT        saed90nm_max_hvt 
PLACE_optlc_6458          TIEL_HVT        saed90nm_max_hvt 
PLACE_optlc_6459          TIEL_HVT        saed90nm_max_hvt 
PLACE_optlc_646           TIEL_HVT        saed90nm_max_hvt 
PLACE_optlc_6460          TIEL_HVT        saed90nm_max_hvt 
PLACE_optlc_6461          TIEL_HVT        saed90nm_max_hvt 
PLACE_optlc_6462          TIEL_HVT        saed90nm_max_hvt 
PLACE_optlc_6463          TIEL_HVT        saed90nm_max_hvt 
PLACE_optlc_6464          TIEL_HVT        saed90nm_max_hvt 
PLACE_optlc_6465          TIEL_HVT        saed90nm_max_hvt 
PLACE_optlc_6466          TIEL_HVT        saed90nm_max_hvt 
PLACE_optlc_6467          TIEL_HVT        saed90nm_max_hvt 
PLACE_optlc_6468          TIEL_HVT        saed90nm_max_hvt 
PLACE_optlc_6469          TIEL_HVT        saed90nm_max_hvt 
PLACE_optlc_647           TIEL_HVT        saed90nm_max_hvt 
PLACE_optlc_6470          TIEL_HVT        saed90nm_max_hvt 
PLACE_optlc_6471          TIEL_HVT        saed90nm_max_hvt 
PLACE_optlc_6472          TIEL_HVT        saed90nm_max_hvt 
PLACE_optlc_6473          TIEL_HVT        saed90nm_max_hvt 
PLACE_optlc_6474          TIEL_HVT        saed90nm_max_hvt 
PLACE_optlc_6475          TIEL_HVT        saed90nm_max_hvt 
PLACE_optlc_6476          TIEL_HVT        saed90nm_max_hvt 
PLACE_optlc_6477          TIEL_HVT        saed90nm_max_hvt 
PLACE_optlc_6478          TIEL_HVT        saed90nm_max_hvt 
PLACE_optlc_6479          TIEL_HVT        saed90nm_max_hvt 
PLACE_optlc_648           TIEL_HVT        saed90nm_max_hvt 
PLACE_optlc_6480          TIEL_HVT        saed90nm_max_hvt 
PLACE_optlc_6481          TIEL_HVT        saed90nm_max_hvt 
PLACE_optlc_6482          TIEL_HVT        saed90nm_max_hvt 
PLACE_optlc_6483          TIEL_HVT        saed90nm_max_hvt 
PLACE_optlc_6484          TIEL_HVT        saed90nm_max_hvt 
PLACE_optlc_6485          TIEL_HVT        saed90nm_max_hvt 
PLACE_optlc_6486          TIEL_HVT        saed90nm_max_hvt 
PLACE_optlc_6487          TIEL_HVT        saed90nm_max_hvt 
PLACE_optlc_6488          TIEL_HVT        saed90nm_max_hvt 
PLACE_optlc_6489          TIEL_HVT        saed90nm_max_hvt 
PLACE_optlc_649           TIEL_HVT        saed90nm_max_hvt 
PLACE_optlc_6490          TIEL_HVT        saed90nm_max_hvt 
PLACE_optlc_6491          TIEL_HVT        saed90nm_max_hvt 
PLACE_optlc_6492          TIEL_HVT        saed90nm_max_hvt 
PLACE_optlc_6493          TIEL_HVT        saed90nm_max_hvt 
PLACE_optlc_6494          TIEL_HVT        saed90nm_max_hvt 
PLACE_optlc_6495          TIEL_HVT        saed90nm_max_hvt 
PLACE_optlc_6496          TIEL_HVT        saed90nm_max_hvt 
PLACE_optlc_6497          TIEL_HVT        saed90nm_max_hvt 
PLACE_optlc_6498          TIEL_HVT        saed90nm_max_hvt 
PLACE_optlc_6499          TIEL_HVT        saed90nm_max_hvt 
PLACE_optlc_65            TIEL_HVT        saed90nm_max_hvt 
PLACE_optlc_650           TIEL_HVT        saed90nm_max_hvt 
PLACE_optlc_6500          TIEL_HVT        saed90nm_max_hvt 
PLACE_optlc_6501          TIEL_HVT        saed90nm_max_hvt 
PLACE_optlc_6502          TIEL_HVT        saed90nm_max_hvt 
PLACE_optlc_6503          TIEL_HVT        saed90nm_max_hvt 
PLACE_optlc_6504          TIEL_HVT        saed90nm_max_hvt 
PLACE_optlc_6505          TIEL_HVT        saed90nm_max_hvt 
PLACE_optlc_6506          TIEL_HVT        saed90nm_max_hvt 
PLACE_optlc_6507          TIEL_HVT        saed90nm_max_hvt 
PLACE_optlc_6508          TIEL_HVT        saed90nm_max_hvt 
PLACE_optlc_6509          TIEL_HVT        saed90nm_max_hvt 
PLACE_optlc_651           TIEL_HVT        saed90nm_max_hvt 
PLACE_optlc_6510          TIEL_HVT        saed90nm_max_hvt 
PLACE_optlc_6511          TIEL_HVT        saed90nm_max_hvt 
PLACE_optlc_6512          TIEL_HVT        saed90nm_max_hvt 
PLACE_optlc_6513          TIEL_HVT        saed90nm_max_hvt 
PLACE_optlc_6514          TIEL_HVT        saed90nm_max_hvt 
PLACE_optlc_6515          TIEL_HVT        saed90nm_max_hvt 
PLACE_optlc_6516          TIEL_HVT        saed90nm_max_hvt 
PLACE_optlc_6517          TIEL_HVT        saed90nm_max_hvt 
PLACE_optlc_6518          TIEL_HVT        saed90nm_max_hvt 
PLACE_optlc_6519          TIEL_HVT        saed90nm_max_hvt 
PLACE_optlc_652           TIEL_HVT        saed90nm_max_hvt 
PLACE_optlc_6520          TIEL_HVT        saed90nm_max_hvt 
PLACE_optlc_6521          TIEL_HVT        saed90nm_max_hvt 
PLACE_optlc_6522          TIEL_HVT        saed90nm_max_hvt 
PLACE_optlc_6523          TIEL_HVT        saed90nm_max_hvt 
PLACE_optlc_6524          TIEL_HVT        saed90nm_max_hvt 
PLACE_optlc_6525          TIEL_HVT        saed90nm_max_hvt 
PLACE_optlc_6526          TIEL_HVT        saed90nm_max_hvt 
PLACE_optlc_6527          TIEL_HVT        saed90nm_max_hvt 
PLACE_optlc_6528          TIEL_HVT        saed90nm_max_hvt 
PLACE_optlc_6529          TIEL_HVT        saed90nm_max_hvt 
PLACE_optlc_653           TIEL_HVT        saed90nm_max_hvt 
PLACE_optlc_6530          TIEL_HVT        saed90nm_max_hvt 
PLACE_optlc_6531          TIEL_HVT        saed90nm_max_hvt 
PLACE_optlc_6532          TIEL_HVT        saed90nm_max_hvt 
PLACE_optlc_6533          TIEL_HVT        saed90nm_max_hvt 
PLACE_optlc_6534          TIEL_HVT        saed90nm_max_hvt 
PLACE_optlc_6535          TIEL_HVT        saed90nm_max_hvt 
PLACE_optlc_6536          TIEL_HVT        saed90nm_max_hvt 
PLACE_optlc_6537          TIEL_HVT        saed90nm_max_hvt 
PLACE_optlc_6538          TIEL_HVT        saed90nm_max_hvt 
PLACE_optlc_6539          TIEL_HVT        saed90nm_max_hvt 
PLACE_optlc_654           TIEL_HVT        saed90nm_max_hvt 
PLACE_optlc_6540          TIEL_HVT        saed90nm_max_hvt 
PLACE_optlc_6541          TIEL_HVT        saed90nm_max_hvt 
PLACE_optlc_6542          TIEL_HVT        saed90nm_max_hvt 
PLACE_optlc_6543          TIEL_HVT        saed90nm_max_hvt 
PLACE_optlc_6544          TIEL_HVT        saed90nm_max_hvt 
PLACE_optlc_6545          TIEL_HVT        saed90nm_max_hvt 
PLACE_optlc_6546          TIEL_HVT        saed90nm_max_hvt 
PLACE_optlc_6547          TIEL_HVT        saed90nm_max_hvt 
PLACE_optlc_6548          TIEL_HVT        saed90nm_max_hvt 
PLACE_optlc_6549          TIEL_HVT        saed90nm_max_hvt 
PLACE_optlc_655           TIEL_HVT        saed90nm_max_hvt 
PLACE_optlc_6550          TIEL_HVT        saed90nm_max_hvt 
PLACE_optlc_6551          TIEL_HVT        saed90nm_max_hvt 
PLACE_optlc_6552          TIEL_HVT        saed90nm_max_hvt 
PLACE_optlc_6553          TIEL_HVT        saed90nm_max_hvt 
PLACE_optlc_6554          TIEL_HVT        saed90nm_max_hvt 
PLACE_optlc_6555          TIEL_HVT        saed90nm_max_hvt 
PLACE_optlc_6556          TIEL_HVT        saed90nm_max_hvt 
PLACE_optlc_6557          TIEL_HVT        saed90nm_max_hvt 
PLACE_optlc_6558          TIEL_HVT        saed90nm_max_hvt 
PLACE_optlc_6559          TIEL_HVT        saed90nm_max_hvt 
PLACE_optlc_656           TIEL_HVT        saed90nm_max_hvt 
PLACE_optlc_6560          TIEL_HVT        saed90nm_max_hvt 
PLACE_optlc_6561          TIEL_HVT        saed90nm_max_hvt 
PLACE_optlc_6562          TIEL_HVT        saed90nm_max_hvt 
PLACE_optlc_6563          TIEL_HVT        saed90nm_max_hvt 
PLACE_optlc_6564          TIEL_HVT        saed90nm_max_hvt 
PLACE_optlc_6565          TIEL_HVT        saed90nm_max_hvt 
PLACE_optlc_6566          TIEL_HVT        saed90nm_max_hvt 
PLACE_optlc_6567          TIEL_HVT        saed90nm_max_hvt 
PLACE_optlc_6568          TIEL_HVT        saed90nm_max_hvt 
PLACE_optlc_6569          TIEL_HVT        saed90nm_max_hvt 
PLACE_optlc_657           TIEL_HVT        saed90nm_max_hvt 
PLACE_optlc_6570          TIEL_HVT        saed90nm_max_hvt 
PLACE_optlc_6571          TIEL_HVT        saed90nm_max_hvt 
PLACE_optlc_6572          TIEL_HVT        saed90nm_max_hvt 
PLACE_optlc_6573          TIEL_HVT        saed90nm_max_hvt 
PLACE_optlc_6574          TIEL_HVT        saed90nm_max_hvt 
PLACE_optlc_6575          TIEL_HVT        saed90nm_max_hvt 
PLACE_optlc_6576          TIEL_HVT        saed90nm_max_hvt 
PLACE_optlc_6577          TIEL_HVT        saed90nm_max_hvt 
PLACE_optlc_6578          TIEL_HVT        saed90nm_max_hvt 
PLACE_optlc_6579          TIEL_HVT        saed90nm_max_hvt 
PLACE_optlc_658           TIEL_HVT        saed90nm_max_hvt 
PLACE_optlc_6580          TIEL_HVT        saed90nm_max_hvt 
PLACE_optlc_6581          TIEL_HVT        saed90nm_max_hvt 
PLACE_optlc_6582          TIEL_HVT        saed90nm_max_hvt 
PLACE_optlc_6583          TIEL_HVT        saed90nm_max_hvt 
PLACE_optlc_6584          TIEL_HVT        saed90nm_max_hvt 
PLACE_optlc_6585          TIEL_HVT        saed90nm_max_hvt 
PLACE_optlc_6586          TIEL_HVT        saed90nm_max_hvt 
PLACE_optlc_6587          TIEL_HVT        saed90nm_max_hvt 
PLACE_optlc_6588          TIEL_HVT        saed90nm_max_hvt 
PLACE_optlc_6589          TIEL_HVT        saed90nm_max_hvt 
PLACE_optlc_659           TIEL_HVT        saed90nm_max_hvt 
PLACE_optlc_6590          TIEL_HVT        saed90nm_max_hvt 
PLACE_optlc_6591          TIEL_HVT        saed90nm_max_hvt 
PLACE_optlc_6592          TIEL_HVT        saed90nm_max_hvt 
PLACE_optlc_6593          TIEL_HVT        saed90nm_max_hvt 
PLACE_optlc_6594          TIEL_HVT        saed90nm_max_hvt 
PLACE_optlc_6595          TIEL_HVT        saed90nm_max_hvt 
PLACE_optlc_6596          TIEL_HVT        saed90nm_max_hvt 
PLACE_optlc_6597          TIEL_HVT        saed90nm_max_hvt 
PLACE_optlc_6598          TIEL_HVT        saed90nm_max_hvt 
PLACE_optlc_6599          TIEL_HVT        saed90nm_max_hvt 
PLACE_optlc_66            TIEL_HVT        saed90nm_max_hvt 
PLACE_optlc_660           TIEL_HVT        saed90nm_max_hvt 
PLACE_optlc_6600          TIEL_HVT        saed90nm_max_hvt 
PLACE_optlc_6601          TIEL_HVT        saed90nm_max_hvt 
PLACE_optlc_6602          TIEL_HVT        saed90nm_max_hvt 
PLACE_optlc_6603          TIEL_HVT        saed90nm_max_hvt 
PLACE_optlc_6604          TIEL_HVT        saed90nm_max_hvt 
PLACE_optlc_6605          TIEL_HVT        saed90nm_max_hvt 
PLACE_optlc_6606          TIEL_HVT        saed90nm_max_hvt 
PLACE_optlc_6607          TIEL_HVT        saed90nm_max_hvt 
PLACE_optlc_6608          TIEL_HVT        saed90nm_max_hvt 
PLACE_optlc_6609          TIEL_HVT        saed90nm_max_hvt 
PLACE_optlc_661           TIEL_HVT        saed90nm_max_hvt 
PLACE_optlc_6610          TIEL_HVT        saed90nm_max_hvt 
PLACE_optlc_6611          TIEL_HVT        saed90nm_max_hvt 
PLACE_optlc_6612          TIEL_HVT        saed90nm_max_hvt 
PLACE_optlc_6613          TIEL_HVT        saed90nm_max_hvt 
PLACE_optlc_6614          TIEL_HVT        saed90nm_max_hvt 
PLACE_optlc_6615          TIEL_HVT        saed90nm_max_hvt 
PLACE_optlc_6616          TIEL_HVT        saed90nm_max_hvt 
PLACE_optlc_6617          TIEL_HVT        saed90nm_max_hvt 
PLACE_optlc_6618          TIEL_HVT        saed90nm_max_hvt 
PLACE_optlc_6619          TIEL_HVT        saed90nm_max_hvt 
PLACE_optlc_662           TIEL_HVT        saed90nm_max_hvt 
PLACE_optlc_6620          TIEL_HVT        saed90nm_max_hvt 
PLACE_optlc_6621          TIEL_HVT        saed90nm_max_hvt 
PLACE_optlc_6622          TIEL_HVT        saed90nm_max_hvt 
PLACE_optlc_6623          TIEL_HVT        saed90nm_max_hvt 
PLACE_optlc_6624          TIEL_HVT        saed90nm_max_hvt 
PLACE_optlc_6625          TIEL_HVT        saed90nm_max_hvt 
PLACE_optlc_6626          TIEL_HVT        saed90nm_max_hvt 
PLACE_optlc_6627          TIEL_HVT        saed90nm_max_hvt 
PLACE_optlc_6628          TIEL_HVT        saed90nm_max_hvt 
PLACE_optlc_6629          TIEL_HVT        saed90nm_max_hvt 
PLACE_optlc_663           TIEL_HVT        saed90nm_max_hvt 
PLACE_optlc_6630          TIEL_HVT        saed90nm_max_hvt 
PLACE_optlc_6631          TIEL_HVT        saed90nm_max_hvt 
PLACE_optlc_6632          TIEL_HVT        saed90nm_max_hvt 
PLACE_optlc_6633          TIEL_HVT        saed90nm_max_hvt 
PLACE_optlc_6634          TIEL_HVT        saed90nm_max_hvt 
PLACE_optlc_6635          TIEL_HVT        saed90nm_max_hvt 
PLACE_optlc_6636          TIEL_HVT        saed90nm_max_hvt 
PLACE_optlc_6637          TIEL_HVT        saed90nm_max_hvt 
PLACE_optlc_6638          TIEL_HVT        saed90nm_max_hvt 
PLACE_optlc_6639          TIEL_HVT        saed90nm_max_hvt 
PLACE_optlc_664           TIEL_HVT        saed90nm_max_hvt 
PLACE_optlc_6640          TIEL_HVT        saed90nm_max_hvt 
PLACE_optlc_6641          TIEL_HVT        saed90nm_max_hvt 
PLACE_optlc_6642          TIEL_HVT        saed90nm_max_hvt 
PLACE_optlc_6643          TIEL_HVT        saed90nm_max_hvt 
PLACE_optlc_6644          TIEL_HVT        saed90nm_max_hvt 
PLACE_optlc_6645          TIEL_HVT        saed90nm_max_hvt 
PLACE_optlc_6646          TIEL_HVT        saed90nm_max_hvt 
PLACE_optlc_6647          TIEL_HVT        saed90nm_max_hvt 
PLACE_optlc_6648          TIEL_HVT        saed90nm_max_hvt 
PLACE_optlc_6649          TIEL_HVT        saed90nm_max_hvt 
PLACE_optlc_665           TIEL_HVT        saed90nm_max_hvt 
PLACE_optlc_6650          TIEL_HVT        saed90nm_max_hvt 
PLACE_optlc_6651          TIEL_HVT        saed90nm_max_hvt 
PLACE_optlc_6652          TIEL_HVT        saed90nm_max_hvt 
PLACE_optlc_6653          TIEL_HVT        saed90nm_max_hvt 
PLACE_optlc_6654          TIEL_HVT        saed90nm_max_hvt 
PLACE_optlc_6655          TIEL_HVT        saed90nm_max_hvt 
PLACE_optlc_6656          TIEL_HVT        saed90nm_max_hvt 
PLACE_optlc_6657          TIEL_HVT        saed90nm_max_hvt 
PLACE_optlc_6658          TIEL_HVT        saed90nm_max_hvt 
PLACE_optlc_6659          TIEL_HVT        saed90nm_max_hvt 
PLACE_optlc_666           TIEL_HVT        saed90nm_max_hvt 
PLACE_optlc_6660          TIEL_HVT        saed90nm_max_hvt 
PLACE_optlc_6661          TIEL_HVT        saed90nm_max_hvt 
PLACE_optlc_6662          TIEL_HVT        saed90nm_max_hvt 
PLACE_optlc_6663          TIEL_HVT        saed90nm_max_hvt 
PLACE_optlc_6664          TIEL_HVT        saed90nm_max_hvt 
PLACE_optlc_6665          TIEL_HVT        saed90nm_max_hvt 
PLACE_optlc_6666          TIEL_HVT        saed90nm_max_hvt 
PLACE_optlc_6667          TIEL_HVT        saed90nm_max_hvt 
PLACE_optlc_6668          TIEL_HVT        saed90nm_max_hvt 
PLACE_optlc_6669          TIEL_HVT        saed90nm_max_hvt 
PLACE_optlc_667           TIEL_HVT        saed90nm_max_hvt 
PLACE_optlc_6670          TIEL_HVT        saed90nm_max_hvt 
PLACE_optlc_6671          TIEL_HVT        saed90nm_max_hvt 
PLACE_optlc_6672          TIEL_HVT        saed90nm_max_hvt 
PLACE_optlc_6673          TIEL_HVT        saed90nm_max_hvt 
PLACE_optlc_6674          TIEL_HVT        saed90nm_max_hvt 
PLACE_optlc_6675          TIEL_HVT        saed90nm_max_hvt 
PLACE_optlc_6676          TIEL_HVT        saed90nm_max_hvt 
PLACE_optlc_6677          TIEL_HVT        saed90nm_max_hvt 
PLACE_optlc_6678          TIEL_HVT        saed90nm_max_hvt 
PLACE_optlc_6679          TIEL_HVT        saed90nm_max_hvt 
PLACE_optlc_668           TIEL_HVT        saed90nm_max_hvt 
PLACE_optlc_6680          TIEL_HVT        saed90nm_max_hvt 
PLACE_optlc_6681          TIEL_HVT        saed90nm_max_hvt 
PLACE_optlc_6682          TIEL_HVT        saed90nm_max_hvt 
PLACE_optlc_6683          TIEL_HVT        saed90nm_max_hvt 
PLACE_optlc_6684          TIEL_HVT        saed90nm_max_hvt 
PLACE_optlc_6685          TIEL_HVT        saed90nm_max_hvt 
PLACE_optlc_6686          TIEL_HVT        saed90nm_max_hvt 
PLACE_optlc_6687          TIEL_HVT        saed90nm_max_hvt 
PLACE_optlc_6688          TIEL_HVT        saed90nm_max_hvt 
PLACE_optlc_6689          TIEL_HVT        saed90nm_max_hvt 
PLACE_optlc_669           TIEL_HVT        saed90nm_max_hvt 
PLACE_optlc_6690          TIEL_HVT        saed90nm_max_hvt 
PLACE_optlc_6691          TIEL_HVT        saed90nm_max_hvt 
PLACE_optlc_6692          TIEL_HVT        saed90nm_max_hvt 
PLACE_optlc_6693          TIEL_HVT        saed90nm_max_hvt 
PLACE_optlc_6694          TIEL_HVT        saed90nm_max_hvt 
PLACE_optlc_6695          TIEL_HVT        saed90nm_max_hvt 
PLACE_optlc_6696          TIEL_HVT        saed90nm_max_hvt 
PLACE_optlc_6697          TIEL_HVT        saed90nm_max_hvt 
PLACE_optlc_6698          TIEL_HVT        saed90nm_max_hvt 
PLACE_optlc_6699          TIEL_HVT        saed90nm_max_hvt 
PLACE_optlc_67            TIEL_HVT        saed90nm_max_hvt 
PLACE_optlc_670           TIEL_HVT        saed90nm_max_hvt 
PLACE_optlc_6700          TIEL_HVT        saed90nm_max_hvt 
PLACE_optlc_6701          TIEL_HVT        saed90nm_max_hvt 
PLACE_optlc_6702          TIEL_HVT        saed90nm_max_hvt 
PLACE_optlc_6703          TIEL_HVT        saed90nm_max_hvt 
PLACE_optlc_6704          TIEL_HVT        saed90nm_max_hvt 
PLACE_optlc_6705          TIEL_HVT        saed90nm_max_hvt 
PLACE_optlc_6706          TIEL_HVT        saed90nm_max_hvt 
PLACE_optlc_6707          TIEL_HVT        saed90nm_max_hvt 
PLACE_optlc_6708          TIEL_HVT        saed90nm_max_hvt 
PLACE_optlc_6709          TIEL_HVT        saed90nm_max_hvt 
PLACE_optlc_671           TIEL_HVT        saed90nm_max_hvt 
PLACE_optlc_6710          TIEL_HVT        saed90nm_max_hvt 
PLACE_optlc_6711          TIEL_HVT        saed90nm_max_hvt 
PLACE_optlc_6712          TIEL_HVT        saed90nm_max_hvt 
PLACE_optlc_6713          TIEL_HVT        saed90nm_max_hvt 
PLACE_optlc_6714          TIEL_HVT        saed90nm_max_hvt 
PLACE_optlc_6715          TIEL_HVT        saed90nm_max_hvt 
PLACE_optlc_6716          TIEL_HVT        saed90nm_max_hvt 
PLACE_optlc_6717          TIEL_HVT        saed90nm_max_hvt 
PLACE_optlc_6718          TIEL_HVT        saed90nm_max_hvt 
PLACE_optlc_6719          TIEL_HVT        saed90nm_max_hvt 
PLACE_optlc_672           TIEL_HVT        saed90nm_max_hvt 
PLACE_optlc_6720          TIEL_HVT        saed90nm_max_hvt 
PLACE_optlc_6721          TIEL_HVT        saed90nm_max_hvt 
PLACE_optlc_6722          TIEL_HVT        saed90nm_max_hvt 
PLACE_optlc_6723          TIEL_HVT        saed90nm_max_hvt 
PLACE_optlc_6724          TIEL_HVT        saed90nm_max_hvt 
PLACE_optlc_6725          TIEL_HVT        saed90nm_max_hvt 
PLACE_optlc_6726          TIEL_HVT        saed90nm_max_hvt 
PLACE_optlc_6727          TIEL_HVT        saed90nm_max_hvt 
PLACE_optlc_6728          TIEL_HVT        saed90nm_max_hvt 
PLACE_optlc_6729          TIEL_HVT        saed90nm_max_hvt 
PLACE_optlc_673           TIEL_HVT        saed90nm_max_hvt 
PLACE_optlc_6730          TIEL_HVT        saed90nm_max_hvt 
PLACE_optlc_6731          TIEL_HVT        saed90nm_max_hvt 
PLACE_optlc_6732          TIEL_HVT        saed90nm_max_hvt 
PLACE_optlc_6733          TIEL_HVT        saed90nm_max_hvt 
PLACE_optlc_6734          TIEL_HVT        saed90nm_max_hvt 
PLACE_optlc_6735          TIEL_HVT        saed90nm_max_hvt 
PLACE_optlc_6736          TIEL_HVT        saed90nm_max_hvt 
PLACE_optlc_6737          TIEL_HVT        saed90nm_max_hvt 
PLACE_optlc_6738          TIEL_HVT        saed90nm_max_hvt 
PLACE_optlc_6739          TIEL_HVT        saed90nm_max_hvt 
PLACE_optlc_674           TIEL_HVT        saed90nm_max_hvt 
PLACE_optlc_6740          TIEL_HVT        saed90nm_max_hvt 
PLACE_optlc_6741          TIEL_HVT        saed90nm_max_hvt 
PLACE_optlc_6742          TIEL_HVT        saed90nm_max_hvt 
PLACE_optlc_6743          TIEL_HVT        saed90nm_max_hvt 
PLACE_optlc_6744          TIEL_HVT        saed90nm_max_hvt 
PLACE_optlc_6745          TIEL_HVT        saed90nm_max_hvt 
PLACE_optlc_6746          TIEL_HVT        saed90nm_max_hvt 
PLACE_optlc_6747          TIEL_HVT        saed90nm_max_hvt 
PLACE_optlc_6748          TIEL_HVT        saed90nm_max_hvt 
PLACE_optlc_6749          TIEL_HVT        saed90nm_max_hvt 
PLACE_optlc_675           TIEL_HVT        saed90nm_max_hvt 
PLACE_optlc_6750          TIEL_HVT        saed90nm_max_hvt 
PLACE_optlc_6751          TIEL_HVT        saed90nm_max_hvt 
PLACE_optlc_6752          TIEL_HVT        saed90nm_max_hvt 
PLACE_optlc_6753          TIEL_HVT        saed90nm_max_hvt 
PLACE_optlc_6754          TIEL_HVT        saed90nm_max_hvt 
PLACE_optlc_6755          TIEL_HVT        saed90nm_max_hvt 
PLACE_optlc_6756          TIEL_HVT        saed90nm_max_hvt 
PLACE_optlc_6757          TIEL_HVT        saed90nm_max_hvt 
PLACE_optlc_6758          TIEL_HVT        saed90nm_max_hvt 
PLACE_optlc_6759          TIEL_HVT        saed90nm_max_hvt 
PLACE_optlc_676           TIEL_HVT        saed90nm_max_hvt 
PLACE_optlc_6760          TIEL_HVT        saed90nm_max_hvt 
PLACE_optlc_6761          TIEL_HVT        saed90nm_max_hvt 
PLACE_optlc_6762          TIEL_HVT        saed90nm_max_hvt 
PLACE_optlc_6763          TIEL_HVT        saed90nm_max_hvt 
PLACE_optlc_6764          TIEL_HVT        saed90nm_max_hvt 
PLACE_optlc_6765          TIEL_HVT        saed90nm_max_hvt 
PLACE_optlc_6766          TIEL_HVT        saed90nm_max_hvt 
PLACE_optlc_6767          TIEL_HVT        saed90nm_max_hvt 
PLACE_optlc_6768          TIEL_HVT        saed90nm_max_hvt 
PLACE_optlc_6769          TIEL_HVT        saed90nm_max_hvt 
PLACE_optlc_677           TIEL_HVT        saed90nm_max_hvt 
PLACE_optlc_6770          TIEL_HVT        saed90nm_max_hvt 
PLACE_optlc_6771          TIEL_HVT        saed90nm_max_hvt 
PLACE_optlc_6772          TIEL_HVT        saed90nm_max_hvt 
PLACE_optlc_6773          TIEL_HVT        saed90nm_max_hvt 
PLACE_optlc_6774          TIEL_HVT        saed90nm_max_hvt 
PLACE_optlc_6775          TIEL_HVT        saed90nm_max_hvt 
PLACE_optlc_6776          TIEL_HVT        saed90nm_max_hvt 
PLACE_optlc_6777          TIEL_HVT        saed90nm_max_hvt 
PLACE_optlc_6778          TIEL_HVT        saed90nm_max_hvt 
PLACE_optlc_6779          TIEL_HVT        saed90nm_max_hvt 
PLACE_optlc_678           TIEL_HVT        saed90nm_max_hvt 
PLACE_optlc_6780          TIEL_HVT        saed90nm_max_hvt 
PLACE_optlc_6781          TIEL_HVT        saed90nm_max_hvt 
PLACE_optlc_6782          TIEL_HVT        saed90nm_max_hvt 
PLACE_optlc_6783          TIEL_HVT        saed90nm_max_hvt 
PLACE_optlc_6784          TIEL_HVT        saed90nm_max_hvt 
PLACE_optlc_6785          TIEL_HVT        saed90nm_max_hvt 
PLACE_optlc_6786          TIEL_HVT        saed90nm_max_hvt 
PLACE_optlc_6787          TIEL_HVT        saed90nm_max_hvt 
PLACE_optlc_6788          TIEL_HVT        saed90nm_max_hvt 
PLACE_optlc_6789          TIEL_HVT        saed90nm_max_hvt 
PLACE_optlc_679           TIEL_HVT        saed90nm_max_hvt 
PLACE_optlc_6790          TIEL_HVT        saed90nm_max_hvt 
PLACE_optlc_6791          TIEL_HVT        saed90nm_max_hvt 
PLACE_optlc_6792          TIEL_HVT        saed90nm_max_hvt 
PLACE_optlc_6793          TIEL_HVT        saed90nm_max_hvt 
PLACE_optlc_6794          TIEL_HVT        saed90nm_max_hvt 
PLACE_optlc_6795          TIEL_HVT        saed90nm_max_hvt 
PLACE_optlc_6796          TIEL_HVT        saed90nm_max_hvt 
PLACE_optlc_6797          TIEL_HVT        saed90nm_max_hvt 
PLACE_optlc_6798          TIEL_HVT        saed90nm_max_hvt 
PLACE_optlc_6799          TIEL_HVT        saed90nm_max_hvt 
PLACE_optlc_68            TIEL_HVT        saed90nm_max_hvt 
PLACE_optlc_680           TIEL_HVT        saed90nm_max_hvt 
PLACE_optlc_6800          TIEL_HVT        saed90nm_max_hvt 
PLACE_optlc_6801          TIEL_HVT        saed90nm_max_hvt 
PLACE_optlc_6802          TIEL_HVT        saed90nm_max_hvt 
PLACE_optlc_6803          TIEL_HVT        saed90nm_max_hvt 
PLACE_optlc_6804          TIEL_HVT        saed90nm_max_hvt 
PLACE_optlc_6805          TIEL_HVT        saed90nm_max_hvt 
PLACE_optlc_6806          TIEL_HVT        saed90nm_max_hvt 
PLACE_optlc_6807          TIEL_HVT        saed90nm_max_hvt 
PLACE_optlc_6808          TIEL_HVT        saed90nm_max_hvt 
PLACE_optlc_6809          TIEL_HVT        saed90nm_max_hvt 
PLACE_optlc_681           TIEL_HVT        saed90nm_max_hvt 
PLACE_optlc_6810          TIEL_HVT        saed90nm_max_hvt 
PLACE_optlc_6811          TIEL_HVT        saed90nm_max_hvt 
PLACE_optlc_6812          TIEL_HVT        saed90nm_max_hvt 
PLACE_optlc_6813          TIEL_HVT        saed90nm_max_hvt 
PLACE_optlc_6814          TIEL_HVT        saed90nm_max_hvt 
PLACE_optlc_6815          TIEL_HVT        saed90nm_max_hvt 
PLACE_optlc_6816          TIEL_HVT        saed90nm_max_hvt 
PLACE_optlc_6817          TIEL_HVT        saed90nm_max_hvt 
PLACE_optlc_6818          TIEL_HVT        saed90nm_max_hvt 
PLACE_optlc_6819          TIEL_HVT        saed90nm_max_hvt 
PLACE_optlc_682           TIEL_HVT        saed90nm_max_hvt 
PLACE_optlc_6820          TIEL_HVT        saed90nm_max_hvt 
PLACE_optlc_6821          TIEL_HVT        saed90nm_max_hvt 
PLACE_optlc_6822          TIEL_HVT        saed90nm_max_hvt 
PLACE_optlc_6823          TIEL_HVT        saed90nm_max_hvt 
PLACE_optlc_6824          TIEL_HVT        saed90nm_max_hvt 
PLACE_optlc_6825          TIEL_HVT        saed90nm_max_hvt 
PLACE_optlc_6826          TIEL_HVT        saed90nm_max_hvt 
PLACE_optlc_6827          TIEL_HVT        saed90nm_max_hvt 
PLACE_optlc_6828          TIEL_HVT        saed90nm_max_hvt 
PLACE_optlc_6829          TIEL_HVT        saed90nm_max_hvt 
PLACE_optlc_683           TIEL_HVT        saed90nm_max_hvt 
PLACE_optlc_6830          TIEL_HVT        saed90nm_max_hvt 
PLACE_optlc_6831          TIEL_HVT        saed90nm_max_hvt 
PLACE_optlc_6832          TIEL_HVT        saed90nm_max_hvt 
PLACE_optlc_6833          TIEL_HVT        saed90nm_max_hvt 
PLACE_optlc_6834          TIEL_HVT        saed90nm_max_hvt 
PLACE_optlc_6835          TIEL_HVT        saed90nm_max_hvt 
PLACE_optlc_6836          TIEL_HVT        saed90nm_max_hvt 
PLACE_optlc_6837          TIEL_HVT        saed90nm_max_hvt 
PLACE_optlc_6838          TIEL_HVT        saed90nm_max_hvt 
PLACE_optlc_6839          TIEL_HVT        saed90nm_max_hvt 
PLACE_optlc_684           TIEL_HVT        saed90nm_max_hvt 
PLACE_optlc_6840          TIEL_HVT        saed90nm_max_hvt 
PLACE_optlc_6841          TIEL_HVT        saed90nm_max_hvt 
PLACE_optlc_6842          TIEL_HVT        saed90nm_max_hvt 
PLACE_optlc_6843          TIEL_HVT        saed90nm_max_hvt 
PLACE_optlc_6844          TIEL_HVT        saed90nm_max_hvt 
PLACE_optlc_6845          TIEL_HVT        saed90nm_max_hvt 
PLACE_optlc_6846          TIEL_HVT        saed90nm_max_hvt 
PLACE_optlc_6847          TIEL_HVT        saed90nm_max_hvt 
PLACE_optlc_6848          TIEL_HVT        saed90nm_max_hvt 
PLACE_optlc_6849          TIEL_HVT        saed90nm_max_hvt 
PLACE_optlc_685           TIEL_HVT        saed90nm_max_hvt 
PLACE_optlc_6850          TIEL_HVT        saed90nm_max_hvt 
PLACE_optlc_6851          TIEL_HVT        saed90nm_max_hvt 
PLACE_optlc_6852          TIEL_HVT        saed90nm_max_hvt 
PLACE_optlc_6853          TIEL_HVT        saed90nm_max_hvt 
PLACE_optlc_6854          TIEL_HVT        saed90nm_max_hvt 
PLACE_optlc_6855          TIEL_HVT        saed90nm_max_hvt 
PLACE_optlc_6856          TIEL_HVT        saed90nm_max_hvt 
PLACE_optlc_6857          TIEL_HVT        saed90nm_max_hvt 
PLACE_optlc_6858          TIEL_HVT        saed90nm_max_hvt 
PLACE_optlc_6859          TIEL_HVT        saed90nm_max_hvt 
PLACE_optlc_686           TIEL_HVT        saed90nm_max_hvt 
PLACE_optlc_6860          TIEL_HVT        saed90nm_max_hvt 
PLACE_optlc_6861          TIEL_HVT        saed90nm_max_hvt 
PLACE_optlc_6862          TIEL_HVT        saed90nm_max_hvt 
PLACE_optlc_6863          TIEL_HVT        saed90nm_max_hvt 
PLACE_optlc_6864          TIEL_HVT        saed90nm_max_hvt 
PLACE_optlc_6865          TIEL_HVT        saed90nm_max_hvt 
PLACE_optlc_6866          TIEL_HVT        saed90nm_max_hvt 
PLACE_optlc_6867          TIEL_HVT        saed90nm_max_hvt 
PLACE_optlc_6868          TIEL_HVT        saed90nm_max_hvt 
PLACE_optlc_6869          TIEL_HVT        saed90nm_max_hvt 
PLACE_optlc_687           TIEL_HVT        saed90nm_max_hvt 
PLACE_optlc_6870          TIEL_HVT        saed90nm_max_hvt 
PLACE_optlc_6871          TIEL_HVT        saed90nm_max_hvt 
PLACE_optlc_6872          TIEL_HVT        saed90nm_max_hvt 
PLACE_optlc_6873          TIEL_HVT        saed90nm_max_hvt 
PLACE_optlc_6874          TIEL_HVT        saed90nm_max_hvt 
PLACE_optlc_6875          TIEL_HVT        saed90nm_max_hvt 
PLACE_optlc_6876          TIEL_HVT        saed90nm_max_hvt 
PLACE_optlc_6877          TIEL_HVT        saed90nm_max_hvt 
PLACE_optlc_6878          TIEL_HVT        saed90nm_max_hvt 
PLACE_optlc_6879          TIEL_HVT        saed90nm_max_hvt 
PLACE_optlc_688           TIEL_HVT        saed90nm_max_hvt 
PLACE_optlc_6880          TIEL_HVT        saed90nm_max_hvt 
PLACE_optlc_6881          TIEL_HVT        saed90nm_max_hvt 
PLACE_optlc_6882          TIEL_HVT        saed90nm_max_hvt 
PLACE_optlc_6883          TIEL_HVT        saed90nm_max_hvt 
PLACE_optlc_6884          TIEL_HVT        saed90nm_max_hvt 
PLACE_optlc_6885          TIEL_HVT        saed90nm_max_hvt 
PLACE_optlc_6886          TIEL_HVT        saed90nm_max_hvt 
PLACE_optlc_6887          TIEL_HVT        saed90nm_max_hvt 
PLACE_optlc_6888          TIEL_HVT        saed90nm_max_hvt 
PLACE_optlc_6889          TIEL_HVT        saed90nm_max_hvt 
PLACE_optlc_689           TIEL_HVT        saed90nm_max_hvt 
PLACE_optlc_6890          TIEL_HVT        saed90nm_max_hvt 
PLACE_optlc_6891          TIEL_HVT        saed90nm_max_hvt 
PLACE_optlc_6892          TIEL_HVT        saed90nm_max_hvt 
PLACE_optlc_6893          TIEL_HVT        saed90nm_max_hvt 
PLACE_optlc_6894          TIEL_HVT        saed90nm_max_hvt 
PLACE_optlc_6895          TIEL_HVT        saed90nm_max_hvt 
PLACE_optlc_6896          TIEL_HVT        saed90nm_max_hvt 
PLACE_optlc_6897          TIEL_HVT        saed90nm_max_hvt 
PLACE_optlc_6898          TIEL_HVT        saed90nm_max_hvt 
PLACE_optlc_6899          TIEL_HVT        saed90nm_max_hvt 
PLACE_optlc_69            TIEL_HVT        saed90nm_max_hvt 
PLACE_optlc_690           TIEL_HVT        saed90nm_max_hvt 
PLACE_optlc_6900          TIEL_HVT        saed90nm_max_hvt 
PLACE_optlc_6901          TIEL_HVT        saed90nm_max_hvt 
PLACE_optlc_6902          TIEL_HVT        saed90nm_max_hvt 
PLACE_optlc_6903          TIEL_HVT        saed90nm_max_hvt 
PLACE_optlc_6904          TIEL_HVT        saed90nm_max_hvt 
PLACE_optlc_6905          TIEL_HVT        saed90nm_max_hvt 
PLACE_optlc_6906          TIEL_HVT        saed90nm_max_hvt 
PLACE_optlc_6907          TIEL_HVT        saed90nm_max_hvt 
PLACE_optlc_6908          TIEL_HVT        saed90nm_max_hvt 
PLACE_optlc_6909          TIEL_HVT        saed90nm_max_hvt 
PLACE_optlc_691           TIEL_HVT        saed90nm_max_hvt 
PLACE_optlc_6910          TIEL_HVT        saed90nm_max_hvt 
PLACE_optlc_6911          TIEL_HVT        saed90nm_max_hvt 
PLACE_optlc_6912          TIEL_HVT        saed90nm_max_hvt 
PLACE_optlc_6913          TIEL_HVT        saed90nm_max_hvt 
PLACE_optlc_6914          TIEL_HVT        saed90nm_max_hvt 
PLACE_optlc_6915          TIEL_HVT        saed90nm_max_hvt 
PLACE_optlc_6916          TIEL_HVT        saed90nm_max_hvt 
PLACE_optlc_6917          TIEL_HVT        saed90nm_max_hvt 
PLACE_optlc_6918          TIEL_HVT        saed90nm_max_hvt 
PLACE_optlc_6919          TIEL_HVT        saed90nm_max_hvt 
PLACE_optlc_692           TIEL_HVT        saed90nm_max_hvt 
PLACE_optlc_6920          TIEL_HVT        saed90nm_max_hvt 
PLACE_optlc_6921          TIEL_HVT        saed90nm_max_hvt 
PLACE_optlc_6922          TIEL_HVT        saed90nm_max_hvt 
PLACE_optlc_6923          TIEL_HVT        saed90nm_max_hvt 
PLACE_optlc_6924          TIEL_HVT        saed90nm_max_hvt 
PLACE_optlc_6925          TIEL_HVT        saed90nm_max_hvt 
PLACE_optlc_6926          TIEL_HVT        saed90nm_max_hvt 
PLACE_optlc_6927          TIEL_HVT        saed90nm_max_hvt 
PLACE_optlc_6928          TIEL_HVT        saed90nm_max_hvt 
PLACE_optlc_6929          TIEL_HVT        saed90nm_max_hvt 
PLACE_optlc_693           TIEL_HVT        saed90nm_max_hvt 
PLACE_optlc_6930          TIEL_HVT        saed90nm_max_hvt 
PLACE_optlc_6931          TIEL_HVT        saed90nm_max_hvt 
PLACE_optlc_6932          TIEL_HVT        saed90nm_max_hvt 
PLACE_optlc_6933          TIEL_HVT        saed90nm_max_hvt 
PLACE_optlc_6934          TIEL_HVT        saed90nm_max_hvt 
PLACE_optlc_6935          TIEL_HVT        saed90nm_max_hvt 
PLACE_optlc_6936          TIEL_HVT        saed90nm_max_hvt 
PLACE_optlc_6937          TIEL_HVT        saed90nm_max_hvt 
PLACE_optlc_6938          TIEL_HVT        saed90nm_max_hvt 
PLACE_optlc_6939          TIEL_HVT        saed90nm_max_hvt 
PLACE_optlc_694           TIEL_HVT        saed90nm_max_hvt 
PLACE_optlc_6940          TIEL_HVT        saed90nm_max_hvt 
PLACE_optlc_6941          TIEL_HVT        saed90nm_max_hvt 
PLACE_optlc_6942          TIEL_HVT        saed90nm_max_hvt 
PLACE_optlc_6943          TIEL_HVT        saed90nm_max_hvt 
PLACE_optlc_6944          TIEL_HVT        saed90nm_max_hvt 
PLACE_optlc_6945          TIEL_HVT        saed90nm_max_hvt 
PLACE_optlc_6946          TIEL_HVT        saed90nm_max_hvt 
PLACE_optlc_6947          TIEL_HVT        saed90nm_max_hvt 
PLACE_optlc_6948          TIEL_HVT        saed90nm_max_hvt 
PLACE_optlc_6949          TIEL_HVT        saed90nm_max_hvt 
PLACE_optlc_695           TIEL_HVT        saed90nm_max_hvt 
PLACE_optlc_6950          TIEL_HVT        saed90nm_max_hvt 
PLACE_optlc_6951          TIEL_HVT        saed90nm_max_hvt 
PLACE_optlc_6952          TIEL_HVT        saed90nm_max_hvt 
PLACE_optlc_6953          TIEL_HVT        saed90nm_max_hvt 
PLACE_optlc_6954          TIEL_HVT        saed90nm_max_hvt 
PLACE_optlc_6955          TIEL_HVT        saed90nm_max_hvt 
PLACE_optlc_6956          TIEL_HVT        saed90nm_max_hvt 
PLACE_optlc_6957          TIEL_HVT        saed90nm_max_hvt 
PLACE_optlc_6958          TIEL_HVT        saed90nm_max_hvt 
PLACE_optlc_6959          TIEL_HVT        saed90nm_max_hvt 
PLACE_optlc_696           TIEL_HVT        saed90nm_max_hvt 
PLACE_optlc_6960          TIEL_HVT        saed90nm_max_hvt 
PLACE_optlc_6961          TIEL_HVT        saed90nm_max_hvt 
PLACE_optlc_6962          TIEL_HVT        saed90nm_max_hvt 
PLACE_optlc_6963          TIEL_HVT        saed90nm_max_hvt 
PLACE_optlc_6964          TIEL_HVT        saed90nm_max_hvt 
PLACE_optlc_6965          TIEL_HVT        saed90nm_max_hvt 
PLACE_optlc_6966          TIEL_HVT        saed90nm_max_hvt 
PLACE_optlc_6967          TIEL_HVT        saed90nm_max_hvt 
PLACE_optlc_6968          TIEL_HVT        saed90nm_max_hvt 
PLACE_optlc_6969          TIEL_HVT        saed90nm_max_hvt 
PLACE_optlc_697           TIEL_HVT        saed90nm_max_hvt 
PLACE_optlc_6970          TIEL_HVT        saed90nm_max_hvt 
PLACE_optlc_6971          TIEL_HVT        saed90nm_max_hvt 
PLACE_optlc_6972          TIEL_HVT        saed90nm_max_hvt 
PLACE_optlc_6973          TIEL_HVT        saed90nm_max_hvt 
PLACE_optlc_6974          TIEL_HVT        saed90nm_max_hvt 
PLACE_optlc_6975          TIEL_HVT        saed90nm_max_hvt 
PLACE_optlc_6976          TIEL_HVT        saed90nm_max_hvt 
PLACE_optlc_6977          TIEL_HVT        saed90nm_max_hvt 
PLACE_optlc_6978          TIEL_HVT        saed90nm_max_hvt 
PLACE_optlc_6979          TIEL_HVT        saed90nm_max_hvt 
PLACE_optlc_698           TIEL_HVT        saed90nm_max_hvt 
PLACE_optlc_6980          TIEL_HVT        saed90nm_max_hvt 
PLACE_optlc_6981          TIEL_HVT        saed90nm_max_hvt 
PLACE_optlc_6982          TIEL_HVT        saed90nm_max_hvt 
PLACE_optlc_6983          TIEL_HVT        saed90nm_max_hvt 
PLACE_optlc_6984          TIEL_HVT        saed90nm_max_hvt 
PLACE_optlc_6985          TIEL_HVT        saed90nm_max_hvt 
PLACE_optlc_6986          TIEL_HVT        saed90nm_max_hvt 
PLACE_optlc_6987          TIEL_HVT        saed90nm_max_hvt 
PLACE_optlc_6988          TIEL_HVT        saed90nm_max_hvt 
PLACE_optlc_6989          TIEL_HVT        saed90nm_max_hvt 
PLACE_optlc_699           TIEL_HVT        saed90nm_max_hvt 
PLACE_optlc_6990          TIEL_HVT        saed90nm_max_hvt 
PLACE_optlc_6991          TIEL_HVT        saed90nm_max_hvt 
PLACE_optlc_6992          TIEL_HVT        saed90nm_max_hvt 
PLACE_optlc_6993          TIEL_HVT        saed90nm_max_hvt 
PLACE_optlc_6994          TIEL_HVT        saed90nm_max_hvt 
PLACE_optlc_6995          TIEL_HVT        saed90nm_max_hvt 
PLACE_optlc_6996          TIEL_HVT        saed90nm_max_hvt 
PLACE_optlc_6997          TIEL_HVT        saed90nm_max_hvt 
PLACE_optlc_6998          TIEL_HVT        saed90nm_max_hvt 
PLACE_optlc_6999          TIEL_HVT        saed90nm_max_hvt 
PLACE_optlc_70            TIEL_HVT        saed90nm_max_hvt 
PLACE_optlc_700           TIEL_HVT        saed90nm_max_hvt 
PLACE_optlc_7000          TIEL_HVT        saed90nm_max_hvt 
PLACE_optlc_7001          TIEL_HVT        saed90nm_max_hvt 
PLACE_optlc_7002          TIEL_HVT        saed90nm_max_hvt 
PLACE_optlc_7003          TIEL_HVT        saed90nm_max_hvt 
PLACE_optlc_7004          TIEL_HVT        saed90nm_max_hvt 
PLACE_optlc_7005          TIEL_HVT        saed90nm_max_hvt 
PLACE_optlc_7006          TIEL_HVT        saed90nm_max_hvt 
PLACE_optlc_7007          TIEL_HVT        saed90nm_max_hvt 
PLACE_optlc_7008          TIEL_HVT        saed90nm_max_hvt 
PLACE_optlc_7009          TIEL_HVT        saed90nm_max_hvt 
PLACE_optlc_701           TIEL_HVT        saed90nm_max_hvt 
PLACE_optlc_7010          TIEL_HVT        saed90nm_max_hvt 
PLACE_optlc_7011          TIEL_HVT        saed90nm_max_hvt 
PLACE_optlc_7012          TIEL_HVT        saed90nm_max_hvt 
PLACE_optlc_7013          TIEL_HVT        saed90nm_max_hvt 
PLACE_optlc_7014          TIEL_HVT        saed90nm_max_hvt 
PLACE_optlc_7015          TIEL_HVT        saed90nm_max_hvt 
PLACE_optlc_7016          TIEL_HVT        saed90nm_max_hvt 
PLACE_optlc_7017          TIEL_HVT        saed90nm_max_hvt 
PLACE_optlc_7018          TIEL_HVT        saed90nm_max_hvt 
PLACE_optlc_7019          TIEL_HVT        saed90nm_max_hvt 
PLACE_optlc_702           TIEL_HVT        saed90nm_max_hvt 
PLACE_optlc_7020          TIEL_HVT        saed90nm_max_hvt 
PLACE_optlc_7021          TIEL_HVT        saed90nm_max_hvt 
PLACE_optlc_7022          TIEL_HVT        saed90nm_max_hvt 
PLACE_optlc_7023          TIEL_HVT        saed90nm_max_hvt 
PLACE_optlc_7024          TIEL_HVT        saed90nm_max_hvt 
PLACE_optlc_7025          TIEL_HVT        saed90nm_max_hvt 
PLACE_optlc_7026          TIEL_HVT        saed90nm_max_hvt 
PLACE_optlc_7027          TIEL_HVT        saed90nm_max_hvt 
PLACE_optlc_7028          TIEL_HVT        saed90nm_max_hvt 
PLACE_optlc_7029          TIEL_HVT        saed90nm_max_hvt 
PLACE_optlc_703           TIEL_HVT        saed90nm_max_hvt 
PLACE_optlc_7030          TIEL_HVT        saed90nm_max_hvt 
PLACE_optlc_7031          TIEL_HVT        saed90nm_max_hvt 
PLACE_optlc_7032          TIEL_HVT        saed90nm_max_hvt 
PLACE_optlc_7033          TIEL_HVT        saed90nm_max_hvt 
PLACE_optlc_7034          TIEL_HVT        saed90nm_max_hvt 
PLACE_optlc_7035          TIEL_HVT        saed90nm_max_hvt 
PLACE_optlc_7036          TIEL_HVT        saed90nm_max_hvt 
PLACE_optlc_7037          TIEL_HVT        saed90nm_max_hvt 
PLACE_optlc_7038          TIEL_HVT        saed90nm_max_hvt 
PLACE_optlc_7039          TIEL_HVT        saed90nm_max_hvt 
PLACE_optlc_704           TIEL_HVT        saed90nm_max_hvt 
PLACE_optlc_7040          TIEL_HVT        saed90nm_max_hvt 
PLACE_optlc_7041          TIEL_HVT        saed90nm_max_hvt 
PLACE_optlc_7042          TIEL_HVT        saed90nm_max_hvt 
PLACE_optlc_7043          TIEL_HVT        saed90nm_max_hvt 
PLACE_optlc_7044          TIEL_HVT        saed90nm_max_hvt 
PLACE_optlc_7045          TIEL_HVT        saed90nm_max_hvt 
PLACE_optlc_7046          TIEL_HVT        saed90nm_max_hvt 
PLACE_optlc_7047          TIEL_HVT        saed90nm_max_hvt 
PLACE_optlc_7048          TIEL_HVT        saed90nm_max_hvt 
PLACE_optlc_7049          TIEL_HVT        saed90nm_max_hvt 
PLACE_optlc_705           TIEL_HVT        saed90nm_max_hvt 
PLACE_optlc_7050          TIEL_HVT        saed90nm_max_hvt 
PLACE_optlc_7051          TIEL_HVT        saed90nm_max_hvt 
PLACE_optlc_7052          TIEL_HVT        saed90nm_max_hvt 
PLACE_optlc_7053          TIEL_HVT        saed90nm_max_hvt 
PLACE_optlc_7054          TIEL_HVT        saed90nm_max_hvt 
PLACE_optlc_7055          TIEL_HVT        saed90nm_max_hvt 
PLACE_optlc_7056          TIEL_HVT        saed90nm_max_hvt 
PLACE_optlc_7057          TIEL_HVT        saed90nm_max_hvt 
PLACE_optlc_7058          TIEL_HVT        saed90nm_max_hvt 
PLACE_optlc_7059          TIEL_HVT        saed90nm_max_hvt 
PLACE_optlc_706           TIEL_HVT        saed90nm_max_hvt 
PLACE_optlc_7060          TIEL_HVT        saed90nm_max_hvt 
PLACE_optlc_7061          TIEL_HVT        saed90nm_max_hvt 
PLACE_optlc_7062          TIEL_HVT        saed90nm_max_hvt 
PLACE_optlc_7063          TIEL_HVT        saed90nm_max_hvt 
PLACE_optlc_7064          TIEL_HVT        saed90nm_max_hvt 
PLACE_optlc_7065          TIEL_HVT        saed90nm_max_hvt 
PLACE_optlc_7066          TIEL_HVT        saed90nm_max_hvt 
PLACE_optlc_7067          TIEL_HVT        saed90nm_max_hvt 
PLACE_optlc_7068          TIEL_HVT        saed90nm_max_hvt 
PLACE_optlc_7069          TIEL_HVT        saed90nm_max_hvt 
PLACE_optlc_707           TIEL_HVT        saed90nm_max_hvt 
PLACE_optlc_7070          TIEL_HVT        saed90nm_max_hvt 
PLACE_optlc_7071          TIEL_HVT        saed90nm_max_hvt 
PLACE_optlc_7072          TIEL_HVT        saed90nm_max_hvt 
PLACE_optlc_7073          TIEL_HVT        saed90nm_max_hvt 
PLACE_optlc_7074          TIEL_HVT        saed90nm_max_hvt 
PLACE_optlc_7075          TIEL_HVT        saed90nm_max_hvt 
PLACE_optlc_7076          TIEL_HVT        saed90nm_max_hvt 
PLACE_optlc_7077          TIEL_HVT        saed90nm_max_hvt 
PLACE_optlc_7078          TIEL_HVT        saed90nm_max_hvt 
PLACE_optlc_7079          TIEL_HVT        saed90nm_max_hvt 
PLACE_optlc_708           TIEL_HVT        saed90nm_max_hvt 
PLACE_optlc_7080          TIEL_HVT        saed90nm_max_hvt 
PLACE_optlc_7081          TIEL_HVT        saed90nm_max_hvt 
PLACE_optlc_7082          TIEL_HVT        saed90nm_max_hvt 
PLACE_optlc_7083          TIEL_HVT        saed90nm_max_hvt 
PLACE_optlc_7084          TIEL_HVT        saed90nm_max_hvt 
PLACE_optlc_7085          TIEL_HVT        saed90nm_max_hvt 
PLACE_optlc_7086          TIEL_HVT        saed90nm_max_hvt 
PLACE_optlc_7087          TIEL_HVT        saed90nm_max_hvt 
PLACE_optlc_7088          TIEL_HVT        saed90nm_max_hvt 
PLACE_optlc_7089          TIEL_HVT        saed90nm_max_hvt 
PLACE_optlc_709           TIEL_HVT        saed90nm_max_hvt 
PLACE_optlc_7090          TIEL_HVT        saed90nm_max_hvt 
PLACE_optlc_7091          TIEL_HVT        saed90nm_max_hvt 
PLACE_optlc_7092          TIEL_HVT        saed90nm_max_hvt 
PLACE_optlc_7093          TIEL_HVT        saed90nm_max_hvt 
PLACE_optlc_7094          TIEL_HVT        saed90nm_max_hvt 
PLACE_optlc_7095          TIEL_HVT        saed90nm_max_hvt 
PLACE_optlc_7096          TIEL_HVT        saed90nm_max_hvt 
PLACE_optlc_7097          TIEL_HVT        saed90nm_max_hvt 
PLACE_optlc_7098          TIEL_HVT        saed90nm_max_hvt 
PLACE_optlc_7099          TIEL_HVT        saed90nm_max_hvt 
PLACE_optlc_71            TIEL_HVT        saed90nm_max_hvt 
PLACE_optlc_710           TIEL_HVT        saed90nm_max_hvt 
PLACE_optlc_7100          TIEL_HVT        saed90nm_max_hvt 
PLACE_optlc_7101          TIEL_HVT        saed90nm_max_hvt 
PLACE_optlc_7102          TIEL_HVT        saed90nm_max_hvt 
PLACE_optlc_7103          TIEL_HVT        saed90nm_max_hvt 
PLACE_optlc_7104          TIEL_HVT        saed90nm_max_hvt 
PLACE_optlc_7105          TIEL_HVT        saed90nm_max_hvt 
PLACE_optlc_7106          TIEL_HVT        saed90nm_max_hvt 
PLACE_optlc_7107          TIEL_HVT        saed90nm_max_hvt 
PLACE_optlc_7108          TIEL_HVT        saed90nm_max_hvt 
PLACE_optlc_7109          TIEL_HVT        saed90nm_max_hvt 
PLACE_optlc_711           TIEL_HVT        saed90nm_max_hvt 
PLACE_optlc_7110          TIEL_HVT        saed90nm_max_hvt 
PLACE_optlc_7111          TIEL_HVT        saed90nm_max_hvt 
PLACE_optlc_7112          TIEL_HVT        saed90nm_max_hvt 
PLACE_optlc_7113          TIEL_HVT        saed90nm_max_hvt 
PLACE_optlc_7114          TIEL_HVT        saed90nm_max_hvt 
PLACE_optlc_7115          TIEL_HVT        saed90nm_max_hvt 
PLACE_optlc_7116          TIEL_HVT        saed90nm_max_hvt 
PLACE_optlc_7117          TIEL_HVT        saed90nm_max_hvt 
PLACE_optlc_7118          TIEL_HVT        saed90nm_max_hvt 
PLACE_optlc_7119          TIEL_HVT        saed90nm_max_hvt 
PLACE_optlc_712           TIEL_HVT        saed90nm_max_hvt 
PLACE_optlc_7120          TIEL_HVT        saed90nm_max_hvt 
PLACE_optlc_7121          TIEL_HVT        saed90nm_max_hvt 
PLACE_optlc_7122          TIEL_HVT        saed90nm_max_hvt 
PLACE_optlc_7123          TIEL_HVT        saed90nm_max_hvt 
PLACE_optlc_7124          TIEL_HVT        saed90nm_max_hvt 
PLACE_optlc_7125          TIEL_HVT        saed90nm_max_hvt 
PLACE_optlc_7126          TIEL_HVT        saed90nm_max_hvt 
PLACE_optlc_7127          TIEL_HVT        saed90nm_max_hvt 
PLACE_optlc_7128          TIEL_HVT        saed90nm_max_hvt 
PLACE_optlc_7129          TIEL_HVT        saed90nm_max_hvt 
PLACE_optlc_713           TIEL_HVT        saed90nm_max_hvt 
PLACE_optlc_7130          TIEL_HVT        saed90nm_max_hvt 
PLACE_optlc_7131          TIEL_HVT        saed90nm_max_hvt 
PLACE_optlc_7132          TIEL_HVT        saed90nm_max_hvt 
PLACE_optlc_7133          TIEL_HVT        saed90nm_max_hvt 
PLACE_optlc_7134          TIEL_HVT        saed90nm_max_hvt 
PLACE_optlc_7135          TIEL_HVT        saed90nm_max_hvt 
PLACE_optlc_7136          TIEL_HVT        saed90nm_max_hvt 
PLACE_optlc_7137          TIEL_HVT        saed90nm_max_hvt 
PLACE_optlc_7138          TIEL_HVT        saed90nm_max_hvt 
PLACE_optlc_7139          TIEL_HVT        saed90nm_max_hvt 
PLACE_optlc_714           TIEL_HVT        saed90nm_max_hvt 
PLACE_optlc_7140          TIEL_HVT        saed90nm_max_hvt 
PLACE_optlc_7141          TIEL_HVT        saed90nm_max_hvt 
PLACE_optlc_7142          TIEL_HVT        saed90nm_max_hvt 
PLACE_optlc_7143          TIEL_HVT        saed90nm_max_hvt 
PLACE_optlc_7144          TIEL_HVT        saed90nm_max_hvt 
PLACE_optlc_7145          TIEL_HVT        saed90nm_max_hvt 
PLACE_optlc_7146          TIEL_HVT        saed90nm_max_hvt 
PLACE_optlc_7147          TIEL_HVT        saed90nm_max_hvt 
PLACE_optlc_7148          TIEL_HVT        saed90nm_max_hvt 
PLACE_optlc_7149          TIEL_HVT        saed90nm_max_hvt 
PLACE_optlc_715           TIEL_HVT        saed90nm_max_hvt 
PLACE_optlc_7150          TIEL_HVT        saed90nm_max_hvt 
PLACE_optlc_7151          TIEL_HVT        saed90nm_max_hvt 
PLACE_optlc_7152          TIEL_HVT        saed90nm_max_hvt 
PLACE_optlc_7153          TIEL_HVT        saed90nm_max_hvt 
PLACE_optlc_7154          TIEL_HVT        saed90nm_max_hvt 
PLACE_optlc_7155          TIEL_HVT        saed90nm_max_hvt 
PLACE_optlc_7156          TIEL_HVT        saed90nm_max_hvt 
PLACE_optlc_7157          TIEL_HVT        saed90nm_max_hvt 
PLACE_optlc_7158          TIEL_HVT        saed90nm_max_hvt 
PLACE_optlc_7159          TIEL_HVT        saed90nm_max_hvt 
PLACE_optlc_716           TIEL_HVT        saed90nm_max_hvt 
PLACE_optlc_7160          TIEL_HVT        saed90nm_max_hvt 
PLACE_optlc_7161          TIEL_HVT        saed90nm_max_hvt 
PLACE_optlc_7162          TIEL_HVT        saed90nm_max_hvt 
PLACE_optlc_7163          TIEL_HVT        saed90nm_max_hvt 
PLACE_optlc_7164          TIEL_HVT        saed90nm_max_hvt 
PLACE_optlc_7165          TIEL_HVT        saed90nm_max_hvt 
PLACE_optlc_7166          TIEL_HVT        saed90nm_max_hvt 
PLACE_optlc_7167          TIEL_HVT        saed90nm_max_hvt 
PLACE_optlc_7168          TIEL_HVT        saed90nm_max_hvt 
PLACE_optlc_7169          TIEL_HVT        saed90nm_max_hvt 
PLACE_optlc_717           TIEL_HVT        saed90nm_max_hvt 
PLACE_optlc_7170          TIEL_HVT        saed90nm_max_hvt 
PLACE_optlc_7171          TIEL_HVT        saed90nm_max_hvt 
PLACE_optlc_7172          TIEL_HVT        saed90nm_max_hvt 
PLACE_optlc_7173          TIEL_HVT        saed90nm_max_hvt 
PLACE_optlc_7174          TIEL_HVT        saed90nm_max_hvt 
PLACE_optlc_7175          TIEL_HVT        saed90nm_max_hvt 
PLACE_optlc_7176          TIEL_HVT        saed90nm_max_hvt 
PLACE_optlc_7177          TIEL_HVT        saed90nm_max_hvt 
PLACE_optlc_7178          TIEL_HVT        saed90nm_max_hvt 
PLACE_optlc_7179          TIEL_HVT        saed90nm_max_hvt 
PLACE_optlc_718           TIEL_HVT        saed90nm_max_hvt 
PLACE_optlc_7180          TIEL_HVT        saed90nm_max_hvt 
PLACE_optlc_7181          TIEL_HVT        saed90nm_max_hvt 
PLACE_optlc_7182          TIEL_HVT        saed90nm_max_hvt 
PLACE_optlc_7183          TIEL_HVT        saed90nm_max_hvt 
PLACE_optlc_7184          TIEL_HVT        saed90nm_max_hvt 
PLACE_optlc_7185          TIEL_HVT        saed90nm_max_hvt 
PLACE_optlc_7186          TIEL_HVT        saed90nm_max_hvt 
PLACE_optlc_7187          TIEL_HVT        saed90nm_max_hvt 
PLACE_optlc_7188          TIEL_HVT        saed90nm_max_hvt 
PLACE_optlc_7189          TIEL_HVT        saed90nm_max_hvt 
PLACE_optlc_719           TIEL_HVT        saed90nm_max_hvt 
PLACE_optlc_7190          TIEL_HVT        saed90nm_max_hvt 
PLACE_optlc_7191          TIEL_HVT        saed90nm_max_hvt 
PLACE_optlc_7192          TIEL_HVT        saed90nm_max_hvt 
PLACE_optlc_7193          TIEL_HVT        saed90nm_max_hvt 
PLACE_optlc_7194          TIEL_HVT        saed90nm_max_hvt 
PLACE_optlc_7195          TIEL_HVT        saed90nm_max_hvt 
PLACE_optlc_7196          TIEL_HVT        saed90nm_max_hvt 
PLACE_optlc_7197          TIEL_HVT        saed90nm_max_hvt 
PLACE_optlc_7198          TIEL_HVT        saed90nm_max_hvt 
PLACE_optlc_7199          TIEL_HVT        saed90nm_max_hvt 
PLACE_optlc_72            TIEL_HVT        saed90nm_max_hvt 
PLACE_optlc_720           TIEL_HVT        saed90nm_max_hvt 
PLACE_optlc_7200          TIEL_HVT        saed90nm_max_hvt 
PLACE_optlc_7201          TIEL_HVT        saed90nm_max_hvt 
PLACE_optlc_7202          TIEL_HVT        saed90nm_max_hvt 
PLACE_optlc_7203          TIEL_HVT        saed90nm_max_hvt 
PLACE_optlc_7204          TIEL_HVT        saed90nm_max_hvt 
PLACE_optlc_7205          TIEL_HVT        saed90nm_max_hvt 
PLACE_optlc_7206          TIEL_HVT        saed90nm_max_hvt 
PLACE_optlc_7207          TIEL_HVT        saed90nm_max_hvt 
PLACE_optlc_7208          TIEL_HVT        saed90nm_max_hvt 
PLACE_optlc_7209          TIEL_HVT        saed90nm_max_hvt 
PLACE_optlc_721           TIEL_HVT        saed90nm_max_hvt 
PLACE_optlc_7210          TIEL_HVT        saed90nm_max_hvt 
PLACE_optlc_7211          TIEL_HVT        saed90nm_max_hvt 
PLACE_optlc_7212          TIEL_HVT        saed90nm_max_hvt 
PLACE_optlc_7213          TIEL_HVT        saed90nm_max_hvt 
PLACE_optlc_7214          TIEL_HVT        saed90nm_max_hvt 
PLACE_optlc_7215          TIEL_HVT        saed90nm_max_hvt 
PLACE_optlc_7216          TIEL_HVT        saed90nm_max_hvt 
PLACE_optlc_7217          TIEL_HVT        saed90nm_max_hvt 
PLACE_optlc_7218          TIEL_HVT        saed90nm_max_hvt 
PLACE_optlc_7219          TIEL_HVT        saed90nm_max_hvt 
PLACE_optlc_722           TIEL_HVT        saed90nm_max_hvt 
PLACE_optlc_7220          TIEL_HVT        saed90nm_max_hvt 
PLACE_optlc_7221          TIEL_HVT        saed90nm_max_hvt 
PLACE_optlc_7222          TIEL_HVT        saed90nm_max_hvt 
PLACE_optlc_7223          TIEL_HVT        saed90nm_max_hvt 
PLACE_optlc_7224          TIEL_HVT        saed90nm_max_hvt 
PLACE_optlc_7225          TIEL_HVT        saed90nm_max_hvt 
PLACE_optlc_7226          TIEL_HVT        saed90nm_max_hvt 
PLACE_optlc_7227          TIEL_HVT        saed90nm_max_hvt 
PLACE_optlc_7228          TIEL_HVT        saed90nm_max_hvt 
PLACE_optlc_7229          TIEL_HVT        saed90nm_max_hvt 
PLACE_optlc_723           TIEL_HVT        saed90nm_max_hvt 
PLACE_optlc_7230          TIEL_HVT        saed90nm_max_hvt 
PLACE_optlc_7231          TIEL_HVT        saed90nm_max_hvt 
PLACE_optlc_7232          TIEL_HVT        saed90nm_max_hvt 
PLACE_optlc_7233          TIEL_HVT        saed90nm_max_hvt 
PLACE_optlc_7234          TIEL_HVT        saed90nm_max_hvt 
PLACE_optlc_7235          TIEL_HVT        saed90nm_max_hvt 
PLACE_optlc_7236          TIEL_HVT        saed90nm_max_hvt 
PLACE_optlc_7237          TIEL_HVT        saed90nm_max_hvt 
PLACE_optlc_7238          TIEL_HVT        saed90nm_max_hvt 
PLACE_optlc_7239          TIEL_HVT        saed90nm_max_hvt 
PLACE_optlc_724           TIEL_HVT        saed90nm_max_hvt 
PLACE_optlc_7240          TIEL_HVT        saed90nm_max_hvt 
PLACE_optlc_7241          TIEL_HVT        saed90nm_max_hvt 
PLACE_optlc_7242          TIEL_HVT        saed90nm_max_hvt 
PLACE_optlc_7243          TIEL_HVT        saed90nm_max_hvt 
PLACE_optlc_7244          TIEL_HVT        saed90nm_max_hvt 
PLACE_optlc_7245          TIEL_HVT        saed90nm_max_hvt 
PLACE_optlc_7246          TIEL_HVT        saed90nm_max_hvt 
PLACE_optlc_7247          TIEL_HVT        saed90nm_max_hvt 
PLACE_optlc_7248          TIEL_HVT        saed90nm_max_hvt 
PLACE_optlc_7249          TIEL_HVT        saed90nm_max_hvt 
PLACE_optlc_725           TIEL_HVT        saed90nm_max_hvt 
PLACE_optlc_7250          TIEL_HVT        saed90nm_max_hvt 
PLACE_optlc_7251          TIEL_HVT        saed90nm_max_hvt 
PLACE_optlc_7252          TIEL_HVT        saed90nm_max_hvt 
PLACE_optlc_7253          TIEL_HVT        saed90nm_max_hvt 
PLACE_optlc_7254          TIEL_HVT        saed90nm_max_hvt 
PLACE_optlc_7255          TIEL_HVT        saed90nm_max_hvt 
PLACE_optlc_7256          TIEL_HVT        saed90nm_max_hvt 
PLACE_optlc_7257          TIEL_HVT        saed90nm_max_hvt 
PLACE_optlc_7258          TIEL_HVT        saed90nm_max_hvt 
PLACE_optlc_7259          TIEL_HVT        saed90nm_max_hvt 
PLACE_optlc_726           TIEL_HVT        saed90nm_max_hvt 
PLACE_optlc_7260          TIEL_HVT        saed90nm_max_hvt 
PLACE_optlc_7261          TIEL_HVT        saed90nm_max_hvt 
PLACE_optlc_7262          TIEL_HVT        saed90nm_max_hvt 
PLACE_optlc_7263          TIEL_HVT        saed90nm_max_hvt 
PLACE_optlc_7264          TIEL_HVT        saed90nm_max_hvt 
PLACE_optlc_7265          TIEL_HVT        saed90nm_max_hvt 
PLACE_optlc_7266          TIEL_HVT        saed90nm_max_hvt 
PLACE_optlc_7267          TIEL_HVT        saed90nm_max_hvt 
PLACE_optlc_7268          TIEL_HVT        saed90nm_max_hvt 
PLACE_optlc_7269          TIEL_HVT        saed90nm_max_hvt 
PLACE_optlc_727           TIEL_HVT        saed90nm_max_hvt 
PLACE_optlc_7270          TIEL_HVT        saed90nm_max_hvt 
PLACE_optlc_7271          TIEL_HVT        saed90nm_max_hvt 
PLACE_optlc_7272          TIEL_HVT        saed90nm_max_hvt 
PLACE_optlc_7273          TIEL_HVT        saed90nm_max_hvt 
PLACE_optlc_7274          TIEL_HVT        saed90nm_max_hvt 
PLACE_optlc_7275          TIEL_HVT        saed90nm_max_hvt 
PLACE_optlc_7276          TIEL_HVT        saed90nm_max_hvt 
PLACE_optlc_7277          TIEL_HVT        saed90nm_max_hvt 
PLACE_optlc_7278          TIEL_HVT        saed90nm_max_hvt 
PLACE_optlc_7279          TIEL_HVT        saed90nm_max_hvt 
PLACE_optlc_728           TIEL_HVT        saed90nm_max_hvt 
PLACE_optlc_7280          TIEL_HVT        saed90nm_max_hvt 
PLACE_optlc_7281          TIEL_HVT        saed90nm_max_hvt 
PLACE_optlc_7282          TIEL_HVT        saed90nm_max_hvt 
PLACE_optlc_7283          TIEL_HVT        saed90nm_max_hvt 
PLACE_optlc_7284          TIEL_HVT        saed90nm_max_hvt 
PLACE_optlc_7285          TIEL_HVT        saed90nm_max_hvt 
PLACE_optlc_7286          TIEL_HVT        saed90nm_max_hvt 
PLACE_optlc_7287          TIEL_HVT        saed90nm_max_hvt 
PLACE_optlc_7288          TIEL_HVT        saed90nm_max_hvt 
PLACE_optlc_7289          TIEL_HVT        saed90nm_max_hvt 
PLACE_optlc_729           TIEL_HVT        saed90nm_max_hvt 
PLACE_optlc_7290          TIEL_HVT        saed90nm_max_hvt 
PLACE_optlc_7291          TIEL_HVT        saed90nm_max_hvt 
PLACE_optlc_7292          TIEL_HVT        saed90nm_max_hvt 
PLACE_optlc_7293          TIEL_HVT        saed90nm_max_hvt 
PLACE_optlc_7294          TIEL_HVT        saed90nm_max_hvt 
PLACE_optlc_7295          TIEL_HVT        saed90nm_max_hvt 
PLACE_optlc_7296          TIEL_HVT        saed90nm_max_hvt 
PLACE_optlc_7297          TIEL_HVT        saed90nm_max_hvt 
PLACE_optlc_7298          TIEL_HVT        saed90nm_max_hvt 
PLACE_optlc_7299          TIEL_HVT        saed90nm_max_hvt 
PLACE_optlc_73            TIEL_HVT        saed90nm_max_hvt 
PLACE_optlc_730           TIEL_HVT        saed90nm_max_hvt 
PLACE_optlc_7300          TIEL_HVT        saed90nm_max_hvt 
PLACE_optlc_7301          TIEL_HVT        saed90nm_max_hvt 
PLACE_optlc_7302          TIEL_HVT        saed90nm_max_hvt 
PLACE_optlc_7303          TIEL_HVT        saed90nm_max_hvt 
PLACE_optlc_7304          TIEL_HVT        saed90nm_max_hvt 
PLACE_optlc_7305          TIEL_HVT        saed90nm_max_hvt 
PLACE_optlc_7306          TIEL_HVT        saed90nm_max_hvt 
PLACE_optlc_7307          TIEL_HVT        saed90nm_max_hvt 
PLACE_optlc_7308          TIEL_HVT        saed90nm_max_hvt 
PLACE_optlc_7309          TIEL_HVT        saed90nm_max_hvt 
PLACE_optlc_731           TIEL_HVT        saed90nm_max_hvt 
PLACE_optlc_7310          TIEL_HVT        saed90nm_max_hvt 
PLACE_optlc_7311          TIEL_HVT        saed90nm_max_hvt 
PLACE_optlc_7312          TIEL_HVT        saed90nm_max_hvt 
PLACE_optlc_7313          TIEL_HVT        saed90nm_max_hvt 
PLACE_optlc_7314          TIEL_HVT        saed90nm_max_hvt 
PLACE_optlc_7315          TIEL_HVT        saed90nm_max_hvt 
PLACE_optlc_7316          TIEL_HVT        saed90nm_max_hvt 
PLACE_optlc_7317          TIEL_HVT        saed90nm_max_hvt 
PLACE_optlc_7318          TIEL_HVT        saed90nm_max_hvt 
PLACE_optlc_7319          TIEL_HVT        saed90nm_max_hvt 
PLACE_optlc_732           TIEL_HVT        saed90nm_max_hvt 
PLACE_optlc_7320          TIEL_HVT        saed90nm_max_hvt 
PLACE_optlc_7321          TIEL_HVT        saed90nm_max_hvt 
PLACE_optlc_7322          TIEL_HVT        saed90nm_max_hvt 
PLACE_optlc_7323          TIEL_HVT        saed90nm_max_hvt 
PLACE_optlc_7324          TIEL_HVT        saed90nm_max_hvt 
PLACE_optlc_7325          TIEL_HVT        saed90nm_max_hvt 
PLACE_optlc_7326          TIEL_HVT        saed90nm_max_hvt 
PLACE_optlc_7327          TIEL_HVT        saed90nm_max_hvt 
PLACE_optlc_7328          TIEL_HVT        saed90nm_max_hvt 
PLACE_optlc_7329          TIEL_HVT        saed90nm_max_hvt 
PLACE_optlc_733           TIEL_HVT        saed90nm_max_hvt 
PLACE_optlc_7330          TIEL_HVT        saed90nm_max_hvt 
PLACE_optlc_7331          TIEL_HVT        saed90nm_max_hvt 
PLACE_optlc_7332          TIEL_HVT        saed90nm_max_hvt 
PLACE_optlc_7333          TIEL_HVT        saed90nm_max_hvt 
PLACE_optlc_7334          TIEL_HVT        saed90nm_max_hvt 
PLACE_optlc_7335          TIEL_HVT        saed90nm_max_hvt 
PLACE_optlc_7336          TIEL_HVT        saed90nm_max_hvt 
PLACE_optlc_7337          TIEL_HVT        saed90nm_max_hvt 
PLACE_optlc_7338          TIEL_HVT        saed90nm_max_hvt 
PLACE_optlc_7339          TIEL_HVT        saed90nm_max_hvt 
PLACE_optlc_734           TIEL_HVT        saed90nm_max_hvt 
PLACE_optlc_7340          TIEL_HVT        saed90nm_max_hvt 
PLACE_optlc_7341          TIEL_HVT        saed90nm_max_hvt 
PLACE_optlc_7342          TIEL_HVT        saed90nm_max_hvt 
PLACE_optlc_7343          TIEL_HVT        saed90nm_max_hvt 
PLACE_optlc_7344          TIEL_HVT        saed90nm_max_hvt 
PLACE_optlc_7345          TIEL_HVT        saed90nm_max_hvt 
PLACE_optlc_7346          TIEL_HVT        saed90nm_max_hvt 
PLACE_optlc_7347          TIEL_HVT        saed90nm_max_hvt 
PLACE_optlc_7348          TIEL_HVT        saed90nm_max_hvt 
PLACE_optlc_7349          TIEL_HVT        saed90nm_max_hvt 
PLACE_optlc_735           TIEL_HVT        saed90nm_max_hvt 
PLACE_optlc_7350          TIEL_HVT        saed90nm_max_hvt 
PLACE_optlc_7351          TIEL_HVT        saed90nm_max_hvt 
PLACE_optlc_7352          TIEL_HVT        saed90nm_max_hvt 
PLACE_optlc_7353          TIEL_HVT        saed90nm_max_hvt 
PLACE_optlc_7354          TIEL_HVT        saed90nm_max_hvt 
PLACE_optlc_7355          TIEL_HVT        saed90nm_max_hvt 
PLACE_optlc_7356          TIEL_HVT        saed90nm_max_hvt 
PLACE_optlc_7357          TIEL_HVT        saed90nm_max_hvt 
PLACE_optlc_7358          TIEL_HVT        saed90nm_max_hvt 
PLACE_optlc_7359          TIEL_HVT        saed90nm_max_hvt 
PLACE_optlc_736           TIEL_HVT        saed90nm_max_hvt 
PLACE_optlc_7360          TIEL_HVT        saed90nm_max_hvt 
PLACE_optlc_7361          TIEL_HVT        saed90nm_max_hvt 
PLACE_optlc_7362          TIEL_HVT        saed90nm_max_hvt 
PLACE_optlc_7363          TIEL_HVT        saed90nm_max_hvt 
PLACE_optlc_7364          TIEL_HVT        saed90nm_max_hvt 
PLACE_optlc_7365          TIEL_HVT        saed90nm_max_hvt 
PLACE_optlc_7366          TIEL_HVT        saed90nm_max_hvt 
PLACE_optlc_7367          TIEL_HVT        saed90nm_max_hvt 
PLACE_optlc_7368          TIEL_HVT        saed90nm_max_hvt 
PLACE_optlc_7369          TIEL_HVT        saed90nm_max_hvt 
PLACE_optlc_737           TIEL_HVT        saed90nm_max_hvt 
PLACE_optlc_7370          TIEL_HVT        saed90nm_max_hvt 
PLACE_optlc_7371          TIEL_HVT        saed90nm_max_hvt 
PLACE_optlc_7372          TIEL_HVT        saed90nm_max_hvt 
PLACE_optlc_7373          TIEL_HVT        saed90nm_max_hvt 
PLACE_optlc_7374          TIEL_HVT        saed90nm_max_hvt 
PLACE_optlc_7375          TIEL_HVT        saed90nm_max_hvt 
PLACE_optlc_7376          TIEL_HVT        saed90nm_max_hvt 
PLACE_optlc_7377          TIEL_HVT        saed90nm_max_hvt 
PLACE_optlc_7378          TIEL_HVT        saed90nm_max_hvt 
PLACE_optlc_7379          TIEL_HVT        saed90nm_max_hvt 
PLACE_optlc_738           TIEL_HVT        saed90nm_max_hvt 
PLACE_optlc_7380          TIEL_HVT        saed90nm_max_hvt 
PLACE_optlc_7381          TIEL_HVT        saed90nm_max_hvt 
PLACE_optlc_7382          TIEL_HVT        saed90nm_max_hvt 
PLACE_optlc_7383          TIEL_HVT        saed90nm_max_hvt 
PLACE_optlc_7384          TIEL_HVT        saed90nm_max_hvt 
PLACE_optlc_7385          TIEL_HVT        saed90nm_max_hvt 
PLACE_optlc_7386          TIEL_HVT        saed90nm_max_hvt 
PLACE_optlc_7387          TIEL_HVT        saed90nm_max_hvt 
PLACE_optlc_7388          TIEL_HVT        saed90nm_max_hvt 
PLACE_optlc_7389          TIEL_HVT        saed90nm_max_hvt 
PLACE_optlc_739           TIEL_HVT        saed90nm_max_hvt 
PLACE_optlc_7390          TIEL_HVT        saed90nm_max_hvt 
PLACE_optlc_7391          TIEL_HVT        saed90nm_max_hvt 
PLACE_optlc_7392          TIEL_HVT        saed90nm_max_hvt 
PLACE_optlc_7393          TIEL_HVT        saed90nm_max_hvt 
PLACE_optlc_7394          TIEL_HVT        saed90nm_max_hvt 
PLACE_optlc_7395          TIEL_HVT        saed90nm_max_hvt 
PLACE_optlc_7396          TIEL_HVT        saed90nm_max_hvt 
PLACE_optlc_7397          TIEL_HVT        saed90nm_max_hvt 
PLACE_optlc_7398          TIEL_HVT        saed90nm_max_hvt 
PLACE_optlc_7399          TIEL_HVT        saed90nm_max_hvt 
PLACE_optlc_74            TIEL_HVT        saed90nm_max_hvt 
PLACE_optlc_740           TIEL_HVT        saed90nm_max_hvt 
PLACE_optlc_7400          TIEL_HVT        saed90nm_max_hvt 
PLACE_optlc_7401          TIEL_HVT        saed90nm_max_hvt 
PLACE_optlc_7402          TIEL_HVT        saed90nm_max_hvt 
PLACE_optlc_7403          TIEL_HVT        saed90nm_max_hvt 
PLACE_optlc_7404          TIEL_HVT        saed90nm_max_hvt 
PLACE_optlc_7405          TIEL_HVT        saed90nm_max_hvt 
PLACE_optlc_7406          TIEL_HVT        saed90nm_max_hvt 
PLACE_optlc_7407          TIEL_HVT        saed90nm_max_hvt 
PLACE_optlc_7408          TIEL_HVT        saed90nm_max_hvt 
PLACE_optlc_7409          TIEL_HVT        saed90nm_max_hvt 
PLACE_optlc_741           TIEL_HVT        saed90nm_max_hvt 
PLACE_optlc_7410          TIEL_HVT        saed90nm_max_hvt 
PLACE_optlc_7411          TIEL_HVT        saed90nm_max_hvt 
PLACE_optlc_7412          TIEL_HVT        saed90nm_max_hvt 
PLACE_optlc_7413          TIEL_HVT        saed90nm_max_hvt 
PLACE_optlc_7414          TIEL_HVT        saed90nm_max_hvt 
PLACE_optlc_7415          TIEL_HVT        saed90nm_max_hvt 
PLACE_optlc_7416          TIEL_HVT        saed90nm_max_hvt 
PLACE_optlc_7417          TIEL_HVT        saed90nm_max_hvt 
PLACE_optlc_7418          TIEL_HVT        saed90nm_max_hvt 
PLACE_optlc_7419          TIEL_HVT        saed90nm_max_hvt 
PLACE_optlc_742           TIEL_HVT        saed90nm_max_hvt 
PLACE_optlc_7420          TIEL_HVT        saed90nm_max_hvt 
PLACE_optlc_7421          TIEL_HVT        saed90nm_max_hvt 
PLACE_optlc_7422          TIEL_HVT        saed90nm_max_hvt 
PLACE_optlc_7423          TIEL_HVT        saed90nm_max_hvt 
PLACE_optlc_7424          TIEL_HVT        saed90nm_max_hvt 
PLACE_optlc_7425          TIEL_HVT        saed90nm_max_hvt 
PLACE_optlc_7426          TIEL_HVT        saed90nm_max_hvt 
PLACE_optlc_7427          TIEL_HVT        saed90nm_max_hvt 
PLACE_optlc_7428          TIEL_HVT        saed90nm_max_hvt 
PLACE_optlc_7429          TIEL_HVT        saed90nm_max_hvt 
PLACE_optlc_743           TIEL_HVT        saed90nm_max_hvt 
PLACE_optlc_7430          TIEL_HVT        saed90nm_max_hvt 
PLACE_optlc_7431          TIEL_HVT        saed90nm_max_hvt 
PLACE_optlc_7432          TIEL_HVT        saed90nm_max_hvt 
PLACE_optlc_7433          TIEL_HVT        saed90nm_max_hvt 
PLACE_optlc_7434          TIEL_HVT        saed90nm_max_hvt 
PLACE_optlc_7435          TIEL_HVT        saed90nm_max_hvt 
PLACE_optlc_7436          TIEL_HVT        saed90nm_max_hvt 
PLACE_optlc_7437          TIEL_HVT        saed90nm_max_hvt 
PLACE_optlc_7438          TIEL_HVT        saed90nm_max_hvt 
PLACE_optlc_7439          TIEL_HVT        saed90nm_max_hvt 
PLACE_optlc_744           TIEL_HVT        saed90nm_max_hvt 
PLACE_optlc_7440          TIEL_HVT        saed90nm_max_hvt 
PLACE_optlc_7441          TIEL_HVT        saed90nm_max_hvt 
PLACE_optlc_7442          TIEL_HVT        saed90nm_max_hvt 
PLACE_optlc_7443          TIEL_HVT        saed90nm_max_hvt 
PLACE_optlc_7444          TIEL_HVT        saed90nm_max_hvt 
PLACE_optlc_7445          TIEL_HVT        saed90nm_max_hvt 
PLACE_optlc_7446          TIEL_HVT        saed90nm_max_hvt 
PLACE_optlc_7447          TIEL_HVT        saed90nm_max_hvt 
PLACE_optlc_7448          TIEL_HVT        saed90nm_max_hvt 
PLACE_optlc_7449          TIEL_HVT        saed90nm_max_hvt 
PLACE_optlc_745           TIEL_HVT        saed90nm_max_hvt 
PLACE_optlc_7450          TIEL_HVT        saed90nm_max_hvt 
PLACE_optlc_7451          TIEL_HVT        saed90nm_max_hvt 
PLACE_optlc_7452          TIEL_HVT        saed90nm_max_hvt 
PLACE_optlc_7453          TIEL_HVT        saed90nm_max_hvt 
PLACE_optlc_7454          TIEL_HVT        saed90nm_max_hvt 
PLACE_optlc_7455          TIEL_HVT        saed90nm_max_hvt 
PLACE_optlc_7456          TIEL_HVT        saed90nm_max_hvt 
PLACE_optlc_7457          TIEL_HVT        saed90nm_max_hvt 
PLACE_optlc_7458          TIEL_HVT        saed90nm_max_hvt 
PLACE_optlc_7459          TIEL_HVT        saed90nm_max_hvt 
PLACE_optlc_746           TIEL_HVT        saed90nm_max_hvt 
PLACE_optlc_7460          TIEL_HVT        saed90nm_max_hvt 
PLACE_optlc_7461          TIEL_HVT        saed90nm_max_hvt 
PLACE_optlc_7462          TIEL_HVT        saed90nm_max_hvt 
PLACE_optlc_7463          TIEL_HVT        saed90nm_max_hvt 
PLACE_optlc_7464          TIEL_HVT        saed90nm_max_hvt 
PLACE_optlc_7465          TIEL_HVT        saed90nm_max_hvt 
PLACE_optlc_7466          TIEL_HVT        saed90nm_max_hvt 
PLACE_optlc_7467          TIEL_HVT        saed90nm_max_hvt 
PLACE_optlc_7468          TIEL_HVT        saed90nm_max_hvt 
PLACE_optlc_7469          TIEL_HVT        saed90nm_max_hvt 
PLACE_optlc_747           TIEL_HVT        saed90nm_max_hvt 
PLACE_optlc_7470          TIEL_HVT        saed90nm_max_hvt 
PLACE_optlc_7471          TIEL_HVT        saed90nm_max_hvt 
PLACE_optlc_7472          TIEL_HVT        saed90nm_max_hvt 
PLACE_optlc_7473          TIEL_HVT        saed90nm_max_hvt 
PLACE_optlc_7474          TIEL_HVT        saed90nm_max_hvt 
PLACE_optlc_7475          TIEL_HVT        saed90nm_max_hvt 
PLACE_optlc_7476          TIEL_HVT        saed90nm_max_hvt 
PLACE_optlc_7477          TIEL_HVT        saed90nm_max_hvt 
PLACE_optlc_7478          TIEL_HVT        saed90nm_max_hvt 
PLACE_optlc_7479          TIEL_HVT        saed90nm_max_hvt 
PLACE_optlc_748           TIEL_HVT        saed90nm_max_hvt 
PLACE_optlc_7480          TIEL_HVT        saed90nm_max_hvt 
PLACE_optlc_7481          TIEL_HVT        saed90nm_max_hvt 
PLACE_optlc_7482          TIEL_HVT        saed90nm_max_hvt 
PLACE_optlc_7483          TIEL_HVT        saed90nm_max_hvt 
PLACE_optlc_7484          TIEL_HVT        saed90nm_max_hvt 
PLACE_optlc_7485          TIEL_HVT        saed90nm_max_hvt 
PLACE_optlc_7486          TIEL_HVT        saed90nm_max_hvt 
PLACE_optlc_7487          TIEL_HVT        saed90nm_max_hvt 
PLACE_optlc_7488          TIEL_HVT        saed90nm_max_hvt 
PLACE_optlc_7489          TIEL_HVT        saed90nm_max_hvt 
PLACE_optlc_749           TIEL_HVT        saed90nm_max_hvt 
PLACE_optlc_7490          TIEL_HVT        saed90nm_max_hvt 
PLACE_optlc_7491          TIEL_HVT        saed90nm_max_hvt 
PLACE_optlc_7492          TIEL_HVT        saed90nm_max_hvt 
PLACE_optlc_7493          TIEL_HVT        saed90nm_max_hvt 
PLACE_optlc_7494          TIEL_HVT        saed90nm_max_hvt 
PLACE_optlc_7495          TIEL_HVT        saed90nm_max_hvt 
PLACE_optlc_7496          TIEL_HVT        saed90nm_max_hvt 
PLACE_optlc_7497          TIEL_HVT        saed90nm_max_hvt 
PLACE_optlc_7498          TIEL_HVT        saed90nm_max_hvt 
PLACE_optlc_7499          TIEL_HVT        saed90nm_max_hvt 
PLACE_optlc_75            TIEL_HVT        saed90nm_max_hvt 
PLACE_optlc_750           TIEL_HVT        saed90nm_max_hvt 
PLACE_optlc_7500          TIEL_HVT        saed90nm_max_hvt 
PLACE_optlc_7501          TIEL_HVT        saed90nm_max_hvt 
PLACE_optlc_7502          TIEL_HVT        saed90nm_max_hvt 
PLACE_optlc_7503          TIEL_HVT        saed90nm_max_hvt 
PLACE_optlc_7504          TIEL_HVT        saed90nm_max_hvt 
PLACE_optlc_7505          TIEL_HVT        saed90nm_max_hvt 
PLACE_optlc_7506          TIEL_HVT        saed90nm_max_hvt 
PLACE_optlc_7507          TIEL_HVT        saed90nm_max_hvt 
PLACE_optlc_7508          TIEL_HVT        saed90nm_max_hvt 
PLACE_optlc_7509          TIEL_HVT        saed90nm_max_hvt 
PLACE_optlc_751           TIEL_HVT        saed90nm_max_hvt 
PLACE_optlc_7510          TIEL_HVT        saed90nm_max_hvt 
PLACE_optlc_7511          TIEL_HVT        saed90nm_max_hvt 
PLACE_optlc_7512          TIEL_HVT        saed90nm_max_hvt 
PLACE_optlc_7513          TIEL_HVT        saed90nm_max_hvt 
PLACE_optlc_7514          TIEL_HVT        saed90nm_max_hvt 
PLACE_optlc_7515          TIEL_HVT        saed90nm_max_hvt 
PLACE_optlc_7516          TIEL_HVT        saed90nm_max_hvt 
PLACE_optlc_7517          TIEL_HVT        saed90nm_max_hvt 
PLACE_optlc_7518          TIEL_HVT        saed90nm_max_hvt 
PLACE_optlc_7519          TIEL_HVT        saed90nm_max_hvt 
PLACE_optlc_752           TIEL_HVT        saed90nm_max_hvt 
PLACE_optlc_7520          TIEL_HVT        saed90nm_max_hvt 
PLACE_optlc_7521          TIEL_HVT        saed90nm_max_hvt 
PLACE_optlc_7522          TIEL_HVT        saed90nm_max_hvt 
PLACE_optlc_7523          TIEL_HVT        saed90nm_max_hvt 
PLACE_optlc_7524          TIEL_HVT        saed90nm_max_hvt 
PLACE_optlc_7525          TIEL_HVT        saed90nm_max_hvt 
PLACE_optlc_7526          TIEL_HVT        saed90nm_max_hvt 
PLACE_optlc_7527          TIEL_HVT        saed90nm_max_hvt 
PLACE_optlc_7528          TIEL_HVT        saed90nm_max_hvt 
PLACE_optlc_7529          TIEL_HVT        saed90nm_max_hvt 
PLACE_optlc_753           TIEL_HVT        saed90nm_max_hvt 
PLACE_optlc_7530          TIEL_HVT        saed90nm_max_hvt 
PLACE_optlc_7531          TIEL_HVT        saed90nm_max_hvt 
PLACE_optlc_7532          TIEL_HVT        saed90nm_max_hvt 
PLACE_optlc_7533          TIEL_HVT        saed90nm_max_hvt 
PLACE_optlc_7534          TIEL_HVT        saed90nm_max_hvt 
PLACE_optlc_7535          TIEL_HVT        saed90nm_max_hvt 
PLACE_optlc_7536          TIEL_HVT        saed90nm_max_hvt 
PLACE_optlc_7537          TIEL_HVT        saed90nm_max_hvt 
PLACE_optlc_7538          TIEL_HVT        saed90nm_max_hvt 
PLACE_optlc_7539          TIEL_HVT        saed90nm_max_hvt 
PLACE_optlc_754           TIEL_HVT        saed90nm_max_hvt 
PLACE_optlc_7540          TIEL_HVT        saed90nm_max_hvt 
PLACE_optlc_7541          TIEL_HVT        saed90nm_max_hvt 
PLACE_optlc_7542          TIEL_HVT        saed90nm_max_hvt 
PLACE_optlc_7543          TIEL_HVT        saed90nm_max_hvt 
PLACE_optlc_7544          TIEL_HVT        saed90nm_max_hvt 
PLACE_optlc_7545          TIEL_HVT        saed90nm_max_hvt 
PLACE_optlc_7546          TIEL_HVT        saed90nm_max_hvt 
PLACE_optlc_7547          TIEL_HVT        saed90nm_max_hvt 
PLACE_optlc_7548          TIEL_HVT        saed90nm_max_hvt 
PLACE_optlc_7549          TIEL_HVT        saed90nm_max_hvt 
PLACE_optlc_755           TIEL_HVT        saed90nm_max_hvt 
PLACE_optlc_7550          TIEL_HVT        saed90nm_max_hvt 
PLACE_optlc_7551          TIEL_HVT        saed90nm_max_hvt 
PLACE_optlc_7552          TIEL_HVT        saed90nm_max_hvt 
PLACE_optlc_7553          TIEL_HVT        saed90nm_max_hvt 
PLACE_optlc_7554          TIEL_HVT        saed90nm_max_hvt 
PLACE_optlc_7555          TIEL_HVT        saed90nm_max_hvt 
PLACE_optlc_7556          TIEL_HVT        saed90nm_max_hvt 
PLACE_optlc_7557          TIEL_HVT        saed90nm_max_hvt 
PLACE_optlc_7558          TIEL_HVT        saed90nm_max_hvt 
PLACE_optlc_7559          TIEL_HVT        saed90nm_max_hvt 
PLACE_optlc_756           TIEL_HVT        saed90nm_max_hvt 
PLACE_optlc_7560          TIEL_HVT        saed90nm_max_hvt 
PLACE_optlc_7561          TIEL_HVT        saed90nm_max_hvt 
PLACE_optlc_7562          TIEL_HVT        saed90nm_max_hvt 
PLACE_optlc_7563          TIEL_HVT        saed90nm_max_hvt 
PLACE_optlc_7564          TIEL_HVT        saed90nm_max_hvt 
PLACE_optlc_7565          TIEL_HVT        saed90nm_max_hvt 
PLACE_optlc_7566          TIEL_HVT        saed90nm_max_hvt 
PLACE_optlc_7567          TIEL_HVT        saed90nm_max_hvt 
PLACE_optlc_7568          TIEL_HVT        saed90nm_max_hvt 
PLACE_optlc_7569          TIEL_HVT        saed90nm_max_hvt 
PLACE_optlc_757           TIEL_HVT        saed90nm_max_hvt 
PLACE_optlc_7570          TIEL_HVT        saed90nm_max_hvt 
PLACE_optlc_7571          TIEL_HVT        saed90nm_max_hvt 
PLACE_optlc_7572          TIEL_HVT        saed90nm_max_hvt 
PLACE_optlc_7573          TIEL_HVT        saed90nm_max_hvt 
PLACE_optlc_7574          TIEL_HVT        saed90nm_max_hvt 
PLACE_optlc_7575          TIEL_HVT        saed90nm_max_hvt 
PLACE_optlc_7576          TIEL_HVT        saed90nm_max_hvt 
PLACE_optlc_7577          TIEL_HVT        saed90nm_max_hvt 
PLACE_optlc_7578          TIEL_HVT        saed90nm_max_hvt 
PLACE_optlc_7579          TIEL_HVT        saed90nm_max_hvt 
PLACE_optlc_758           TIEL_HVT        saed90nm_max_hvt 
PLACE_optlc_7580          TIEL_HVT        saed90nm_max_hvt 
PLACE_optlc_7581          TIEL_HVT        saed90nm_max_hvt 
PLACE_optlc_7582          TIEL_HVT        saed90nm_max_hvt 
PLACE_optlc_7583          TIEL_HVT        saed90nm_max_hvt 
PLACE_optlc_7584          TIEL_HVT        saed90nm_max_hvt 
PLACE_optlc_7585          TIEL_HVT        saed90nm_max_hvt 
PLACE_optlc_7586          TIEL_HVT        saed90nm_max_hvt 
PLACE_optlc_7587          TIEL_HVT        saed90nm_max_hvt 
PLACE_optlc_7588          TIEL_HVT        saed90nm_max_hvt 
PLACE_optlc_7589          TIEL_HVT        saed90nm_max_hvt 
PLACE_optlc_759           TIEL_HVT        saed90nm_max_hvt 
PLACE_optlc_7590          TIEL_HVT        saed90nm_max_hvt 
PLACE_optlc_7591          TIEL_HVT        saed90nm_max_hvt 
PLACE_optlc_7592          TIEL_HVT        saed90nm_max_hvt 
PLACE_optlc_7593          TIEL_HVT        saed90nm_max_hvt 
PLACE_optlc_7594          TIEL_HVT        saed90nm_max_hvt 
PLACE_optlc_7595          TIEL_HVT        saed90nm_max_hvt 
PLACE_optlc_7596          TIEL_HVT        saed90nm_max_hvt 
PLACE_optlc_7597          TIEL_HVT        saed90nm_max_hvt 
PLACE_optlc_7598          TIEL_HVT        saed90nm_max_hvt 
PLACE_optlc_7599          TIEL_HVT        saed90nm_max_hvt 
PLACE_optlc_76            TIEL_HVT        saed90nm_max_hvt 
PLACE_optlc_760           TIEL_HVT        saed90nm_max_hvt 
PLACE_optlc_7600          TIEL_HVT        saed90nm_max_hvt 
PLACE_optlc_7601          TIEL_HVT        saed90nm_max_hvt 
PLACE_optlc_7602          TIEL_HVT        saed90nm_max_hvt 
PLACE_optlc_7603          TIEL_HVT        saed90nm_max_hvt 
PLACE_optlc_7604          TIEL_HVT        saed90nm_max_hvt 
PLACE_optlc_7605          TIEL_HVT        saed90nm_max_hvt 
PLACE_optlc_7606          TIEL_HVT        saed90nm_max_hvt 
PLACE_optlc_7607          TIEL_HVT        saed90nm_max_hvt 
PLACE_optlc_7608          TIEL_HVT        saed90nm_max_hvt 
PLACE_optlc_7609          TIEL_HVT        saed90nm_max_hvt 
PLACE_optlc_761           TIEL_HVT        saed90nm_max_hvt 
PLACE_optlc_7610          TIEL_HVT        saed90nm_max_hvt 
PLACE_optlc_7611          TIEL_HVT        saed90nm_max_hvt 
PLACE_optlc_7612          TIEL_HVT        saed90nm_max_hvt 
PLACE_optlc_7613          TIEL_HVT        saed90nm_max_hvt 
PLACE_optlc_7614          TIEL_HVT        saed90nm_max_hvt 
PLACE_optlc_7615          TIEL_HVT        saed90nm_max_hvt 
PLACE_optlc_7616          TIEL_HVT        saed90nm_max_hvt 
PLACE_optlc_7617          TIEL_HVT        saed90nm_max_hvt 
PLACE_optlc_7618          TIEL_HVT        saed90nm_max_hvt 
PLACE_optlc_7619          TIEL_HVT        saed90nm_max_hvt 
PLACE_optlc_762           TIEL_HVT        saed90nm_max_hvt 
PLACE_optlc_7620          TIEL_HVT        saed90nm_max_hvt 
PLACE_optlc_7621          TIEL_HVT        saed90nm_max_hvt 
PLACE_optlc_7622          TIEL_HVT        saed90nm_max_hvt 
PLACE_optlc_7623          TIEL_HVT        saed90nm_max_hvt 
PLACE_optlc_7624          TIEL_HVT        saed90nm_max_hvt 
PLACE_optlc_7625          TIEL_HVT        saed90nm_max_hvt 
PLACE_optlc_7626          TIEL_HVT        saed90nm_max_hvt 
PLACE_optlc_7627          TIEL_HVT        saed90nm_max_hvt 
PLACE_optlc_7628          TIEL_HVT        saed90nm_max_hvt 
PLACE_optlc_7629          TIEL_HVT        saed90nm_max_hvt 
PLACE_optlc_763           TIEL_HVT        saed90nm_max_hvt 
PLACE_optlc_7630          TIEL_HVT        saed90nm_max_hvt 
PLACE_optlc_7631          TIEL_HVT        saed90nm_max_hvt 
PLACE_optlc_7632          TIEL_HVT        saed90nm_max_hvt 
PLACE_optlc_7633          TIEL_HVT        saed90nm_max_hvt 
PLACE_optlc_7634          TIEL_HVT        saed90nm_max_hvt 
PLACE_optlc_7635          TIEL_HVT        saed90nm_max_hvt 
PLACE_optlc_7636          TIEL_HVT        saed90nm_max_hvt 
PLACE_optlc_7637          TIEL_HVT        saed90nm_max_hvt 
PLACE_optlc_7638          TIEL_HVT        saed90nm_max_hvt 
PLACE_optlc_7639          TIEL_HVT        saed90nm_max_hvt 
PLACE_optlc_764           TIEL_HVT        saed90nm_max_hvt 
PLACE_optlc_7640          TIEL_HVT        saed90nm_max_hvt 
PLACE_optlc_7641          TIEL_HVT        saed90nm_max_hvt 
PLACE_optlc_7642          TIEL_HVT        saed90nm_max_hvt 
PLACE_optlc_7643          TIEL_HVT        saed90nm_max_hvt 
PLACE_optlc_7644          TIEL_HVT        saed90nm_max_hvt 
PLACE_optlc_7645          TIEL_HVT        saed90nm_max_hvt 
PLACE_optlc_7646          TIEL_HVT        saed90nm_max_hvt 
PLACE_optlc_7647          TIEL_HVT        saed90nm_max_hvt 
PLACE_optlc_7648          TIEL_HVT        saed90nm_max_hvt 
PLACE_optlc_7649          TIEL_HVT        saed90nm_max_hvt 
PLACE_optlc_765           TIEL_HVT        saed90nm_max_hvt 
PLACE_optlc_7650          TIEL_HVT        saed90nm_max_hvt 
PLACE_optlc_7651          TIEL_HVT        saed90nm_max_hvt 
PLACE_optlc_7652          TIEL_HVT        saed90nm_max_hvt 
PLACE_optlc_7653          TIEL_HVT        saed90nm_max_hvt 
PLACE_optlc_7654          TIEL_HVT        saed90nm_max_hvt 
PLACE_optlc_7655          TIEL_HVT        saed90nm_max_hvt 
PLACE_optlc_7656          TIEL_HVT        saed90nm_max_hvt 
PLACE_optlc_7657          TIEL_HVT        saed90nm_max_hvt 
PLACE_optlc_7658          TIEL_HVT        saed90nm_max_hvt 
PLACE_optlc_7659          TIEL_HVT        saed90nm_max_hvt 
PLACE_optlc_766           TIEL_HVT        saed90nm_max_hvt 
PLACE_optlc_7660          TIEL_HVT        saed90nm_max_hvt 
PLACE_optlc_7661          TIEL_HVT        saed90nm_max_hvt 
PLACE_optlc_7662          TIEL_HVT        saed90nm_max_hvt 
PLACE_optlc_7663          TIEL_HVT        saed90nm_max_hvt 
PLACE_optlc_7664          TIEL_HVT        saed90nm_max_hvt 
PLACE_optlc_7665          TIEL_HVT        saed90nm_max_hvt 
PLACE_optlc_7666          TIEL_HVT        saed90nm_max_hvt 
PLACE_optlc_7667          TIEL_HVT        saed90nm_max_hvt 
PLACE_optlc_7668          TIEL_HVT        saed90nm_max_hvt 
PLACE_optlc_7669          TIEL_HVT        saed90nm_max_hvt 
PLACE_optlc_767           TIEL_HVT        saed90nm_max_hvt 
PLACE_optlc_7670          TIEL_HVT        saed90nm_max_hvt 
PLACE_optlc_7671          TIEL_HVT        saed90nm_max_hvt 
PLACE_optlc_7672          TIEL_HVT        saed90nm_max_hvt 
PLACE_optlc_7673          TIEL_HVT        saed90nm_max_hvt 
PLACE_optlc_7674          TIEL_HVT        saed90nm_max_hvt 
PLACE_optlc_7675          TIEL_HVT        saed90nm_max_hvt 
PLACE_optlc_7676          TIEL_HVT        saed90nm_max_hvt 
PLACE_optlc_7677          TIEL_HVT        saed90nm_max_hvt 
PLACE_optlc_7678          TIEL_HVT        saed90nm_max_hvt 
PLACE_optlc_7679          TIEL_HVT        saed90nm_max_hvt 
PLACE_optlc_768           TIEL_HVT        saed90nm_max_hvt 
PLACE_optlc_7680          TIEL_HVT        saed90nm_max_hvt 
PLACE_optlc_7681          TIEL_HVT        saed90nm_max_hvt 
PLACE_optlc_7682          TIEL_HVT        saed90nm_max_hvt 
PLACE_optlc_7683          TIEL_HVT        saed90nm_max_hvt 
PLACE_optlc_7684          TIEL_HVT        saed90nm_max_hvt 
PLACE_optlc_7685          TIEL_HVT        saed90nm_max_hvt 
PLACE_optlc_7686          TIEL_HVT        saed90nm_max_hvt 
PLACE_optlc_7687          TIEL_HVT        saed90nm_max_hvt 
PLACE_optlc_7688          TIEL_HVT        saed90nm_max_hvt 
PLACE_optlc_7689          TIEL_HVT        saed90nm_max_hvt 
PLACE_optlc_769           TIEL_HVT        saed90nm_max_hvt 
PLACE_optlc_7690          TIEL_HVT        saed90nm_max_hvt 
PLACE_optlc_7691          TIEL_HVT        saed90nm_max_hvt 
PLACE_optlc_7692          TIEL_HVT        saed90nm_max_hvt 
PLACE_optlc_7693          TIEL_HVT        saed90nm_max_hvt 
PLACE_optlc_7694          TIEL_HVT        saed90nm_max_hvt 
PLACE_optlc_7695          TIEL_HVT        saed90nm_max_hvt 
PLACE_optlc_7696          TIEL_HVT        saed90nm_max_hvt 
PLACE_optlc_7697          TIEL_HVT        saed90nm_max_hvt 
PLACE_optlc_7698          TIEL_HVT        saed90nm_max_hvt 
PLACE_optlc_7699          TIEL_HVT        saed90nm_max_hvt 
PLACE_optlc_77            TIEL_HVT        saed90nm_max_hvt 
PLACE_optlc_770           TIEL_HVT        saed90nm_max_hvt 
PLACE_optlc_7700          TIEL_HVT        saed90nm_max_hvt 
PLACE_optlc_7701          TIEL_HVT        saed90nm_max_hvt 
PLACE_optlc_7702          TIEL_HVT        saed90nm_max_hvt 
PLACE_optlc_7703          TIEL_HVT        saed90nm_max_hvt 
PLACE_optlc_7704          TIEL_HVT        saed90nm_max_hvt 
PLACE_optlc_7705          TIEL_HVT        saed90nm_max_hvt 
PLACE_optlc_7706          TIEL_HVT        saed90nm_max_hvt 
PLACE_optlc_7707          TIEL_HVT        saed90nm_max_hvt 
PLACE_optlc_7708          TIEL_HVT        saed90nm_max_hvt 
PLACE_optlc_7709          TIEL_HVT        saed90nm_max_hvt 
PLACE_optlc_771           TIEL_HVT        saed90nm_max_hvt 
PLACE_optlc_7710          TIEL_HVT        saed90nm_max_hvt 
PLACE_optlc_7711          TIEL_HVT        saed90nm_max_hvt 
PLACE_optlc_7712          TIEL_HVT        saed90nm_max_hvt 
PLACE_optlc_7713          TIEL_HVT        saed90nm_max_hvt 
PLACE_optlc_7714          TIEL_HVT        saed90nm_max_hvt 
PLACE_optlc_7715          TIEL_HVT        saed90nm_max_hvt 
PLACE_optlc_7716          TIEL_HVT        saed90nm_max_hvt 
PLACE_optlc_7717          TIEL_HVT        saed90nm_max_hvt 
PLACE_optlc_7718          TIEL_HVT        saed90nm_max_hvt 
PLACE_optlc_7719          TIEL_HVT        saed90nm_max_hvt 
PLACE_optlc_772           TIEL_HVT        saed90nm_max_hvt 
PLACE_optlc_7720          TIEL_HVT        saed90nm_max_hvt 
PLACE_optlc_7721          TIEL_HVT        saed90nm_max_hvt 
PLACE_optlc_7722          TIEL_HVT        saed90nm_max_hvt 
PLACE_optlc_7723          TIEL_HVT        saed90nm_max_hvt 
PLACE_optlc_7724          TIEL_HVT        saed90nm_max_hvt 
PLACE_optlc_7725          TIEL_HVT        saed90nm_max_hvt 
PLACE_optlc_7726          TIEL_HVT        saed90nm_max_hvt 
PLACE_optlc_7727          TIEL_HVT        saed90nm_max_hvt 
PLACE_optlc_7728          TIEL_HVT        saed90nm_max_hvt 
PLACE_optlc_7729          TIEL_HVT        saed90nm_max_hvt 
PLACE_optlc_773           TIEL_HVT        saed90nm_max_hvt 
PLACE_optlc_7730          TIEL_HVT        saed90nm_max_hvt 
PLACE_optlc_7731          TIEL_HVT        saed90nm_max_hvt 
PLACE_optlc_7732          TIEL_HVT        saed90nm_max_hvt 
PLACE_optlc_7733          TIEL_HVT        saed90nm_max_hvt 
PLACE_optlc_7734          TIEL_HVT        saed90nm_max_hvt 
PLACE_optlc_7735          TIEL_HVT        saed90nm_max_hvt 
PLACE_optlc_7736          TIEL_HVT        saed90nm_max_hvt 
PLACE_optlc_7737          TIEL_HVT        saed90nm_max_hvt 
PLACE_optlc_7738          TIEL_HVT        saed90nm_max_hvt 
PLACE_optlc_7739          TIEL_HVT        saed90nm_max_hvt 
PLACE_optlc_774           TIEL_HVT        saed90nm_max_hvt 
PLACE_optlc_7740          TIEL_HVT        saed90nm_max_hvt 
PLACE_optlc_7741          TIEL_HVT        saed90nm_max_hvt 
PLACE_optlc_7742          TIEL_HVT        saed90nm_max_hvt 
PLACE_optlc_7743          TIEL_HVT        saed90nm_max_hvt 
PLACE_optlc_7744          TIEL_HVT        saed90nm_max_hvt 
PLACE_optlc_7745          TIEL_HVT        saed90nm_max_hvt 
PLACE_optlc_7746          TIEL_HVT        saed90nm_max_hvt 
PLACE_optlc_7747          TIEL_HVT        saed90nm_max_hvt 
PLACE_optlc_7748          TIEL_HVT        saed90nm_max_hvt 
PLACE_optlc_7749          TIEL_HVT        saed90nm_max_hvt 
PLACE_optlc_775           TIEL_HVT        saed90nm_max_hvt 
PLACE_optlc_7750          TIEL_HVT        saed90nm_max_hvt 
PLACE_optlc_7751          TIEL_HVT        saed90nm_max_hvt 
PLACE_optlc_7752          TIEL_HVT        saed90nm_max_hvt 
PLACE_optlc_7753          TIEL_HVT        saed90nm_max_hvt 
PLACE_optlc_7754          TIEL_HVT        saed90nm_max_hvt 
PLACE_optlc_7755          TIEL_HVT        saed90nm_max_hvt 
PLACE_optlc_7756          TIEL_HVT        saed90nm_max_hvt 
PLACE_optlc_7757          TIEL_HVT        saed90nm_max_hvt 
PLACE_optlc_7758          TIEL_HVT        saed90nm_max_hvt 
PLACE_optlc_7759          TIEL_HVT        saed90nm_max_hvt 
PLACE_optlc_776           TIEL_HVT        saed90nm_max_hvt 
PLACE_optlc_7760          TIEL_HVT        saed90nm_max_hvt 
PLACE_optlc_7761          TIEL_HVT        saed90nm_max_hvt 
PLACE_optlc_7762          TIEL_HVT        saed90nm_max_hvt 
PLACE_optlc_7763          TIEL_HVT        saed90nm_max_hvt 
PLACE_optlc_7764          TIEL_HVT        saed90nm_max_hvt 
PLACE_optlc_7765          TIEL_HVT        saed90nm_max_hvt 
PLACE_optlc_7766          TIEL_HVT        saed90nm_max_hvt 
PLACE_optlc_7767          TIEL_HVT        saed90nm_max_hvt 
PLACE_optlc_7768          TIEL_HVT        saed90nm_max_hvt 
PLACE_optlc_7769          TIEL_HVT        saed90nm_max_hvt 
PLACE_optlc_777           TIEL_HVT        saed90nm_max_hvt 
PLACE_optlc_7770          TIEL_HVT        saed90nm_max_hvt 
PLACE_optlc_7771          TIEL_HVT        saed90nm_max_hvt 
PLACE_optlc_7772          TIEL_HVT        saed90nm_max_hvt 
PLACE_optlc_7773          TIEL_HVT        saed90nm_max_hvt 
PLACE_optlc_7774          TIEL_HVT        saed90nm_max_hvt 
PLACE_optlc_7775          TIEL_HVT        saed90nm_max_hvt 
PLACE_optlc_7776          TIEL_HVT        saed90nm_max_hvt 
PLACE_optlc_7777          TIEL_HVT        saed90nm_max_hvt 
PLACE_optlc_7778          TIEL_HVT        saed90nm_max_hvt 
PLACE_optlc_7779          TIEL_HVT        saed90nm_max_hvt 
PLACE_optlc_778           TIEL_HVT        saed90nm_max_hvt 
PLACE_optlc_7780          TIEL_HVT        saed90nm_max_hvt 
PLACE_optlc_7781          TIEL_HVT        saed90nm_max_hvt 
PLACE_optlc_7782          TIEL_HVT        saed90nm_max_hvt 
PLACE_optlc_7783          TIEL_HVT        saed90nm_max_hvt 
PLACE_optlc_7784          TIEL_HVT        saed90nm_max_hvt 
PLACE_optlc_7785          TIEL_HVT        saed90nm_max_hvt 
PLACE_optlc_7786          TIEL_HVT        saed90nm_max_hvt 
PLACE_optlc_7787          TIEL_HVT        saed90nm_max_hvt 
PLACE_optlc_7788          TIEL_HVT        saed90nm_max_hvt 
PLACE_optlc_7789          TIEL_HVT        saed90nm_max_hvt 
PLACE_optlc_779           TIEL_HVT        saed90nm_max_hvt 
PLACE_optlc_7790          TIEL_HVT        saed90nm_max_hvt 
PLACE_optlc_7791          TIEL_HVT        saed90nm_max_hvt 
PLACE_optlc_7792          TIEL_HVT        saed90nm_max_hvt 
PLACE_optlc_7793          TIEL_HVT        saed90nm_max_hvt 
PLACE_optlc_7794          TIEL_HVT        saed90nm_max_hvt 
PLACE_optlc_7795          TIEL_HVT        saed90nm_max_hvt 
PLACE_optlc_7796          TIEL_HVT        saed90nm_max_hvt 
PLACE_optlc_7797          TIEL_HVT        saed90nm_max_hvt 
PLACE_optlc_7798          TIEL_HVT        saed90nm_max_hvt 
PLACE_optlc_7799          TIEL_HVT        saed90nm_max_hvt 
PLACE_optlc_78            TIEL_HVT        saed90nm_max_hvt 
PLACE_optlc_780           TIEL_HVT        saed90nm_max_hvt 
PLACE_optlc_7800          TIEL_HVT        saed90nm_max_hvt 
PLACE_optlc_7801          TIEL_HVT        saed90nm_max_hvt 
PLACE_optlc_7802          TIEL_HVT        saed90nm_max_hvt 
PLACE_optlc_7803          TIEL_HVT        saed90nm_max_hvt 
PLACE_optlc_7804          TIEL_HVT        saed90nm_max_hvt 
PLACE_optlc_7805          TIEL_HVT        saed90nm_max_hvt 
PLACE_optlc_7806          TIEL_HVT        saed90nm_max_hvt 
PLACE_optlc_7807          TIEL_HVT        saed90nm_max_hvt 
PLACE_optlc_7808          TIEL_HVT        saed90nm_max_hvt 
PLACE_optlc_7809          TIEL_HVT        saed90nm_max_hvt 
PLACE_optlc_781           TIEL_HVT        saed90nm_max_hvt 
PLACE_optlc_7810          TIEL_HVT        saed90nm_max_hvt 
PLACE_optlc_7811          TIEL_HVT        saed90nm_max_hvt 
PLACE_optlc_7812          TIEL_HVT        saed90nm_max_hvt 
PLACE_optlc_7813          TIEL_HVT        saed90nm_max_hvt 
PLACE_optlc_7814          TIEL_HVT        saed90nm_max_hvt 
PLACE_optlc_7815          TIEL_HVT        saed90nm_max_hvt 
PLACE_optlc_7816          TIEL_HVT        saed90nm_max_hvt 
PLACE_optlc_7817          TIEL_HVT        saed90nm_max_hvt 
PLACE_optlc_7818          TIEL_HVT        saed90nm_max_hvt 
PLACE_optlc_7819          TIEL_HVT        saed90nm_max_hvt 
PLACE_optlc_782           TIEL_HVT        saed90nm_max_hvt 
PLACE_optlc_7820          TIEL_HVT        saed90nm_max_hvt 
PLACE_optlc_7821          TIEL_HVT        saed90nm_max_hvt 
PLACE_optlc_7822          TIEL_HVT        saed90nm_max_hvt 
PLACE_optlc_7823          TIEL_HVT        saed90nm_max_hvt 
PLACE_optlc_7824          TIEL_HVT        saed90nm_max_hvt 
PLACE_optlc_7825          TIEL_HVT        saed90nm_max_hvt 
PLACE_optlc_7826          TIEL_HVT        saed90nm_max_hvt 
PLACE_optlc_7827          TIEL_HVT        saed90nm_max_hvt 
PLACE_optlc_7828          TIEL_HVT        saed90nm_max_hvt 
PLACE_optlc_7829          TIEL_HVT        saed90nm_max_hvt 
PLACE_optlc_783           TIEL_HVT        saed90nm_max_hvt 
PLACE_optlc_7830          TIEL_HVT        saed90nm_max_hvt 
PLACE_optlc_7831          TIEL_HVT        saed90nm_max_hvt 
PLACE_optlc_7832          TIEL_HVT        saed90nm_max_hvt 
PLACE_optlc_7833          TIEL_HVT        saed90nm_max_hvt 
PLACE_optlc_7834          TIEL_HVT        saed90nm_max_hvt 
PLACE_optlc_7835          TIEL_HVT        saed90nm_max_hvt 
PLACE_optlc_7836          TIEL_HVT        saed90nm_max_hvt 
PLACE_optlc_7837          TIEL_HVT        saed90nm_max_hvt 
PLACE_optlc_7838          TIEL_HVT        saed90nm_max_hvt 
PLACE_optlc_7839          TIEL_HVT        saed90nm_max_hvt 
PLACE_optlc_784           TIEL_HVT        saed90nm_max_hvt 
PLACE_optlc_7840          TIEL_HVT        saed90nm_max_hvt 
PLACE_optlc_7841          TIEL_HVT        saed90nm_max_hvt 
PLACE_optlc_7842          TIEL_HVT        saed90nm_max_hvt 
PLACE_optlc_7843          TIEL_HVT        saed90nm_max_hvt 
PLACE_optlc_7844          TIEL_HVT        saed90nm_max_hvt 
PLACE_optlc_7845          TIEL_HVT        saed90nm_max_hvt 
PLACE_optlc_7846          TIEL_HVT        saed90nm_max_hvt 
PLACE_optlc_7847          TIEL_HVT        saed90nm_max_hvt 
PLACE_optlc_7848          TIEL_HVT        saed90nm_max_hvt 
PLACE_optlc_7849          TIEL_HVT        saed90nm_max_hvt 
PLACE_optlc_785           TIEL_HVT        saed90nm_max_hvt 
PLACE_optlc_7850          TIEL_HVT        saed90nm_max_hvt 
PLACE_optlc_7851          TIEL_HVT        saed90nm_max_hvt 
PLACE_optlc_7852          TIEL_HVT        saed90nm_max_hvt 
PLACE_optlc_7853          TIEL_HVT        saed90nm_max_hvt 
PLACE_optlc_7854          TIEL_HVT        saed90nm_max_hvt 
PLACE_optlc_7855          TIEL_HVT        saed90nm_max_hvt 
PLACE_optlc_7856          TIEL_HVT        saed90nm_max_hvt 
PLACE_optlc_7857          TIEL_HVT        saed90nm_max_hvt 
PLACE_optlc_7858          TIEL_HVT        saed90nm_max_hvt 
PLACE_optlc_7859          TIEL_HVT        saed90nm_max_hvt 
PLACE_optlc_786           TIEL_HVT        saed90nm_max_hvt 
PLACE_optlc_7860          TIEL_HVT        saed90nm_max_hvt 
PLACE_optlc_7861          TIEL_HVT        saed90nm_max_hvt 
PLACE_optlc_7862          TIEL_HVT        saed90nm_max_hvt 
PLACE_optlc_7863          TIEL_HVT        saed90nm_max_hvt 
PLACE_optlc_7864          TIEL_HVT        saed90nm_max_hvt 
PLACE_optlc_7865          TIEL_HVT        saed90nm_max_hvt 
PLACE_optlc_7866          TIEL_HVT        saed90nm_max_hvt 
PLACE_optlc_7867          TIEL_HVT        saed90nm_max_hvt 
PLACE_optlc_7868          TIEL_HVT        saed90nm_max_hvt 
PLACE_optlc_7869          TIEL_HVT        saed90nm_max_hvt 
PLACE_optlc_787           TIEL_HVT        saed90nm_max_hvt 
PLACE_optlc_7870          TIEL_HVT        saed90nm_max_hvt 
PLACE_optlc_7871          TIEL_HVT        saed90nm_max_hvt 
PLACE_optlc_7872          TIEL_HVT        saed90nm_max_hvt 
PLACE_optlc_7873          TIEL_HVT        saed90nm_max_hvt 
PLACE_optlc_7874          TIEL_HVT        saed90nm_max_hvt 
PLACE_optlc_7875          TIEL_HVT        saed90nm_max_hvt 
PLACE_optlc_7876          TIEL_HVT        saed90nm_max_hvt 
PLACE_optlc_7877          TIEL_HVT        saed90nm_max_hvt 
PLACE_optlc_7878          TIEL_HVT        saed90nm_max_hvt 
PLACE_optlc_7879          TIEL_HVT        saed90nm_max_hvt 
PLACE_optlc_788           TIEL_HVT        saed90nm_max_hvt 
PLACE_optlc_7880          TIEL_HVT        saed90nm_max_hvt 
PLACE_optlc_7881          TIEL_HVT        saed90nm_max_hvt 
PLACE_optlc_7882          TIEL_HVT        saed90nm_max_hvt 
PLACE_optlc_7883          TIEL_HVT        saed90nm_max_hvt 
PLACE_optlc_7884          TIEL_HVT        saed90nm_max_hvt 
PLACE_optlc_7885          TIEL_HVT        saed90nm_max_hvt 
PLACE_optlc_7886          TIEL_HVT        saed90nm_max_hvt 
PLACE_optlc_7887          TIEL_HVT        saed90nm_max_hvt 
PLACE_optlc_7888          TIEL_HVT        saed90nm_max_hvt 
PLACE_optlc_7889          TIEL_HVT        saed90nm_max_hvt 
PLACE_optlc_789           TIEL_HVT        saed90nm_max_hvt 
PLACE_optlc_7890          TIEL_HVT        saed90nm_max_hvt 
PLACE_optlc_7891          TIEL_HVT        saed90nm_max_hvt 
PLACE_optlc_7892          TIEL_HVT        saed90nm_max_hvt 
PLACE_optlc_7893          TIEL_HVT        saed90nm_max_hvt 
PLACE_optlc_7894          TIEL_HVT        saed90nm_max_hvt 
PLACE_optlc_7895          TIEL_HVT        saed90nm_max_hvt 
PLACE_optlc_7896          TIEL_HVT        saed90nm_max_hvt 
PLACE_optlc_7897          TIEL_HVT        saed90nm_max_hvt 
PLACE_optlc_7898          TIEL_HVT        saed90nm_max_hvt 
PLACE_optlc_7899          TIEL_HVT        saed90nm_max_hvt 
PLACE_optlc_79            TIEL_HVT        saed90nm_max_hvt 
PLACE_optlc_790           TIEL_HVT        saed90nm_max_hvt 
PLACE_optlc_7900          TIEL_HVT        saed90nm_max_hvt 
PLACE_optlc_7901          TIEL_HVT        saed90nm_max_hvt 
PLACE_optlc_7902          TIEL_HVT        saed90nm_max_hvt 
PLACE_optlc_7903          TIEL_HVT        saed90nm_max_hvt 
PLACE_optlc_7904          TIEL_HVT        saed90nm_max_hvt 
PLACE_optlc_7905          TIEL_HVT        saed90nm_max_hvt 
PLACE_optlc_7906          TIEL_HVT        saed90nm_max_hvt 
PLACE_optlc_7907          TIEL_HVT        saed90nm_max_hvt 
PLACE_optlc_7908          TIEL_HVT        saed90nm_max_hvt 
PLACE_optlc_7909          TIEL_HVT        saed90nm_max_hvt 
PLACE_optlc_791           TIEL_HVT        saed90nm_max_hvt 
PLACE_optlc_7910          TIEL_HVT        saed90nm_max_hvt 
PLACE_optlc_7911          TIEL_HVT        saed90nm_max_hvt 
PLACE_optlc_7912          TIEL_HVT        saed90nm_max_hvt 
PLACE_optlc_7913          TIEL_HVT        saed90nm_max_hvt 
PLACE_optlc_7914          TIEL_HVT        saed90nm_max_hvt 
PLACE_optlc_7915          TIEL_HVT        saed90nm_max_hvt 
PLACE_optlc_7916          TIEL_HVT        saed90nm_max_hvt 
PLACE_optlc_7917          TIEL_HVT        saed90nm_max_hvt 
PLACE_optlc_7918          TIEL_HVT        saed90nm_max_hvt 
PLACE_optlc_7919          TIEL_HVT        saed90nm_max_hvt 
PLACE_optlc_792           TIEL_HVT        saed90nm_max_hvt 
PLACE_optlc_7920          TIEL_HVT        saed90nm_max_hvt 
PLACE_optlc_7921          TIEL_HVT        saed90nm_max_hvt 
PLACE_optlc_7922          TIEL_HVT        saed90nm_max_hvt 
PLACE_optlc_7923          TIEL_HVT        saed90nm_max_hvt 
PLACE_optlc_7924          TIEL_HVT        saed90nm_max_hvt 
PLACE_optlc_7925          TIEL_HVT        saed90nm_max_hvt 
PLACE_optlc_7926          TIEL_HVT        saed90nm_max_hvt 
PLACE_optlc_7927          TIEL_HVT        saed90nm_max_hvt 
PLACE_optlc_7928          TIEL_HVT        saed90nm_max_hvt 
PLACE_optlc_7929          TIEL_HVT        saed90nm_max_hvt 
PLACE_optlc_793           TIEL_HVT        saed90nm_max_hvt 
PLACE_optlc_7930          TIEL_HVT        saed90nm_max_hvt 
PLACE_optlc_7931          TIEL_HVT        saed90nm_max_hvt 
PLACE_optlc_7932          TIEL_HVT        saed90nm_max_hvt 
PLACE_optlc_7933          TIEL_HVT        saed90nm_max_hvt 
PLACE_optlc_7934          TIEL_HVT        saed90nm_max_hvt 
PLACE_optlc_7935          TIEL_HVT        saed90nm_max_hvt 
PLACE_optlc_7936          TIEL_HVT        saed90nm_max_hvt 
PLACE_optlc_7937          TIEL_HVT        saed90nm_max_hvt 
PLACE_optlc_7938          TIEL_HVT        saed90nm_max_hvt 
PLACE_optlc_7939          TIEL_HVT        saed90nm_max_hvt 
PLACE_optlc_794           TIEL_HVT        saed90nm_max_hvt 
PLACE_optlc_7940          TIEL_HVT        saed90nm_max_hvt 
PLACE_optlc_7941          TIEL_HVT        saed90nm_max_hvt 
PLACE_optlc_7942          TIEL_HVT        saed90nm_max_hvt 
PLACE_optlc_7943          TIEL_HVT        saed90nm_max_hvt 
PLACE_optlc_7944          TIEL_HVT        saed90nm_max_hvt 
PLACE_optlc_7945          TIEL_HVT        saed90nm_max_hvt 
PLACE_optlc_7946          TIEL_HVT        saed90nm_max_hvt 
PLACE_optlc_7947          TIEL_HVT        saed90nm_max_hvt 
PLACE_optlc_7948          TIEL_HVT        saed90nm_max_hvt 
PLACE_optlc_7949          TIEL_HVT        saed90nm_max_hvt 
PLACE_optlc_795           TIEL_HVT        saed90nm_max_hvt 
PLACE_optlc_7950          TIEL_HVT        saed90nm_max_hvt 
PLACE_optlc_7951          TIEL_HVT        saed90nm_max_hvt 
PLACE_optlc_7952          TIEL_HVT        saed90nm_max_hvt 
PLACE_optlc_7953          TIEL_HVT        saed90nm_max_hvt 
PLACE_optlc_7954          TIEL_HVT        saed90nm_max_hvt 
PLACE_optlc_7955          TIEL_HVT        saed90nm_max_hvt 
PLACE_optlc_7956          TIEL_HVT        saed90nm_max_hvt 
PLACE_optlc_7957          TIEL_HVT        saed90nm_max_hvt 
PLACE_optlc_7958          TIEL_HVT        saed90nm_max_hvt 
PLACE_optlc_7959          TIEL_HVT        saed90nm_max_hvt 
PLACE_optlc_796           TIEL_HVT        saed90nm_max_hvt 
PLACE_optlc_7960          TIEL_HVT        saed90nm_max_hvt 
PLACE_optlc_7961          TIEL_HVT        saed90nm_max_hvt 
PLACE_optlc_7962          TIEL_HVT        saed90nm_max_hvt 
PLACE_optlc_7963          TIEL_HVT        saed90nm_max_hvt 
PLACE_optlc_7964          TIEL_HVT        saed90nm_max_hvt 
PLACE_optlc_7965          TIEL_HVT        saed90nm_max_hvt 
PLACE_optlc_7966          TIEL_HVT        saed90nm_max_hvt 
PLACE_optlc_7967          TIEL_HVT        saed90nm_max_hvt 
PLACE_optlc_7968          TIEL_HVT        saed90nm_max_hvt 
PLACE_optlc_7969          TIEL_HVT        saed90nm_max_hvt 
PLACE_optlc_797           TIEL_HVT        saed90nm_max_hvt 
PLACE_optlc_7970          TIEL_HVT        saed90nm_max_hvt 
PLACE_optlc_7971          TIEL_HVT        saed90nm_max_hvt 
PLACE_optlc_7972          TIEL_HVT        saed90nm_max_hvt 
PLACE_optlc_7973          TIEL_HVT        saed90nm_max_hvt 
PLACE_optlc_7974          TIEL_HVT        saed90nm_max_hvt 
PLACE_optlc_7975          TIEL_HVT        saed90nm_max_hvt 
PLACE_optlc_7976          TIEL_HVT        saed90nm_max_hvt 
PLACE_optlc_7977          TIEL_HVT        saed90nm_max_hvt 
PLACE_optlc_7978          TIEL_HVT        saed90nm_max_hvt 
PLACE_optlc_7979          TIEL_HVT        saed90nm_max_hvt 
PLACE_optlc_798           TIEL_HVT        saed90nm_max_hvt 
PLACE_optlc_7980          TIEL_HVT        saed90nm_max_hvt 
PLACE_optlc_7981          TIEL_HVT        saed90nm_max_hvt 
PLACE_optlc_7982          TIEL_HVT        saed90nm_max_hvt 
PLACE_optlc_7983          TIEL_HVT        saed90nm_max_hvt 
PLACE_optlc_7984          TIEL_HVT        saed90nm_max_hvt 
PLACE_optlc_7985          TIEL_HVT        saed90nm_max_hvt 
PLACE_optlc_7986          TIEL_HVT        saed90nm_max_hvt 
PLACE_optlc_7987          TIEL_HVT        saed90nm_max_hvt 
PLACE_optlc_7988          TIEL_HVT        saed90nm_max_hvt 
PLACE_optlc_7989          TIEL_HVT        saed90nm_max_hvt 
PLACE_optlc_799           TIEL_HVT        saed90nm_max_hvt 
PLACE_optlc_7990          TIEL_HVT        saed90nm_max_hvt 
PLACE_optlc_7991          TIEL_HVT        saed90nm_max_hvt 
PLACE_optlc_7992          TIEL_HVT        saed90nm_max_hvt 
PLACE_optlc_7993          TIEL_HVT        saed90nm_max_hvt 
PLACE_optlc_7994          TIEL_HVT        saed90nm_max_hvt 
PLACE_optlc_7995          TIEL_HVT        saed90nm_max_hvt 
PLACE_optlc_7996          TIEL_HVT        saed90nm_max_hvt 
PLACE_optlc_7997          TIEL_HVT        saed90nm_max_hvt 
PLACE_optlc_7998          TIEL_HVT        saed90nm_max_hvt 
PLACE_optlc_7999          TIEL_HVT        saed90nm_max_hvt 
PLACE_optlc_80            TIEL_HVT        saed90nm_max_hvt 
PLACE_optlc_800           TIEL_HVT        saed90nm_max_hvt 
PLACE_optlc_8000          TIEL_HVT        saed90nm_max_hvt 
PLACE_optlc_8001          TIEL_HVT        saed90nm_max_hvt 
PLACE_optlc_8002          TIEL_HVT        saed90nm_max_hvt 
PLACE_optlc_8003          TIEL_HVT        saed90nm_max_hvt 
PLACE_optlc_8004          TIEL_HVT        saed90nm_max_hvt 
PLACE_optlc_8005          TIEL_HVT        saed90nm_max_hvt 
PLACE_optlc_8006          TIEL_HVT        saed90nm_max_hvt 
PLACE_optlc_8007          TIEL_HVT        saed90nm_max_hvt 
PLACE_optlc_8008          TIEL_HVT        saed90nm_max_hvt 
PLACE_optlc_8009          TIEL_HVT        saed90nm_max_hvt 
PLACE_optlc_801           TIEL_HVT        saed90nm_max_hvt 
PLACE_optlc_8010          TIEL_HVT        saed90nm_max_hvt 
PLACE_optlc_8011          TIEL_HVT        saed90nm_max_hvt 
PLACE_optlc_8012          TIEL_HVT        saed90nm_max_hvt 
PLACE_optlc_8013          TIEL_HVT        saed90nm_max_hvt 
PLACE_optlc_8014          TIEL_HVT        saed90nm_max_hvt 
PLACE_optlc_8015          TIEL_HVT        saed90nm_max_hvt 
PLACE_optlc_8016          TIEL_HVT        saed90nm_max_hvt 
PLACE_optlc_8017          TIEL_HVT        saed90nm_max_hvt 
PLACE_optlc_8018          TIEL_HVT        saed90nm_max_hvt 
PLACE_optlc_8019          TIEL_HVT        saed90nm_max_hvt 
PLACE_optlc_802           TIEL_HVT        saed90nm_max_hvt 
PLACE_optlc_8020          TIEL_HVT        saed90nm_max_hvt 
PLACE_optlc_8021          TIEL_HVT        saed90nm_max_hvt 
PLACE_optlc_8022          TIEL_HVT        saed90nm_max_hvt 
PLACE_optlc_8023          TIEL_HVT        saed90nm_max_hvt 
PLACE_optlc_8024          TIEL_HVT        saed90nm_max_hvt 
PLACE_optlc_8025          TIEL_HVT        saed90nm_max_hvt 
PLACE_optlc_8026          TIEL_HVT        saed90nm_max_hvt 
PLACE_optlc_8027          TIEL_HVT        saed90nm_max_hvt 
PLACE_optlc_8028          TIEL_HVT        saed90nm_max_hvt 
PLACE_optlc_8029          TIEL_HVT        saed90nm_max_hvt 
PLACE_optlc_803           TIEL_HVT        saed90nm_max_hvt 
PLACE_optlc_8030          TIEL_HVT        saed90nm_max_hvt 
PLACE_optlc_8031          TIEL_HVT        saed90nm_max_hvt 
PLACE_optlc_8032          TIEL_HVT        saed90nm_max_hvt 
PLACE_optlc_8033          TIEL_HVT        saed90nm_max_hvt 
PLACE_optlc_8034          TIEL_HVT        saed90nm_max_hvt 
PLACE_optlc_8035          TIEL_HVT        saed90nm_max_hvt 
PLACE_optlc_8036          TIEL_HVT        saed90nm_max_hvt 
PLACE_optlc_8037          TIEL_HVT        saed90nm_max_hvt 
PLACE_optlc_8038          TIEL_HVT        saed90nm_max_hvt 
PLACE_optlc_8039          TIEL_HVT        saed90nm_max_hvt 
PLACE_optlc_804           TIEL_HVT        saed90nm_max_hvt 
PLACE_optlc_8040          TIEL_HVT        saed90nm_max_hvt 
PLACE_optlc_8041          TIEL_HVT        saed90nm_max_hvt 
PLACE_optlc_8042          TIEL_HVT        saed90nm_max_hvt 
PLACE_optlc_8043          TIEL_HVT        saed90nm_max_hvt 
PLACE_optlc_8044          TIEL_HVT        saed90nm_max_hvt 
PLACE_optlc_8045          TIEL_HVT        saed90nm_max_hvt 
PLACE_optlc_8046          TIEL_HVT        saed90nm_max_hvt 
PLACE_optlc_8047          TIEL_HVT        saed90nm_max_hvt 
PLACE_optlc_8048          TIEL_HVT        saed90nm_max_hvt 
PLACE_optlc_8049          TIEL_HVT        saed90nm_max_hvt 
PLACE_optlc_805           TIEL_HVT        saed90nm_max_hvt 
PLACE_optlc_8050          TIEL_HVT        saed90nm_max_hvt 
PLACE_optlc_8051          TIEL_HVT        saed90nm_max_hvt 
PLACE_optlc_8052          TIEL_HVT        saed90nm_max_hvt 
PLACE_optlc_8053          TIEL_HVT        saed90nm_max_hvt 
PLACE_optlc_8054          TIEL_HVT        saed90nm_max_hvt 
PLACE_optlc_8055          TIEL_HVT        saed90nm_max_hvt 
PLACE_optlc_8056          TIEL_HVT        saed90nm_max_hvt 
PLACE_optlc_8057          TIEL_HVT        saed90nm_max_hvt 
PLACE_optlc_8058          TIEL_HVT        saed90nm_max_hvt 
PLACE_optlc_8059          TIEL_HVT        saed90nm_max_hvt 
PLACE_optlc_806           TIEL_HVT        saed90nm_max_hvt 
PLACE_optlc_8060          TIEL_HVT        saed90nm_max_hvt 
PLACE_optlc_8061          TIEL_HVT        saed90nm_max_hvt 
PLACE_optlc_8062          TIEL_HVT        saed90nm_max_hvt 
PLACE_optlc_8063          TIEL_HVT        saed90nm_max_hvt 
PLACE_optlc_8064          TIEL_HVT        saed90nm_max_hvt 
PLACE_optlc_8065          TIEL_HVT        saed90nm_max_hvt 
PLACE_optlc_8066          TIEL_HVT        saed90nm_max_hvt 
PLACE_optlc_8067          TIEL_HVT        saed90nm_max_hvt 
PLACE_optlc_8068          TIEL_HVT        saed90nm_max_hvt 
PLACE_optlc_8069          TIEL_HVT        saed90nm_max_hvt 
PLACE_optlc_807           TIEL_HVT        saed90nm_max_hvt 
PLACE_optlc_8070          TIEL_HVT        saed90nm_max_hvt 
PLACE_optlc_8071          TIEL_HVT        saed90nm_max_hvt 
PLACE_optlc_8072          TIEL_HVT        saed90nm_max_hvt 
PLACE_optlc_8073          TIEL_HVT        saed90nm_max_hvt 
PLACE_optlc_8074          TIEL_HVT        saed90nm_max_hvt 
PLACE_optlc_8075          TIEL_HVT        saed90nm_max_hvt 
PLACE_optlc_8076          TIEL_HVT        saed90nm_max_hvt 
PLACE_optlc_8077          TIEL_HVT        saed90nm_max_hvt 
PLACE_optlc_8078          TIEL_HVT        saed90nm_max_hvt 
PLACE_optlc_8079          TIEL_HVT        saed90nm_max_hvt 
PLACE_optlc_808           TIEL_HVT        saed90nm_max_hvt 
PLACE_optlc_8080          TIEL_HVT        saed90nm_max_hvt 
PLACE_optlc_8081          TIEL_HVT        saed90nm_max_hvt 
PLACE_optlc_8082          TIEL_HVT        saed90nm_max_hvt 
PLACE_optlc_8083          TIEL_HVT        saed90nm_max_hvt 
PLACE_optlc_8084          TIEL_HVT        saed90nm_max_hvt 
PLACE_optlc_8085          TIEL_HVT        saed90nm_max_hvt 
PLACE_optlc_8086          TIEL_HVT        saed90nm_max_hvt 
PLACE_optlc_8087          TIEL_HVT        saed90nm_max_hvt 
PLACE_optlc_8088          TIEL_HVT        saed90nm_max_hvt 
PLACE_optlc_8089          TIEL_HVT        saed90nm_max_hvt 
PLACE_optlc_809           TIEL_HVT        saed90nm_max_hvt 
PLACE_optlc_8090          TIEL_HVT        saed90nm_max_hvt 
PLACE_optlc_8091          TIEL_HVT        saed90nm_max_hvt 
PLACE_optlc_8092          TIEL_HVT        saed90nm_max_hvt 
PLACE_optlc_8093          TIEL_HVT        saed90nm_max_hvt 
PLACE_optlc_8094          TIEL_HVT        saed90nm_max_hvt 
PLACE_optlc_8095          TIEL_HVT        saed90nm_max_hvt 
PLACE_optlc_8096          TIEL_HVT        saed90nm_max_hvt 
PLACE_optlc_8097          TIEL_HVT        saed90nm_max_hvt 
PLACE_optlc_8098          TIEL_HVT        saed90nm_max_hvt 
PLACE_optlc_8099          TIEL_HVT        saed90nm_max_hvt 
PLACE_optlc_81            TIEL_HVT        saed90nm_max_hvt 
PLACE_optlc_810           TIEL_HVT        saed90nm_max_hvt 
PLACE_optlc_8100          TIEL_HVT        saed90nm_max_hvt 
PLACE_optlc_8101          TIEL_HVT        saed90nm_max_hvt 
PLACE_optlc_8102          TIEL_HVT        saed90nm_max_hvt 
PLACE_optlc_8103          TIEL_HVT        saed90nm_max_hvt 
PLACE_optlc_8104          TIEL_HVT        saed90nm_max_hvt 
PLACE_optlc_8105          TIEL_HVT        saed90nm_max_hvt 
PLACE_optlc_8106          TIEL_HVT        saed90nm_max_hvt 
PLACE_optlc_8107          TIEL_HVT        saed90nm_max_hvt 
PLACE_optlc_8108          TIEL_HVT        saed90nm_max_hvt 
PLACE_optlc_8109          TIEL_HVT        saed90nm_max_hvt 
PLACE_optlc_811           TIEL_HVT        saed90nm_max_hvt 
PLACE_optlc_8110          TIEL_HVT        saed90nm_max_hvt 
PLACE_optlc_8111          TIEL_HVT        saed90nm_max_hvt 
PLACE_optlc_8112          TIEL_HVT        saed90nm_max_hvt 
PLACE_optlc_8113          TIEL_HVT        saed90nm_max_hvt 
PLACE_optlc_8114          TIEL_HVT        saed90nm_max_hvt 
PLACE_optlc_8115          TIEL_HVT        saed90nm_max_hvt 
PLACE_optlc_8116          TIEL_HVT        saed90nm_max_hvt 
PLACE_optlc_8117          TIEL_HVT        saed90nm_max_hvt 
PLACE_optlc_8118          TIEL_HVT        saed90nm_max_hvt 
PLACE_optlc_8119          TIEL_HVT        saed90nm_max_hvt 
PLACE_optlc_812           TIEL_HVT        saed90nm_max_hvt 
PLACE_optlc_8120          TIEL_HVT        saed90nm_max_hvt 
PLACE_optlc_8121          TIEL_HVT        saed90nm_max_hvt 
PLACE_optlc_8122          TIEL_HVT        saed90nm_max_hvt 
PLACE_optlc_8123          TIEL_HVT        saed90nm_max_hvt 
PLACE_optlc_8124          TIEL_HVT        saed90nm_max_hvt 
PLACE_optlc_8125          TIEL_HVT        saed90nm_max_hvt 
PLACE_optlc_8126          TIEL_HVT        saed90nm_max_hvt 
PLACE_optlc_8127          TIEL_HVT        saed90nm_max_hvt 
PLACE_optlc_8128          TIEL_HVT        saed90nm_max_hvt 
PLACE_optlc_8129          TIEL_HVT        saed90nm_max_hvt 
PLACE_optlc_813           TIEL_HVT        saed90nm_max_hvt 
PLACE_optlc_8130          TIEL_HVT        saed90nm_max_hvt 
PLACE_optlc_8131          TIEL_HVT        saed90nm_max_hvt 
PLACE_optlc_8132          TIEL_HVT        saed90nm_max_hvt 
PLACE_optlc_8133          TIEL_HVT        saed90nm_max_hvt 
PLACE_optlc_8134          TIEL_HVT        saed90nm_max_hvt 
PLACE_optlc_8135          TIEL_HVT        saed90nm_max_hvt 
PLACE_optlc_8136          TIEL_HVT        saed90nm_max_hvt 
PLACE_optlc_8137          TIEL_HVT        saed90nm_max_hvt 
PLACE_optlc_8138          TIEL_HVT        saed90nm_max_hvt 
PLACE_optlc_8139          TIEL_HVT        saed90nm_max_hvt 
PLACE_optlc_814           TIEL_HVT        saed90nm_max_hvt 
PLACE_optlc_8140          TIEL_HVT        saed90nm_max_hvt 
PLACE_optlc_8141          TIEL_HVT        saed90nm_max_hvt 
PLACE_optlc_8142          TIEL_HVT        saed90nm_max_hvt 
PLACE_optlc_8143          TIEL_HVT        saed90nm_max_hvt 
PLACE_optlc_8144          TIEL_HVT        saed90nm_max_hvt 
PLACE_optlc_8145          TIEL_HVT        saed90nm_max_hvt 
PLACE_optlc_8146          TIEL_HVT        saed90nm_max_hvt 
PLACE_optlc_8147          TIEL_HVT        saed90nm_max_hvt 
PLACE_optlc_8148          TIEL_HVT        saed90nm_max_hvt 
PLACE_optlc_8149          TIEL_HVT        saed90nm_max_hvt 
PLACE_optlc_815           TIEL_HVT        saed90nm_max_hvt 
PLACE_optlc_8150          TIEL_HVT        saed90nm_max_hvt 
PLACE_optlc_8151          TIEL_HVT        saed90nm_max_hvt 
PLACE_optlc_8152          TIEL_HVT        saed90nm_max_hvt 
PLACE_optlc_8153          TIEL_HVT        saed90nm_max_hvt 
PLACE_optlc_8154          TIEL_HVT        saed90nm_max_hvt 
PLACE_optlc_8155          TIEL_HVT        saed90nm_max_hvt 
PLACE_optlc_8156          TIEL_HVT        saed90nm_max_hvt 
PLACE_optlc_8157          TIEL_HVT        saed90nm_max_hvt 
PLACE_optlc_8158          TIEL_HVT        saed90nm_max_hvt 
PLACE_optlc_8159          TIEL_HVT        saed90nm_max_hvt 
PLACE_optlc_816           TIEL_HVT        saed90nm_max_hvt 
PLACE_optlc_8160          TIEL_HVT        saed90nm_max_hvt 
PLACE_optlc_8161          TIEL_HVT        saed90nm_max_hvt 
PLACE_optlc_8162          TIEL_HVT        saed90nm_max_hvt 
PLACE_optlc_8163          TIEL_HVT        saed90nm_max_hvt 
PLACE_optlc_8164          TIEL_HVT        saed90nm_max_hvt 
PLACE_optlc_8165          TIEL_HVT        saed90nm_max_hvt 
PLACE_optlc_8166          TIEL_HVT        saed90nm_max_hvt 
PLACE_optlc_8167          TIEL_HVT        saed90nm_max_hvt 
PLACE_optlc_8168          TIEL_HVT        saed90nm_max_hvt 
PLACE_optlc_8169          TIEL_HVT        saed90nm_max_hvt 
PLACE_optlc_817           TIEL_HVT        saed90nm_max_hvt 
PLACE_optlc_8170          TIEL_HVT        saed90nm_max_hvt 
PLACE_optlc_8171          TIEL_HVT        saed90nm_max_hvt 
PLACE_optlc_8172          TIEL_HVT        saed90nm_max_hvt 
PLACE_optlc_8173          TIEL_HVT        saed90nm_max_hvt 
PLACE_optlc_8174          TIEL_HVT        saed90nm_max_hvt 
PLACE_optlc_8175          TIEL_HVT        saed90nm_max_hvt 
PLACE_optlc_8176          TIEL_HVT        saed90nm_max_hvt 
PLACE_optlc_8177          TIEL_HVT        saed90nm_max_hvt 
PLACE_optlc_8178          TIEL_HVT        saed90nm_max_hvt 
PLACE_optlc_8179          TIEL_HVT        saed90nm_max_hvt 
PLACE_optlc_818           TIEL_HVT        saed90nm_max_hvt 
PLACE_optlc_8180          TIEL_HVT        saed90nm_max_hvt 
PLACE_optlc_8181          TIEL_HVT        saed90nm_max_hvt 
PLACE_optlc_8182          TIEL_HVT        saed90nm_max_hvt 
PLACE_optlc_8183          TIEL_HVT        saed90nm_max_hvt 
PLACE_optlc_8184          TIEL_HVT        saed90nm_max_hvt 
PLACE_optlc_8185          TIEL_HVT        saed90nm_max_hvt 
PLACE_optlc_8186          TIEL_HVT        saed90nm_max_hvt 
PLACE_optlc_8187          TIEL_HVT        saed90nm_max_hvt 
PLACE_optlc_8188          TIEL_HVT        saed90nm_max_hvt 
PLACE_optlc_8189          TIEL_HVT        saed90nm_max_hvt 
PLACE_optlc_819           TIEL_HVT        saed90nm_max_hvt 
PLACE_optlc_8190          TIEL_HVT        saed90nm_max_hvt 
PLACE_optlc_8191          TIEL_HVT        saed90nm_max_hvt 
PLACE_optlc_8192          TIEL_HVT        saed90nm_max_hvt 
PLACE_optlc_8193          TIEL_HVT        saed90nm_max_hvt 
PLACE_optlc_8194          TIEL_HVT        saed90nm_max_hvt 
PLACE_optlc_8195          TIEL_HVT        saed90nm_max_hvt 
PLACE_optlc_8196          TIEL_HVT        saed90nm_max_hvt 
PLACE_optlc_8197          TIEL_HVT        saed90nm_max_hvt 
PLACE_optlc_8198          TIEL_HVT        saed90nm_max_hvt 
PLACE_optlc_8199          TIEL_HVT        saed90nm_max_hvt 
PLACE_optlc_82            TIEL_HVT        saed90nm_max_hvt 
PLACE_optlc_820           TIEL_HVT        saed90nm_max_hvt 
PLACE_optlc_8200          TIEL_HVT        saed90nm_max_hvt 
PLACE_optlc_8201          TIEL_HVT        saed90nm_max_hvt 
PLACE_optlc_8202          TIEL_HVT        saed90nm_max_hvt 
PLACE_optlc_8203          TIEL_HVT        saed90nm_max_hvt 
PLACE_optlc_8204          TIEL_HVT        saed90nm_max_hvt 
PLACE_optlc_8205          TIEL_HVT        saed90nm_max_hvt 
PLACE_optlc_8206          TIEL_HVT        saed90nm_max_hvt 
PLACE_optlc_8207          TIEL_HVT        saed90nm_max_hvt 
PLACE_optlc_8208          TIEL_HVT        saed90nm_max_hvt 
PLACE_optlc_8209          TIEL_HVT        saed90nm_max_hvt 
PLACE_optlc_821           TIEL_HVT        saed90nm_max_hvt 
PLACE_optlc_8210          TIEL_HVT        saed90nm_max_hvt 
PLACE_optlc_8211          TIEL_HVT        saed90nm_max_hvt 
PLACE_optlc_8212          TIEL_HVT        saed90nm_max_hvt 
PLACE_optlc_8213          TIEL_HVT        saed90nm_max_hvt 
PLACE_optlc_8214          TIEL_HVT        saed90nm_max_hvt 
PLACE_optlc_8215          TIEL_HVT        saed90nm_max_hvt 
PLACE_optlc_8216          TIEL_HVT        saed90nm_max_hvt 
PLACE_optlc_8217          TIEL_HVT        saed90nm_max_hvt 
PLACE_optlc_8218          TIEL_HVT        saed90nm_max_hvt 
PLACE_optlc_8219          TIEL_HVT        saed90nm_max_hvt 
PLACE_optlc_822           TIEL_HVT        saed90nm_max_hvt 
PLACE_optlc_8220          TIEL_HVT        saed90nm_max_hvt 
PLACE_optlc_8221          TIEL_HVT        saed90nm_max_hvt 
PLACE_optlc_8222          TIEL_HVT        saed90nm_max_hvt 
PLACE_optlc_8223          TIEL_HVT        saed90nm_max_hvt 
PLACE_optlc_8224          TIEL_HVT        saed90nm_max_hvt 
PLACE_optlc_8225          TIEL_HVT        saed90nm_max_hvt 
PLACE_optlc_8226          TIEL_HVT        saed90nm_max_hvt 
PLACE_optlc_8227          TIEL_HVT        saed90nm_max_hvt 
PLACE_optlc_8228          TIEL_HVT        saed90nm_max_hvt 
PLACE_optlc_8229          TIEL_HVT        saed90nm_max_hvt 
PLACE_optlc_823           TIEL_HVT        saed90nm_max_hvt 
PLACE_optlc_8230          TIEL_HVT        saed90nm_max_hvt 
PLACE_optlc_8231          TIEL_HVT        saed90nm_max_hvt 
PLACE_optlc_8232          TIEL_HVT        saed90nm_max_hvt 
PLACE_optlc_8233          TIEL_HVT        saed90nm_max_hvt 
PLACE_optlc_8234          TIEL_HVT        saed90nm_max_hvt 
PLACE_optlc_8235          TIEL_HVT        saed90nm_max_hvt 
PLACE_optlc_8236          TIEL_HVT        saed90nm_max_hvt 
PLACE_optlc_8237          TIEL_HVT        saed90nm_max_hvt 
PLACE_optlc_8238          TIEL_HVT        saed90nm_max_hvt 
PLACE_optlc_8239          TIEL_HVT        saed90nm_max_hvt 
PLACE_optlc_824           TIEL_HVT        saed90nm_max_hvt 
PLACE_optlc_8240          TIEL_HVT        saed90nm_max_hvt 
PLACE_optlc_8241          TIEL_HVT        saed90nm_max_hvt 
PLACE_optlc_8242          TIEL_HVT        saed90nm_max_hvt 
PLACE_optlc_8243          TIEL_HVT        saed90nm_max_hvt 
PLACE_optlc_8244          TIEL_HVT        saed90nm_max_hvt 
PLACE_optlc_8245          TIEL_HVT        saed90nm_max_hvt 
PLACE_optlc_8246          TIEL_HVT        saed90nm_max_hvt 
PLACE_optlc_8247          TIEL_HVT        saed90nm_max_hvt 
PLACE_optlc_8248          TIEL_HVT        saed90nm_max_hvt 
PLACE_optlc_8249          TIEL_HVT        saed90nm_max_hvt 
PLACE_optlc_825           TIEL_HVT        saed90nm_max_hvt 
PLACE_optlc_8250          TIEL_HVT        saed90nm_max_hvt 
PLACE_optlc_8251          TIEL_HVT        saed90nm_max_hvt 
PLACE_optlc_8252          TIEL_HVT        saed90nm_max_hvt 
PLACE_optlc_8253          TIEL_HVT        saed90nm_max_hvt 
PLACE_optlc_8254          TIEL_HVT        saed90nm_max_hvt 
PLACE_optlc_8255          TIEL_HVT        saed90nm_max_hvt 
PLACE_optlc_8256          TIEL_HVT        saed90nm_max_hvt 
PLACE_optlc_8257          TIEL_HVT        saed90nm_max_hvt 
PLACE_optlc_8258          TIEL_HVT        saed90nm_max_hvt 
PLACE_optlc_8259          TIEL_HVT        saed90nm_max_hvt 
PLACE_optlc_826           TIEL_HVT        saed90nm_max_hvt 
PLACE_optlc_8260          TIEL_HVT        saed90nm_max_hvt 
PLACE_optlc_8261          TIEL_HVT        saed90nm_max_hvt 
PLACE_optlc_8262          TIEL_HVT        saed90nm_max_hvt 
PLACE_optlc_8263          TIEL_HVT        saed90nm_max_hvt 
PLACE_optlc_8264          TIEL_HVT        saed90nm_max_hvt 
PLACE_optlc_8265          TIEL_HVT        saed90nm_max_hvt 
PLACE_optlc_8266          TIEL_HVT        saed90nm_max_hvt 
PLACE_optlc_8267          TIEL_HVT        saed90nm_max_hvt 
PLACE_optlc_8268          TIEL_HVT        saed90nm_max_hvt 
PLACE_optlc_8269          TIEL_HVT        saed90nm_max_hvt 
PLACE_optlc_827           TIEL_HVT        saed90nm_max_hvt 
PLACE_optlc_8270          TIEL_HVT        saed90nm_max_hvt 
PLACE_optlc_8271          TIEL_HVT        saed90nm_max_hvt 
PLACE_optlc_8272          TIEL_HVT        saed90nm_max_hvt 
PLACE_optlc_8273          TIEL_HVT        saed90nm_max_hvt 
PLACE_optlc_8274          TIEL_HVT        saed90nm_max_hvt 
PLACE_optlc_8275          TIEL_HVT        saed90nm_max_hvt 
PLACE_optlc_8276          TIEL_HVT        saed90nm_max_hvt 
PLACE_optlc_8277          TIEL_HVT        saed90nm_max_hvt 
PLACE_optlc_8278          TIEL_HVT        saed90nm_max_hvt 
PLACE_optlc_8279          TIEL_HVT        saed90nm_max_hvt 
PLACE_optlc_828           TIEL_HVT        saed90nm_max_hvt 
PLACE_optlc_8280          TIEL_HVT        saed90nm_max_hvt 
PLACE_optlc_8281          TIEL_HVT        saed90nm_max_hvt 
PLACE_optlc_8282          TIEL_HVT        saed90nm_max_hvt 
PLACE_optlc_8283          TIEL_HVT        saed90nm_max_hvt 
PLACE_optlc_8284          TIEL_HVT        saed90nm_max_hvt 
PLACE_optlc_8285          TIEL_HVT        saed90nm_max_hvt 
PLACE_optlc_8286          TIEL_HVT        saed90nm_max_hvt 
PLACE_optlc_8287          TIEL_HVT        saed90nm_max_hvt 
PLACE_optlc_8288          TIEL_HVT        saed90nm_max_hvt 
PLACE_optlc_8289          TIEL_HVT        saed90nm_max_hvt 
PLACE_optlc_829           TIEL_HVT        saed90nm_max_hvt 
PLACE_optlc_8290          TIEL_HVT        saed90nm_max_hvt 
PLACE_optlc_8291          TIEL_HVT        saed90nm_max_hvt 
PLACE_optlc_8292          TIEL_HVT        saed90nm_max_hvt 
PLACE_optlc_8293          TIEL_HVT        saed90nm_max_hvt 
PLACE_optlc_8294          TIEL_HVT        saed90nm_max_hvt 
PLACE_optlc_8295          TIEL_HVT        saed90nm_max_hvt 
PLACE_optlc_8296          TIEL_HVT        saed90nm_max_hvt 
PLACE_optlc_8297          TIEL_HVT        saed90nm_max_hvt 
PLACE_optlc_8298          TIEL_HVT        saed90nm_max_hvt 
PLACE_optlc_8299          TIEL_HVT        saed90nm_max_hvt 
PLACE_optlc_83            TIEL_HVT        saed90nm_max_hvt 
PLACE_optlc_830           TIEL_HVT        saed90nm_max_hvt 
PLACE_optlc_8300          TIEL_HVT        saed90nm_max_hvt 
PLACE_optlc_8301          TIEL_HVT        saed90nm_max_hvt 
PLACE_optlc_8302          TIEL_HVT        saed90nm_max_hvt 
PLACE_optlc_8303          TIEL_HVT        saed90nm_max_hvt 
PLACE_optlc_8304          TIEL_HVT        saed90nm_max_hvt 
PLACE_optlc_8305          TIEL_HVT        saed90nm_max_hvt 
PLACE_optlc_8306          TIEL_HVT        saed90nm_max_hvt 
PLACE_optlc_8307          TIEL_HVT        saed90nm_max_hvt 
PLACE_optlc_8308          TIEL_HVT        saed90nm_max_hvt 
PLACE_optlc_8309          TIEL_HVT        saed90nm_max_hvt 
PLACE_optlc_831           TIEL_HVT        saed90nm_max_hvt 
PLACE_optlc_8310          TIEL_HVT        saed90nm_max_hvt 
PLACE_optlc_8311          TIEL_HVT        saed90nm_max_hvt 
PLACE_optlc_8312          TIEL_HVT        saed90nm_max_hvt 
PLACE_optlc_8313          TIEL_HVT        saed90nm_max_hvt 
PLACE_optlc_8314          TIEL_HVT        saed90nm_max_hvt 
PLACE_optlc_8315          TIEL_HVT        saed90nm_max_hvt 
PLACE_optlc_8316          TIEL_HVT        saed90nm_max_hvt 
PLACE_optlc_8317          TIEL_HVT        saed90nm_max_hvt 
PLACE_optlc_8318          TIEL_HVT        saed90nm_max_hvt 
PLACE_optlc_8319          TIEL_HVT        saed90nm_max_hvt 
PLACE_optlc_832           TIEL_HVT        saed90nm_max_hvt 
PLACE_optlc_8320          TIEL_HVT        saed90nm_max_hvt 
PLACE_optlc_8321          TIEL_HVT        saed90nm_max_hvt 
PLACE_optlc_8322          TIEL_HVT        saed90nm_max_hvt 
PLACE_optlc_8323          TIEL_HVT        saed90nm_max_hvt 
PLACE_optlc_8324          TIEL_HVT        saed90nm_max_hvt 
PLACE_optlc_8325          TIEL_HVT        saed90nm_max_hvt 
PLACE_optlc_8326          TIEL_HVT        saed90nm_max_hvt 
PLACE_optlc_8327          TIEL_HVT        saed90nm_max_hvt 
PLACE_optlc_8328          TIEL_HVT        saed90nm_max_hvt 
PLACE_optlc_8329          TIEL_HVT        saed90nm_max_hvt 
PLACE_optlc_833           TIEL_HVT        saed90nm_max_hvt 
PLACE_optlc_8330          TIEL_HVT        saed90nm_max_hvt 
PLACE_optlc_8331          TIEL_HVT        saed90nm_max_hvt 
PLACE_optlc_8332          TIEL_HVT        saed90nm_max_hvt 
PLACE_optlc_8333          TIEL_HVT        saed90nm_max_hvt 
PLACE_optlc_8334          TIEL_HVT        saed90nm_max_hvt 
PLACE_optlc_8335          TIEL_HVT        saed90nm_max_hvt 
PLACE_optlc_8336          TIEL_HVT        saed90nm_max_hvt 
PLACE_optlc_8337          TIEL_HVT        saed90nm_max_hvt 
PLACE_optlc_8338          TIEL_HVT        saed90nm_max_hvt 
PLACE_optlc_8339          TIEL_HVT        saed90nm_max_hvt 
PLACE_optlc_834           TIEL_HVT        saed90nm_max_hvt 
PLACE_optlc_8340          TIEL_HVT        saed90nm_max_hvt 
PLACE_optlc_8341          TIEL_HVT        saed90nm_max_hvt 
PLACE_optlc_8342          TIEL_HVT        saed90nm_max_hvt 
PLACE_optlc_8343          TIEL_HVT        saed90nm_max_hvt 
PLACE_optlc_8344          TIEL_HVT        saed90nm_max_hvt 
PLACE_optlc_8345          TIEL_HVT        saed90nm_max_hvt 
PLACE_optlc_8346          TIEL_HVT        saed90nm_max_hvt 
PLACE_optlc_8347          TIEL_HVT        saed90nm_max_hvt 
PLACE_optlc_8348          TIEL_HVT        saed90nm_max_hvt 
PLACE_optlc_8349          TIEL_HVT        saed90nm_max_hvt 
PLACE_optlc_835           TIEL_HVT        saed90nm_max_hvt 
PLACE_optlc_8350          TIEL_HVT        saed90nm_max_hvt 
PLACE_optlc_8351          TIEL_HVT        saed90nm_max_hvt 
PLACE_optlc_8352          TIEL_HVT        saed90nm_max_hvt 
PLACE_optlc_8353          TIEL_HVT        saed90nm_max_hvt 
PLACE_optlc_8354          TIEL_HVT        saed90nm_max_hvt 
PLACE_optlc_8355          TIEL_HVT        saed90nm_max_hvt 
PLACE_optlc_8356          TIEL_HVT        saed90nm_max_hvt 
PLACE_optlc_8357          TIEL_HVT        saed90nm_max_hvt 
PLACE_optlc_8358          TIEL_HVT        saed90nm_max_hvt 
PLACE_optlc_8359          TIEL_HVT        saed90nm_max_hvt 
PLACE_optlc_836           TIEL_HVT        saed90nm_max_hvt 
PLACE_optlc_8360          TIEL_HVT        saed90nm_max_hvt 
PLACE_optlc_8361          TIEL_HVT        saed90nm_max_hvt 
PLACE_optlc_8362          TIEL_HVT        saed90nm_max_hvt 
PLACE_optlc_8363          TIEL_HVT        saed90nm_max_hvt 
PLACE_optlc_8364          TIEL_HVT        saed90nm_max_hvt 
PLACE_optlc_8365          TIEL_HVT        saed90nm_max_hvt 
PLACE_optlc_8366          TIEL_HVT        saed90nm_max_hvt 
PLACE_optlc_8367          TIEL_HVT        saed90nm_max_hvt 
PLACE_optlc_8368          TIEL_HVT        saed90nm_max_hvt 
PLACE_optlc_8369          TIEL_HVT        saed90nm_max_hvt 
PLACE_optlc_837           TIEL_HVT        saed90nm_max_hvt 
PLACE_optlc_8370          TIEL_HVT        saed90nm_max_hvt 
PLACE_optlc_8371          TIEL_HVT        saed90nm_max_hvt 
PLACE_optlc_8372          TIEL_HVT        saed90nm_max_hvt 
PLACE_optlc_8373          TIEL_HVT        saed90nm_max_hvt 
PLACE_optlc_8374          TIEL_HVT        saed90nm_max_hvt 
PLACE_optlc_8375          TIEL_HVT        saed90nm_max_hvt 
PLACE_optlc_8376          TIEL_HVT        saed90nm_max_hvt 
PLACE_optlc_8377          TIEL_HVT        saed90nm_max_hvt 
PLACE_optlc_8378          TIEL_HVT        saed90nm_max_hvt 
PLACE_optlc_8379          TIEL_HVT        saed90nm_max_hvt 
PLACE_optlc_838           TIEL_HVT        saed90nm_max_hvt 
PLACE_optlc_8380          TIEL_HVT        saed90nm_max_hvt 
PLACE_optlc_8381          TIEL_HVT        saed90nm_max_hvt 
PLACE_optlc_8382          TIEL_HVT        saed90nm_max_hvt 
PLACE_optlc_8383          TIEL_HVT        saed90nm_max_hvt 
PLACE_optlc_8384          TIEL_HVT        saed90nm_max_hvt 
PLACE_optlc_8385          TIEL_HVT        saed90nm_max_hvt 
PLACE_optlc_8386          TIEL_HVT        saed90nm_max_hvt 
PLACE_optlc_8387          TIEL_HVT        saed90nm_max_hvt 
PLACE_optlc_8388          TIEL_HVT        saed90nm_max_hvt 
PLACE_optlc_8389          TIEL_HVT        saed90nm_max_hvt 
PLACE_optlc_839           TIEL_HVT        saed90nm_max_hvt 
PLACE_optlc_8390          TIEL_HVT        saed90nm_max_hvt 
PLACE_optlc_8391          TIEL_HVT        saed90nm_max_hvt 
PLACE_optlc_8392          TIEL_HVT        saed90nm_max_hvt 
PLACE_optlc_8393          TIEL_HVT        saed90nm_max_hvt 
PLACE_optlc_8394          TIEL_HVT        saed90nm_max_hvt 
PLACE_optlc_8395          TIEL_HVT        saed90nm_max_hvt 
PLACE_optlc_8396          TIEL_HVT        saed90nm_max_hvt 
PLACE_optlc_8397          TIEL_HVT        saed90nm_max_hvt 
PLACE_optlc_8398          TIEL_HVT        saed90nm_max_hvt 
PLACE_optlc_8399          TIEL_HVT        saed90nm_max_hvt 
PLACE_optlc_84            TIEL_HVT        saed90nm_max_hvt 
PLACE_optlc_840           TIEL_HVT        saed90nm_max_hvt 
PLACE_optlc_8400          TIEL_HVT        saed90nm_max_hvt 
PLACE_optlc_8401          TIEL_HVT        saed90nm_max_hvt 
PLACE_optlc_8402          TIEL_HVT        saed90nm_max_hvt 
PLACE_optlc_8403          TIEL_HVT        saed90nm_max_hvt 
PLACE_optlc_8404          TIEL_HVT        saed90nm_max_hvt 
PLACE_optlc_8405          TIEL_HVT        saed90nm_max_hvt 
PLACE_optlc_8406          TIEL_HVT        saed90nm_max_hvt 
PLACE_optlc_8407          TIEL_HVT        saed90nm_max_hvt 
PLACE_optlc_8408          TIEL_HVT        saed90nm_max_hvt 
PLACE_optlc_8409          TIEL_HVT        saed90nm_max_hvt 
PLACE_optlc_841           TIEL_HVT        saed90nm_max_hvt 
PLACE_optlc_8410          TIEL_HVT        saed90nm_max_hvt 
PLACE_optlc_8411          TIEL_HVT        saed90nm_max_hvt 
PLACE_optlc_8412          TIEL_HVT        saed90nm_max_hvt 
PLACE_optlc_8413          TIEL_HVT        saed90nm_max_hvt 
PLACE_optlc_8414          TIEL_HVT        saed90nm_max_hvt 
PLACE_optlc_8415          TIEL_HVT        saed90nm_max_hvt 
PLACE_optlc_8416          TIEL_HVT        saed90nm_max_hvt 
PLACE_optlc_8417          TIEL_HVT        saed90nm_max_hvt 
PLACE_optlc_8418          TIEL_HVT        saed90nm_max_hvt 
PLACE_optlc_8419          TIEL_HVT        saed90nm_max_hvt 
PLACE_optlc_842           TIEL_HVT        saed90nm_max_hvt 
PLACE_optlc_8420          TIEL_HVT        saed90nm_max_hvt 
PLACE_optlc_8421          TIEL_HVT        saed90nm_max_hvt 
PLACE_optlc_8422          TIEL_HVT        saed90nm_max_hvt 
PLACE_optlc_8423          TIEL_HVT        saed90nm_max_hvt 
PLACE_optlc_8424          TIEL_HVT        saed90nm_max_hvt 
PLACE_optlc_8425          TIEL_HVT        saed90nm_max_hvt 
PLACE_optlc_8426          TIEL_HVT        saed90nm_max_hvt 
PLACE_optlc_8427          TIEL_HVT        saed90nm_max_hvt 
PLACE_optlc_8428          TIEL_HVT        saed90nm_max_hvt 
PLACE_optlc_8429          TIEL_HVT        saed90nm_max_hvt 
PLACE_optlc_843           TIEL_HVT        saed90nm_max_hvt 
PLACE_optlc_8430          TIEL_HVT        saed90nm_max_hvt 
PLACE_optlc_8431          TIEL_HVT        saed90nm_max_hvt 
PLACE_optlc_8432          TIEL_HVT        saed90nm_max_hvt 
PLACE_optlc_8433          TIEL_HVT        saed90nm_max_hvt 
PLACE_optlc_8434          TIEL_HVT        saed90nm_max_hvt 
PLACE_optlc_8435          TIEL_HVT        saed90nm_max_hvt 
PLACE_optlc_8436          TIEL_HVT        saed90nm_max_hvt 
PLACE_optlc_8437          TIEL_HVT        saed90nm_max_hvt 
PLACE_optlc_8438          TIEL_HVT        saed90nm_max_hvt 
PLACE_optlc_8439          TIEL_HVT        saed90nm_max_hvt 
PLACE_optlc_844           TIEL_HVT        saed90nm_max_hvt 
PLACE_optlc_8440          TIEL_HVT        saed90nm_max_hvt 
PLACE_optlc_8441          TIEL_HVT        saed90nm_max_hvt 
PLACE_optlc_8442          TIEL_HVT        saed90nm_max_hvt 
PLACE_optlc_8443          TIEL_HVT        saed90nm_max_hvt 
PLACE_optlc_8444          TIEL_HVT        saed90nm_max_hvt 
PLACE_optlc_8445          TIEL_HVT        saed90nm_max_hvt 
PLACE_optlc_8446          TIEL_HVT        saed90nm_max_hvt 
PLACE_optlc_8447          TIEL_HVT        saed90nm_max_hvt 
PLACE_optlc_8448          TIEL_HVT        saed90nm_max_hvt 
PLACE_optlc_8449          TIEL_HVT        saed90nm_max_hvt 
PLACE_optlc_845           TIEL_HVT        saed90nm_max_hvt 
PLACE_optlc_8450          TIEL_HVT        saed90nm_max_hvt 
PLACE_optlc_8451          TIEL_HVT        saed90nm_max_hvt 
PLACE_optlc_8452          TIEL_HVT        saed90nm_max_hvt 
PLACE_optlc_8453          TIEL_HVT        saed90nm_max_hvt 
PLACE_optlc_8454          TIEL_HVT        saed90nm_max_hvt 
PLACE_optlc_8455          TIEL_HVT        saed90nm_max_hvt 
PLACE_optlc_8456          TIEL_HVT        saed90nm_max_hvt 
PLACE_optlc_8457          TIEL_HVT        saed90nm_max_hvt 
PLACE_optlc_8458          TIEL_HVT        saed90nm_max_hvt 
PLACE_optlc_8459          TIEL_HVT        saed90nm_max_hvt 
PLACE_optlc_846           TIEL_HVT        saed90nm_max_hvt 
PLACE_optlc_8460          TIEL_HVT        saed90nm_max_hvt 
PLACE_optlc_8461          TIEL_HVT        saed90nm_max_hvt 
PLACE_optlc_8462          TIEL_HVT        saed90nm_max_hvt 
PLACE_optlc_8463          TIEL_HVT        saed90nm_max_hvt 
PLACE_optlc_8464          TIEL_HVT        saed90nm_max_hvt 
PLACE_optlc_8465          TIEL_HVT        saed90nm_max_hvt 
PLACE_optlc_8466          TIEL_HVT        saed90nm_max_hvt 
PLACE_optlc_8467          TIEL_HVT        saed90nm_max_hvt 
PLACE_optlc_8468          TIEL_HVT        saed90nm_max_hvt 
PLACE_optlc_8469          TIEL_HVT        saed90nm_max_hvt 
PLACE_optlc_847           TIEL_HVT        saed90nm_max_hvt 
PLACE_optlc_8471          TIEH_HVT        saed90nm_max_hvt 
PLACE_optlc_8472          TIEH_HVT        saed90nm_max_hvt 
PLACE_optlc_8473          TIEH_HVT        saed90nm_max_hvt 
PLACE_optlc_8474          TIEH_HVT        saed90nm_max_hvt 
PLACE_optlc_8475          TIEH_HVT        saed90nm_max_hvt 
PLACE_optlc_8476          TIEH_HVT        saed90nm_max_hvt 
PLACE_optlc_8477          TIEH_HVT        saed90nm_max_hvt 
PLACE_optlc_8478          TIEH_HVT        saed90nm_max_hvt 
PLACE_optlc_8479          TIEH_HVT        saed90nm_max_hvt 
PLACE_optlc_848           TIEL_HVT        saed90nm_max_hvt 
PLACE_optlc_8480          TIEH_HVT        saed90nm_max_hvt 
PLACE_optlc_8481          TIEH_HVT        saed90nm_max_hvt 
PLACE_optlc_8482          TIEH_HVT        saed90nm_max_hvt 
PLACE_optlc_8483          TIEH_HVT        saed90nm_max_hvt 
PLACE_optlc_8484          TIEH_HVT        saed90nm_max_hvt 
PLACE_optlc_8485          TIEH_HVT        saed90nm_max_hvt 
PLACE_optlc_8486          TIEH_HVT        saed90nm_max_hvt 
PLACE_optlc_8487          TIEH_HVT        saed90nm_max_hvt 
PLACE_optlc_8488          TIEH_HVT        saed90nm_max_hvt 
PLACE_optlc_8489          TIEH_HVT        saed90nm_max_hvt 
PLACE_optlc_849           TIEL_HVT        saed90nm_max_hvt 
PLACE_optlc_8490          TIEH_HVT        saed90nm_max_hvt 
PLACE_optlc_8491          TIEH_HVT        saed90nm_max_hvt 
PLACE_optlc_8492          TIEH_HVT        saed90nm_max_hvt 
PLACE_optlc_8493          TIEH_HVT        saed90nm_max_hvt 
PLACE_optlc_8494          TIEH_HVT        saed90nm_max_hvt 
PLACE_optlc_8495          TIEH_HVT        saed90nm_max_hvt 
PLACE_optlc_8496          TIEH_HVT        saed90nm_max_hvt 
PLACE_optlc_8497          TIEH_HVT        saed90nm_max_hvt 
PLACE_optlc_8498          TIEH_HVT        saed90nm_max_hvt 
PLACE_optlc_8499          TIEH_HVT        saed90nm_max_hvt 
PLACE_optlc_85            TIEL_HVT        saed90nm_max_hvt 
PLACE_optlc_850           TIEL_HVT        saed90nm_max_hvt 
PLACE_optlc_8500          TIEH_HVT        saed90nm_max_hvt 
PLACE_optlc_8501          TIEH_HVT        saed90nm_max_hvt 
PLACE_optlc_8502          TIEH_HVT        saed90nm_max_hvt 
PLACE_optlc_8503          TIEH_HVT        saed90nm_max_hvt 
PLACE_optlc_8504          TIEH_HVT        saed90nm_max_hvt 
PLACE_optlc_8505          TIEH_HVT        saed90nm_max_hvt 
PLACE_optlc_8506          TIEH_HVT        saed90nm_max_hvt 
PLACE_optlc_8507          TIEH_HVT        saed90nm_max_hvt 
PLACE_optlc_8508          TIEH_HVT        saed90nm_max_hvt 
PLACE_optlc_8509          TIEH_HVT        saed90nm_max_hvt 
PLACE_optlc_851           TIEL_HVT        saed90nm_max_hvt 
PLACE_optlc_8510          TIEH_HVT        saed90nm_max_hvt 
PLACE_optlc_8511          TIEH_HVT        saed90nm_max_hvt 
PLACE_optlc_8512          TIEH_HVT        saed90nm_max_hvt 
PLACE_optlc_8513          TIEH_HVT        saed90nm_max_hvt 
PLACE_optlc_8514          TIEH_HVT        saed90nm_max_hvt 
PLACE_optlc_8515          TIEH_HVT        saed90nm_max_hvt 
PLACE_optlc_8516          TIEH_HVT        saed90nm_max_hvt 
PLACE_optlc_8517          TIEH_HVT        saed90nm_max_hvt 
PLACE_optlc_8518          TIEH_HVT        saed90nm_max_hvt 
PLACE_optlc_8519          TIEH_HVT        saed90nm_max_hvt 
PLACE_optlc_852           TIEL_HVT        saed90nm_max_hvt 
PLACE_optlc_8520          TIEH_HVT        saed90nm_max_hvt 
PLACE_optlc_8521          TIEH_HVT        saed90nm_max_hvt 
PLACE_optlc_8522          TIEH_HVT        saed90nm_max_hvt 
PLACE_optlc_8523          TIEH_HVT        saed90nm_max_hvt 
PLACE_optlc_8524          TIEH_HVT        saed90nm_max_hvt 
PLACE_optlc_8525          TIEH_HVT        saed90nm_max_hvt 
PLACE_optlc_8526          TIEH_HVT        saed90nm_max_hvt 
PLACE_optlc_8527          TIEH_HVT        saed90nm_max_hvt 
PLACE_optlc_8528          TIEH_HVT        saed90nm_max_hvt 
PLACE_optlc_8529          TIEH_HVT        saed90nm_max_hvt 
PLACE_optlc_853           TIEL_HVT        saed90nm_max_hvt 
PLACE_optlc_8530          TIEH_HVT        saed90nm_max_hvt 
PLACE_optlc_8531          TIEH_HVT        saed90nm_max_hvt 
PLACE_optlc_8532          TIEH_HVT        saed90nm_max_hvt 
PLACE_optlc_8533          TIEH_HVT        saed90nm_max_hvt 
PLACE_optlc_8534          TIEH_HVT        saed90nm_max_hvt 
PLACE_optlc_8535          TIEH_HVT        saed90nm_max_hvt 
PLACE_optlc_8536          TIEH_HVT        saed90nm_max_hvt 
PLACE_optlc_8537          TIEH_HVT        saed90nm_max_hvt 
PLACE_optlc_8538          TIEH_HVT        saed90nm_max_hvt 
PLACE_optlc_8539          TIEH_HVT        saed90nm_max_hvt 
PLACE_optlc_854           TIEL_HVT        saed90nm_max_hvt 
PLACE_optlc_8540          TIEH_HVT        saed90nm_max_hvt 
PLACE_optlc_8541          TIEH_HVT        saed90nm_max_hvt 
PLACE_optlc_8542          TIEH_HVT        saed90nm_max_hvt 
PLACE_optlc_8543          TIEH_HVT        saed90nm_max_hvt 
PLACE_optlc_8544          TIEH_HVT        saed90nm_max_hvt 
PLACE_optlc_8545          TIEH_HVT        saed90nm_max_hvt 
PLACE_optlc_8546          TIEH_HVT        saed90nm_max_hvt 
PLACE_optlc_8547          TIEH_HVT        saed90nm_max_hvt 
PLACE_optlc_8548          TIEH_HVT        saed90nm_max_hvt 
PLACE_optlc_8549          TIEH_HVT        saed90nm_max_hvt 
PLACE_optlc_855           TIEL_HVT        saed90nm_max_hvt 
PLACE_optlc_8550          TIEH_HVT        saed90nm_max_hvt 
PLACE_optlc_8551          TIEH_HVT        saed90nm_max_hvt 
PLACE_optlc_8552          TIEH_HVT        saed90nm_max_hvt 
PLACE_optlc_8553          TIEH_HVT        saed90nm_max_hvt 
PLACE_optlc_8554          TIEH_HVT        saed90nm_max_hvt 
PLACE_optlc_8555          TIEH_HVT        saed90nm_max_hvt 
PLACE_optlc_8556          TIEH_HVT        saed90nm_max_hvt 
PLACE_optlc_8557          TIEH_HVT        saed90nm_max_hvt 
PLACE_optlc_8558          TIEH_HVT        saed90nm_max_hvt 
PLACE_optlc_8559          TIEH_HVT        saed90nm_max_hvt 
PLACE_optlc_856           TIEL_HVT        saed90nm_max_hvt 
PLACE_optlc_8560          TIEH_HVT        saed90nm_max_hvt 
PLACE_optlc_8561          TIEH_HVT        saed90nm_max_hvt 
PLACE_optlc_8562          TIEH_HVT        saed90nm_max_hvt 
PLACE_optlc_8563          TIEH_HVT        saed90nm_max_hvt 
PLACE_optlc_8564          TIEH_HVT        saed90nm_max_hvt 
PLACE_optlc_8565          TIEH_HVT        saed90nm_max_hvt 
PLACE_optlc_8566          TIEH_HVT        saed90nm_max_hvt 
PLACE_optlc_8567          TIEH_HVT        saed90nm_max_hvt 
PLACE_optlc_8568          TIEH_HVT        saed90nm_max_hvt 
PLACE_optlc_8569          TIEH_HVT        saed90nm_max_hvt 
PLACE_optlc_857           TIEL_HVT        saed90nm_max_hvt 
PLACE_optlc_8570          TIEH_HVT        saed90nm_max_hvt 
PLACE_optlc_8571          TIEH_HVT        saed90nm_max_hvt 
PLACE_optlc_8572          TIEH_HVT        saed90nm_max_hvt 
PLACE_optlc_8573          TIEH_HVT        saed90nm_max_hvt 
PLACE_optlc_8574          TIEH_HVT        saed90nm_max_hvt 
PLACE_optlc_8575          TIEH_HVT        saed90nm_max_hvt 
PLACE_optlc_8576          TIEH_HVT        saed90nm_max_hvt 
PLACE_optlc_8577          TIEH_HVT        saed90nm_max_hvt 
PLACE_optlc_8578          TIEH_HVT        saed90nm_max_hvt 
PLACE_optlc_8579          TIEH_HVT        saed90nm_max_hvt 
PLACE_optlc_858           TIEL_HVT        saed90nm_max_hvt 
PLACE_optlc_8580          TIEH_HVT        saed90nm_max_hvt 
PLACE_optlc_8581          TIEH_HVT        saed90nm_max_hvt 
PLACE_optlc_8582          TIEH_HVT        saed90nm_max_hvt 
PLACE_optlc_8583          TIEH_HVT        saed90nm_max_hvt 
PLACE_optlc_8584          TIEH_HVT        saed90nm_max_hvt 
PLACE_optlc_8585          TIEH_HVT        saed90nm_max_hvt 
PLACE_optlc_8586          TIEH_HVT        saed90nm_max_hvt 
PLACE_optlc_8587          TIEH_HVT        saed90nm_max_hvt 
PLACE_optlc_8588          TIEH_HVT        saed90nm_max_hvt 
PLACE_optlc_8589          TIEH_HVT        saed90nm_max_hvt 
PLACE_optlc_859           TIEL_HVT        saed90nm_max_hvt 
PLACE_optlc_8590          TIEH_HVT        saed90nm_max_hvt 
PLACE_optlc_8591          TIEH_HVT        saed90nm_max_hvt 
PLACE_optlc_8592          TIEH_HVT        saed90nm_max_hvt 
PLACE_optlc_8593          TIEH_HVT        saed90nm_max_hvt 
PLACE_optlc_8594          TIEH_HVT        saed90nm_max_hvt 
PLACE_optlc_8595          TIEH_HVT        saed90nm_max_hvt 
PLACE_optlc_8596          TIEH_HVT        saed90nm_max_hvt 
PLACE_optlc_8597          TIEH_HVT        saed90nm_max_hvt 
PLACE_optlc_8598          TIEH_HVT        saed90nm_max_hvt 
PLACE_optlc_8599          TIEH_HVT        saed90nm_max_hvt 
PLACE_optlc_86            TIEL_HVT        saed90nm_max_hvt 
PLACE_optlc_860           TIEL_HVT        saed90nm_max_hvt 
PLACE_optlc_8600          TIEH_HVT        saed90nm_max_hvt 
PLACE_optlc_8601          TIEH_HVT        saed90nm_max_hvt 
PLACE_optlc_8602          TIEH_HVT        saed90nm_max_hvt 
PLACE_optlc_8603          TIEH_HVT        saed90nm_max_hvt 
PLACE_optlc_8604          TIEH_HVT        saed90nm_max_hvt 
PLACE_optlc_8605          TIEH_HVT        saed90nm_max_hvt 
PLACE_optlc_8606          TIEH_HVT        saed90nm_max_hvt 
PLACE_optlc_8607          TIEH_HVT        saed90nm_max_hvt 
PLACE_optlc_8608          TIEH_HVT        saed90nm_max_hvt 
PLACE_optlc_8609          TIEH_HVT        saed90nm_max_hvt 
PLACE_optlc_861           TIEL_HVT        saed90nm_max_hvt 
PLACE_optlc_8610          TIEH_HVT        saed90nm_max_hvt 
PLACE_optlc_8611          TIEH_HVT        saed90nm_max_hvt 
PLACE_optlc_8612          TIEH_HVT        saed90nm_max_hvt 
PLACE_optlc_8613          TIEH_HVT        saed90nm_max_hvt 
PLACE_optlc_8614          TIEH_HVT        saed90nm_max_hvt 
PLACE_optlc_8615          TIEH_HVT        saed90nm_max_hvt 
PLACE_optlc_8616          TIEH_HVT        saed90nm_max_hvt 
PLACE_optlc_8617          TIEH_HVT        saed90nm_max_hvt 
PLACE_optlc_8618          TIEH_HVT        saed90nm_max_hvt 
PLACE_optlc_8619          TIEH_HVT        saed90nm_max_hvt 
PLACE_optlc_862           TIEL_HVT        saed90nm_max_hvt 
PLACE_optlc_8620          TIEH_HVT        saed90nm_max_hvt 
PLACE_optlc_8621          TIEH_HVT        saed90nm_max_hvt 
PLACE_optlc_8622          TIEH_HVT        saed90nm_max_hvt 
PLACE_optlc_8623          TIEH_HVT        saed90nm_max_hvt 
PLACE_optlc_8624          TIEH_HVT        saed90nm_max_hvt 
PLACE_optlc_8625          TIEH_HVT        saed90nm_max_hvt 
PLACE_optlc_8626          TIEH_HVT        saed90nm_max_hvt 
PLACE_optlc_8627          TIEH_HVT        saed90nm_max_hvt 
PLACE_optlc_8628          TIEH_HVT        saed90nm_max_hvt 
PLACE_optlc_8629          TIEH_HVT        saed90nm_max_hvt 
PLACE_optlc_863           TIEL_HVT        saed90nm_max_hvt 
PLACE_optlc_8630          TIEH_HVT        saed90nm_max_hvt 
PLACE_optlc_8631          TIEH_HVT        saed90nm_max_hvt 
PLACE_optlc_8632          TIEH_HVT        saed90nm_max_hvt 
PLACE_optlc_8633          TIEH_HVT        saed90nm_max_hvt 
PLACE_optlc_8634          TIEH_HVT        saed90nm_max_hvt 
PLACE_optlc_8635          TIEH_HVT        saed90nm_max_hvt 
PLACE_optlc_8636          TIEH_HVT        saed90nm_max_hvt 
PLACE_optlc_8637          TIEH_HVT        saed90nm_max_hvt 
PLACE_optlc_8638          TIEH_HVT        saed90nm_max_hvt 
PLACE_optlc_8639          TIEH_HVT        saed90nm_max_hvt 
PLACE_optlc_864           TIEL_HVT        saed90nm_max_hvt 
PLACE_optlc_8640          TIEH_HVT        saed90nm_max_hvt 
PLACE_optlc_8641          TIEH_HVT        saed90nm_max_hvt 
PLACE_optlc_8642          TIEH_HVT        saed90nm_max_hvt 
PLACE_optlc_8643          TIEH_HVT        saed90nm_max_hvt 
PLACE_optlc_8644          TIEH_HVT        saed90nm_max_hvt 
PLACE_optlc_8645          TIEH_HVT        saed90nm_max_hvt 
PLACE_optlc_8646          TIEH_HVT        saed90nm_max_hvt 
PLACE_optlc_8647          TIEH_HVT        saed90nm_max_hvt 
PLACE_optlc_8648          TIEH_HVT        saed90nm_max_hvt 
PLACE_optlc_8649          TIEH_HVT        saed90nm_max_hvt 
PLACE_optlc_865           TIEL_HVT        saed90nm_max_hvt 
PLACE_optlc_8650          TIEH_HVT        saed90nm_max_hvt 
PLACE_optlc_8651          TIEH_HVT        saed90nm_max_hvt 
PLACE_optlc_8652          TIEH_HVT        saed90nm_max_hvt 
PLACE_optlc_8653          TIEH_HVT        saed90nm_max_hvt 
PLACE_optlc_8654          TIEH_HVT        saed90nm_max_hvt 
PLACE_optlc_8655          TIEH_HVT        saed90nm_max_hvt 
PLACE_optlc_8656          TIEH_HVT        saed90nm_max_hvt 
PLACE_optlc_8657          TIEH_HVT        saed90nm_max_hvt 
PLACE_optlc_8658          TIEH_HVT        saed90nm_max_hvt 
PLACE_optlc_8659          TIEH_HVT        saed90nm_max_hvt 
PLACE_optlc_866           TIEL_HVT        saed90nm_max_hvt 
PLACE_optlc_8660          TIEH_HVT        saed90nm_max_hvt 
PLACE_optlc_8661          TIEH_HVT        saed90nm_max_hvt 
PLACE_optlc_8662          TIEH_HVT        saed90nm_max_hvt 
PLACE_optlc_8663          TIEH_HVT        saed90nm_max_hvt 
PLACE_optlc_8664          TIEH_HVT        saed90nm_max_hvt 
PLACE_optlc_8665          TIEH_HVT        saed90nm_max_hvt 
PLACE_optlc_8666          TIEH_HVT        saed90nm_max_hvt 
PLACE_optlc_8667          TIEH_HVT        saed90nm_max_hvt 
PLACE_optlc_8668          TIEH_HVT        saed90nm_max_hvt 
PLACE_optlc_8669          TIEH_HVT        saed90nm_max_hvt 
PLACE_optlc_867           TIEL_HVT        saed90nm_max_hvt 
PLACE_optlc_8670          TIEH_HVT        saed90nm_max_hvt 
PLACE_optlc_8671          TIEH_HVT        saed90nm_max_hvt 
PLACE_optlc_8672          TIEH_HVT        saed90nm_max_hvt 
PLACE_optlc_8673          TIEH_HVT        saed90nm_max_hvt 
PLACE_optlc_8674          TIEH_HVT        saed90nm_max_hvt 
PLACE_optlc_8675          TIEH_HVT        saed90nm_max_hvt 
PLACE_optlc_8676          TIEH_HVT        saed90nm_max_hvt 
PLACE_optlc_8677          TIEH_HVT        saed90nm_max_hvt 
PLACE_optlc_8678          TIEH_HVT        saed90nm_max_hvt 
PLACE_optlc_8679          TIEH_HVT        saed90nm_max_hvt 
PLACE_optlc_868           TIEL_HVT        saed90nm_max_hvt 
PLACE_optlc_8680          TIEH_HVT        saed90nm_max_hvt 
PLACE_optlc_8681          TIEH_HVT        saed90nm_max_hvt 
PLACE_optlc_8682          TIEH_HVT        saed90nm_max_hvt 
PLACE_optlc_8683          TIEH_HVT        saed90nm_max_hvt 
PLACE_optlc_8684          TIEH_HVT        saed90nm_max_hvt 
PLACE_optlc_8685          TIEH_HVT        saed90nm_max_hvt 
PLACE_optlc_8686          TIEH_HVT        saed90nm_max_hvt 
PLACE_optlc_8687          TIEH_HVT        saed90nm_max_hvt 
PLACE_optlc_8688          TIEH_HVT        saed90nm_max_hvt 
PLACE_optlc_8689          TIEH_HVT        saed90nm_max_hvt 
PLACE_optlc_869           TIEL_HVT        saed90nm_max_hvt 
PLACE_optlc_8690          TIEH_HVT        saed90nm_max_hvt 
PLACE_optlc_8691          TIEH_HVT        saed90nm_max_hvt 
PLACE_optlc_8692          TIEH_HVT        saed90nm_max_hvt 
PLACE_optlc_8693          TIEH_HVT        saed90nm_max_hvt 
PLACE_optlc_8694          TIEH_HVT        saed90nm_max_hvt 
PLACE_optlc_8695          TIEH_HVT        saed90nm_max_hvt 
PLACE_optlc_8696          TIEH_HVT        saed90nm_max_hvt 
PLACE_optlc_8697          TIEH_HVT        saed90nm_max_hvt 
PLACE_optlc_8698          TIEH_HVT        saed90nm_max_hvt 
PLACE_optlc_8699          TIEH_HVT        saed90nm_max_hvt 
PLACE_optlc_87            TIEL_HVT        saed90nm_max_hvt 
PLACE_optlc_870           TIEL_HVT        saed90nm_max_hvt 
PLACE_optlc_8700          TIEH_HVT        saed90nm_max_hvt 
PLACE_optlc_8701          TIEH_HVT        saed90nm_max_hvt 
PLACE_optlc_8702          TIEH_HVT        saed90nm_max_hvt 
PLACE_optlc_8703          TIEH_HVT        saed90nm_max_hvt 
PLACE_optlc_8704          TIEH_HVT        saed90nm_max_hvt 
PLACE_optlc_8705          TIEH_HVT        saed90nm_max_hvt 
PLACE_optlc_8706          TIEH_HVT        saed90nm_max_hvt 
PLACE_optlc_8707          TIEH_HVT        saed90nm_max_hvt 
PLACE_optlc_8708          TIEH_HVT        saed90nm_max_hvt 
PLACE_optlc_8709          TIEH_HVT        saed90nm_max_hvt 
PLACE_optlc_871           TIEL_HVT        saed90nm_max_hvt 
PLACE_optlc_8710          TIEH_HVT        saed90nm_max_hvt 
PLACE_optlc_8711          TIEH_HVT        saed90nm_max_hvt 
PLACE_optlc_8712          TIEH_HVT        saed90nm_max_hvt 
PLACE_optlc_8713          TIEH_HVT        saed90nm_max_hvt 
PLACE_optlc_8714          TIEH_HVT        saed90nm_max_hvt 
PLACE_optlc_8715          TIEH_HVT        saed90nm_max_hvt 
PLACE_optlc_8716          TIEH_HVT        saed90nm_max_hvt 
PLACE_optlc_8717          TIEH_HVT        saed90nm_max_hvt 
PLACE_optlc_8718          TIEH_HVT        saed90nm_max_hvt 
PLACE_optlc_8719          TIEH_HVT        saed90nm_max_hvt 
PLACE_optlc_872           TIEL_HVT        saed90nm_max_hvt 
PLACE_optlc_8720          TIEH_HVT        saed90nm_max_hvt 
PLACE_optlc_8721          TIEH_HVT        saed90nm_max_hvt 
PLACE_optlc_8722          TIEH_HVT        saed90nm_max_hvt 
PLACE_optlc_8723          TIEH_HVT        saed90nm_max_hvt 
PLACE_optlc_8724          TIEH_HVT        saed90nm_max_hvt 
PLACE_optlc_8725          TIEH_HVT        saed90nm_max_hvt 
PLACE_optlc_8726          TIEH_HVT        saed90nm_max_hvt 
PLACE_optlc_8727          TIEH_HVT        saed90nm_max_hvt 
PLACE_optlc_8728          TIEH_HVT        saed90nm_max_hvt 
PLACE_optlc_8729          TIEH_HVT        saed90nm_max_hvt 
PLACE_optlc_873           TIEL_HVT        saed90nm_max_hvt 
PLACE_optlc_8730          TIEH_HVT        saed90nm_max_hvt 
PLACE_optlc_8731          TIEH_HVT        saed90nm_max_hvt 
PLACE_optlc_8732          TIEH_HVT        saed90nm_max_hvt 
PLACE_optlc_8733          TIEH_HVT        saed90nm_max_hvt 
PLACE_optlc_8734          TIEH_HVT        saed90nm_max_hvt 
PLACE_optlc_8735          TIEH_HVT        saed90nm_max_hvt 
PLACE_optlc_8736          TIEH_HVT        saed90nm_max_hvt 
PLACE_optlc_8737          TIEH_HVT        saed90nm_max_hvt 
PLACE_optlc_8738          TIEH_HVT        saed90nm_max_hvt 
PLACE_optlc_8739          TIEH_HVT        saed90nm_max_hvt 
PLACE_optlc_874           TIEL_HVT        saed90nm_max_hvt 
PLACE_optlc_8740          TIEH_HVT        saed90nm_max_hvt 
PLACE_optlc_8741          TIEH_HVT        saed90nm_max_hvt 
PLACE_optlc_8742          TIEH_HVT        saed90nm_max_hvt 
PLACE_optlc_8743          TIEH_HVT        saed90nm_max_hvt 
PLACE_optlc_8744          TIEH_HVT        saed90nm_max_hvt 
PLACE_optlc_8745          TIEH_HVT        saed90nm_max_hvt 
PLACE_optlc_8746          TIEH_HVT        saed90nm_max_hvt 
PLACE_optlc_8747          TIEH_HVT        saed90nm_max_hvt 
PLACE_optlc_8748          TIEH_HVT        saed90nm_max_hvt 
PLACE_optlc_8749          TIEH_HVT        saed90nm_max_hvt 
PLACE_optlc_875           TIEL_HVT        saed90nm_max_hvt 
PLACE_optlc_8750          TIEH_HVT        saed90nm_max_hvt 
PLACE_optlc_8751          TIEH_HVT        saed90nm_max_hvt 
PLACE_optlc_8752          TIEH_HVT        saed90nm_max_hvt 
PLACE_optlc_8753          TIEH_HVT        saed90nm_max_hvt 
PLACE_optlc_8754          TIEH_HVT        saed90nm_max_hvt 
PLACE_optlc_8755          TIEH_HVT        saed90nm_max_hvt 
PLACE_optlc_8756          TIEH_HVT        saed90nm_max_hvt 
PLACE_optlc_8757          TIEH_HVT        saed90nm_max_hvt 
PLACE_optlc_8758          TIEH_HVT        saed90nm_max_hvt 
PLACE_optlc_8759          TIEH_HVT        saed90nm_max_hvt 
PLACE_optlc_876           TIEL_HVT        saed90nm_max_hvt 
PLACE_optlc_8760          TIEH_HVT        saed90nm_max_hvt 
PLACE_optlc_8761          TIEH_HVT        saed90nm_max_hvt 
PLACE_optlc_8762          TIEH_HVT        saed90nm_max_hvt 
PLACE_optlc_8763          TIEH_HVT        saed90nm_max_hvt 
PLACE_optlc_8764          TIEH_HVT        saed90nm_max_hvt 
PLACE_optlc_8765          TIEH_HVT        saed90nm_max_hvt 
PLACE_optlc_8766          TIEH_HVT        saed90nm_max_hvt 
PLACE_optlc_8767          TIEH_HVT        saed90nm_max_hvt 
PLACE_optlc_8768          TIEH_HVT        saed90nm_max_hvt 
PLACE_optlc_8769          TIEH_HVT        saed90nm_max_hvt 
PLACE_optlc_877           TIEL_HVT        saed90nm_max_hvt 
PLACE_optlc_8770          TIEH_HVT        saed90nm_max_hvt 
PLACE_optlc_8771          TIEH_HVT        saed90nm_max_hvt 
PLACE_optlc_8772          TIEH_HVT        saed90nm_max_hvt 
PLACE_optlc_8773          TIEH_HVT        saed90nm_max_hvt 
PLACE_optlc_8774          TIEH_HVT        saed90nm_max_hvt 
PLACE_optlc_8775          TIEH_HVT        saed90nm_max_hvt 
PLACE_optlc_8776          TIEH_HVT        saed90nm_max_hvt 
PLACE_optlc_8777          TIEH_HVT        saed90nm_max_hvt 
PLACE_optlc_8778          TIEH_HVT        saed90nm_max_hvt 
PLACE_optlc_8779          TIEH_HVT        saed90nm_max_hvt 
PLACE_optlc_878           TIEL_HVT        saed90nm_max_hvt 
PLACE_optlc_8780          TIEH_HVT        saed90nm_max_hvt 
PLACE_optlc_8781          TIEH_HVT        saed90nm_max_hvt 
PLACE_optlc_8782          TIEH_HVT        saed90nm_max_hvt 
PLACE_optlc_8783          TIEH_HVT        saed90nm_max_hvt 
PLACE_optlc_8784          TIEH_HVT        saed90nm_max_hvt 
PLACE_optlc_8785          TIEH_HVT        saed90nm_max_hvt 
PLACE_optlc_8786          TIEH_HVT        saed90nm_max_hvt 
PLACE_optlc_8787          TIEH_HVT        saed90nm_max_hvt 
PLACE_optlc_8788          TIEH_HVT        saed90nm_max_hvt 
PLACE_optlc_8789          TIEH_HVT        saed90nm_max_hvt 
PLACE_optlc_879           TIEL_HVT        saed90nm_max_hvt 
PLACE_optlc_8790          TIEH_HVT        saed90nm_max_hvt 
PLACE_optlc_8791          TIEH_HVT        saed90nm_max_hvt 
PLACE_optlc_8792          TIEH_HVT        saed90nm_max_hvt 
PLACE_optlc_8793          TIEH_HVT        saed90nm_max_hvt 
PLACE_optlc_8794          TIEH_HVT        saed90nm_max_hvt 
PLACE_optlc_8795          TIEH_HVT        saed90nm_max_hvt 
PLACE_optlc_8796          TIEH_HVT        saed90nm_max_hvt 
PLACE_optlc_8797          TIEH_HVT        saed90nm_max_hvt 
PLACE_optlc_8798          TIEH_HVT        saed90nm_max_hvt 
PLACE_optlc_8799          TIEH_HVT        saed90nm_max_hvt 
PLACE_optlc_88            TIEL_HVT        saed90nm_max_hvt 
PLACE_optlc_880           TIEL_HVT        saed90nm_max_hvt 
PLACE_optlc_8800          TIEH_HVT        saed90nm_max_hvt 
PLACE_optlc_8801          TIEH_HVT        saed90nm_max_hvt 
PLACE_optlc_8802          TIEH_HVT        saed90nm_max_hvt 
PLACE_optlc_8803          TIEH_HVT        saed90nm_max_hvt 
PLACE_optlc_8804          TIEH_HVT        saed90nm_max_hvt 
PLACE_optlc_8805          TIEH_HVT        saed90nm_max_hvt 
PLACE_optlc_8806          TIEH_HVT        saed90nm_max_hvt 
PLACE_optlc_8807          TIEH_HVT        saed90nm_max_hvt 
PLACE_optlc_8808          TIEH_HVT        saed90nm_max_hvt 
PLACE_optlc_8809          TIEH_HVT        saed90nm_max_hvt 
PLACE_optlc_881           TIEL_HVT        saed90nm_max_hvt 
PLACE_optlc_8810          TIEH_HVT        saed90nm_max_hvt 
PLACE_optlc_8811          TIEH_HVT        saed90nm_max_hvt 
PLACE_optlc_8812          TIEH_HVT        saed90nm_max_hvt 
PLACE_optlc_8813          TIEH_HVT        saed90nm_max_hvt 
PLACE_optlc_8814          TIEH_HVT        saed90nm_max_hvt 
PLACE_optlc_8815          TIEH_HVT        saed90nm_max_hvt 
PLACE_optlc_8816          TIEH_HVT        saed90nm_max_hvt 
PLACE_optlc_8817          TIEH_HVT        saed90nm_max_hvt 
PLACE_optlc_8818          TIEH_HVT        saed90nm_max_hvt 
PLACE_optlc_8819          TIEH_HVT        saed90nm_max_hvt 
PLACE_optlc_882           TIEL_HVT        saed90nm_max_hvt 
PLACE_optlc_8820          TIEH_HVT        saed90nm_max_hvt 
PLACE_optlc_8821          TIEH_HVT        saed90nm_max_hvt 
PLACE_optlc_8822          TIEH_HVT        saed90nm_max_hvt 
PLACE_optlc_8823          TIEH_HVT        saed90nm_max_hvt 
PLACE_optlc_8824          TIEH_HVT        saed90nm_max_hvt 
PLACE_optlc_8825          TIEH_HVT        saed90nm_max_hvt 
PLACE_optlc_8826          TIEH_HVT        saed90nm_max_hvt 
PLACE_optlc_8827          TIEH_HVT        saed90nm_max_hvt 
PLACE_optlc_8828          TIEH_HVT        saed90nm_max_hvt 
PLACE_optlc_8829          TIEH_HVT        saed90nm_max_hvt 
PLACE_optlc_883           TIEL_HVT        saed90nm_max_hvt 
PLACE_optlc_8830          TIEH_HVT        saed90nm_max_hvt 
PLACE_optlc_8831          TIEH_HVT        saed90nm_max_hvt 
PLACE_optlc_8832          TIEH_HVT        saed90nm_max_hvt 
PLACE_optlc_8833          TIEH_HVT        saed90nm_max_hvt 
PLACE_optlc_8834          TIEH_HVT        saed90nm_max_hvt 
PLACE_optlc_8835          TIEH_HVT        saed90nm_max_hvt 
PLACE_optlc_8836          TIEH_HVT        saed90nm_max_hvt 
PLACE_optlc_8837          TIEH_HVT        saed90nm_max_hvt 
PLACE_optlc_8838          TIEH_HVT        saed90nm_max_hvt 
PLACE_optlc_8839          TIEH_HVT        saed90nm_max_hvt 
PLACE_optlc_884           TIEL_HVT        saed90nm_max_hvt 
PLACE_optlc_8840          TIEH_HVT        saed90nm_max_hvt 
PLACE_optlc_8841          TIEH_HVT        saed90nm_max_hvt 
PLACE_optlc_8842          TIEH_HVT        saed90nm_max_hvt 
PLACE_optlc_8843          TIEH_HVT        saed90nm_max_hvt 
PLACE_optlc_8844          TIEH_HVT        saed90nm_max_hvt 
PLACE_optlc_8845          TIEH_HVT        saed90nm_max_hvt 
PLACE_optlc_8846          TIEH_HVT        saed90nm_max_hvt 
PLACE_optlc_8847          TIEH_HVT        saed90nm_max_hvt 
PLACE_optlc_8848          TIEH_HVT        saed90nm_max_hvt 
PLACE_optlc_8849          TIEH_HVT        saed90nm_max_hvt 
PLACE_optlc_885           TIEL_HVT        saed90nm_max_hvt 
PLACE_optlc_8850          TIEH_HVT        saed90nm_max_hvt 
PLACE_optlc_8851          TIEH_HVT        saed90nm_max_hvt 
PLACE_optlc_8852          TIEH_HVT        saed90nm_max_hvt 
PLACE_optlc_8853          TIEH_HVT        saed90nm_max_hvt 
PLACE_optlc_8854          TIEH_HVT        saed90nm_max_hvt 
PLACE_optlc_8855          TIEH_HVT        saed90nm_max_hvt 
PLACE_optlc_8856          TIEH_HVT        saed90nm_max_hvt 
PLACE_optlc_8857          TIEH_HVT        saed90nm_max_hvt 
PLACE_optlc_8858          TIEH_HVT        saed90nm_max_hvt 
PLACE_optlc_8859          TIEH_HVT        saed90nm_max_hvt 
PLACE_optlc_886           TIEL_HVT        saed90nm_max_hvt 
PLACE_optlc_8860          TIEH_HVT        saed90nm_max_hvt 
PLACE_optlc_8861          TIEH_HVT        saed90nm_max_hvt 
PLACE_optlc_8862          TIEH_HVT        saed90nm_max_hvt 
PLACE_optlc_8863          TIEH_HVT        saed90nm_max_hvt 
PLACE_optlc_8864          TIEH_HVT        saed90nm_max_hvt 
PLACE_optlc_8865          TIEH_HVT        saed90nm_max_hvt 
PLACE_optlc_8866          TIEH_HVT        saed90nm_max_hvt 
PLACE_optlc_8867          TIEH_HVT        saed90nm_max_hvt 
PLACE_optlc_8868          TIEH_HVT        saed90nm_max_hvt 
PLACE_optlc_8869          TIEH_HVT        saed90nm_max_hvt 
PLACE_optlc_887           TIEL_HVT        saed90nm_max_hvt 
PLACE_optlc_8870          TIEH_HVT        saed90nm_max_hvt 
PLACE_optlc_8871          TIEH_HVT        saed90nm_max_hvt 
PLACE_optlc_8872          TIEH_HVT        saed90nm_max_hvt 
PLACE_optlc_8873          TIEH_HVT        saed90nm_max_hvt 
PLACE_optlc_8874          TIEH_HVT        saed90nm_max_hvt 
PLACE_optlc_8875          TIEH_HVT        saed90nm_max_hvt 
PLACE_optlc_8876          TIEH_HVT        saed90nm_max_hvt 
PLACE_optlc_8877          TIEH_HVT        saed90nm_max_hvt 
PLACE_optlc_8878          TIEH_HVT        saed90nm_max_hvt 
PLACE_optlc_8879          TIEH_HVT        saed90nm_max_hvt 
PLACE_optlc_888           TIEL_HVT        saed90nm_max_hvt 
PLACE_optlc_8880          TIEH_HVT        saed90nm_max_hvt 
PLACE_optlc_8881          TIEH_HVT        saed90nm_max_hvt 
PLACE_optlc_8882          TIEH_HVT        saed90nm_max_hvt 
PLACE_optlc_8883          TIEH_HVT        saed90nm_max_hvt 
PLACE_optlc_8884          TIEH_HVT        saed90nm_max_hvt 
PLACE_optlc_8885          TIEH_HVT        saed90nm_max_hvt 
PLACE_optlc_8886          TIEH_HVT        saed90nm_max_hvt 
PLACE_optlc_8887          TIEH_HVT        saed90nm_max_hvt 
PLACE_optlc_8888          TIEH_HVT        saed90nm_max_hvt 
PLACE_optlc_8889          TIEH_HVT        saed90nm_max_hvt 
PLACE_optlc_889           TIEL_HVT        saed90nm_max_hvt 
PLACE_optlc_8890          TIEH_HVT        saed90nm_max_hvt 
PLACE_optlc_8891          TIEH_HVT        saed90nm_max_hvt 
PLACE_optlc_8892          TIEH_HVT        saed90nm_max_hvt 
PLACE_optlc_8893          TIEH_HVT        saed90nm_max_hvt 
PLACE_optlc_8894          TIEH_HVT        saed90nm_max_hvt 
PLACE_optlc_8895          TIEH_HVT        saed90nm_max_hvt 
PLACE_optlc_8896          TIEH_HVT        saed90nm_max_hvt 
PLACE_optlc_8897          TIEH_HVT        saed90nm_max_hvt 
PLACE_optlc_8898          TIEH_HVT        saed90nm_max_hvt 
PLACE_optlc_8899          TIEH_HVT        saed90nm_max_hvt 
PLACE_optlc_89            TIEL_HVT        saed90nm_max_hvt 
PLACE_optlc_890           TIEL_HVT        saed90nm_max_hvt 
PLACE_optlc_8900          TIEH_HVT        saed90nm_max_hvt 
PLACE_optlc_8901          TIEH_HVT        saed90nm_max_hvt 
PLACE_optlc_8902          TIEH_HVT        saed90nm_max_hvt 
PLACE_optlc_8903          TIEH_HVT        saed90nm_max_hvt 
PLACE_optlc_8904          TIEH_HVT        saed90nm_max_hvt 
PLACE_optlc_8905          TIEH_HVT        saed90nm_max_hvt 
PLACE_optlc_8906          TIEH_HVT        saed90nm_max_hvt 
PLACE_optlc_8907          TIEH_HVT        saed90nm_max_hvt 
PLACE_optlc_8908          TIEH_HVT        saed90nm_max_hvt 
PLACE_optlc_8909          TIEH_HVT        saed90nm_max_hvt 
PLACE_optlc_891           TIEL_HVT        saed90nm_max_hvt 
PLACE_optlc_8910          TIEH_HVT        saed90nm_max_hvt 
PLACE_optlc_8911          TIEH_HVT        saed90nm_max_hvt 
PLACE_optlc_8912          TIEH_HVT        saed90nm_max_hvt 
PLACE_optlc_8913          TIEH_HVT        saed90nm_max_hvt 
PLACE_optlc_8914          TIEH_HVT        saed90nm_max_hvt 
PLACE_optlc_8915          TIEH_HVT        saed90nm_max_hvt 
PLACE_optlc_8916          TIEH_HVT        saed90nm_max_hvt 
PLACE_optlc_8917          TIEH_HVT        saed90nm_max_hvt 
PLACE_optlc_8918          TIEH_HVT        saed90nm_max_hvt 
PLACE_optlc_8919          TIEH_HVT        saed90nm_max_hvt 
PLACE_optlc_892           TIEL_HVT        saed90nm_max_hvt 
PLACE_optlc_8920          TIEH_HVT        saed90nm_max_hvt 
PLACE_optlc_8921          TIEH_HVT        saed90nm_max_hvt 
PLACE_optlc_8922          TIEH_HVT        saed90nm_max_hvt 
PLACE_optlc_8923          TIEH_HVT        saed90nm_max_hvt 
PLACE_optlc_8924          TIEH_HVT        saed90nm_max_hvt 
PLACE_optlc_8925          TIEH_HVT        saed90nm_max_hvt 
PLACE_optlc_8926          TIEH_HVT        saed90nm_max_hvt 
PLACE_optlc_8927          TIEH_HVT        saed90nm_max_hvt 
PLACE_optlc_8928          TIEH_HVT        saed90nm_max_hvt 
PLACE_optlc_8929          TIEH_HVT        saed90nm_max_hvt 
PLACE_optlc_893           TIEL_HVT        saed90nm_max_hvt 
PLACE_optlc_8930          TIEH_HVT        saed90nm_max_hvt 
PLACE_optlc_8931          TIEH_HVT        saed90nm_max_hvt 
PLACE_optlc_8932          TIEH_HVT        saed90nm_max_hvt 
PLACE_optlc_8933          TIEH_HVT        saed90nm_max_hvt 
PLACE_optlc_8934          TIEH_HVT        saed90nm_max_hvt 
PLACE_optlc_8935          TIEH_HVT        saed90nm_max_hvt 
PLACE_optlc_8936          TIEH_HVT        saed90nm_max_hvt 
PLACE_optlc_8937          TIEH_HVT        saed90nm_max_hvt 
PLACE_optlc_8938          TIEH_HVT        saed90nm_max_hvt 
PLACE_optlc_8939          TIEH_HVT        saed90nm_max_hvt 
PLACE_optlc_894           TIEL_HVT        saed90nm_max_hvt 
PLACE_optlc_8940          TIEH_HVT        saed90nm_max_hvt 
PLACE_optlc_8941          TIEH_HVT        saed90nm_max_hvt 
PLACE_optlc_8942          TIEH_HVT        saed90nm_max_hvt 
PLACE_optlc_8943          TIEH_HVT        saed90nm_max_hvt 
PLACE_optlc_8944          TIEH_HVT        saed90nm_max_hvt 
PLACE_optlc_8945          TIEH_HVT        saed90nm_max_hvt 
PLACE_optlc_8946          TIEH_HVT        saed90nm_max_hvt 
PLACE_optlc_8947          TIEH_HVT        saed90nm_max_hvt 
PLACE_optlc_8948          TIEH_HVT        saed90nm_max_hvt 
PLACE_optlc_8949          TIEH_HVT        saed90nm_max_hvt 
PLACE_optlc_895           TIEL_HVT        saed90nm_max_hvt 
PLACE_optlc_8950          TIEH_HVT        saed90nm_max_hvt 
PLACE_optlc_8951          TIEH_HVT        saed90nm_max_hvt 
PLACE_optlc_8952          TIEH_HVT        saed90nm_max_hvt 
PLACE_optlc_8953          TIEH_HVT        saed90nm_max_hvt 
PLACE_optlc_8954          TIEH_HVT        saed90nm_max_hvt 
PLACE_optlc_8955          TIEH_HVT        saed90nm_max_hvt 
PLACE_optlc_8956          TIEH_HVT        saed90nm_max_hvt 
PLACE_optlc_8957          TIEH_HVT        saed90nm_max_hvt 
PLACE_optlc_8958          TIEH_HVT        saed90nm_max_hvt 
PLACE_optlc_8959          TIEH_HVT        saed90nm_max_hvt 
PLACE_optlc_896           TIEL_HVT        saed90nm_max_hvt 
PLACE_optlc_8960          TIEH_HVT        saed90nm_max_hvt 
PLACE_optlc_8961          TIEH_HVT        saed90nm_max_hvt 
PLACE_optlc_8962          TIEH_HVT        saed90nm_max_hvt 
PLACE_optlc_8963          TIEH_HVT        saed90nm_max_hvt 
PLACE_optlc_8964          TIEH_HVT        saed90nm_max_hvt 
PLACE_optlc_8965          TIEH_HVT        saed90nm_max_hvt 
PLACE_optlc_8966          TIEH_HVT        saed90nm_max_hvt 
PLACE_optlc_8967          TIEH_HVT        saed90nm_max_hvt 
PLACE_optlc_8968          TIEH_HVT        saed90nm_max_hvt 
PLACE_optlc_8969          TIEH_HVT        saed90nm_max_hvt 
PLACE_optlc_897           TIEL_HVT        saed90nm_max_hvt 
PLACE_optlc_8970          TIEH_HVT        saed90nm_max_hvt 
PLACE_optlc_8971          TIEH_HVT        saed90nm_max_hvt 
PLACE_optlc_8972          TIEH_HVT        saed90nm_max_hvt 
PLACE_optlc_8973          TIEH_HVT        saed90nm_max_hvt 
PLACE_optlc_8974          TIEH_HVT        saed90nm_max_hvt 
PLACE_optlc_8975          TIEH_HVT        saed90nm_max_hvt 
PLACE_optlc_8976          TIEH_HVT        saed90nm_max_hvt 
PLACE_optlc_8977          TIEH_HVT        saed90nm_max_hvt 
PLACE_optlc_8978          TIEH_HVT        saed90nm_max_hvt 
PLACE_optlc_8979          TIEH_HVT        saed90nm_max_hvt 
PLACE_optlc_898           TIEL_HVT        saed90nm_max_hvt 
PLACE_optlc_8980          TIEH_HVT        saed90nm_max_hvt 
PLACE_optlc_8981          TIEH_HVT        saed90nm_max_hvt 
PLACE_optlc_8982          TIEH_HVT        saed90nm_max_hvt 
PLACE_optlc_8983          TIEH_HVT        saed90nm_max_hvt 
PLACE_optlc_8984          TIEH_HVT        saed90nm_max_hvt 
PLACE_optlc_8985          TIEH_HVT        saed90nm_max_hvt 
PLACE_optlc_8986          TIEH_HVT        saed90nm_max_hvt 
PLACE_optlc_8987          TIEH_HVT        saed90nm_max_hvt 
PLACE_optlc_8988          TIEH_HVT        saed90nm_max_hvt 
PLACE_optlc_8989          TIEH_HVT        saed90nm_max_hvt 
PLACE_optlc_899           TIEL_HVT        saed90nm_max_hvt 
PLACE_optlc_8990          TIEH_HVT        saed90nm_max_hvt 
PLACE_optlc_8991          TIEH_HVT        saed90nm_max_hvt 
PLACE_optlc_8992          TIEH_HVT        saed90nm_max_hvt 
PLACE_optlc_8993          TIEH_HVT        saed90nm_max_hvt 
PLACE_optlc_8994          TIEH_HVT        saed90nm_max_hvt 
PLACE_optlc_8995          TIEH_HVT        saed90nm_max_hvt 
PLACE_optlc_8996          TIEH_HVT        saed90nm_max_hvt 
PLACE_optlc_8997          TIEH_HVT        saed90nm_max_hvt 
PLACE_optlc_8998          TIEH_HVT        saed90nm_max_hvt 
PLACE_optlc_8999          TIEH_HVT        saed90nm_max_hvt 
PLACE_optlc_90            TIEL_HVT        saed90nm_max_hvt 
PLACE_optlc_900           TIEL_HVT        saed90nm_max_hvt 
PLACE_optlc_9000          TIEH_HVT        saed90nm_max_hvt 
PLACE_optlc_9001          TIEH_HVT        saed90nm_max_hvt 
PLACE_optlc_9002          TIEH_HVT        saed90nm_max_hvt 
PLACE_optlc_9003          TIEH_HVT        saed90nm_max_hvt 
PLACE_optlc_9004          TIEH_HVT        saed90nm_max_hvt 
PLACE_optlc_9005          TIEH_HVT        saed90nm_max_hvt 
PLACE_optlc_9006          TIEH_HVT        saed90nm_max_hvt 
PLACE_optlc_9007          TIEH_HVT        saed90nm_max_hvt 
PLACE_optlc_9008          TIEH_HVT        saed90nm_max_hvt 
PLACE_optlc_9009          TIEH_HVT        saed90nm_max_hvt 
PLACE_optlc_901           TIEL_HVT        saed90nm_max_hvt 
PLACE_optlc_9010          TIEH_HVT        saed90nm_max_hvt 
PLACE_optlc_9011          TIEH_HVT        saed90nm_max_hvt 
PLACE_optlc_9012          TIEH_HVT        saed90nm_max_hvt 
PLACE_optlc_9013          TIEH_HVT        saed90nm_max_hvt 
PLACE_optlc_9014          TIEH_HVT        saed90nm_max_hvt 
PLACE_optlc_9015          TIEH_HVT        saed90nm_max_hvt 
PLACE_optlc_9016          TIEH_HVT        saed90nm_max_hvt 
PLACE_optlc_9017          TIEH_HVT        saed90nm_max_hvt 
PLACE_optlc_9018          TIEH_HVT        saed90nm_max_hvt 
PLACE_optlc_9019          TIEH_HVT        saed90nm_max_hvt 
PLACE_optlc_902           TIEL_HVT        saed90nm_max_hvt 
PLACE_optlc_9020          TIEH_HVT        saed90nm_max_hvt 
PLACE_optlc_9021          TIEH_HVT        saed90nm_max_hvt 
PLACE_optlc_9022          TIEH_HVT        saed90nm_max_hvt 
PLACE_optlc_9023          TIEH_HVT        saed90nm_max_hvt 
PLACE_optlc_9024          TIEH_HVT        saed90nm_max_hvt 
PLACE_optlc_9025          TIEH_HVT        saed90nm_max_hvt 
PLACE_optlc_9026          TIEH_HVT        saed90nm_max_hvt 
PLACE_optlc_9027          TIEH_HVT        saed90nm_max_hvt 
PLACE_optlc_9028          TIEH_HVT        saed90nm_max_hvt 
PLACE_optlc_9029          TIEH_HVT        saed90nm_max_hvt 
PLACE_optlc_903           TIEL_HVT        saed90nm_max_hvt 
PLACE_optlc_9030          TIEH_HVT        saed90nm_max_hvt 
PLACE_optlc_9031          TIEH_HVT        saed90nm_max_hvt 
PLACE_optlc_9032          TIEH_HVT        saed90nm_max_hvt 
PLACE_optlc_9033          TIEH_HVT        saed90nm_max_hvt 
PLACE_optlc_9034          TIEH_HVT        saed90nm_max_hvt 
PLACE_optlc_9035          TIEH_HVT        saed90nm_max_hvt 
PLACE_optlc_9036          TIEH_HVT        saed90nm_max_hvt 
PLACE_optlc_9037          TIEH_HVT        saed90nm_max_hvt 
PLACE_optlc_9038          TIEH_HVT        saed90nm_max_hvt 
PLACE_optlc_9039          TIEH_HVT        saed90nm_max_hvt 
PLACE_optlc_904           TIEL_HVT        saed90nm_max_hvt 
PLACE_optlc_9040          TIEH_HVT        saed90nm_max_hvt 
PLACE_optlc_9041          TIEH_HVT        saed90nm_max_hvt 
PLACE_optlc_9042          TIEH_HVT        saed90nm_max_hvt 
PLACE_optlc_9043          TIEH_HVT        saed90nm_max_hvt 
PLACE_optlc_9044          TIEH_HVT        saed90nm_max_hvt 
PLACE_optlc_9045          TIEH_HVT        saed90nm_max_hvt 
PLACE_optlc_9046          TIEH_HVT        saed90nm_max_hvt 
PLACE_optlc_9047          TIEH_HVT        saed90nm_max_hvt 
PLACE_optlc_9048          TIEH_HVT        saed90nm_max_hvt 
PLACE_optlc_9049          TIEH_HVT        saed90nm_max_hvt 
PLACE_optlc_9050          TIEH_HVT        saed90nm_max_hvt 
PLACE_optlc_9051          TIEH_HVT        saed90nm_max_hvt 
PLACE_optlc_9052          TIEH_HVT        saed90nm_max_hvt 
PLACE_optlc_9053          TIEH_HVT        saed90nm_max_hvt 
PLACE_optlc_9054          TIEH_HVT        saed90nm_max_hvt 
PLACE_optlc_9055          TIEH_HVT        saed90nm_max_hvt 
PLACE_optlc_9056          TIEH_HVT        saed90nm_max_hvt 
PLACE_optlc_9057          TIEH_HVT        saed90nm_max_hvt 
PLACE_optlc_9058          TIEH_HVT        saed90nm_max_hvt 
PLACE_optlc_9059          TIEH_HVT        saed90nm_max_hvt 
PLACE_optlc_906           TIEL_HVT        saed90nm_max_hvt 
PLACE_optlc_9060          TIEH_HVT        saed90nm_max_hvt 
PLACE_optlc_9061          TIEH_HVT        saed90nm_max_hvt 
PLACE_optlc_9062          TIEH_HVT        saed90nm_max_hvt 
PLACE_optlc_9063          TIEH_HVT        saed90nm_max_hvt 
PLACE_optlc_9064          TIEH_HVT        saed90nm_max_hvt 
PLACE_optlc_9065          TIEH_HVT        saed90nm_max_hvt 
PLACE_optlc_9066          TIEH_HVT        saed90nm_max_hvt 
PLACE_optlc_9067          TIEH_HVT        saed90nm_max_hvt 
PLACE_optlc_9068          TIEH_HVT        saed90nm_max_hvt 
PLACE_optlc_9069          TIEH_HVT        saed90nm_max_hvt 
PLACE_optlc_907           TIEL_HVT        saed90nm_max_hvt 
PLACE_optlc_9070          TIEH_HVT        saed90nm_max_hvt 
PLACE_optlc_9071          TIEH_HVT        saed90nm_max_hvt 
PLACE_optlc_9072          TIEH_HVT        saed90nm_max_hvt 
PLACE_optlc_9073          TIEH_HVT        saed90nm_max_hvt 
PLACE_optlc_9074          TIEH_HVT        saed90nm_max_hvt 
PLACE_optlc_9075          TIEH_HVT        saed90nm_max_hvt 
PLACE_optlc_9076          TIEH_HVT        saed90nm_max_hvt 
PLACE_optlc_9077          TIEH_HVT        saed90nm_max_hvt 
PLACE_optlc_9078          TIEH_HVT        saed90nm_max_hvt 
PLACE_optlc_9079          TIEH_HVT        saed90nm_max_hvt 
PLACE_optlc_908           TIEL_HVT        saed90nm_max_hvt 
PLACE_optlc_9080          TIEH_HVT        saed90nm_max_hvt 
PLACE_optlc_9081          TIEH_HVT        saed90nm_max_hvt 
PLACE_optlc_9082          TIEH_HVT        saed90nm_max_hvt 
PLACE_optlc_9083          TIEH_HVT        saed90nm_max_hvt 
PLACE_optlc_9084          TIEH_HVT        saed90nm_max_hvt 
PLACE_optlc_9085          TIEH_HVT        saed90nm_max_hvt 
PLACE_optlc_9086          TIEH_HVT        saed90nm_max_hvt 
PLACE_optlc_9087          TIEH_HVT        saed90nm_max_hvt 
PLACE_optlc_9088          TIEH_HVT        saed90nm_max_hvt 
PLACE_optlc_9089          TIEH_HVT        saed90nm_max_hvt 
PLACE_optlc_909           TIEL_HVT        saed90nm_max_hvt 
PLACE_optlc_9090          TIEH_HVT        saed90nm_max_hvt 
PLACE_optlc_9091          TIEH_HVT        saed90nm_max_hvt 
PLACE_optlc_9092          TIEH_HVT        saed90nm_max_hvt 
PLACE_optlc_9093          TIEH_HVT        saed90nm_max_hvt 
PLACE_optlc_9094          TIEH_HVT        saed90nm_max_hvt 
PLACE_optlc_9095          TIEH_HVT        saed90nm_max_hvt 
PLACE_optlc_9096          TIEH_HVT        saed90nm_max_hvt 
PLACE_optlc_9097          TIEH_HVT        saed90nm_max_hvt 
PLACE_optlc_9098          TIEH_HVT        saed90nm_max_hvt 
PLACE_optlc_9099          TIEH_HVT        saed90nm_max_hvt 
PLACE_optlc_91            TIEL_HVT        saed90nm_max_hvt 
PLACE_optlc_910           TIEL_HVT        saed90nm_max_hvt 
PLACE_optlc_9100          TIEH_HVT        saed90nm_max_hvt 
PLACE_optlc_9101          TIEH_HVT        saed90nm_max_hvt 
PLACE_optlc_9102          TIEH_HVT        saed90nm_max_hvt 
PLACE_optlc_9103          TIEH_HVT        saed90nm_max_hvt 
PLACE_optlc_9104          TIEH_HVT        saed90nm_max_hvt 
PLACE_optlc_9105          TIEH_HVT        saed90nm_max_hvt 
PLACE_optlc_9106          TIEH_HVT        saed90nm_max_hvt 
PLACE_optlc_9107          TIEH_HVT        saed90nm_max_hvt 
PLACE_optlc_9108          TIEH_HVT        saed90nm_max_hvt 
PLACE_optlc_9109          TIEH_HVT        saed90nm_max_hvt 
PLACE_optlc_911           TIEL_HVT        saed90nm_max_hvt 
PLACE_optlc_9110          TIEH_HVT        saed90nm_max_hvt 
PLACE_optlc_9111          TIEH_HVT        saed90nm_max_hvt 
PLACE_optlc_9112          TIEH_HVT        saed90nm_max_hvt 
PLACE_optlc_9113          TIEH_HVT        saed90nm_max_hvt 
PLACE_optlc_9114          TIEH_HVT        saed90nm_max_hvt 
PLACE_optlc_9115          TIEH_HVT        saed90nm_max_hvt 
PLACE_optlc_9116          TIEH_HVT        saed90nm_max_hvt 
PLACE_optlc_9117          TIEH_HVT        saed90nm_max_hvt 
PLACE_optlc_9118          TIEH_HVT        saed90nm_max_hvt 
PLACE_optlc_9119          TIEH_HVT        saed90nm_max_hvt 
PLACE_optlc_912           TIEL_HVT        saed90nm_max_hvt 
PLACE_optlc_9120          TIEH_HVT        saed90nm_max_hvt 
PLACE_optlc_9121          TIEH_HVT        saed90nm_max_hvt 
PLACE_optlc_9122          TIEH_HVT        saed90nm_max_hvt 
PLACE_optlc_9123          TIEH_HVT        saed90nm_max_hvt 
PLACE_optlc_9124          TIEH_HVT        saed90nm_max_hvt 
PLACE_optlc_9125          TIEH_HVT        saed90nm_max_hvt 
PLACE_optlc_9126          TIEH_HVT        saed90nm_max_hvt 
PLACE_optlc_9127          TIEH_HVT        saed90nm_max_hvt 
PLACE_optlc_9128          TIEH_HVT        saed90nm_max_hvt 
PLACE_optlc_9129          TIEH_HVT        saed90nm_max_hvt 
PLACE_optlc_913           TIEL_HVT        saed90nm_max_hvt 
PLACE_optlc_9130          TIEH_HVT        saed90nm_max_hvt 
PLACE_optlc_9131          TIEH_HVT        saed90nm_max_hvt 
PLACE_optlc_9132          TIEH_HVT        saed90nm_max_hvt 
PLACE_optlc_9133          TIEH_HVT        saed90nm_max_hvt 
PLACE_optlc_9134          TIEH_HVT        saed90nm_max_hvt 
PLACE_optlc_9135          TIEH_HVT        saed90nm_max_hvt 
PLACE_optlc_9136          TIEH_HVT        saed90nm_max_hvt 
PLACE_optlc_9137          TIEH_HVT        saed90nm_max_hvt 
PLACE_optlc_9138          TIEH_HVT        saed90nm_max_hvt 
PLACE_optlc_9139          TIEH_HVT        saed90nm_max_hvt 
PLACE_optlc_914           TIEL_HVT        saed90nm_max_hvt 
PLACE_optlc_9140          TIEH_HVT        saed90nm_max_hvt 
PLACE_optlc_9141          TIEH_HVT        saed90nm_max_hvt 
PLACE_optlc_9142          TIEH_HVT        saed90nm_max_hvt 
PLACE_optlc_9143          TIEH_HVT        saed90nm_max_hvt 
PLACE_optlc_9144          TIEH_HVT        saed90nm_max_hvt 
PLACE_optlc_9145          TIEH_HVT        saed90nm_max_hvt 
PLACE_optlc_9146          TIEH_HVT        saed90nm_max_hvt 
PLACE_optlc_9147          TIEH_HVT        saed90nm_max_hvt 
PLACE_optlc_9148          TIEH_HVT        saed90nm_max_hvt 
PLACE_optlc_9149          TIEH_HVT        saed90nm_max_hvt 
PLACE_optlc_915           TIEL_HVT        saed90nm_max_hvt 
PLACE_optlc_9150          TIEH_HVT        saed90nm_max_hvt 
PLACE_optlc_9151          TIEH_HVT        saed90nm_max_hvt 
PLACE_optlc_9152          TIEH_HVT        saed90nm_max_hvt 
PLACE_optlc_9153          TIEH_HVT        saed90nm_max_hvt 
PLACE_optlc_9154          TIEH_HVT        saed90nm_max_hvt 
PLACE_optlc_9155          TIEH_HVT        saed90nm_max_hvt 
PLACE_optlc_9156          TIEH_HVT        saed90nm_max_hvt 
PLACE_optlc_9157          TIEH_HVT        saed90nm_max_hvt 
PLACE_optlc_9158          TIEH_HVT        saed90nm_max_hvt 
PLACE_optlc_9159          TIEH_HVT        saed90nm_max_hvt 
PLACE_optlc_916           TIEL_HVT        saed90nm_max_hvt 
PLACE_optlc_9160          TIEH_HVT        saed90nm_max_hvt 
PLACE_optlc_9161          TIEH_HVT        saed90nm_max_hvt 
PLACE_optlc_9162          TIEH_HVT        saed90nm_max_hvt 
PLACE_optlc_9163          TIEH_HVT        saed90nm_max_hvt 
PLACE_optlc_9164          TIEH_HVT        saed90nm_max_hvt 
PLACE_optlc_9165          TIEH_HVT        saed90nm_max_hvt 
PLACE_optlc_9166          TIEH_HVT        saed90nm_max_hvt 
PLACE_optlc_9167          TIEH_HVT        saed90nm_max_hvt 
PLACE_optlc_9168          TIEH_HVT        saed90nm_max_hvt 
PLACE_optlc_9169          TIEH_HVT        saed90nm_max_hvt 
PLACE_optlc_917           TIEL_HVT        saed90nm_max_hvt 
PLACE_optlc_9170          TIEH_HVT        saed90nm_max_hvt 
PLACE_optlc_9171          TIEH_HVT        saed90nm_max_hvt 
PLACE_optlc_9172          TIEH_HVT        saed90nm_max_hvt 
PLACE_optlc_9173          TIEH_HVT        saed90nm_max_hvt 
PLACE_optlc_9174          TIEH_HVT        saed90nm_max_hvt 
PLACE_optlc_9175          TIEH_HVT        saed90nm_max_hvt 
PLACE_optlc_9176          TIEH_HVT        saed90nm_max_hvt 
PLACE_optlc_9177          TIEH_HVT        saed90nm_max_hvt 
PLACE_optlc_9178          TIEH_HVT        saed90nm_max_hvt 
PLACE_optlc_9179          TIEH_HVT        saed90nm_max_hvt 
PLACE_optlc_918           TIEL_HVT        saed90nm_max_hvt 
PLACE_optlc_9180          TIEH_HVT        saed90nm_max_hvt 
PLACE_optlc_9181          TIEH_HVT        saed90nm_max_hvt 
PLACE_optlc_9182          TIEH_HVT        saed90nm_max_hvt 
PLACE_optlc_9183          TIEH_HVT        saed90nm_max_hvt 
PLACE_optlc_9184          TIEH_HVT        saed90nm_max_hvt 
PLACE_optlc_9185          TIEH_HVT        saed90nm_max_hvt 
PLACE_optlc_9186          TIEH_HVT        saed90nm_max_hvt 
PLACE_optlc_9187          TIEH_HVT        saed90nm_max_hvt 
PLACE_optlc_9188          TIEH_HVT        saed90nm_max_hvt 
PLACE_optlc_9189          TIEH_HVT        saed90nm_max_hvt 
PLACE_optlc_919           TIEL_HVT        saed90nm_max_hvt 
PLACE_optlc_9190          TIEH_HVT        saed90nm_max_hvt 
PLACE_optlc_9191          TIEH_HVT        saed90nm_max_hvt 
PLACE_optlc_9192          TIEH_HVT        saed90nm_max_hvt 
PLACE_optlc_9193          TIEH_HVT        saed90nm_max_hvt 
PLACE_optlc_9194          TIEH_HVT        saed90nm_max_hvt 
PLACE_optlc_9195          TIEH_HVT        saed90nm_max_hvt 
PLACE_optlc_9196          TIEH_HVT        saed90nm_max_hvt 
PLACE_optlc_9197          TIEH_HVT        saed90nm_max_hvt 
PLACE_optlc_9198          TIEH_HVT        saed90nm_max_hvt 
PLACE_optlc_9199          TIEH_HVT        saed90nm_max_hvt 
PLACE_optlc_92            TIEL_HVT        saed90nm_max_hvt 
PLACE_optlc_920           TIEL_HVT        saed90nm_max_hvt 
PLACE_optlc_9200          TIEH_HVT        saed90nm_max_hvt 
PLACE_optlc_9201          TIEH_HVT        saed90nm_max_hvt 
PLACE_optlc_9202          TIEH_HVT        saed90nm_max_hvt 
PLACE_optlc_9203          TIEH_HVT        saed90nm_max_hvt 
PLACE_optlc_9204          TIEH_HVT        saed90nm_max_hvt 
PLACE_optlc_9205          TIEH_HVT        saed90nm_max_hvt 
PLACE_optlc_9206          TIEH_HVT        saed90nm_max_hvt 
PLACE_optlc_9207          TIEH_HVT        saed90nm_max_hvt 
PLACE_optlc_9208          TIEH_HVT        saed90nm_max_hvt 
PLACE_optlc_9209          TIEH_HVT        saed90nm_max_hvt 
PLACE_optlc_921           TIEL_HVT        saed90nm_max_hvt 
PLACE_optlc_9210          TIEH_HVT        saed90nm_max_hvt 
PLACE_optlc_9211          TIEH_HVT        saed90nm_max_hvt 
PLACE_optlc_9212          TIEH_HVT        saed90nm_max_hvt 
PLACE_optlc_9213          TIEH_HVT        saed90nm_max_hvt 
PLACE_optlc_9214          TIEH_HVT        saed90nm_max_hvt 
PLACE_optlc_9215          TIEH_HVT        saed90nm_max_hvt 
PLACE_optlc_9216          TIEH_HVT        saed90nm_max_hvt 
PLACE_optlc_9217          TIEH_HVT        saed90nm_max_hvt 
PLACE_optlc_9218          TIEH_HVT        saed90nm_max_hvt 
PLACE_optlc_9219          TIEH_HVT        saed90nm_max_hvt 
PLACE_optlc_922           TIEL_HVT        saed90nm_max_hvt 
PLACE_optlc_9220          TIEH_HVT        saed90nm_max_hvt 
PLACE_optlc_9221          TIEH_HVT        saed90nm_max_hvt 
PLACE_optlc_9222          TIEH_HVT        saed90nm_max_hvt 
PLACE_optlc_9223          TIEH_HVT        saed90nm_max_hvt 
PLACE_optlc_9224          TIEH_HVT        saed90nm_max_hvt 
PLACE_optlc_9225          TIEH_HVT        saed90nm_max_hvt 
PLACE_optlc_9226          TIEH_HVT        saed90nm_max_hvt 
PLACE_optlc_9227          TIEH_HVT        saed90nm_max_hvt 
PLACE_optlc_9228          TIEH_HVT        saed90nm_max_hvt 
PLACE_optlc_9229          TIEH_HVT        saed90nm_max_hvt 
PLACE_optlc_923           TIEL_HVT        saed90nm_max_hvt 
PLACE_optlc_9230          TIEH_HVT        saed90nm_max_hvt 
PLACE_optlc_9231          TIEH_HVT        saed90nm_max_hvt 
PLACE_optlc_9232          TIEH_HVT        saed90nm_max_hvt 
PLACE_optlc_9233          TIEH_HVT        saed90nm_max_hvt 
PLACE_optlc_9234          TIEH_HVT        saed90nm_max_hvt 
PLACE_optlc_9235          TIEH_HVT        saed90nm_max_hvt 
PLACE_optlc_9236          TIEH_HVT        saed90nm_max_hvt 
PLACE_optlc_9237          TIEH_HVT        saed90nm_max_hvt 
PLACE_optlc_9238          TIEH_HVT        saed90nm_max_hvt 
PLACE_optlc_9239          TIEH_HVT        saed90nm_max_hvt 
PLACE_optlc_924           TIEL_HVT        saed90nm_max_hvt 
PLACE_optlc_9240          TIEH_HVT        saed90nm_max_hvt 
PLACE_optlc_9241          TIEH_HVT        saed90nm_max_hvt 
PLACE_optlc_9242          TIEH_HVT        saed90nm_max_hvt 
PLACE_optlc_9243          TIEH_HVT        saed90nm_max_hvt 
PLACE_optlc_9244          TIEH_HVT        saed90nm_max_hvt 
PLACE_optlc_9245          TIEH_HVT        saed90nm_max_hvt 
PLACE_optlc_9246          TIEH_HVT        saed90nm_max_hvt 
PLACE_optlc_9247          TIEH_HVT        saed90nm_max_hvt 
PLACE_optlc_9248          TIEH_HVT        saed90nm_max_hvt 
PLACE_optlc_9249          TIEH_HVT        saed90nm_max_hvt 
PLACE_optlc_925           TIEL_HVT        saed90nm_max_hvt 
PLACE_optlc_9250          TIEH_HVT        saed90nm_max_hvt 
PLACE_optlc_9251          TIEH_HVT        saed90nm_max_hvt 
PLACE_optlc_9252          TIEH_HVT        saed90nm_max_hvt 
PLACE_optlc_9253          TIEH_HVT        saed90nm_max_hvt 
PLACE_optlc_9254          TIEH_HVT        saed90nm_max_hvt 
PLACE_optlc_9255          TIEH_HVT        saed90nm_max_hvt 
PLACE_optlc_9256          TIEH_HVT        saed90nm_max_hvt 
PLACE_optlc_9257          TIEH_HVT        saed90nm_max_hvt 
PLACE_optlc_9258          TIEH_HVT        saed90nm_max_hvt 
PLACE_optlc_9259          TIEH_HVT        saed90nm_max_hvt 
PLACE_optlc_926           TIEL_HVT        saed90nm_max_hvt 
PLACE_optlc_9260          TIEH_HVT        saed90nm_max_hvt 
PLACE_optlc_9261          TIEH_HVT        saed90nm_max_hvt 
PLACE_optlc_9262          TIEH_HVT        saed90nm_max_hvt 
PLACE_optlc_9263          TIEH_HVT        saed90nm_max_hvt 
PLACE_optlc_9264          TIEH_HVT        saed90nm_max_hvt 
PLACE_optlc_9265          TIEH_HVT        saed90nm_max_hvt 
PLACE_optlc_9266          TIEH_HVT        saed90nm_max_hvt 
PLACE_optlc_9267          TIEH_HVT        saed90nm_max_hvt 
PLACE_optlc_9268          TIEH_HVT        saed90nm_max_hvt 
PLACE_optlc_9269          TIEH_HVT        saed90nm_max_hvt 
PLACE_optlc_927           TIEL_HVT        saed90nm_max_hvt 
PLACE_optlc_9270          TIEH_HVT        saed90nm_max_hvt 
PLACE_optlc_9271          TIEH_HVT        saed90nm_max_hvt 
PLACE_optlc_9272          TIEH_HVT        saed90nm_max_hvt 
PLACE_optlc_9273          TIEH_HVT        saed90nm_max_hvt 
PLACE_optlc_9274          TIEH_HVT        saed90nm_max_hvt 
PLACE_optlc_9275          TIEH_HVT        saed90nm_max_hvt 
PLACE_optlc_9276          TIEH_HVT        saed90nm_max_hvt 
PLACE_optlc_9277          TIEH_HVT        saed90nm_max_hvt 
PLACE_optlc_9278          TIEH_HVT        saed90nm_max_hvt 
PLACE_optlc_9279          TIEH_HVT        saed90nm_max_hvt 
PLACE_optlc_928           TIEL_HVT        saed90nm_max_hvt 
PLACE_optlc_9280          TIEH_HVT        saed90nm_max_hvt 
PLACE_optlc_9281          TIEH_HVT        saed90nm_max_hvt 
PLACE_optlc_9282          TIEH_HVT        saed90nm_max_hvt 
PLACE_optlc_9283          TIEH_HVT        saed90nm_max_hvt 
PLACE_optlc_9284          TIEH_HVT        saed90nm_max_hvt 
PLACE_optlc_9285          TIEH_HVT        saed90nm_max_hvt 
PLACE_optlc_9286          TIEH_HVT        saed90nm_max_hvt 
PLACE_optlc_9287          TIEH_HVT        saed90nm_max_hvt 
PLACE_optlc_9288          TIEH_HVT        saed90nm_max_hvt 
PLACE_optlc_9289          TIEH_HVT        saed90nm_max_hvt 
PLACE_optlc_929           TIEL_HVT        saed90nm_max_hvt 
PLACE_optlc_9290          TIEH_HVT        saed90nm_max_hvt 
PLACE_optlc_9291          TIEH_HVT        saed90nm_max_hvt 
PLACE_optlc_9292          TIEH_HVT        saed90nm_max_hvt 
PLACE_optlc_9293          TIEH_HVT        saed90nm_max_hvt 
PLACE_optlc_9294          TIEH_HVT        saed90nm_max_hvt 
PLACE_optlc_9295          TIEH_HVT        saed90nm_max_hvt 
PLACE_optlc_9296          TIEH_HVT        saed90nm_max_hvt 
PLACE_optlc_9297          TIEH_HVT        saed90nm_max_hvt 
PLACE_optlc_9298          TIEH_HVT        saed90nm_max_hvt 
PLACE_optlc_9299          TIEH_HVT        saed90nm_max_hvt 
PLACE_optlc_93            TIEL_HVT        saed90nm_max_hvt 
PLACE_optlc_930           TIEL_HVT        saed90nm_max_hvt 
PLACE_optlc_9300          TIEH_HVT        saed90nm_max_hvt 
PLACE_optlc_9301          TIEH_HVT        saed90nm_max_hvt 
PLACE_optlc_9302          TIEH_HVT        saed90nm_max_hvt 
PLACE_optlc_9303          TIEH_HVT        saed90nm_max_hvt 
PLACE_optlc_9304          TIEH_HVT        saed90nm_max_hvt 
PLACE_optlc_9305          TIEH_HVT        saed90nm_max_hvt 
PLACE_optlc_9306          TIEH_HVT        saed90nm_max_hvt 
PLACE_optlc_9307          TIEH_HVT        saed90nm_max_hvt 
PLACE_optlc_9308          TIEH_HVT        saed90nm_max_hvt 
PLACE_optlc_9309          TIEH_HVT        saed90nm_max_hvt 
PLACE_optlc_931           TIEL_HVT        saed90nm_max_hvt 
PLACE_optlc_9310          TIEH_HVT        saed90nm_max_hvt 
PLACE_optlc_9311          TIEH_HVT        saed90nm_max_hvt 
PLACE_optlc_9312          TIEH_HVT        saed90nm_max_hvt 
PLACE_optlc_9313          TIEH_HVT        saed90nm_max_hvt 
PLACE_optlc_9314          TIEH_HVT        saed90nm_max_hvt 
PLACE_optlc_9315          TIEH_HVT        saed90nm_max_hvt 
PLACE_optlc_9316          TIEH_HVT        saed90nm_max_hvt 
PLACE_optlc_9317          TIEH_HVT        saed90nm_max_hvt 
PLACE_optlc_9318          TIEH_HVT        saed90nm_max_hvt 
PLACE_optlc_9319          TIEH_HVT        saed90nm_max_hvt 
PLACE_optlc_932           TIEL_HVT        saed90nm_max_hvt 
PLACE_optlc_9320          TIEH_HVT        saed90nm_max_hvt 
PLACE_optlc_9321          TIEH_HVT        saed90nm_max_hvt 
PLACE_optlc_9322          TIEH_HVT        saed90nm_max_hvt 
PLACE_optlc_9323          TIEH_HVT        saed90nm_max_hvt 
PLACE_optlc_9324          TIEH_HVT        saed90nm_max_hvt 
PLACE_optlc_9325          TIEH_HVT        saed90nm_max_hvt 
PLACE_optlc_9326          TIEH_HVT        saed90nm_max_hvt 
PLACE_optlc_9327          TIEH_HVT        saed90nm_max_hvt 
PLACE_optlc_9328          TIEH_HVT        saed90nm_max_hvt 
PLACE_optlc_9329          TIEH_HVT        saed90nm_max_hvt 
PLACE_optlc_933           TIEL_HVT        saed90nm_max_hvt 
PLACE_optlc_9330          TIEH_HVT        saed90nm_max_hvt 
PLACE_optlc_9331          TIEH_HVT        saed90nm_max_hvt 
PLACE_optlc_9332          TIEH_HVT        saed90nm_max_hvt 
PLACE_optlc_9333          TIEH_HVT        saed90nm_max_hvt 
PLACE_optlc_9334          TIEH_HVT        saed90nm_max_hvt 
PLACE_optlc_9335          TIEH_HVT        saed90nm_max_hvt 
PLACE_optlc_9336          TIEH_HVT        saed90nm_max_hvt 
PLACE_optlc_9337          TIEH_HVT        saed90nm_max_hvt 
PLACE_optlc_9338          TIEH_HVT        saed90nm_max_hvt 
PLACE_optlc_9339          TIEH_HVT        saed90nm_max_hvt 
PLACE_optlc_934           TIEL_HVT        saed90nm_max_hvt 
PLACE_optlc_9340          TIEH_HVT        saed90nm_max_hvt 
PLACE_optlc_9341          TIEH_HVT        saed90nm_max_hvt 
PLACE_optlc_9342          TIEH_HVT        saed90nm_max_hvt 
PLACE_optlc_9343          TIEH_HVT        saed90nm_max_hvt 
PLACE_optlc_9344          TIEH_HVT        saed90nm_max_hvt 
PLACE_optlc_9345          TIEH_HVT        saed90nm_max_hvt 
PLACE_optlc_9346          TIEH_HVT        saed90nm_max_hvt 
PLACE_optlc_9347          TIEH_HVT        saed90nm_max_hvt 
PLACE_optlc_9348          TIEH_HVT        saed90nm_max_hvt 
PLACE_optlc_9349          TIEH_HVT        saed90nm_max_hvt 
PLACE_optlc_935           TIEL_HVT        saed90nm_max_hvt 
PLACE_optlc_9350          TIEH_HVT        saed90nm_max_hvt 
PLACE_optlc_9351          TIEH_HVT        saed90nm_max_hvt 
PLACE_optlc_9352          TIEH_HVT        saed90nm_max_hvt 
PLACE_optlc_9353          TIEH_HVT        saed90nm_max_hvt 
PLACE_optlc_9354          TIEH_HVT        saed90nm_max_hvt 
PLACE_optlc_9355          TIEH_HVT        saed90nm_max_hvt 
PLACE_optlc_9356          TIEH_HVT        saed90nm_max_hvt 
PLACE_optlc_9357          TIEH_HVT        saed90nm_max_hvt 
PLACE_optlc_9358          TIEH_HVT        saed90nm_max_hvt 
PLACE_optlc_9359          TIEH_HVT        saed90nm_max_hvt 
PLACE_optlc_936           TIEL_HVT        saed90nm_max_hvt 
PLACE_optlc_9360          TIEH_HVT        saed90nm_max_hvt 
PLACE_optlc_9361          TIEH_HVT        saed90nm_max_hvt 
PLACE_optlc_9362          TIEH_HVT        saed90nm_max_hvt 
PLACE_optlc_9363          TIEH_HVT        saed90nm_max_hvt 
PLACE_optlc_9364          TIEH_HVT        saed90nm_max_hvt 
PLACE_optlc_9365          TIEH_HVT        saed90nm_max_hvt 
PLACE_optlc_9366          TIEH_HVT        saed90nm_max_hvt 
PLACE_optlc_9367          TIEH_HVT        saed90nm_max_hvt 
PLACE_optlc_9368          TIEH_HVT        saed90nm_max_hvt 
PLACE_optlc_9369          TIEH_HVT        saed90nm_max_hvt 
PLACE_optlc_937           TIEL_HVT        saed90nm_max_hvt 
PLACE_optlc_9370          TIEH_HVT        saed90nm_max_hvt 
PLACE_optlc_9371          TIEH_HVT        saed90nm_max_hvt 
PLACE_optlc_9372          TIEH_HVT        saed90nm_max_hvt 
PLACE_optlc_9373          TIEH_HVT        saed90nm_max_hvt 
PLACE_optlc_9374          TIEH_HVT        saed90nm_max_hvt 
PLACE_optlc_9375          TIEH_HVT        saed90nm_max_hvt 
PLACE_optlc_9376          TIEH_HVT        saed90nm_max_hvt 
PLACE_optlc_9377          TIEH_HVT        saed90nm_max_hvt 
PLACE_optlc_9378          TIEH_HVT        saed90nm_max_hvt 
PLACE_optlc_9379          TIEH_HVT        saed90nm_max_hvt 
PLACE_optlc_938           TIEL_HVT        saed90nm_max_hvt 
PLACE_optlc_9380          TIEH_HVT        saed90nm_max_hvt 
PLACE_optlc_9381          TIEH_HVT        saed90nm_max_hvt 
PLACE_optlc_9382          TIEH_HVT        saed90nm_max_hvt 
PLACE_optlc_9383          TIEH_HVT        saed90nm_max_hvt 
PLACE_optlc_9384          TIEH_HVT        saed90nm_max_hvt 
PLACE_optlc_9385          TIEH_HVT        saed90nm_max_hvt 
PLACE_optlc_9386          TIEH_HVT        saed90nm_max_hvt 
PLACE_optlc_9387          TIEH_HVT        saed90nm_max_hvt 
PLACE_optlc_9388          TIEH_HVT        saed90nm_max_hvt 
PLACE_optlc_9389          TIEH_HVT        saed90nm_max_hvt 
PLACE_optlc_939           TIEL_HVT        saed90nm_max_hvt 
PLACE_optlc_9390          TIEH_HVT        saed90nm_max_hvt 
PLACE_optlc_9391          TIEH_HVT        saed90nm_max_hvt 
PLACE_optlc_9392          TIEH_HVT        saed90nm_max_hvt 
PLACE_optlc_9393          TIEH_HVT        saed90nm_max_hvt 
PLACE_optlc_9394          TIEH_HVT        saed90nm_max_hvt 
PLACE_optlc_9395          TIEH_HVT        saed90nm_max_hvt 
PLACE_optlc_9396          TIEH_HVT        saed90nm_max_hvt 
PLACE_optlc_9397          TIEH_HVT        saed90nm_max_hvt 
PLACE_optlc_9398          TIEH_HVT        saed90nm_max_hvt 
PLACE_optlc_9399          TIEH_HVT        saed90nm_max_hvt 
PLACE_optlc_94            TIEL_HVT        saed90nm_max_hvt 
PLACE_optlc_940           TIEL_HVT        saed90nm_max_hvt 
PLACE_optlc_9400          TIEH_HVT        saed90nm_max_hvt 
PLACE_optlc_9401          TIEH_HVT        saed90nm_max_hvt 
PLACE_optlc_9402          TIEH_HVT        saed90nm_max_hvt 
PLACE_optlc_9403          TIEH_HVT        saed90nm_max_hvt 
PLACE_optlc_9404          TIEH_HVT        saed90nm_max_hvt 
PLACE_optlc_9405          TIEH_HVT        saed90nm_max_hvt 
PLACE_optlc_9406          TIEH_HVT        saed90nm_max_hvt 
PLACE_optlc_9407          TIEH_HVT        saed90nm_max_hvt 
PLACE_optlc_9408          TIEH_HVT        saed90nm_max_hvt 
PLACE_optlc_9409          TIEH_HVT        saed90nm_max_hvt 
PLACE_optlc_941           TIEL_HVT        saed90nm_max_hvt 
PLACE_optlc_9410          TIEH_HVT        saed90nm_max_hvt 
PLACE_optlc_9411          TIEH_HVT        saed90nm_max_hvt 
PLACE_optlc_9412          TIEH_HVT        saed90nm_max_hvt 
PLACE_optlc_9413          TIEH_HVT        saed90nm_max_hvt 
PLACE_optlc_9414          TIEH_HVT        saed90nm_max_hvt 
PLACE_optlc_9415          TIEH_HVT        saed90nm_max_hvt 
PLACE_optlc_9416          TIEH_HVT        saed90nm_max_hvt 
PLACE_optlc_9417          TIEH_HVT        saed90nm_max_hvt 
PLACE_optlc_9418          TIEH_HVT        saed90nm_max_hvt 
PLACE_optlc_9419          TIEH_HVT        saed90nm_max_hvt 
PLACE_optlc_942           TIEL_HVT        saed90nm_max_hvt 
PLACE_optlc_9420          TIEH_HVT        saed90nm_max_hvt 
PLACE_optlc_9421          TIEH_HVT        saed90nm_max_hvt 
PLACE_optlc_9422          TIEH_HVT        saed90nm_max_hvt 
PLACE_optlc_9423          TIEH_HVT        saed90nm_max_hvt 
PLACE_optlc_9424          TIEH_HVT        saed90nm_max_hvt 
PLACE_optlc_9425          TIEH_HVT        saed90nm_max_hvt 
PLACE_optlc_9426          TIEH_HVT        saed90nm_max_hvt 
PLACE_optlc_9427          TIEH_HVT        saed90nm_max_hvt 
PLACE_optlc_9428          TIEH_HVT        saed90nm_max_hvt 
PLACE_optlc_9429          TIEH_HVT        saed90nm_max_hvt 
PLACE_optlc_943           TIEL_HVT        saed90nm_max_hvt 
PLACE_optlc_9430          TIEH_HVT        saed90nm_max_hvt 
PLACE_optlc_9431          TIEH_HVT        saed90nm_max_hvt 
PLACE_optlc_9432          TIEH_HVT        saed90nm_max_hvt 
PLACE_optlc_9433          TIEH_HVT        saed90nm_max_hvt 
PLACE_optlc_9434          TIEH_HVT        saed90nm_max_hvt 
PLACE_optlc_9435          TIEH_HVT        saed90nm_max_hvt 
PLACE_optlc_9436          TIEH_HVT        saed90nm_max_hvt 
PLACE_optlc_9437          TIEH_HVT        saed90nm_max_hvt 
PLACE_optlc_9438          TIEH_HVT        saed90nm_max_hvt 
PLACE_optlc_9439          TIEH_HVT        saed90nm_max_hvt 
PLACE_optlc_944           TIEL_HVT        saed90nm_max_hvt 
PLACE_optlc_9440          TIEH_HVT        saed90nm_max_hvt 
PLACE_optlc_9441          TIEH_HVT        saed90nm_max_hvt 
PLACE_optlc_9442          TIEH_HVT        saed90nm_max_hvt 
PLACE_optlc_9443          TIEH_HVT        saed90nm_max_hvt 
PLACE_optlc_9444          TIEH_HVT        saed90nm_max_hvt 
PLACE_optlc_9445          TIEH_HVT        saed90nm_max_hvt 
PLACE_optlc_9446          TIEH_HVT        saed90nm_max_hvt 
PLACE_optlc_9447          TIEH_HVT        saed90nm_max_hvt 
PLACE_optlc_9448          TIEH_HVT        saed90nm_max_hvt 
PLACE_optlc_9449          TIEH_HVT        saed90nm_max_hvt 
PLACE_optlc_945           TIEL_HVT        saed90nm_max_hvt 
PLACE_optlc_9450          TIEH_HVT        saed90nm_max_hvt 
PLACE_optlc_9451          TIEH_HVT        saed90nm_max_hvt 
PLACE_optlc_9452          TIEH_HVT        saed90nm_max_hvt 
PLACE_optlc_9453          TIEH_HVT        saed90nm_max_hvt 
PLACE_optlc_9454          TIEH_HVT        saed90nm_max_hvt 
PLACE_optlc_9455          TIEH_HVT        saed90nm_max_hvt 
PLACE_optlc_9456          TIEH_HVT        saed90nm_max_hvt 
PLACE_optlc_9457          TIEH_HVT        saed90nm_max_hvt 
PLACE_optlc_9458          TIEH_HVT        saed90nm_max_hvt 
PLACE_optlc_9459          TIEH_HVT        saed90nm_max_hvt 
PLACE_optlc_946           TIEL_HVT        saed90nm_max_hvt 
PLACE_optlc_9460          TIEH_HVT        saed90nm_max_hvt 
PLACE_optlc_9461          TIEH_HVT        saed90nm_max_hvt 
PLACE_optlc_9462          TIEH_HVT        saed90nm_max_hvt 
PLACE_optlc_9463          TIEH_HVT        saed90nm_max_hvt 
PLACE_optlc_9464          TIEH_HVT        saed90nm_max_hvt 
PLACE_optlc_9465          TIEH_HVT        saed90nm_max_hvt 
PLACE_optlc_9466          TIEH_HVT        saed90nm_max_hvt 
PLACE_optlc_9467          TIEH_HVT        saed90nm_max_hvt 
PLACE_optlc_9468          TIEH_HVT        saed90nm_max_hvt 
PLACE_optlc_9469          TIEH_HVT        saed90nm_max_hvt 
PLACE_optlc_947           TIEL_HVT        saed90nm_max_hvt 
PLACE_optlc_9470          TIEH_HVT        saed90nm_max_hvt 
PLACE_optlc_9471          TIEH_HVT        saed90nm_max_hvt 
PLACE_optlc_9472          TIEH_HVT        saed90nm_max_hvt 
PLACE_optlc_9473          TIEH_HVT        saed90nm_max_hvt 
PLACE_optlc_9474          TIEH_HVT        saed90nm_max_hvt 
PLACE_optlc_9475          TIEH_HVT        saed90nm_max_hvt 
PLACE_optlc_9476          TIEH_HVT        saed90nm_max_hvt 
PLACE_optlc_9477          TIEH_HVT        saed90nm_max_hvt 
PLACE_optlc_9478          TIEH_HVT        saed90nm_max_hvt 
PLACE_optlc_9479          TIEH_HVT        saed90nm_max_hvt 
PLACE_optlc_948           TIEL_HVT        saed90nm_max_hvt 
PLACE_optlc_9480          TIEH_HVT        saed90nm_max_hvt 
PLACE_optlc_9481          TIEH_HVT        saed90nm_max_hvt 
PLACE_optlc_9482          TIEH_HVT        saed90nm_max_hvt 
PLACE_optlc_9483          TIEH_HVT        saed90nm_max_hvt 
PLACE_optlc_9484          TIEH_HVT        saed90nm_max_hvt 
PLACE_optlc_9485          TIEH_HVT        saed90nm_max_hvt 
PLACE_optlc_9486          TIEH_HVT        saed90nm_max_hvt 
PLACE_optlc_9487          TIEH_HVT        saed90nm_max_hvt 
PLACE_optlc_9488          TIEH_HVT        saed90nm_max_hvt 
PLACE_optlc_9489          TIEH_HVT        saed90nm_max_hvt 
PLACE_optlc_949           TIEL_HVT        saed90nm_max_hvt 
PLACE_optlc_9490          TIEH_HVT        saed90nm_max_hvt 
PLACE_optlc_9491          TIEH_HVT        saed90nm_max_hvt 
PLACE_optlc_9492          TIEH_HVT        saed90nm_max_hvt 
PLACE_optlc_9493          TIEH_HVT        saed90nm_max_hvt 
PLACE_optlc_9494          TIEH_HVT        saed90nm_max_hvt 
PLACE_optlc_9495          TIEH_HVT        saed90nm_max_hvt 
PLACE_optlc_9496          TIEH_HVT        saed90nm_max_hvt 
PLACE_optlc_9497          TIEH_HVT        saed90nm_max_hvt 
PLACE_optlc_9498          TIEH_HVT        saed90nm_max_hvt 
PLACE_optlc_9499          TIEH_HVT        saed90nm_max_hvt 
PLACE_optlc_95            TIEL_HVT        saed90nm_max_hvt 
PLACE_optlc_950           TIEL_HVT        saed90nm_max_hvt 
PLACE_optlc_9500          TIEH_HVT        saed90nm_max_hvt 
PLACE_optlc_9501          TIEH_HVT        saed90nm_max_hvt 
PLACE_optlc_9502          TIEH_HVT        saed90nm_max_hvt 
PLACE_optlc_9503          TIEH_HVT        saed90nm_max_hvt 
PLACE_optlc_9504          TIEH_HVT        saed90nm_max_hvt 
PLACE_optlc_9505          TIEH_HVT        saed90nm_max_hvt 
PLACE_optlc_9506          TIEH_HVT        saed90nm_max_hvt 
PLACE_optlc_9507          TIEH_HVT        saed90nm_max_hvt 
PLACE_optlc_9508          TIEH_HVT        saed90nm_max_hvt 
PLACE_optlc_9509          TIEH_HVT        saed90nm_max_hvt 
PLACE_optlc_951           TIEL_HVT        saed90nm_max_hvt 
PLACE_optlc_9510          TIEH_HVT        saed90nm_max_hvt 
PLACE_optlc_9511          TIEH_HVT        saed90nm_max_hvt 
PLACE_optlc_9512          TIEH_HVT        saed90nm_max_hvt 
PLACE_optlc_9513          TIEH_HVT        saed90nm_max_hvt 
PLACE_optlc_9514          TIEH_HVT        saed90nm_max_hvt 
PLACE_optlc_9515          TIEH_HVT        saed90nm_max_hvt 
PLACE_optlc_9516          TIEH_HVT        saed90nm_max_hvt 
PLACE_optlc_9517          TIEH_HVT        saed90nm_max_hvt 
PLACE_optlc_9518          TIEH_HVT        saed90nm_max_hvt 
PLACE_optlc_9519          TIEH_HVT        saed90nm_max_hvt 
PLACE_optlc_952           TIEL_HVT        saed90nm_max_hvt 
PLACE_optlc_9520          TIEH_HVT        saed90nm_max_hvt 
PLACE_optlc_9521          TIEH_HVT        saed90nm_max_hvt 
PLACE_optlc_9522          TIEH_HVT        saed90nm_max_hvt 
PLACE_optlc_9523          TIEH_HVT        saed90nm_max_hvt 
PLACE_optlc_9524          TIEH_HVT        saed90nm_max_hvt 
PLACE_optlc_9525          TIEH_HVT        saed90nm_max_hvt 
PLACE_optlc_9526          TIEH_HVT        saed90nm_max_hvt 
PLACE_optlc_9527          TIEH_HVT        saed90nm_max_hvt 
PLACE_optlc_9528          TIEH_HVT        saed90nm_max_hvt 
PLACE_optlc_9529          TIEH_HVT        saed90nm_max_hvt 
PLACE_optlc_953           TIEL_HVT        saed90nm_max_hvt 
PLACE_optlc_9530          TIEH_HVT        saed90nm_max_hvt 
PLACE_optlc_9531          TIEH_HVT        saed90nm_max_hvt 
PLACE_optlc_9532          TIEH_HVT        saed90nm_max_hvt 
PLACE_optlc_9533          TIEH_HVT        saed90nm_max_hvt 
PLACE_optlc_9534          TIEH_HVT        saed90nm_max_hvt 
PLACE_optlc_9535          TIEH_HVT        saed90nm_max_hvt 
PLACE_optlc_9536          TIEH_HVT        saed90nm_max_hvt 
PLACE_optlc_9537          TIEH_HVT        saed90nm_max_hvt 
PLACE_optlc_9538          TIEH_HVT        saed90nm_max_hvt 
PLACE_optlc_9539          TIEH_HVT        saed90nm_max_hvt 
PLACE_optlc_954           TIEL_HVT        saed90nm_max_hvt 
PLACE_optlc_9540          TIEH_HVT        saed90nm_max_hvt 
PLACE_optlc_9541          TIEH_HVT        saed90nm_max_hvt 
PLACE_optlc_9542          TIEH_HVT        saed90nm_max_hvt 
PLACE_optlc_9543          TIEH_HVT        saed90nm_max_hvt 
PLACE_optlc_9544          TIEH_HVT        saed90nm_max_hvt 
PLACE_optlc_9545          TIEH_HVT        saed90nm_max_hvt 
PLACE_optlc_9546          TIEH_HVT        saed90nm_max_hvt 
PLACE_optlc_9547          TIEH_HVT        saed90nm_max_hvt 
PLACE_optlc_9548          TIEH_HVT        saed90nm_max_hvt 
PLACE_optlc_9549          TIEH_HVT        saed90nm_max_hvt 
PLACE_optlc_955           TIEL_HVT        saed90nm_max_hvt 
PLACE_optlc_9550          TIEH_HVT        saed90nm_max_hvt 
PLACE_optlc_9551          TIEH_HVT        saed90nm_max_hvt 
PLACE_optlc_9552          TIEH_HVT        saed90nm_max_hvt 
PLACE_optlc_9553          TIEH_HVT        saed90nm_max_hvt 
PLACE_optlc_9554          TIEH_HVT        saed90nm_max_hvt 
PLACE_optlc_9555          TIEH_HVT        saed90nm_max_hvt 
PLACE_optlc_9556          TIEH_HVT        saed90nm_max_hvt 
PLACE_optlc_9557          TIEH_HVT        saed90nm_max_hvt 
PLACE_optlc_9558          TIEH_HVT        saed90nm_max_hvt 
PLACE_optlc_9559          TIEH_HVT        saed90nm_max_hvt 
PLACE_optlc_956           TIEL_HVT        saed90nm_max_hvt 
PLACE_optlc_9560          TIEH_HVT        saed90nm_max_hvt 
PLACE_optlc_9561          TIEH_HVT        saed90nm_max_hvt 
PLACE_optlc_9562          TIEH_HVT        saed90nm_max_hvt 
PLACE_optlc_9563          TIEH_HVT        saed90nm_max_hvt 
PLACE_optlc_9564          TIEH_HVT        saed90nm_max_hvt 
PLACE_optlc_9565          TIEH_HVT        saed90nm_max_hvt 
PLACE_optlc_9566          TIEH_HVT        saed90nm_max_hvt 
PLACE_optlc_9567          TIEH_HVT        saed90nm_max_hvt 
PLACE_optlc_9568          TIEH_HVT        saed90nm_max_hvt 
PLACE_optlc_9569          TIEH_HVT        saed90nm_max_hvt 
PLACE_optlc_957           TIEL_HVT        saed90nm_max_hvt 
PLACE_optlc_9570          TIEH_HVT        saed90nm_max_hvt 
PLACE_optlc_9571          TIEH_HVT        saed90nm_max_hvt 
PLACE_optlc_9572          TIEH_HVT        saed90nm_max_hvt 
PLACE_optlc_9573          TIEH_HVT        saed90nm_max_hvt 
PLACE_optlc_9574          TIEH_HVT        saed90nm_max_hvt 
PLACE_optlc_9575          TIEH_HVT        saed90nm_max_hvt 
PLACE_optlc_9576          TIEH_HVT        saed90nm_max_hvt 
PLACE_optlc_9577          TIEH_HVT        saed90nm_max_hvt 
PLACE_optlc_9578          TIEH_HVT        saed90nm_max_hvt 
PLACE_optlc_9579          TIEH_HVT        saed90nm_max_hvt 
PLACE_optlc_958           TIEL_HVT        saed90nm_max_hvt 
PLACE_optlc_9580          TIEH_HVT        saed90nm_max_hvt 
PLACE_optlc_9581          TIEH_HVT        saed90nm_max_hvt 
PLACE_optlc_9582          TIEH_HVT        saed90nm_max_hvt 
PLACE_optlc_9583          TIEH_HVT        saed90nm_max_hvt 
PLACE_optlc_9584          TIEH_HVT        saed90nm_max_hvt 
PLACE_optlc_9585          TIEH_HVT        saed90nm_max_hvt 
PLACE_optlc_9586          TIEH_HVT        saed90nm_max_hvt 
PLACE_optlc_9587          TIEH_HVT        saed90nm_max_hvt 
PLACE_optlc_9588          TIEH_HVT        saed90nm_max_hvt 
PLACE_optlc_9589          TIEH_HVT        saed90nm_max_hvt 
PLACE_optlc_959           TIEL_HVT        saed90nm_max_hvt 
PLACE_optlc_9590          TIEH_HVT        saed90nm_max_hvt 
PLACE_optlc_9591          TIEH_HVT        saed90nm_max_hvt 
PLACE_optlc_9592          TIEH_HVT        saed90nm_max_hvt 
PLACE_optlc_9593          TIEH_HVT        saed90nm_max_hvt 
PLACE_optlc_9594          TIEH_HVT        saed90nm_max_hvt 
PLACE_optlc_9595          TIEH_HVT        saed90nm_max_hvt 
PLACE_optlc_9596          TIEH_HVT        saed90nm_max_hvt 
PLACE_optlc_9597          TIEH_HVT        saed90nm_max_hvt 
PLACE_optlc_9598          TIEH_HVT        saed90nm_max_hvt 
PLACE_optlc_9599          TIEH_HVT        saed90nm_max_hvt 
PLACE_optlc_96            TIEL_HVT        saed90nm_max_hvt 
PLACE_optlc_960           TIEL_HVT        saed90nm_max_hvt 
PLACE_optlc_9600          TIEH_HVT        saed90nm_max_hvt 
PLACE_optlc_9601          TIEH_HVT        saed90nm_max_hvt 
PLACE_optlc_9602          TIEH_HVT        saed90nm_max_hvt 
PLACE_optlc_9603          TIEH_HVT        saed90nm_max_hvt 
PLACE_optlc_9604          TIEH_HVT        saed90nm_max_hvt 
PLACE_optlc_9605          TIEH_HVT        saed90nm_max_hvt 
PLACE_optlc_9606          TIEH_HVT        saed90nm_max_hvt 
PLACE_optlc_9607          TIEH_HVT        saed90nm_max_hvt 
PLACE_optlc_9608          TIEH_HVT        saed90nm_max_hvt 
PLACE_optlc_9609          TIEH_HVT        saed90nm_max_hvt 
PLACE_optlc_961           TIEL_HVT        saed90nm_max_hvt 
PLACE_optlc_9610          TIEH_HVT        saed90nm_max_hvt 
PLACE_optlc_9611          TIEH_HVT        saed90nm_max_hvt 
PLACE_optlc_9612          TIEH_HVT        saed90nm_max_hvt 
PLACE_optlc_9613          TIEH_HVT        saed90nm_max_hvt 
PLACE_optlc_9614          TIEH_HVT        saed90nm_max_hvt 
PLACE_optlc_9615          TIEH_HVT        saed90nm_max_hvt 
PLACE_optlc_9616          TIEH_HVT        saed90nm_max_hvt 
PLACE_optlc_9617          TIEH_HVT        saed90nm_max_hvt 
PLACE_optlc_9618          TIEH_HVT        saed90nm_max_hvt 
PLACE_optlc_9619          TIEH_HVT        saed90nm_max_hvt 
PLACE_optlc_962           TIEL_HVT        saed90nm_max_hvt 
PLACE_optlc_9620          TIEH_HVT        saed90nm_max_hvt 
PLACE_optlc_9621          TIEH_HVT        saed90nm_max_hvt 
PLACE_optlc_9622          TIEH_HVT        saed90nm_max_hvt 
PLACE_optlc_9623          TIEH_HVT        saed90nm_max_hvt 
PLACE_optlc_9624          TIEH_HVT        saed90nm_max_hvt 
PLACE_optlc_9625          TIEH_HVT        saed90nm_max_hvt 
PLACE_optlc_9626          TIEH_HVT        saed90nm_max_hvt 
PLACE_optlc_9627          TIEH_HVT        saed90nm_max_hvt 
PLACE_optlc_9628          TIEH_HVT        saed90nm_max_hvt 
PLACE_optlc_9629          TIEH_HVT        saed90nm_max_hvt 
PLACE_optlc_963           TIEL_HVT        saed90nm_max_hvt 
PLACE_optlc_9630          TIEH_HVT        saed90nm_max_hvt 
PLACE_optlc_9631          TIEH_HVT        saed90nm_max_hvt 
PLACE_optlc_9632          TIEH_HVT        saed90nm_max_hvt 
PLACE_optlc_9633          TIEH_HVT        saed90nm_max_hvt 
PLACE_optlc_9634          TIEH_HVT        saed90nm_max_hvt 
PLACE_optlc_9635          TIEH_HVT        saed90nm_max_hvt 
PLACE_optlc_9636          TIEH_HVT        saed90nm_max_hvt 
PLACE_optlc_9637          TIEH_HVT        saed90nm_max_hvt 
PLACE_optlc_9638          TIEH_HVT        saed90nm_max_hvt 
PLACE_optlc_9639          TIEH_HVT        saed90nm_max_hvt 
PLACE_optlc_964           TIEL_HVT        saed90nm_max_hvt 
PLACE_optlc_9640          TIEH_HVT        saed90nm_max_hvt 
PLACE_optlc_9641          TIEH_HVT        saed90nm_max_hvt 
PLACE_optlc_9642          TIEH_HVT        saed90nm_max_hvt 
PLACE_optlc_9643          TIEH_HVT        saed90nm_max_hvt 
PLACE_optlc_9644          TIEH_HVT        saed90nm_max_hvt 
PLACE_optlc_9645          TIEH_HVT        saed90nm_max_hvt 
PLACE_optlc_9646          TIEH_HVT        saed90nm_max_hvt 
PLACE_optlc_9647          TIEH_HVT        saed90nm_max_hvt 
PLACE_optlc_9648          TIEH_HVT        saed90nm_max_hvt 
PLACE_optlc_9649          TIEH_HVT        saed90nm_max_hvt 
PLACE_optlc_965           TIEL_HVT        saed90nm_max_hvt 
PLACE_optlc_9650          TIEH_HVT        saed90nm_max_hvt 
PLACE_optlc_9651          TIEH_HVT        saed90nm_max_hvt 
PLACE_optlc_9652          TIEH_HVT        saed90nm_max_hvt 
PLACE_optlc_9653          TIEH_HVT        saed90nm_max_hvt 
PLACE_optlc_9654          TIEH_HVT        saed90nm_max_hvt 
PLACE_optlc_9655          TIEH_HVT        saed90nm_max_hvt 
PLACE_optlc_9656          TIEH_HVT        saed90nm_max_hvt 
PLACE_optlc_9657          TIEH_HVT        saed90nm_max_hvt 
PLACE_optlc_9658          TIEH_HVT        saed90nm_max_hvt 
PLACE_optlc_9659          TIEH_HVT        saed90nm_max_hvt 
PLACE_optlc_966           TIEL_HVT        saed90nm_max_hvt 
PLACE_optlc_9660          TIEH_HVT        saed90nm_max_hvt 
PLACE_optlc_9661          TIEH_HVT        saed90nm_max_hvt 
PLACE_optlc_9662          TIEH_HVT        saed90nm_max_hvt 
PLACE_optlc_9663          TIEH_HVT        saed90nm_max_hvt 
PLACE_optlc_9664          TIEH_HVT        saed90nm_max_hvt 
PLACE_optlc_9665          TIEH_HVT        saed90nm_max_hvt 
PLACE_optlc_9666          TIEH_HVT        saed90nm_max_hvt 
PLACE_optlc_9667          TIEH_HVT        saed90nm_max_hvt 
PLACE_optlc_9668          TIEH_HVT        saed90nm_max_hvt 
PLACE_optlc_9669          TIEH_HVT        saed90nm_max_hvt 
PLACE_optlc_967           TIEL_HVT        saed90nm_max_hvt 
PLACE_optlc_9670          TIEH_HVT        saed90nm_max_hvt 
PLACE_optlc_9671          TIEH_HVT        saed90nm_max_hvt 
PLACE_optlc_9672          TIEH_HVT        saed90nm_max_hvt 
PLACE_optlc_9673          TIEH_HVT        saed90nm_max_hvt 
PLACE_optlc_9674          TIEH_HVT        saed90nm_max_hvt 
PLACE_optlc_9675          TIEH_HVT        saed90nm_max_hvt 
PLACE_optlc_9676          TIEH_HVT        saed90nm_max_hvt 
PLACE_optlc_9677          TIEH_HVT        saed90nm_max_hvt 
PLACE_optlc_9678          TIEH_HVT        saed90nm_max_hvt 
PLACE_optlc_9679          TIEH_HVT        saed90nm_max_hvt 
PLACE_optlc_968           TIEL_HVT        saed90nm_max_hvt 
PLACE_optlc_9680          TIEH_HVT        saed90nm_max_hvt 
PLACE_optlc_9681          TIEH_HVT        saed90nm_max_hvt 
PLACE_optlc_9682          TIEH_HVT        saed90nm_max_hvt 
PLACE_optlc_9683          TIEH_HVT        saed90nm_max_hvt 
PLACE_optlc_9684          TIEH_HVT        saed90nm_max_hvt 
PLACE_optlc_9685          TIEH_HVT        saed90nm_max_hvt 
PLACE_optlc_9686          TIEH_HVT        saed90nm_max_hvt 
PLACE_optlc_9687          TIEH_HVT        saed90nm_max_hvt 
PLACE_optlc_9688          TIEH_HVT        saed90nm_max_hvt 
PLACE_optlc_9689          TIEH_HVT        saed90nm_max_hvt 
PLACE_optlc_969           TIEL_HVT        saed90nm_max_hvt 
PLACE_optlc_9690          TIEH_HVT        saed90nm_max_hvt 
PLACE_optlc_9691          TIEH_HVT        saed90nm_max_hvt 
PLACE_optlc_9692          TIEH_HVT        saed90nm_max_hvt 
PLACE_optlc_9693          TIEH_HVT        saed90nm_max_hvt 
PLACE_optlc_9694          TIEH_HVT        saed90nm_max_hvt 
PLACE_optlc_9695          TIEH_HVT        saed90nm_max_hvt 
PLACE_optlc_9696          TIEH_HVT        saed90nm_max_hvt 
PLACE_optlc_9697          TIEH_HVT        saed90nm_max_hvt 
PLACE_optlc_9698          TIEH_HVT        saed90nm_max_hvt 
PLACE_optlc_9699          TIEH_HVT        saed90nm_max_hvt 
PLACE_optlc_97            TIEL_HVT        saed90nm_max_hvt 
PLACE_optlc_970           TIEL_HVT        saed90nm_max_hvt 
PLACE_optlc_9700          TIEH_HVT        saed90nm_max_hvt 
PLACE_optlc_9701          TIEH_HVT        saed90nm_max_hvt 
PLACE_optlc_9702          TIEH_HVT        saed90nm_max_hvt 
PLACE_optlc_9703          TIEH_HVT        saed90nm_max_hvt 
PLACE_optlc_9704          TIEH_HVT        saed90nm_max_hvt 
PLACE_optlc_9705          TIEH_HVT        saed90nm_max_hvt 
PLACE_optlc_9706          TIEH_HVT        saed90nm_max_hvt 
PLACE_optlc_9707          TIEH_HVT        saed90nm_max_hvt 
PLACE_optlc_9708          TIEH_HVT        saed90nm_max_hvt 
PLACE_optlc_9709          TIEH_HVT        saed90nm_max_hvt 
PLACE_optlc_971           TIEL_HVT        saed90nm_max_hvt 
PLACE_optlc_9710          TIEH_HVT        saed90nm_max_hvt 
PLACE_optlc_9711          TIEH_HVT        saed90nm_max_hvt 
PLACE_optlc_9712          TIEH_HVT        saed90nm_max_hvt 
PLACE_optlc_9713          TIEH_HVT        saed90nm_max_hvt 
PLACE_optlc_9714          TIEH_HVT        saed90nm_max_hvt 
PLACE_optlc_9715          TIEH_HVT        saed90nm_max_hvt 
PLACE_optlc_9716          TIEH_HVT        saed90nm_max_hvt 
PLACE_optlc_9717          TIEH_HVT        saed90nm_max_hvt 
PLACE_optlc_9718          TIEH_HVT        saed90nm_max_hvt 
PLACE_optlc_9719          TIEH_HVT        saed90nm_max_hvt 
PLACE_optlc_972           TIEL_HVT        saed90nm_max_hvt 
PLACE_optlc_9720          TIEH_HVT        saed90nm_max_hvt 
PLACE_optlc_9721          TIEH_HVT        saed90nm_max_hvt 
PLACE_optlc_9722          TIEH_HVT        saed90nm_max_hvt 
PLACE_optlc_9723          TIEH_HVT        saed90nm_max_hvt 
PLACE_optlc_9724          TIEH_HVT        saed90nm_max_hvt 
PLACE_optlc_9725          TIEH_HVT        saed90nm_max_hvt 
PLACE_optlc_9726          TIEH_HVT        saed90nm_max_hvt 
PLACE_optlc_9727          TIEH_HVT        saed90nm_max_hvt 
PLACE_optlc_9728          TIEH_HVT        saed90nm_max_hvt 
PLACE_optlc_9729          TIEH_HVT        saed90nm_max_hvt 
PLACE_optlc_973           TIEL_HVT        saed90nm_max_hvt 
PLACE_optlc_9730          TIEH_HVT        saed90nm_max_hvt 
PLACE_optlc_9731          TIEH_HVT        saed90nm_max_hvt 
PLACE_optlc_9732          TIEH_HVT        saed90nm_max_hvt 
PLACE_optlc_9733          TIEH_HVT        saed90nm_max_hvt 
PLACE_optlc_9734          TIEH_HVT        saed90nm_max_hvt 
PLACE_optlc_9735          TIEH_HVT        saed90nm_max_hvt 
PLACE_optlc_9736          TIEH_HVT        saed90nm_max_hvt 
PLACE_optlc_9737          TIEH_HVT        saed90nm_max_hvt 
PLACE_optlc_9738          TIEH_HVT        saed90nm_max_hvt 
PLACE_optlc_9739          TIEH_HVT        saed90nm_max_hvt 
PLACE_optlc_974           TIEL_HVT        saed90nm_max_hvt 
PLACE_optlc_9740          TIEH_HVT        saed90nm_max_hvt 
PLACE_optlc_9741          TIEH_HVT        saed90nm_max_hvt 
PLACE_optlc_9742          TIEH_HVT        saed90nm_max_hvt 
PLACE_optlc_9743          TIEH_HVT        saed90nm_max_hvt 
PLACE_optlc_9744          TIEH_HVT        saed90nm_max_hvt 
PLACE_optlc_9745          TIEH_HVT        saed90nm_max_hvt 
PLACE_optlc_9746          TIEH_HVT        saed90nm_max_hvt 
PLACE_optlc_9747          TIEH_HVT        saed90nm_max_hvt 
PLACE_optlc_9748          TIEH_HVT        saed90nm_max_hvt 
PLACE_optlc_9749          TIEH_HVT        saed90nm_max_hvt 
PLACE_optlc_975           TIEL_HVT        saed90nm_max_hvt 
PLACE_optlc_9750          TIEH_HVT        saed90nm_max_hvt 
PLACE_optlc_9751          TIEH_HVT        saed90nm_max_hvt 
PLACE_optlc_9752          TIEH_HVT        saed90nm_max_hvt 
PLACE_optlc_9753          TIEH_HVT        saed90nm_max_hvt 
PLACE_optlc_9754          TIEH_HVT        saed90nm_max_hvt 
PLACE_optlc_9755          TIEH_HVT        saed90nm_max_hvt 
PLACE_optlc_9756          TIEH_HVT        saed90nm_max_hvt 
PLACE_optlc_9757          TIEH_HVT        saed90nm_max_hvt 
PLACE_optlc_9758          TIEH_HVT        saed90nm_max_hvt 
PLACE_optlc_9759          TIEH_HVT        saed90nm_max_hvt 
PLACE_optlc_976           TIEL_HVT        saed90nm_max_hvt 
PLACE_optlc_9760          TIEH_HVT        saed90nm_max_hvt 
PLACE_optlc_9761          TIEH_HVT        saed90nm_max_hvt 
PLACE_optlc_9762          TIEH_HVT        saed90nm_max_hvt 
PLACE_optlc_9763          TIEH_HVT        saed90nm_max_hvt 
PLACE_optlc_9764          TIEH_HVT        saed90nm_max_hvt 
PLACE_optlc_9765          TIEH_HVT        saed90nm_max_hvt 
PLACE_optlc_9766          TIEH_HVT        saed90nm_max_hvt 
PLACE_optlc_9767          TIEH_HVT        saed90nm_max_hvt 
PLACE_optlc_9768          TIEH_HVT        saed90nm_max_hvt 
PLACE_optlc_9769          TIEH_HVT        saed90nm_max_hvt 
PLACE_optlc_977           TIEL_HVT        saed90nm_max_hvt 
PLACE_optlc_9770          TIEH_HVT        saed90nm_max_hvt 
PLACE_optlc_9771          TIEH_HVT        saed90nm_max_hvt 
PLACE_optlc_9772          TIEH_HVT        saed90nm_max_hvt 
PLACE_optlc_9773          TIEH_HVT        saed90nm_max_hvt 
PLACE_optlc_9774          TIEH_HVT        saed90nm_max_hvt 
PLACE_optlc_9775          TIEH_HVT        saed90nm_max_hvt 
PLACE_optlc_9776          TIEH_HVT        saed90nm_max_hvt 
PLACE_optlc_9777          TIEH_HVT        saed90nm_max_hvt 
PLACE_optlc_9778          TIEH_HVT        saed90nm_max_hvt 
PLACE_optlc_9779          TIEH_HVT        saed90nm_max_hvt 
PLACE_optlc_978           TIEL_HVT        saed90nm_max_hvt 
PLACE_optlc_9780          TIEH_HVT        saed90nm_max_hvt 
PLACE_optlc_9781          TIEH_HVT        saed90nm_max_hvt 
PLACE_optlc_9782          TIEH_HVT        saed90nm_max_hvt 
PLACE_optlc_9783          TIEH_HVT        saed90nm_max_hvt 
PLACE_optlc_9784          TIEH_HVT        saed90nm_max_hvt 
PLACE_optlc_9785          TIEH_HVT        saed90nm_max_hvt 
PLACE_optlc_9786          TIEH_HVT        saed90nm_max_hvt 
PLACE_optlc_9787          TIEH_HVT        saed90nm_max_hvt 
PLACE_optlc_9788          TIEH_HVT        saed90nm_max_hvt 
PLACE_optlc_9789          TIEH_HVT        saed90nm_max_hvt 
PLACE_optlc_979           TIEL_HVT        saed90nm_max_hvt 
PLACE_optlc_9790          TIEH_HVT        saed90nm_max_hvt 
PLACE_optlc_9791          TIEH_HVT        saed90nm_max_hvt 
PLACE_optlc_9792          TIEH_HVT        saed90nm_max_hvt 
PLACE_optlc_9793          TIEH_HVT        saed90nm_max_hvt 
PLACE_optlc_9794          TIEH_HVT        saed90nm_max_hvt 
PLACE_optlc_9795          TIEH_HVT        saed90nm_max_hvt 
PLACE_optlc_9796          TIEH_HVT        saed90nm_max_hvt 
PLACE_optlc_9797          TIEH_HVT        saed90nm_max_hvt 
PLACE_optlc_9798          TIEH_HVT        saed90nm_max_hvt 
PLACE_optlc_9799          TIEH_HVT        saed90nm_max_hvt 
PLACE_optlc_98            TIEL_HVT        saed90nm_max_hvt 
PLACE_optlc_980           TIEL_HVT        saed90nm_max_hvt 
PLACE_optlc_9800          TIEH_HVT        saed90nm_max_hvt 
PLACE_optlc_9801          TIEH_HVT        saed90nm_max_hvt 
PLACE_optlc_9802          TIEH_HVT        saed90nm_max_hvt 
PLACE_optlc_9803          TIEH_HVT        saed90nm_max_hvt 
PLACE_optlc_9804          TIEH_HVT        saed90nm_max_hvt 
PLACE_optlc_9805          TIEH_HVT        saed90nm_max_hvt 
PLACE_optlc_9806          TIEH_HVT        saed90nm_max_hvt 
PLACE_optlc_9807          TIEH_HVT        saed90nm_max_hvt 
PLACE_optlc_9808          TIEH_HVT        saed90nm_max_hvt 
PLACE_optlc_9809          TIEH_HVT        saed90nm_max_hvt 
PLACE_optlc_981           TIEL_HVT        saed90nm_max_hvt 
PLACE_optlc_9810          TIEH_HVT        saed90nm_max_hvt 
PLACE_optlc_9811          TIEH_HVT        saed90nm_max_hvt 
PLACE_optlc_9812          TIEH_HVT        saed90nm_max_hvt 
PLACE_optlc_9813          TIEH_HVT        saed90nm_max_hvt 
PLACE_optlc_9814          TIEH_HVT        saed90nm_max_hvt 
PLACE_optlc_9815          TIEH_HVT        saed90nm_max_hvt 
PLACE_optlc_9816          TIEH_HVT        saed90nm_max_hvt 
PLACE_optlc_9817          TIEH_HVT        saed90nm_max_hvt 
PLACE_optlc_9818          TIEH_HVT        saed90nm_max_hvt 
PLACE_optlc_9819          TIEH_HVT        saed90nm_max_hvt 
PLACE_optlc_982           TIEL_HVT        saed90nm_max_hvt 
PLACE_optlc_9820          TIEH_HVT        saed90nm_max_hvt 
PLACE_optlc_9821          TIEH_HVT        saed90nm_max_hvt 
PLACE_optlc_9822          TIEH_HVT        saed90nm_max_hvt 
PLACE_optlc_9823          TIEH_HVT        saed90nm_max_hvt 
PLACE_optlc_9824          TIEH_HVT        saed90nm_max_hvt 
PLACE_optlc_9825          TIEH_HVT        saed90nm_max_hvt 
PLACE_optlc_9826          TIEH_HVT        saed90nm_max_hvt 
PLACE_optlc_9827          TIEH_HVT        saed90nm_max_hvt 
PLACE_optlc_9828          TIEH_HVT        saed90nm_max_hvt 
PLACE_optlc_9829          TIEH_HVT        saed90nm_max_hvt 
PLACE_optlc_983           TIEL_HVT        saed90nm_max_hvt 
PLACE_optlc_9830          TIEH_HVT        saed90nm_max_hvt 
PLACE_optlc_9831          TIEH_HVT        saed90nm_max_hvt 
PLACE_optlc_9832          TIEH_HVT        saed90nm_max_hvt 
PLACE_optlc_9833          TIEH_HVT        saed90nm_max_hvt 
PLACE_optlc_9834          TIEH_HVT        saed90nm_max_hvt 
PLACE_optlc_9835          TIEH_HVT        saed90nm_max_hvt 
PLACE_optlc_9836          TIEH_HVT        saed90nm_max_hvt 
PLACE_optlc_9837          TIEH_HVT        saed90nm_max_hvt 
PLACE_optlc_9838          TIEH_HVT        saed90nm_max_hvt 
PLACE_optlc_9839          TIEH_HVT        saed90nm_max_hvt 
PLACE_optlc_984           TIEL_HVT        saed90nm_max_hvt 
PLACE_optlc_9840          TIEH_HVT        saed90nm_max_hvt 
PLACE_optlc_9841          TIEH_HVT        saed90nm_max_hvt 
PLACE_optlc_9842          TIEH_HVT        saed90nm_max_hvt 
PLACE_optlc_9843          TIEH_HVT        saed90nm_max_hvt 
PLACE_optlc_9844          TIEH_HVT        saed90nm_max_hvt 
PLACE_optlc_9845          TIEH_HVT        saed90nm_max_hvt 
PLACE_optlc_9846          TIEH_HVT        saed90nm_max_hvt 
PLACE_optlc_9847          TIEH_HVT        saed90nm_max_hvt 
PLACE_optlc_9848          TIEH_HVT        saed90nm_max_hvt 
PLACE_optlc_9849          TIEH_HVT        saed90nm_max_hvt 
PLACE_optlc_985           TIEL_HVT        saed90nm_max_hvt 
PLACE_optlc_9850          TIEH_HVT        saed90nm_max_hvt 
PLACE_optlc_9851          TIEH_HVT        saed90nm_max_hvt 
PLACE_optlc_9852          TIEH_HVT        saed90nm_max_hvt 
PLACE_optlc_9853          TIEH_HVT        saed90nm_max_hvt 
PLACE_optlc_9854          TIEH_HVT        saed90nm_max_hvt 
PLACE_optlc_9855          TIEH_HVT        saed90nm_max_hvt 
PLACE_optlc_9856          TIEH_HVT        saed90nm_max_hvt 
PLACE_optlc_9857          TIEH_HVT        saed90nm_max_hvt 
PLACE_optlc_9858          TIEH_HVT        saed90nm_max_hvt 
PLACE_optlc_9859          TIEH_HVT        saed90nm_max_hvt 
PLACE_optlc_986           TIEL_HVT        saed90nm_max_hvt 
PLACE_optlc_9860          TIEH_HVT        saed90nm_max_hvt 
PLACE_optlc_9861          TIEH_HVT        saed90nm_max_hvt 
PLACE_optlc_9862          TIEH_HVT        saed90nm_max_hvt 
PLACE_optlc_9863          TIEH_HVT        saed90nm_max_hvt 
PLACE_optlc_9864          TIEH_HVT        saed90nm_max_hvt 
PLACE_optlc_9865          TIEH_HVT        saed90nm_max_hvt 
PLACE_optlc_9866          TIEH_HVT        saed90nm_max_hvt 
PLACE_optlc_9867          TIEH_HVT        saed90nm_max_hvt 
PLACE_optlc_9868          TIEH_HVT        saed90nm_max_hvt 
PLACE_optlc_9869          TIEH_HVT        saed90nm_max_hvt 
PLACE_optlc_987           TIEL_HVT        saed90nm_max_hvt 
PLACE_optlc_9870          TIEH_HVT        saed90nm_max_hvt 
PLACE_optlc_9871          TIEH_HVT        saed90nm_max_hvt 
PLACE_optlc_9872          TIEH_HVT        saed90nm_max_hvt 
PLACE_optlc_9873          TIEH_HVT        saed90nm_max_hvt 
PLACE_optlc_9874          TIEH_HVT        saed90nm_max_hvt 
PLACE_optlc_9875          TIEH_HVT        saed90nm_max_hvt 
PLACE_optlc_9876          TIEH_HVT        saed90nm_max_hvt 
PLACE_optlc_9877          TIEH_HVT        saed90nm_max_hvt 
PLACE_optlc_9878          TIEH_HVT        saed90nm_max_hvt 
PLACE_optlc_9879          TIEH_HVT        saed90nm_max_hvt 
PLACE_optlc_988           TIEL_HVT        saed90nm_max_hvt 
PLACE_optlc_9880          TIEH_HVT        saed90nm_max_hvt 
PLACE_optlc_9881          TIEH_HVT        saed90nm_max_hvt 
PLACE_optlc_9882          TIEH_HVT        saed90nm_max_hvt 
PLACE_optlc_9883          TIEH_HVT        saed90nm_max_hvt 
PLACE_optlc_9884          TIEH_HVT        saed90nm_max_hvt 
PLACE_optlc_9885          TIEH_HVT        saed90nm_max_hvt 
PLACE_optlc_9886          TIEH_HVT        saed90nm_max_hvt 
PLACE_optlc_9887          TIEH_HVT        saed90nm_max_hvt 
PLACE_optlc_9888          TIEH_HVT        saed90nm_max_hvt 
PLACE_optlc_9889          TIEH_HVT        saed90nm_max_hvt 
PLACE_optlc_989           TIEL_HVT        saed90nm_max_hvt 
PLACE_optlc_9890          TIEH_HVT        saed90nm_max_hvt 
PLACE_optlc_9891          TIEH_HVT        saed90nm_max_hvt 
PLACE_optlc_9892          TIEH_HVT        saed90nm_max_hvt 
PLACE_optlc_9893          TIEH_HVT        saed90nm_max_hvt 
PLACE_optlc_9894          TIEH_HVT        saed90nm_max_hvt 
PLACE_optlc_9895          TIEH_HVT        saed90nm_max_hvt 
PLACE_optlc_9896          TIEH_HVT        saed90nm_max_hvt 
PLACE_optlc_9897          TIEH_HVT        saed90nm_max_hvt 
PLACE_optlc_9898          TIEH_HVT        saed90nm_max_hvt 
PLACE_optlc_9899          TIEH_HVT        saed90nm_max_hvt 
PLACE_optlc_99            TIEL_HVT        saed90nm_max_hvt 
PLACE_optlc_990           TIEL_HVT        saed90nm_max_hvt 
PLACE_optlc_9900          TIEH_HVT        saed90nm_max_hvt 
PLACE_optlc_9901          TIEH_HVT        saed90nm_max_hvt 
PLACE_optlc_9902          TIEH_HVT        saed90nm_max_hvt 
PLACE_optlc_9903          TIEH_HVT        saed90nm_max_hvt 
PLACE_optlc_9904          TIEH_HVT        saed90nm_max_hvt 
PLACE_optlc_9905          TIEH_HVT        saed90nm_max_hvt 
PLACE_optlc_9906          TIEH_HVT        saed90nm_max_hvt 
PLACE_optlc_9907          TIEH_HVT        saed90nm_max_hvt 
PLACE_optlc_9908          TIEH_HVT        saed90nm_max_hvt 
PLACE_optlc_9909          TIEH_HVT        saed90nm_max_hvt 
PLACE_optlc_991           TIEL_HVT        saed90nm_max_hvt 
PLACE_optlc_9910          TIEH_HVT        saed90nm_max_hvt 
PLACE_optlc_9911          TIEH_HVT        saed90nm_max_hvt 
PLACE_optlc_9912          TIEH_HVT        saed90nm_max_hvt 
PLACE_optlc_9913          TIEH_HVT        saed90nm_max_hvt 
PLACE_optlc_9914          TIEH_HVT        saed90nm_max_hvt 
PLACE_optlc_9915          TIEH_HVT        saed90nm_max_hvt 
PLACE_optlc_9916          TIEH_HVT        saed90nm_max_hvt 
PLACE_optlc_9917          TIEH_HVT        saed90nm_max_hvt 
PLACE_optlc_9918          TIEH_HVT        saed90nm_max_hvt 
PLACE_optlc_9919          TIEH_HVT        saed90nm_max_hvt 
PLACE_optlc_992           TIEL_HVT        saed90nm_max_hvt 
PLACE_optlc_9920          TIEH_HVT        saed90nm_max_hvt 
PLACE_optlc_9921          TIEH_HVT        saed90nm_max_hvt 
PLACE_optlc_9922          TIEH_HVT        saed90nm_max_hvt 
PLACE_optlc_9923          TIEH_HVT        saed90nm_max_hvt 
PLACE_optlc_9924          TIEH_HVT        saed90nm_max_hvt 
PLACE_optlc_9925          TIEH_HVT        saed90nm_max_hvt 
PLACE_optlc_9926          TIEH_HVT        saed90nm_max_hvt 
PLACE_optlc_9927          TIEH_HVT        saed90nm_max_hvt 
PLACE_optlc_9928          TIEH_HVT        saed90nm_max_hvt 
PLACE_optlc_9929          TIEH_HVT        saed90nm_max_hvt 
PLACE_optlc_993           TIEL_HVT        saed90nm_max_hvt 
PLACE_optlc_9930          TIEH_HVT        saed90nm_max_hvt 
PLACE_optlc_9931          TIEH_HVT        saed90nm_max_hvt 
PLACE_optlc_9932          TIEH_HVT        saed90nm_max_hvt 
PLACE_optlc_9933          TIEH_HVT        saed90nm_max_hvt 
PLACE_optlc_9934          TIEH_HVT        saed90nm_max_hvt 
PLACE_optlc_9935          TIEH_HVT        saed90nm_max_hvt 
PLACE_optlc_9936          TIEH_HVT        saed90nm_max_hvt 
PLACE_optlc_9937          TIEH_HVT        saed90nm_max_hvt 
PLACE_optlc_9938          TIEH_HVT        saed90nm_max_hvt 
PLACE_optlc_9939          TIEH_HVT        saed90nm_max_hvt 
PLACE_optlc_994           TIEL_HVT        saed90nm_max_hvt 
PLACE_optlc_9940          TIEH_HVT        saed90nm_max_hvt 
PLACE_optlc_9941          TIEH_HVT        saed90nm_max_hvt 
PLACE_optlc_9942          TIEH_HVT        saed90nm_max_hvt 
PLACE_optlc_9943          TIEH_HVT        saed90nm_max_hvt 
PLACE_optlc_9944          TIEH_HVT        saed90nm_max_hvt 
PLACE_optlc_9945          TIEH_HVT        saed90nm_max_hvt 
PLACE_optlc_9946          TIEH_HVT        saed90nm_max_hvt 
PLACE_optlc_9947          TIEH_HVT        saed90nm_max_hvt 
PLACE_optlc_9948          TIEH_HVT        saed90nm_max_hvt 
PLACE_optlc_9949          TIEH_HVT        saed90nm_max_hvt 
PLACE_optlc_995           TIEL_HVT        saed90nm_max_hvt 
PLACE_optlc_9950          TIEH_HVT        saed90nm_max_hvt 
PLACE_optlc_9951          TIEH_HVT        saed90nm_max_hvt 
PLACE_optlc_9952          TIEH_HVT        saed90nm_max_hvt 
PLACE_optlc_9953          TIEH_HVT        saed90nm_max_hvt 
PLACE_optlc_9954          TIEH_HVT        saed90nm_max_hvt 
PLACE_optlc_9955          TIEH_HVT        saed90nm_max_hvt 
PLACE_optlc_9956          TIEH_HVT        saed90nm_max_hvt 
PLACE_optlc_9957          TIEH_HVT        saed90nm_max_hvt 
PLACE_optlc_9958          TIEH_HVT        saed90nm_max_hvt 
PLACE_optlc_9959          TIEH_HVT        saed90nm_max_hvt 
PLACE_optlc_996           TIEL_HVT        saed90nm_max_hvt 
PLACE_optlc_9960          TIEH_HVT        saed90nm_max_hvt 
PLACE_optlc_9961          TIEH_HVT        saed90nm_max_hvt 
PLACE_optlc_9962          TIEH_HVT        saed90nm_max_hvt 
PLACE_optlc_9963          TIEH_HVT        saed90nm_max_hvt 
PLACE_optlc_9964          TIEH_HVT        saed90nm_max_hvt 
PLACE_optlc_9965          TIEH_HVT        saed90nm_max_hvt 
PLACE_optlc_9966          TIEH_HVT        saed90nm_max_hvt 
PLACE_optlc_9967          TIEH_HVT        saed90nm_max_hvt 
PLACE_optlc_9968          TIEH_HVT        saed90nm_max_hvt 
PLACE_optlc_9969          TIEH_HVT        saed90nm_max_hvt 
PLACE_optlc_997           TIEL_HVT        saed90nm_max_hvt 
PLACE_optlc_9970          TIEH_HVT        saed90nm_max_hvt 
PLACE_optlc_9971          TIEH_HVT        saed90nm_max_hvt 
PLACE_optlc_9972          TIEH_HVT        saed90nm_max_hvt 
PLACE_optlc_9973          TIEH_HVT        saed90nm_max_hvt 
PLACE_optlc_9974          TIEH_HVT        saed90nm_max_hvt 
PLACE_optlc_9975          TIEH_HVT        saed90nm_max_hvt 
PLACE_optlc_9976          TIEH_HVT        saed90nm_max_hvt 
PLACE_optlc_9977          TIEH_HVT        saed90nm_max_hvt 
PLACE_optlc_9978          TIEH_HVT        saed90nm_max_hvt 
PLACE_optlc_9979          TIEH_HVT        saed90nm_max_hvt 
PLACE_optlc_998           TIEL_HVT        saed90nm_max_hvt 
PLACE_optlc_9980          TIEH_HVT        saed90nm_max_hvt 
PLACE_optlc_9981          TIEH_HVT        saed90nm_max_hvt 
PLACE_optlc_9982          TIEH_HVT        saed90nm_max_hvt 
PLACE_optlc_9983          TIEH_HVT        saed90nm_max_hvt 
PLACE_optlc_9984          TIEH_HVT        saed90nm_max_hvt 
PLACE_optlc_9985          TIEH_HVT        saed90nm_max_hvt 
PLACE_optlc_9986          TIEH_HVT        saed90nm_max_hvt 
PLACE_optlc_9987          TIEH_HVT        saed90nm_max_hvt 
PLACE_optlc_9988          TIEH_HVT        saed90nm_max_hvt 
PLACE_optlc_9989          TIEH_HVT        saed90nm_max_hvt 
PLACE_optlc_999           TIEL_HVT        saed90nm_max_hvt 
PLACE_optlc_9990          TIEH_HVT        saed90nm_max_hvt 
PLACE_optlc_9991          TIEH_HVT        saed90nm_max_hvt 
PLACE_optlc_9992          TIEH_HVT        saed90nm_max_hvt 
PLACE_optlc_9993          TIEH_HVT        saed90nm_max_hvt 
PLACE_optlc_9994          TIEH_HVT        saed90nm_max_hvt 
PLACE_optlc_9995          TIEH_HVT        saed90nm_max_hvt 
PLACE_optlc_9996          TIEH_HVT        saed90nm_max_hvt 
PLACE_optlc_9997          TIEH_HVT        saed90nm_max_hvt 
PLACE_optlc_9998          TIEH_HVT        saed90nm_max_hvt 
PLACE_optlc_9999          TIEH_HVT        saed90nm_max_hvt 
SpareCell_0               NAND2X1_HVT     saed90nm_max_hvt d
SpareCell_0_0             INVX1_HVT       saed90nm_max_hvt d
SpareCell_0_1             INVX1_HVT       saed90nm_max_hvt d
SpareCell_0_2             INVX1_HVT       saed90nm_max_hvt d
SpareCell_0_3             INVX1_HVT       saed90nm_max_hvt d
SpareCell_1               NAND2X1_HVT     saed90nm_max_hvt d
SpareCell_1_0             MUX21X1_HVT     saed90nm_max_hvt d
SpareCell_1_1             MUX21X1_HVT     saed90nm_max_hvt d
SpareCell_1_2             MUX21X1_HVT     saed90nm_max_hvt d
SpareCell_1_3             MUX21X1_HVT     saed90nm_max_hvt d
SpareCell_2               NAND2X1_HVT     saed90nm_max_hvt d
SpareCell_2_0             OR2X1_HVT       saed90nm_max_hvt d
SpareCell_2_1             OR2X1_HVT       saed90nm_max_hvt d
SpareCell_2_2             OR2X1_HVT       saed90nm_max_hvt d
SpareCell_3               NAND2X1_HVT     saed90nm_max_hvt d
SpareCell_3_0             SDFFX1_HVT      saed90nm_max_hvt n, d
SpareCell_3_1             SDFFX1_HVT      saed90nm_max_hvt n, d
SpareCell_3_2             SDFFX1_HVT      saed90nm_max_hvt n, d
U0_Mux2x1                 Mux2x1_1                         h
U101                      AND2X1_HVT      saed90nm_max_hvt 
U102                      AND2X1_HVT      saed90nm_max_hvt 
U103                      NAND2X0_HVT     saed90nm_max_hvt 
U127                      INVX1_HVT       saed90nm_max_hvt 
U163                      NAND2X1_HVT     saed90nm_max_hvt 
U164                      NAND2X1_HVT     saed90nm_max_hvt 
U165                      NAND2X1_HVT     saed90nm_max_hvt 
U166                      NAND2X1_HVT     saed90nm_max_hvt 
U167                      NAND2X1_HVT     saed90nm_max_hvt 
U168                      NAND2X1_HVT     saed90nm_max_hvt 
U170                      NOR2X0_HVT      saed90nm_max_hvt 
U174                      NAND2X0_HVT     saed90nm_max_hvt 
U175                      NAND2X0_HVT     saed90nm_max_hvt 
U176                      NAND2X0_HVT     saed90nm_max_hvt 
U177                      NAND2X0_HVT     saed90nm_max_hvt 
U178                      NAND2X0_HVT     saed90nm_max_hvt 
U179                      NAND2X0_HVT     saed90nm_max_hvt 
U185                      NAND2X0_HVT     saed90nm_max_hvt 
U187                      NAND2X0_HVT     saed90nm_max_hvt 
U188                      NAND2X0_HVT     saed90nm_max_hvt 
U189                      NOR2X0_HVT      saed90nm_max_hvt 
U193                      NAND2X2_HVT     saed90nm_max_hvt 
U196                      NOR2X2_HVT      saed90nm_max_hvt 
U1_Mux2x1                 Mux2x1_0                         h
U200                      INVX0_HVT       saed90nm_max_hvt 
U208                      AND2X1_HVT      saed90nm_max_hvt 
U209                      OR2X1_HVT       saed90nm_max_hvt 
U210                      INVX0_HVT       saed90nm_max_hvt 
U214                      NAND2X2_HVT     saed90nm_max_hvt 
U216                      NOR2X2_HVT      saed90nm_max_hvt 
U219                      INVX0_HVT       saed90nm_max_hvt 
U221                      NAND2X0_HVT     saed90nm_max_hvt 
U223                      NAND2X0_HVT     saed90nm_max_hvt 
U224                      NAND2X0_HVT     saed90nm_max_hvt 
U227                      NAND2X0_HVT     saed90nm_max_hvt 
U228                      NAND2X0_HVT     saed90nm_max_hvt 
U229                      NAND2X2_HVT     saed90nm_max_hvt 
U230                      NOR2X2_HVT      saed90nm_max_hvt 
U231                      INVX0_HVT       saed90nm_max_hvt 
U233                      NAND2X0_HVT     saed90nm_max_hvt 
U235                      NAND2X2_HVT     saed90nm_max_hvt 
U236                      NOR2X1_HVT      saed90nm_max_hvt 
U237                      INVX0_HVT       saed90nm_max_hvt 
U240                      NAND2X0_HVT     saed90nm_max_hvt 
U242                      NAND2X0_HVT     saed90nm_max_hvt 
U243                      NAND2X2_HVT     saed90nm_max_hvt 
U244                      NOR2X2_HVT      saed90nm_max_hvt 
U246                      NAND2X1_HVT     saed90nm_max_hvt 
U247                      INVX0_HVT       saed90nm_max_hvt 
U250                      NAND2X0_HVT     saed90nm_max_hvt 
U252                      NAND2X2_HVT     saed90nm_max_hvt 
U253                      NOR2X2_HVT      saed90nm_max_hvt 
U254                      INVX0_HVT       saed90nm_max_hvt 
U257                      NAND2X0_HVT     saed90nm_max_hvt 
U259                      NAND2X0_HVT     saed90nm_max_hvt 
U260                      NAND2X0_HVT     saed90nm_max_hvt 
U262                      AND2X1_HVT      saed90nm_max_hvt 
U263                      NAND2X2_HVT     saed90nm_max_hvt 
U264                      NOR2X2_HVT      saed90nm_max_hvt 
U266                      INVX0_HVT       saed90nm_max_hvt 
U269                      NAND2X0_HVT     saed90nm_max_hvt 
U271                      NAND2X0_HVT     saed90nm_max_hvt 
U272                      NAND2X0_HVT     saed90nm_max_hvt 
U273                      NAND2X2_HVT     saed90nm_max_hvt 
U274                      NOR2X2_HVT      saed90nm_max_hvt 
U276                      NAND2X1_HVT     saed90nm_max_hvt 
U277                      INVX0_HVT       saed90nm_max_hvt 
U279                      NAND2X0_HVT     saed90nm_max_hvt 
U281                      NAND2X2_HVT     saed90nm_max_hvt 
U282                      NOR2X2_HVT      saed90nm_max_hvt 
U284                      INVX0_HVT       saed90nm_max_hvt 
U286                      NAND2X0_HVT     saed90nm_max_hvt 
U288                      NAND2X2_HVT     saed90nm_max_hvt 
U289                      NOR2X2_HVT      saed90nm_max_hvt 
U291                      INVX0_HVT       saed90nm_max_hvt 
U293                      NAND2X0_HVT     saed90nm_max_hvt 
U295                      NAND2X2_HVT     saed90nm_max_hvt 
U296                      NOR2X2_HVT      saed90nm_max_hvt 
U298                      INVX0_HVT       saed90nm_max_hvt 
U301                      NAND2X0_HVT     saed90nm_max_hvt 
U303                      OR2X1_HVT       saed90nm_max_hvt 
U305                      NOR2X0_HVT      saed90nm_max_hvt 
U306                      INVX2_HVT       saed90nm_max_hvt 
U307                      INVX2_HVT       saed90nm_max_hvt 
U308                      INVX0_HVT       saed90nm_max_hvt 
U311                      NAND2X2_HVT     saed90nm_max_hvt 
U312                      NOR2X2_HVT      saed90nm_max_hvt 
U314                      INVX0_HVT       saed90nm_max_hvt 
U317                      INVX0_HVT       saed90nm_max_hvt 
U319                      NAND2X0_HVT     saed90nm_max_hvt 
U32                       AO222X1_HVT     saed90nm_max_hvt 
U320                      NAND2X2_HVT     saed90nm_max_hvt 
U321                      NOR2X2_HVT      saed90nm_max_hvt 
U324                      INVX0_HVT       saed90nm_max_hvt 
U326                      INVX0_HVT       saed90nm_max_hvt 
U327                      NAND2X2_HVT     saed90nm_max_hvt 
U328                      NOR2X2_HVT      saed90nm_max_hvt 
U330                      INVX0_HVT       saed90nm_max_hvt 
U333                      INVX0_HVT       saed90nm_max_hvt 
U336                      INVX0_HVT       saed90nm_max_hvt 
U338                      INVX0_HVT       saed90nm_max_hvt 
U339                      INVX0_HVT       saed90nm_max_hvt 
U340                      INVX0_HVT       saed90nm_max_hvt 
U341                      INVX1_HVT       saed90nm_max_hvt 
U342                      INVX0_HVT       saed90nm_max_hvt 
U346                      INVX0_HVT       saed90nm_max_hvt 
U399                      NAND2X0_HVT     saed90nm_max_hvt 
add_64                    mips_16_DW01_add_4               h
alu_unit                  alu                              h
control_unit              control                          h
datamem                   data_memory                      h
instrucion_memory         instr_mem                        h
pc_current_reg_0_         DFFARX1_HVT     saed90nm_max_hvt n
pc_current_reg_10_        DFFARX1_HVT     saed90nm_max_hvt n
pc_current_reg_11_        DFFARX1_HVT     saed90nm_max_hvt n
pc_current_reg_12_        DFFARX2_HVT     saed90nm_max_hvt n
pc_current_reg_13_        DFFARX1_HVT     saed90nm_max_hvt n
pc_current_reg_14_        DFFARX2_HVT     saed90nm_max_hvt n
pc_current_reg_15_        DFFARX2_HVT     saed90nm_max_hvt n
pc_current_reg_1_         DFFARX1_HVT     saed90nm_max_hvt n
pc_current_reg_2_         DFFARX1_HVT     saed90nm_max_hvt n
pc_current_reg_3_         DFFARX1_HVT     saed90nm_max_hvt n
pc_current_reg_4_         DFFARX1_HVT     saed90nm_max_hvt n
pc_current_reg_5_         DFFARX1_HVT     saed90nm_max_hvt n
pc_current_reg_6_         DFFARX1_HVT     saed90nm_max_hvt n
pc_current_reg_7_         DFFARX1_HVT     saed90nm_max_hvt n
pc_current_reg_8_         DFFARX1_HVT     saed90nm_max_hvt n
pc_current_reg_9_         DFFARX1_HVT     saed90nm_max_hvt n
reg_file                  register_file                    h
--------------------------------------------------------------------------------
Total 12923 cells

1
