****************************************
Report : net
Design : mips_16
Version: O-2018.06-SP1
Date   : Sat Aug 29 04:03:44 2026
****************************************

Attributes
    d - user dont_touch
    D - derived dont_touch


Net                 Fanout    Fanin   Pins         Attributes
--------------------------------------------------------------------------------
*Logic0*                 0        0      0         
N53                      1        1      2         
N54                      2        1      3         
N55                      1        1      2         
N56                      1        1      2         
N57                      1        1      2         
N58                      1        1      2         
N59                      1        1      2         
N60                      1        1      2         
N61                      1        1      2         
N62                      1        1      2         
N63                      1        1      2         
N64                      1        1      2         
N65                      1        1      2         
N66                      1        1      2         
N67                      1        1      2         
N68                      1        1      2         
PLACE_HFSNET_30          6        1      7         
PLACE_HFSNET_35          3        1      4         
PLACE_HFSNET_36          4        1      5         
PLACE_HFSNET_38          6        1      7         
PLACE_HFSNET_39          5        1      6         
PLACE_HFSNET_40         10        1     11         
VDD                      0        0      0         
VSS                      0        0      0         
alu_result[0]            1        1      2         
alu_result[10]           2        1      3         
alu_result[11]           2        1      3         
alu_result[12]           2        1      3         
alu_result[13]           2        1      3         
alu_result[14]           2        1      3         
alu_result[15]           2        1      3         
alu_result[1]            2        1      3         
alu_result[2]            2        1      3         
alu_result[3]            2        1      3         
alu_result[4]            2        1      3         
alu_result[5]            2        1      3         
alu_result[6]            2        1      3         
alu_result[7]            2        1      3         
alu_result[8]            2        1      3         
alu_result[9]            2        1      3         
clk                   4240        1   4241         
fun_clk                  1        1      2         
fun_reset                1        1      2         
n101                     1        1      2         
n104                     1        1      2         
n105                     1        1      2         
n107                     1        1      2         
n109                     1        1      2         
n113                     1        1      2         
n116                     1        1      2         
n119                     1        1      2         
n121                     1        1      2         
n123                     1        1      2         
n124                     1        1      2         
n126                     1        1      2         
n129                     1        1      2         
n130                     1        1      2         
n132                     1        1      2         
n134                     1        1      2         
n137                     1        1      2         
n138                     1        1      2         
n140                     1        1      2         
n142                     1        1      2         
n145                     1        1      2         
n146                     1        1      2         
n148                     1        1      2         
n150                     1        1      2         
n153                     1        1      2         
n154                     1        1      2         
n156                     1        1      2         
n157                     1        1      2         
n159                     1        1      2         
n162                     1        1      2         
n163                     1        1      2         
n165                     1        1      2         
n167                     1        1      2         
n170                     1        1      2         
n171                     1        1      2         
n173                     1        1      2         
n175                     1        1      2         
n178                     1        1      2         
n179                     1        1      2         
n181                     1        1      2         
n184                     1        1      2         
n186                     1        1      2         
n187                     1        1      2         
n189                     1        1      2         
n191                     1        1      2         
n194                     1        1      2         
n195                     1        1      2         
n199                     1        1      2         
n201                     1        1      2         
n203                     1        1      2         
n204                     2        1      3         
n205                     2        1      3         
n207                     1        1      2         
n209                     1        1      2         
n212                     1        1      2         
n214                     1        1      2         
n216                     1        1      2         
n218                     1        1      2         
n220                     1        1      2         
n222                     1        1      2         
n224                     1        1      2         
n226                     1        1      2         
n229                     1        1      2         
n231                     1        1      2         
n233                     1        1      2         
n235                     1        1      2         
n236                     2        1      3         
n238                     2        1      3         
n240                     1        1      2         
n241                     2        1      3         
n242                     1        1      2         
n243                     1        1      2         
n244                     1        1      2         
n245                     2        1      3         
n246                     1        1      2         
n247                     3        1      4         
n248                     1        1      2         
n249                     3        1      4         
n250                     1        1      2         
n251                     1        1      2         
n252                     2        1      3         
n255                     1        1      2         
n256                     2        1      3         
n258                     1        1      2         
n259                     1        1      2         
n276                     1        1      2         
n277                     1        1      2         
n49                      1        1      2         
n52                      1        1      2         
n67                      1        1      2         
n97                      1        1      2         
n99                      1        1      2         
optlc_net_0              1        1      2         
optlc_net_1              1        1      2         
optlc_net_10             1        1      2         
optlc_net_100            1        1      2         
optlc_net_1000           1        1      2         
optlc_net_10000          1        1      2         
optlc_net_10001          1        1      2         
optlc_net_10002          1        1      2         
optlc_net_10003          1        1      2         
optlc_net_10004          1        1      2         
optlc_net_10005          1        1      2         
optlc_net_10006          1        1      2         
optlc_net_10007          1        1      2         
optlc_net_10008          1        1      2         
optlc_net_10009          1        1      2         
optlc_net_1001           1        1      2         
optlc_net_10010          1        1      2         
optlc_net_10011          1        1      2         
optlc_net_10012          1        1      2         
optlc_net_10013          1        1      2         
optlc_net_10014          1        1      2         
optlc_net_10015          1        1      2         
optlc_net_10016          1        1      2         
optlc_net_10017          1        1      2         
optlc_net_10018          1        1      2         
optlc_net_10019          1        1      2         
optlc_net_1002           1        1      2         
optlc_net_10020          1        1      2         
optlc_net_10021          1        1      2         
optlc_net_10022          1        1      2         
optlc_net_10023          1        1      2         
optlc_net_10024          1        1      2         
optlc_net_10025          1        1      2         
optlc_net_10026          1        1      2         
optlc_net_10027          1        1      2         
optlc_net_10028          1        1      2         
optlc_net_10029          1        1      2         
optlc_net_1003           1        1      2         
optlc_net_10030          1        1      2         
optlc_net_10031          1        1      2         
optlc_net_10032          1        1      2         
optlc_net_10033          1        1      2         
optlc_net_10034          1        1      2         
optlc_net_10035          1        1      2         
optlc_net_10036          1        1      2         
optlc_net_10037          1        1      2         
optlc_net_10038          1        1      2         
optlc_net_10039          1        1      2         
optlc_net_1004           1        1      2         
optlc_net_10040          1        1      2         
optlc_net_10041          1        1      2         
optlc_net_10042          1        1      2         
optlc_net_10043          1        1      2         
optlc_net_10044          1        1      2         
optlc_net_10045          1        1      2         
optlc_net_10046          1        1      2         
optlc_net_10047          1        1      2         
optlc_net_10048          1        1      2         
optlc_net_10049          1        1      2         
optlc_net_1005           1        1      2         
optlc_net_10050          1        1      2         
optlc_net_10051          1        1      2         
optlc_net_10052          1        1      2         
optlc_net_10053          1        1      2         
optlc_net_10054          1        1      2         
optlc_net_10055          1        1      2         
optlc_net_10056          1        1      2         
optlc_net_10057          1        1      2         
optlc_net_10058          1        1      2         
optlc_net_10059          1        1      2         
optlc_net_1006           1        1      2         
optlc_net_10060          1        1      2         
optlc_net_10061          1        1      2         
optlc_net_10062          1        1      2         
optlc_net_10063          1        1      2         
optlc_net_10064          1        1      2         
optlc_net_10065          1        1      2         
optlc_net_10066          1        1      2         
optlc_net_10067          1        1      2         
optlc_net_10068          1        1      2         
optlc_net_10069          1        1      2         
optlc_net_1007           1        1      2         
optlc_net_10070          1        1      2         
optlc_net_10071          1        1      2         
optlc_net_10072          1        1      2         
optlc_net_10073          1        1      2         
optlc_net_10074          1        1      2         
optlc_net_10075          1        1      2         
optlc_net_10076          1        1      2         
optlc_net_10077          1        1      2         
optlc_net_10078          1        1      2         
optlc_net_10079          1        1      2         
optlc_net_1008           1        1      2         
optlc_net_10080          1        1      2         
optlc_net_10081          1        1      2         
optlc_net_10082          1        1      2         
optlc_net_10083          1        1      2         
optlc_net_10084          1        1      2         
optlc_net_10085          1        1      2         
optlc_net_10086          1        1      2         
optlc_net_10087          1        1      2         
optlc_net_10088          1        1      2         
optlc_net_10089          1        1      2         
optlc_net_1009           1        1      2         
optlc_net_10090          1        1      2         
optlc_net_10091          1        1      2         
optlc_net_10092          1        1      2         
optlc_net_10093          1        1      2         
optlc_net_10094          1        1      2         
optlc_net_10095          1        1      2         
optlc_net_10096          1        1      2         
optlc_net_10097          1        1      2         
optlc_net_10098          1        1      2         
optlc_net_10099          1        1      2         
optlc_net_101            1        1      2         
optlc_net_1010           1        1      2         
optlc_net_10100          1        1      2         
optlc_net_10101          1        1      2         
optlc_net_10102          1        1      2         
optlc_net_10103          1        1      2         
optlc_net_10104          1        1      2         
optlc_net_10105          1        1      2         
optlc_net_10106          1        1      2         
optlc_net_10107          1        1      2         
optlc_net_10108          1        1      2         
optlc_net_10109          1        1      2         
optlc_net_1011           1        1      2         
optlc_net_10110          1        1      2         
optlc_net_10111          1        1      2         
optlc_net_10112          1        1      2         
optlc_net_10113          1        1      2         
optlc_net_10114          1        1      2         
optlc_net_10115          1        1      2         
optlc_net_10116          1        1      2         
optlc_net_10117          1        1      2         
optlc_net_10118          1        1      2         
optlc_net_10119          1        1      2         
optlc_net_1012           1        1      2         
optlc_net_10120          1        1      2         
optlc_net_10121          1        1      2         
optlc_net_10122          1        1      2         
optlc_net_10123          1        1      2         
optlc_net_10124          1        1      2         
optlc_net_10125          1        1      2         
optlc_net_10126          1        1      2         
optlc_net_10127          1        1      2         
optlc_net_10128          1        1      2         
optlc_net_10129          1        1      2         
optlc_net_1013           1        1      2         
optlc_net_10130          1        1      2         
optlc_net_10131          1        1      2         
optlc_net_10132          1        1      2         
optlc_net_10133          1        1      2         
optlc_net_10134          1        1      2         
optlc_net_10135          1        1      2         
optlc_net_10136          1        1      2         
optlc_net_10137          1        1      2         
optlc_net_10138          1        1      2         
optlc_net_10139          1        1      2         
optlc_net_1014           1        1      2         
optlc_net_10140          1        1      2         
optlc_net_10141          1        1      2         
optlc_net_10142          1        1      2         
optlc_net_10143          1        1      2         
optlc_net_10144          1        1      2         
optlc_net_10145          1        1      2         
optlc_net_10146          1        1      2         
optlc_net_10147          1        1      2         
optlc_net_10148          1        1      2         
optlc_net_10149          1        1      2         
optlc_net_1015           1        1      2         
optlc_net_10150          1        1      2         
optlc_net_10151          1        1      2         
optlc_net_10152          1        1      2         
optlc_net_10153          1        1      2         
optlc_net_10154          1        1      2         
optlc_net_10155          1        1      2         
optlc_net_10156          1        1      2         
optlc_net_10157          1        1      2         
optlc_net_10158          1        1      2         
optlc_net_10159          1        1      2         
optlc_net_1016           1        1      2         
optlc_net_10160          1        1      2         
optlc_net_10161          1        1      2         
optlc_net_10162          1        1      2         
optlc_net_10163          1        1      2         
optlc_net_10164          1        1      2         
optlc_net_10165          1        1      2         
optlc_net_10166          1        1      2         
optlc_net_10167          1        1      2         
optlc_net_10168          1        1      2         
optlc_net_10169          1        1      2         
optlc_net_1017           1        1      2         
optlc_net_10170          1        1      2         
optlc_net_10171          1        1      2         
optlc_net_10172          1        1      2         
optlc_net_10173          1        1      2         
optlc_net_10174          1        1      2         
optlc_net_10175          1        1      2         
optlc_net_10176          1        1      2         
optlc_net_10177          1        1      2         
optlc_net_10178          1        1      2         
optlc_net_10179          1        1      2         
optlc_net_1018           1        1      2         
optlc_net_10180          1        1      2         
optlc_net_10181          1        1      2         
optlc_net_10182          1        1      2         
optlc_net_10183          1        1      2         
optlc_net_10184          1        1      2         
optlc_net_10185          1        1      2         
optlc_net_10186          1        1      2         
optlc_net_10187          1        1      2         
optlc_net_10188          1        1      2         
optlc_net_10189          1        1      2         
optlc_net_1019           1        1      2         
optlc_net_10190          1        1      2         
optlc_net_10191          1        1      2         
optlc_net_10192          1        1      2         
optlc_net_10193          1        1      2         
optlc_net_10194          1        1      2         
optlc_net_10195          1        1      2         
optlc_net_10196          1        1      2         
optlc_net_10197          1        1      2         
optlc_net_10198          1        1      2         
optlc_net_10199          1        1      2         
optlc_net_102            1        1      2         
optlc_net_1020           1        1      2         
optlc_net_10200          1        1      2         
optlc_net_10201          1        1      2         
optlc_net_10202          1        1      2         
optlc_net_10203          1        1      2         
optlc_net_10204          1        1      2         
optlc_net_10205          1        1      2         
optlc_net_10206          1        1      2         
optlc_net_10207          1        1      2         
optlc_net_10208          1        1      2         
optlc_net_10209          1        1      2         
optlc_net_1021           1        1      2         
optlc_net_10210          1        1      2         
optlc_net_10211          1        1      2         
optlc_net_10212          1        1      2         
optlc_net_10213          1        1      2         
optlc_net_10214          1        1      2         
optlc_net_10215          1        1      2         
optlc_net_10216          1        1      2         
optlc_net_10217          1        1      2         
optlc_net_10218          1        1      2         
optlc_net_10219          1        1      2         
optlc_net_1022           1        1      2         
optlc_net_10220          1        1      2         
optlc_net_10221          1        1      2         
optlc_net_10222          1        1      2         
optlc_net_10223          1        1      2         
optlc_net_10224          1        1      2         
optlc_net_10225          1        1      2         
optlc_net_10226          1        1      2         
optlc_net_10227          1        1      2         
optlc_net_10228          1        1      2         
optlc_net_10229          1        1      2         
optlc_net_1023           1        1      2         
optlc_net_10230          1        1      2         
optlc_net_10231          1        1      2         
optlc_net_10232          1        1      2         
optlc_net_10233          1        1      2         
optlc_net_10234          1        1      2         
optlc_net_10235          1        1      2         
optlc_net_10236          1        1      2         
optlc_net_10237          1        1      2         
optlc_net_10238          1        1      2         
optlc_net_10239          1        1      2         
optlc_net_1024           1        1      2         
optlc_net_10240          1        1      2         
optlc_net_10241          1        1      2         
optlc_net_10242          1        1      2         
optlc_net_10243          1        1      2         
optlc_net_10244          1        1      2         
optlc_net_10245          1        1      2         
optlc_net_10246          1        1      2         
optlc_net_10247          1        1      2         
optlc_net_10248          1        1      2         
optlc_net_10249          1        1      2         
optlc_net_1025           1        1      2         
optlc_net_10250          1        1      2         
optlc_net_10251          1        1      2         
optlc_net_10252          1        1      2         
optlc_net_10253          1        1      2         
optlc_net_10254          1        1      2         
optlc_net_10255          1        1      2         
optlc_net_10256          1        1      2         
optlc_net_10257          1        1      2         
optlc_net_10258          1        1      2         
optlc_net_10259          1        1      2         
optlc_net_1026           1        1      2         
optlc_net_10260          1        1      2         
optlc_net_10261          1        1      2         
optlc_net_10262          1        1      2         
optlc_net_10263          1        1      2         
optlc_net_10264          1        1      2         
optlc_net_10265          1        1      2         
optlc_net_10266          1        1      2         
optlc_net_10267          1        1      2         
optlc_net_10268          1        1      2         
optlc_net_10269          1        1      2         
optlc_net_1027           1        1      2         
optlc_net_10270          1        1      2         
optlc_net_10271          1        1      2         
optlc_net_10272          1        1      2         
optlc_net_10273          1        1      2         
optlc_net_10274          1        1      2         
optlc_net_10275          1        1      2         
optlc_net_10276          1        1      2         
optlc_net_10277          1        1      2         
optlc_net_10278          1        1      2         
optlc_net_10279          1        1      2         
optlc_net_1028           1        1      2         
optlc_net_10280          1        1      2         
optlc_net_10281          1        1      2         
optlc_net_10282          1        1      2         
optlc_net_10283          1        1      2         
optlc_net_10284          1        1      2         
optlc_net_10285          1        1      2         
optlc_net_10286          1        1      2         
optlc_net_10287          1        1      2         
optlc_net_10288          1        1      2         
optlc_net_10289          1        1      2         
optlc_net_1029           1        1      2         
optlc_net_10290          1        1      2         
optlc_net_10291          1        1      2         
optlc_net_10292          1        1      2         
optlc_net_10293          1        1      2         
optlc_net_10294          1        1      2         
optlc_net_10295          1        1      2         
optlc_net_10296          1        1      2         
optlc_net_10297          1        1      2         
optlc_net_10298          1        1      2         
optlc_net_10299          1        1      2         
optlc_net_103            1        1      2         
optlc_net_1030           1        1      2         
optlc_net_10300          1        1      2         
optlc_net_10301          1        1      2         
optlc_net_10302          1        1      2         
optlc_net_10303          1        1      2         
optlc_net_10304          1        1      2         
optlc_net_10305          1        1      2         
optlc_net_10306          1        1      2         
optlc_net_10307          1        1      2         
optlc_net_10308          1        1      2         
optlc_net_10309          1        1      2         
optlc_net_1031           1        1      2         
optlc_net_10310          1        1      2         
optlc_net_10311          1        1      2         
optlc_net_10312          1        1      2         
optlc_net_10313          1        1      2         
optlc_net_10314          1        1      2         
optlc_net_10315          1        1      2         
optlc_net_10316          1        1      2         
optlc_net_10317          1        1      2         
optlc_net_10318          1        1      2         
optlc_net_10319          1        1      2         
optlc_net_1032           1        1      2         
optlc_net_10320          1        1      2         
optlc_net_10321          1        1      2         
optlc_net_10322          1        1      2         
optlc_net_10323          1        1      2         
optlc_net_10324          1        1      2         
optlc_net_10325          1        1      2         
optlc_net_10326          1        1      2         
optlc_net_10327          1        1      2         
optlc_net_10328          1        1      2         
optlc_net_10329          1        1      2         
optlc_net_1033           1        1      2         
optlc_net_10330          1        1      2         
optlc_net_10331          1        1      2         
optlc_net_10332          1        1      2         
optlc_net_10333          1        1      2         
optlc_net_10334          1        1      2         
optlc_net_10335          1        1      2         
optlc_net_10336          1        1      2         
optlc_net_10337          1        1      2         
optlc_net_10338          1        1      2         
optlc_net_10339          1        1      2         
optlc_net_1034           1        1      2         
optlc_net_10340          1        1      2         
optlc_net_10341          1        1      2         
optlc_net_10342          1        1      2         
optlc_net_10343          1        1      2         
optlc_net_10344          1        1      2         
optlc_net_10345          1        1      2         
optlc_net_10346          1        1      2         
optlc_net_10347          1        1      2         
optlc_net_10348          1        1      2         
optlc_net_10349          1        1      2         
optlc_net_1035           1        1      2         
optlc_net_10350          1        1      2         
optlc_net_10351          1        1      2         
optlc_net_10352          1        1      2         
optlc_net_10353          1        1      2         
optlc_net_10354          1        1      2         
optlc_net_10355          1        1      2         
optlc_net_10356          1        1      2         
optlc_net_10357          1        1      2         
optlc_net_10358          1        1      2         
optlc_net_10359          1        1      2         
optlc_net_1036           1        1      2         
optlc_net_10360          1        1      2         
optlc_net_10361          1        1      2         
optlc_net_10362          1        1      2         
optlc_net_10363          1        1      2         
optlc_net_10364          1        1      2         
optlc_net_10365          1        1      2         
optlc_net_10366          1        1      2         
optlc_net_10367          1        1      2         
optlc_net_10368          1        1      2         
optlc_net_10369          1        1      2         
optlc_net_1037           1        1      2         
optlc_net_10370          1        1      2         
optlc_net_10371          1        1      2         
optlc_net_10372          1        1      2         
optlc_net_10373          1        1      2         
optlc_net_10374          1        1      2         
optlc_net_10375          1        1      2         
optlc_net_10376          1        1      2         
optlc_net_10377          1        1      2         
optlc_net_10378          1        1      2         
optlc_net_10379          1        1      2         
optlc_net_1038           1        1      2         
optlc_net_10380          1        1      2         
optlc_net_10381          1        1      2         
optlc_net_10382          1        1      2         
optlc_net_10383          1        1      2         
optlc_net_10384          1        1      2         
optlc_net_10385          1        1      2         
optlc_net_10386          1        1      2         
optlc_net_10387          1        1      2         
optlc_net_10388          1        1      2         
optlc_net_10389          1        1      2         
optlc_net_1039           1        1      2         
optlc_net_10390          1        1      2         
optlc_net_10391          1        1      2         
optlc_net_10392          1        1      2         
optlc_net_10393          1        1      2         
optlc_net_10394          1        1      2         
optlc_net_10395          1        1      2         
optlc_net_10396          1        1      2         
optlc_net_10397          1        1      2         
optlc_net_10398          1        1      2         
optlc_net_10399          1        1      2         
optlc_net_104            1        1      2         
optlc_net_1040           1        1      2         
optlc_net_10400          1        1      2         
optlc_net_10401          1        1      2         
optlc_net_10402          1        1      2         
optlc_net_10403          1        1      2         
optlc_net_10404          1        1      2         
optlc_net_10405          1        1      2         
optlc_net_10406          1        1      2         
optlc_net_10407          1        1      2         
optlc_net_10408          1        1      2         
optlc_net_10409          1        1      2         
optlc_net_1041           1        1      2         
optlc_net_10410          1        1      2         
optlc_net_10411          1        1      2         
optlc_net_10412          1        1      2         
optlc_net_10413          1        1      2         
optlc_net_10414          1        1      2         
optlc_net_10415          1        1      2         
optlc_net_10416          1        1      2         
optlc_net_10417          1        1      2         
optlc_net_10418          1        1      2         
optlc_net_10419          1        1      2         
optlc_net_1042           1        1      2         
optlc_net_10420          1        1      2         
optlc_net_10421          1        1      2         
optlc_net_10422          1        1      2         
optlc_net_10423          1        1      2         
optlc_net_10424          1        1      2         
optlc_net_10425          1        1      2         
optlc_net_10426          1        1      2         
optlc_net_10427          1        1      2         
optlc_net_10428          1        1      2         
optlc_net_10429          1        1      2         
optlc_net_1043           1        1      2         
optlc_net_10430          1        1      2         
optlc_net_10431          1        1      2         
optlc_net_10432          1        1      2         
optlc_net_10433          1        1      2         
optlc_net_10434          1        1      2         
optlc_net_10435          1        1      2         
optlc_net_10436          1        1      2         
optlc_net_10437          1        1      2         
optlc_net_10438          1        1      2         
optlc_net_10439          1        1      2         
optlc_net_1044           1        1      2         
optlc_net_10440          1        1      2         
optlc_net_10441          1        1      2         
optlc_net_10442          1        1      2         
optlc_net_10443          1        1      2         
optlc_net_10444          1        1      2         
optlc_net_10445          1        1      2         
optlc_net_10446          1        1      2         
optlc_net_10447          1        1      2         
optlc_net_10448          1        1      2         
optlc_net_10449          1        1      2         
optlc_net_1045           1        1      2         
optlc_net_10450          1        1      2         
optlc_net_10451          1        1      2         
optlc_net_10452          1        1      2         
optlc_net_10453          1        1      2         
optlc_net_10454          1        1      2         
optlc_net_10455          1        1      2         
optlc_net_10456          1        1      2         
optlc_net_10457          1        1      2         
optlc_net_10458          1        1      2         
optlc_net_10459          1        1      2         
optlc_net_1046           1        1      2         
optlc_net_10460          1        1      2         
optlc_net_10461          1        1      2         
optlc_net_10462          1        1      2         
optlc_net_10463          1        1      2         
optlc_net_10464          1        1      2         
optlc_net_10465          1        1      2         
optlc_net_10466          1        1      2         
optlc_net_10467          1        1      2         
optlc_net_10468          1        1      2         
optlc_net_10469          1        1      2         
optlc_net_1047           1        1      2         
optlc_net_10470          1        1      2         
optlc_net_10471          1        1      2         
optlc_net_10472          1        1      2         
optlc_net_10473          1        1      2         
optlc_net_10474          1        1      2         
optlc_net_10475          1        1      2         
optlc_net_10476          1        1      2         
optlc_net_10477          1        1      2         
optlc_net_10478          1        1      2         
optlc_net_10479          1        1      2         
optlc_net_1048           1        1      2         
optlc_net_10480          1        1      2         
optlc_net_10481          1        1      2         
optlc_net_10482          1        1      2         
optlc_net_10483          1        1      2         
optlc_net_10484          1        1      2         
optlc_net_10485          1        1      2         
optlc_net_10486          1        1      2         
optlc_net_10487          1        1      2         
optlc_net_10488          1        1      2         
optlc_net_10489          1        1      2         
optlc_net_1049           1        1      2         
optlc_net_10490          1        1      2         
optlc_net_10491          1        1      2         
optlc_net_10492          1        1      2         
optlc_net_10493          1        1      2         
optlc_net_10494          1        1      2         
optlc_net_10495          1        1      2         
optlc_net_10496          1        1      2         
optlc_net_10497          1        1      2         
optlc_net_10498          1        1      2         
optlc_net_10499          1        1      2         
optlc_net_105            1        1      2         
optlc_net_1050           1        1      2         
optlc_net_10500          1        1      2         
optlc_net_10501          1        1      2         
optlc_net_10502          1        1      2         
optlc_net_10503          1        1      2         
optlc_net_10504          1        1      2         
optlc_net_10505          1        1      2         
optlc_net_10506          1        1      2         
optlc_net_10507          1        1      2         
optlc_net_10508          1        1      2         
optlc_net_10509          1        1      2         
optlc_net_1051           1        1      2         
optlc_net_10510          1        1      2         
optlc_net_10511          1        1      2         
optlc_net_10512          1        1      2         
optlc_net_10513          1        1      2         
optlc_net_10514          1        1      2         
optlc_net_10515          1        1      2         
optlc_net_10516          1        1      2         
optlc_net_10517          1        1      2         
optlc_net_10518          1        1      2         
optlc_net_10519          1        1      2         
optlc_net_1052           1        1      2         
optlc_net_10520          1        1      2         
optlc_net_10521          1        1      2         
optlc_net_10522          1        1      2         
optlc_net_10523          1        1      2         
optlc_net_10524          1        1      2         
optlc_net_10525          1        1      2         
optlc_net_10526          1        1      2         
optlc_net_10527          1        1      2         
optlc_net_10528          1        1      2         
optlc_net_10529          1        1      2         
optlc_net_1053           1        1      2         
optlc_net_10530          1        1      2         
optlc_net_10531          1        1      2         
optlc_net_10532          1        1      2         
optlc_net_10533          1        1      2         
optlc_net_10534          1        1      2         
optlc_net_10535          1        1      2         
optlc_net_10536          1        1      2         
optlc_net_10537          1        1      2         
optlc_net_10538          1        1      2         
optlc_net_10539          1        1      2         
optlc_net_1054           1        1      2         
optlc_net_10540          1        1      2         
optlc_net_10541          1        1      2         
optlc_net_10542          1        1      2         
optlc_net_10543          1        1      2         
optlc_net_10544          1        1      2         
optlc_net_10545          1        1      2         
optlc_net_10546          1        1      2         
optlc_net_10547          1        1      2         
optlc_net_10548          1        1      2         
optlc_net_10549          1        1      2         
optlc_net_1055           1        1      2         
optlc_net_10550          1        1      2         
optlc_net_10551          1        1      2         
optlc_net_10552          1        1      2         
optlc_net_10553          1        1      2         
optlc_net_10554          1        1      2         
optlc_net_10555          1        1      2         
optlc_net_10556          1        1      2         
optlc_net_10557          1        1      2         
optlc_net_10558          1        1      2         
optlc_net_10559          1        1      2         
optlc_net_1056           1        1      2         
optlc_net_10560          1        1      2         
optlc_net_10561          1        1      2         
optlc_net_10562          1        1      2         
optlc_net_10563          1        1      2         
optlc_net_10564          1        1      2         
optlc_net_10565          1        1      2         
optlc_net_10566          1        1      2         
optlc_net_10567          1        1      2         
optlc_net_10568          1        1      2         
optlc_net_10569          1        1      2         
optlc_net_1057           1        1      2         
optlc_net_10570          1        1      2         
optlc_net_10571          1        1      2         
optlc_net_10572          1        1      2         
optlc_net_10573          1        1      2         
optlc_net_10574          1        1      2         
optlc_net_10575          1        1      2         
optlc_net_10576          1        1      2         
optlc_net_10577          1        1      2         
optlc_net_10578          1        1      2         
optlc_net_10579          1        1      2         
optlc_net_1058           1        1      2         
optlc_net_10580          1        1      2         
optlc_net_10581          1        1      2         
optlc_net_10582          1        1      2         
optlc_net_10583          1        1      2         
optlc_net_10584          1        1      2         
optlc_net_10585          1        1      2         
optlc_net_10586          1        1      2         
optlc_net_10587          1        1      2         
optlc_net_10588          1        1      2         
optlc_net_10589          1        1      2         
optlc_net_1059           1        1      2         
optlc_net_10590          1        1      2         
optlc_net_10591          1        1      2         
optlc_net_10592          1        1      2         
optlc_net_10593          1        1      2         
optlc_net_10594          1        1      2         
optlc_net_10595          1        1      2         
optlc_net_10596          1        1      2         
optlc_net_10597          1        1      2         
optlc_net_10598          1        1      2         
optlc_net_10599          1        1      2         
optlc_net_106            1        1      2         
optlc_net_1060           1        1      2         
optlc_net_10600          1        1      2         
optlc_net_10601          1        1      2         
optlc_net_10602          1        1      2         
optlc_net_10603          1        1      2         
optlc_net_10604          1        1      2         
optlc_net_10605          1        1      2         
optlc_net_10606          1        1      2         
optlc_net_10607          1        1      2         
optlc_net_10608          1        1      2         
optlc_net_10609          1        1      2         
optlc_net_1061           1        1      2         
optlc_net_10610          1        1      2         
optlc_net_10611          1        1      2         
optlc_net_10612          1        1      2         
optlc_net_10613          1        1      2         
optlc_net_10614          1        1      2         
optlc_net_10615          1        1      2         
optlc_net_10616          1        1      2         
optlc_net_10617          1        1      2         
optlc_net_10618          1        1      2         
optlc_net_10619          1        1      2         
optlc_net_1062           1        1      2         
optlc_net_10620          1        1      2         
optlc_net_10621          1        1      2         
optlc_net_10622          1        1      2         
optlc_net_10623          1        1      2         
optlc_net_10624          1        1      2         
optlc_net_10625          1        1      2         
optlc_net_10626          1        1      2         
optlc_net_10627          1        1      2         
optlc_net_10628          1        1      2         
optlc_net_10629          1        1      2         
optlc_net_1063           1        1      2         
optlc_net_10630          1        1      2         
optlc_net_10631          1        1      2         
optlc_net_10632          1        1      2         
optlc_net_10633          1        1      2         
optlc_net_10634          1        1      2         
optlc_net_10635          1        1      2         
optlc_net_10636          1        1      2         
optlc_net_10637          1        1      2         
optlc_net_10638          1        1      2         
optlc_net_10639          1        1      2         
optlc_net_1064           1        1      2         
optlc_net_10640          1        1      2         
optlc_net_10641          1        1      2         
optlc_net_10642          1        1      2         
optlc_net_10643          1        1      2         
optlc_net_10644          1        1      2         
optlc_net_10645          1        1      2         
optlc_net_10646          1        1      2         
optlc_net_10647          1        1      2         
optlc_net_10648          1        1      2         
optlc_net_10649          1        1      2         
optlc_net_1065           1        1      2         
optlc_net_10650          1        1      2         
optlc_net_10651          1        1      2         
optlc_net_10652          1        1      2         
optlc_net_10653          1        1      2         
optlc_net_10654          1        1      2         
optlc_net_10655          1        1      2         
optlc_net_10656          1        1      2         
optlc_net_10657          1        1      2         
optlc_net_10658          1        1      2         
optlc_net_10659          1        1      2         
optlc_net_1066           1        1      2         
optlc_net_10660          1        1      2         
optlc_net_10661          1        1      2         
optlc_net_10662          1        1      2         
optlc_net_10663          1        1      2         
optlc_net_10664          1        1      2         
optlc_net_10665          1        1      2         
optlc_net_10666          1        1      2         
optlc_net_10667          1        1      2         
optlc_net_10668          1        1      2         
optlc_net_10669          1        1      2         
optlc_net_1067           1        1      2         
optlc_net_10670          1        1      2         
optlc_net_10671          1        1      2         
optlc_net_10672          1        1      2         
optlc_net_10673          1        1      2         
optlc_net_10674          1        1      2         
optlc_net_10675          1        1      2         
optlc_net_10676          1        1      2         
optlc_net_10677          1        1      2         
optlc_net_10678          1        1      2         
optlc_net_10679          1        1      2         
optlc_net_1068           1        1      2         
optlc_net_10680          1        1      2         
optlc_net_10681          1        1      2         
optlc_net_10682          1        1      2         
optlc_net_10683          1        1      2         
optlc_net_10684          1        1      2         
optlc_net_10685          1        1      2         
optlc_net_10686          1        1      2         
optlc_net_10687          1        1      2         
optlc_net_10688          1        1      2         
optlc_net_10689          1        1      2         
optlc_net_1069           1        1      2         
optlc_net_10690          1        1      2         
optlc_net_10691          1        1      2         
optlc_net_10692          1        1      2         
optlc_net_10693          1        1      2         
optlc_net_10694          1        1      2         
optlc_net_10695          1        1      2         
optlc_net_10696          1        1      2         
optlc_net_10697          1        1      2         
optlc_net_10698          1        1      2         
optlc_net_10699          1        1      2         
optlc_net_107            1        1      2         
optlc_net_1070           1        1      2         
optlc_net_10700          1        1      2         
optlc_net_10701          1        1      2         
optlc_net_10702          1        1      2         
optlc_net_10703          1        1      2         
optlc_net_10704          1        1      2         
optlc_net_10705          1        1      2         
optlc_net_10706          1        1      2         
optlc_net_10707          1        1      2         
optlc_net_10708          1        1      2         
optlc_net_10709          1        1      2         
optlc_net_1071           1        1      2         
optlc_net_10710          1        1      2         
optlc_net_10711          1        1      2         
optlc_net_10712          1        1      2         
optlc_net_10713          1        1      2         
optlc_net_10714          1        1      2         
optlc_net_10715          1        1      2         
optlc_net_10716          1        1      2         
optlc_net_10717          1        1      2         
optlc_net_10718          1        1      2         
optlc_net_10719          1        1      2         
optlc_net_1072           1        1      2         
optlc_net_10720          1        1      2         
optlc_net_10721          1        1      2         
optlc_net_10722          1        1      2         
optlc_net_10723          1        1      2         
optlc_net_10724          1        1      2         
optlc_net_10725          1        1      2         
optlc_net_10726          1        1      2         
optlc_net_10727          1        1      2         
optlc_net_10728          1        1      2         
optlc_net_10729          1        1      2         
optlc_net_1073           1        1      2         
optlc_net_10730          1        1      2         
optlc_net_10731          1        1      2         
optlc_net_10732          1        1      2         
optlc_net_10733          1        1      2         
optlc_net_10734          1        1      2         
optlc_net_10735          1        1      2         
optlc_net_10736          1        1      2         
optlc_net_10737          1        1      2         
optlc_net_10738          1        1      2         
optlc_net_10739          1        1      2         
optlc_net_1074           1        1      2         
optlc_net_10740          1        1      2         
optlc_net_10741          1        1      2         
optlc_net_10742          1        1      2         
optlc_net_10743          1        1      2         
optlc_net_10744          1        1      2         
optlc_net_10745          1        1      2         
optlc_net_10746          1        1      2         
optlc_net_10747          1        1      2         
optlc_net_10748          1        1      2         
optlc_net_10749          1        1      2         
optlc_net_1075           1        1      2         
optlc_net_10750          1        1      2         
optlc_net_10751          1        1      2         
optlc_net_10752          1        1      2         
optlc_net_10753          1        1      2         
optlc_net_10754          1        1      2         
optlc_net_10755          1        1      2         
optlc_net_10756          1        1      2         
optlc_net_10757          1        1      2         
optlc_net_10758          1        1      2         
optlc_net_10759          1        1      2         
optlc_net_1076           1        1      2         
optlc_net_10760          1        1      2         
optlc_net_10761          1        1      2         
optlc_net_10762          1        1      2         
optlc_net_10763          1        1      2         
optlc_net_10764          1        1      2         
optlc_net_10765          1        1      2         
optlc_net_10766          1        1      2         
optlc_net_10767          1        1      2         
optlc_net_10768          1        1      2         
optlc_net_10769          1        1      2         
optlc_net_1077           1        1      2         
optlc_net_10770          1        1      2         
optlc_net_10771          1        1      2         
optlc_net_10772          1        1      2         
optlc_net_10773          1        1      2         
optlc_net_10774          1        1      2         
optlc_net_10775          1        1      2         
optlc_net_10776          1        1      2         
optlc_net_10777          1        1      2         
optlc_net_10778          1        1      2         
optlc_net_10779          1        1      2         
optlc_net_1078           1        1      2         
optlc_net_10780          1        1      2         
optlc_net_10781          1        1      2         
optlc_net_10782          1        1      2         
optlc_net_10783          1        1      2         
optlc_net_10784          1        1      2         
optlc_net_10785          1        1      2         
optlc_net_10786          1        1      2         
optlc_net_10787          1        1      2         
optlc_net_10788          1        1      2         
optlc_net_10789          1        1      2         
optlc_net_1079           1        1      2         
optlc_net_10790          1        1      2         
optlc_net_10791          1        1      2         
optlc_net_10792          1        1      2         
optlc_net_10793          1        1      2         
optlc_net_10794          1        1      2         
optlc_net_10795          1        1      2         
optlc_net_10796          1        1      2         
optlc_net_10797          1        1      2         
optlc_net_10798          1        1      2         
optlc_net_10799          1        1      2         
optlc_net_108            1        1      2         
optlc_net_1080           1        1      2         
optlc_net_10800          1        1      2         
optlc_net_10801          1        1      2         
optlc_net_10802          1        1      2         
optlc_net_10803          1        1      2         
optlc_net_10804          1        1      2         
optlc_net_10805          1        1      2         
optlc_net_10806          1        1      2         
optlc_net_10807          1        1      2         
optlc_net_10808          1        1      2         
optlc_net_10809          1        1      2         
optlc_net_1081           1        1      2         
optlc_net_10810          1        1      2         
optlc_net_10811          1        1      2         
optlc_net_10812          1        1      2         
optlc_net_10813          1        1      2         
optlc_net_10814          1        1      2         
optlc_net_10815          1        1      2         
optlc_net_10816          1        1      2         
optlc_net_10817          1        1      2         
optlc_net_10818          1        1      2         
optlc_net_10819          1        1      2         
optlc_net_1082           1        1      2         
optlc_net_10820          1        1      2         
optlc_net_10821          1        1      2         
optlc_net_10822          1        1      2         
optlc_net_10823          1        1      2         
optlc_net_10824          1        1      2         
optlc_net_10825          1        1      2         
optlc_net_10826          1        1      2         
optlc_net_10827          1        1      2         
optlc_net_10828          1        1      2         
optlc_net_10829          1        1      2         
optlc_net_1083           1        1      2         
optlc_net_10830          1        1      2         
optlc_net_10831          1        1      2         
optlc_net_10832          1        1      2         
optlc_net_10833          1        1      2         
optlc_net_10834          1        1      2         
optlc_net_10835          1        1      2         
optlc_net_10836          1        1      2         
optlc_net_10837          1        1      2         
optlc_net_10838          1        1      2         
optlc_net_10839          1        1      2         
optlc_net_1084           1        1      2         
optlc_net_10840          1        1      2         
optlc_net_10841          1        1      2         
optlc_net_10842          1        1      2         
optlc_net_10843          1        1      2         
optlc_net_10844          1        1      2         
optlc_net_10845          1        1      2         
optlc_net_10846          1        1      2         
optlc_net_10847          1        1      2         
optlc_net_10848          1        1      2         
optlc_net_10849          1        1      2         
optlc_net_1085           1        1      2         
optlc_net_10850          1        1      2         
optlc_net_10851          1        1      2         
optlc_net_10852          1        1      2         
optlc_net_10853          1        1      2         
optlc_net_10854          1        1      2         
optlc_net_10855          1        1      2         
optlc_net_10856          1        1      2         
optlc_net_10857          1        1      2         
optlc_net_10858          1        1      2         
optlc_net_10859          1        1      2         
optlc_net_1086           1        1      2         
optlc_net_10860          1        1      2         
optlc_net_10861          1        1      2         
optlc_net_10862          1        1      2         
optlc_net_10863          1        1      2         
optlc_net_10864          1        1      2         
optlc_net_10865          1        1      2         
optlc_net_10866          1        1      2         
optlc_net_10867          1        1      2         
optlc_net_10868          1        1      2         
optlc_net_10869          1        1      2         
optlc_net_1087           1        1      2         
optlc_net_10870          1        1      2         
optlc_net_10871          1        1      2         
optlc_net_10872          1        1      2         
optlc_net_10873          1        1      2         
optlc_net_10874          1        1      2         
optlc_net_10875          1        1      2         
optlc_net_10876          1        1      2         
optlc_net_10877          1        1      2         
optlc_net_10878          1        1      2         
optlc_net_10879          1        1      2         
optlc_net_1088           1        1      2         
optlc_net_10880          1        1      2         
optlc_net_10881          1        1      2         
optlc_net_10882          1        1      2         
optlc_net_10883          1        1      2         
optlc_net_10884          1        1      2         
optlc_net_10885          1        1      2         
optlc_net_10886          1        1      2         
optlc_net_10887          1        1      2         
optlc_net_10888          1        1      2         
optlc_net_10889          1        1      2         
optlc_net_1089           1        1      2         
optlc_net_10890          1        1      2         
optlc_net_10891          1        1      2         
optlc_net_10892          1        1      2         
optlc_net_10893          1        1      2         
optlc_net_10894          1        1      2         
optlc_net_10895          1        1      2         
optlc_net_10896          1        1      2         
optlc_net_10897          1        1      2         
optlc_net_10898          1        1      2         
optlc_net_10899          1        1      2         
optlc_net_109            1        1      2         
optlc_net_1090           1        1      2         
optlc_net_10900          1        1      2         
optlc_net_10901          1        1      2         
optlc_net_10902          1        1      2         
optlc_net_10903          1        1      2         
optlc_net_10904          1        1      2         
optlc_net_10905          1        1      2         
optlc_net_10906          1        1      2         
optlc_net_10907          1        1      2         
optlc_net_10908          1        1      2         
optlc_net_10909          1        1      2         
optlc_net_1091           1        1      2         
optlc_net_10910          1        1      2         
optlc_net_10911          1        1      2         
optlc_net_10912          1        1      2         
optlc_net_10913          1        1      2         
optlc_net_10914          1        1      2         
optlc_net_10915          1        1      2         
optlc_net_10916          1        1      2         
optlc_net_10917          1        1      2         
optlc_net_10918          1        1      2         
optlc_net_10919          1        1      2         
optlc_net_1092           1        1      2         
optlc_net_10920          1        1      2         
optlc_net_10921          1        1      2         
optlc_net_10922          1        1      2         
optlc_net_10923          1        1      2         
optlc_net_10924          1        1      2         
optlc_net_10925          1        1      2         
optlc_net_10926          1        1      2         
optlc_net_10927          1        1      2         
optlc_net_10928          1        1      2         
optlc_net_10929          1        1      2         
optlc_net_1093           1        1      2         
optlc_net_10930          1        1      2         
optlc_net_10931          1        1      2         
optlc_net_10932          1        1      2         
optlc_net_10933          1        1      2         
optlc_net_10934          1        1      2         
optlc_net_10935          1        1      2         
optlc_net_10936          1        1      2         
optlc_net_10937          1        1      2         
optlc_net_10938          1        1      2         
optlc_net_10939          1        1      2         
optlc_net_1094           1        1      2         
optlc_net_10940          1        1      2         
optlc_net_10941          1        1      2         
optlc_net_10942          1        1      2         
optlc_net_10943          1        1      2         
optlc_net_10944          1        1      2         
optlc_net_10945          1        1      2         
optlc_net_10946          1        1      2         
optlc_net_10947          1        1      2         
optlc_net_10948          1        1      2         
optlc_net_10949          1        1      2         
optlc_net_1095           1        1      2         
optlc_net_10950          1        1      2         
optlc_net_10951          1        1      2         
optlc_net_10952          1        1      2         
optlc_net_10953          1        1      2         
optlc_net_10954          1        1      2         
optlc_net_10955          1        1      2         
optlc_net_10956          1        1      2         
optlc_net_10957          1        1      2         
optlc_net_10958          1        1      2         
optlc_net_10959          1        1      2         
optlc_net_1096           1        1      2         
optlc_net_10960          1        1      2         
optlc_net_10961          1        1      2         
optlc_net_10962          1        1      2         
optlc_net_10963          1        1      2         
optlc_net_10964          1        1      2         
optlc_net_10965          1        1      2         
optlc_net_10966          1        1      2         
optlc_net_10967          1        1      2         
optlc_net_10968          1        1      2         
optlc_net_10969          1        1      2         
optlc_net_1097           1        1      2         
optlc_net_10970          1        1      2         
optlc_net_10971          1        1      2         
optlc_net_10972          1        1      2         
optlc_net_10973          1        1      2         
optlc_net_10974          1        1      2         
optlc_net_10975          1        1      2         
optlc_net_10976          1        1      2         
optlc_net_10977          1        1      2         
optlc_net_10978          1        1      2         
optlc_net_10979          1        1      2         
optlc_net_1098           1        1      2         
optlc_net_10980          1        1      2         
optlc_net_10981          1        1      2         
optlc_net_10982          1        1      2         
optlc_net_10983          1        1      2         
optlc_net_10984          1        1      2         
optlc_net_10985          1        1      2         
optlc_net_10986          1        1      2         
optlc_net_10987          1        1      2         
optlc_net_10988          1        1      2         
optlc_net_10989          1        1      2         
optlc_net_1099           1        1      2         
optlc_net_10990          1        1      2         
optlc_net_10991          1        1      2         
optlc_net_10992          1        1      2         
optlc_net_10993          1        1      2         
optlc_net_10994          1        1      2         
optlc_net_10995          1        1      2         
optlc_net_10996          1        1      2         
optlc_net_10997          1        1      2         
optlc_net_10998          1        1      2         
optlc_net_10999          1        1      2         
optlc_net_11             1        1      2         
optlc_net_110            1        1      2         
optlc_net_1100           1        1      2         
optlc_net_11000          1        1      2         
optlc_net_11001          1        1      2         
optlc_net_11002          1        1      2         
optlc_net_11003          1        1      2         
optlc_net_11004          1        1      2         
optlc_net_11005          1        1      2         
optlc_net_11006          1        1      2         
optlc_net_11007          1        1      2         
optlc_net_11008          1        1      2         
optlc_net_11009          1        1      2         
optlc_net_1101           1        1      2         
optlc_net_11010          1        1      2         
optlc_net_11011          1        1      2         
optlc_net_11012          1        1      2         
optlc_net_11013          1        1      2         
optlc_net_11014          1        1      2         
optlc_net_11015          1        1      2         
optlc_net_11016          1        1      2         
optlc_net_11017          1        1      2         
optlc_net_11018          1        1      2         
optlc_net_11019          1        1      2         
optlc_net_1102           1        1      2         
optlc_net_11020          1        1      2         
optlc_net_11021          1        1      2         
optlc_net_11022          1        1      2         
optlc_net_11023          1        1      2         
optlc_net_11024          1        1      2         
optlc_net_11025          1        1      2         
optlc_net_11026          1        1      2         
optlc_net_11027          1        1      2         
optlc_net_11028          1        1      2         
optlc_net_11029          1        1      2         
optlc_net_1103           1        1      2         
optlc_net_11030          1        1      2         
optlc_net_11031          1        1      2         
optlc_net_11032          1        1      2         
optlc_net_11033          1        1      2         
optlc_net_11034          1        1      2         
optlc_net_11035          1        1      2         
optlc_net_11036          1        1      2         
optlc_net_11037          1        1      2         
optlc_net_11038          1        1      2         
optlc_net_11039          1        1      2         
optlc_net_1104           1        1      2         
optlc_net_11040          1        1      2         
optlc_net_11041          1        1      2         
optlc_net_11042          1        1      2         
optlc_net_11043          1        1      2         
optlc_net_11044          1        1      2         
optlc_net_11045          1        1      2         
optlc_net_11046          1        1      2         
optlc_net_11047          1        1      2         
optlc_net_11048          1        1      2         
optlc_net_11049          1        1      2         
optlc_net_1105           1        1      2         
optlc_net_11050          1        1      2         
optlc_net_11051          1        1      2         
optlc_net_11052          1        1      2         
optlc_net_11053          1        1      2         
optlc_net_11054          1        1      2         
optlc_net_11055          1        1      2         
optlc_net_11056          1        1      2         
optlc_net_11057          1        1      2         
optlc_net_11058          1        1      2         
optlc_net_11059          1        1      2         
optlc_net_1106           1        1      2         
optlc_net_11060          1        1      2         
optlc_net_11061          1        1      2         
optlc_net_11062          1        1      2         
optlc_net_11063          1        1      2         
optlc_net_11064          1        1      2         
optlc_net_11065          1        1      2         
optlc_net_11066          1        1      2         
optlc_net_11067          1        1      2         
optlc_net_11068          1        1      2         
optlc_net_11069          1        1      2         
optlc_net_1107           1        1      2         
optlc_net_11070          1        1      2         
optlc_net_11071          1        1      2         
optlc_net_11072          1        1      2         
optlc_net_11073          1        1      2         
optlc_net_11074          1        1      2         
optlc_net_11075          1        1      2         
optlc_net_11076          1        1      2         
optlc_net_11077          1        1      2         
optlc_net_11078          1        1      2         
optlc_net_11079          1        1      2         
optlc_net_1108           1        1      2         
optlc_net_11080          1        1      2         
optlc_net_11081          1        1      2         
optlc_net_11082          1        1      2         
optlc_net_11083          1        1      2         
optlc_net_11084          1        1      2         
optlc_net_11085          1        1      2         
optlc_net_11086          1        1      2         
optlc_net_11087          1        1      2         
optlc_net_11088          1        1      2         
optlc_net_11089          1        1      2         
optlc_net_1109           1        1      2         
optlc_net_11090          1        1      2         
optlc_net_11091          1        1      2         
optlc_net_11092          1        1      2         
optlc_net_11093          1        1      2         
optlc_net_11094          1        1      2         
optlc_net_11095          1        1      2         
optlc_net_11096          1        1      2         
optlc_net_11097          1        1      2         
optlc_net_11098          1        1      2         
optlc_net_11099          1        1      2         
optlc_net_111            1        1      2         
optlc_net_1110           1        1      2         
optlc_net_11100          1        1      2         
optlc_net_11101          1        1      2         
optlc_net_11102          1        1      2         
optlc_net_11103          1        1      2         
optlc_net_11104          1        1      2         
optlc_net_11105          1        1      2         
optlc_net_11106          1        1      2         
optlc_net_11107          1        1      2         
optlc_net_11108          1        1      2         
optlc_net_11109          1        1      2         
optlc_net_1111           1        1      2         
optlc_net_11110          1        1      2         
optlc_net_11111          1        1      2         
optlc_net_11112          1        1      2         
optlc_net_11113          1        1      2         
optlc_net_11114          1        1      2         
optlc_net_11115          1        1      2         
optlc_net_11116          1        1      2         
optlc_net_11117          1        1      2         
optlc_net_11118          1        1      2         
optlc_net_11119          1        1      2         
optlc_net_1112           1        1      2         
optlc_net_11120          1        1      2         
optlc_net_11121          1        1      2         
optlc_net_11122          1        1      2         
optlc_net_11123          1        1      2         
optlc_net_11124          1        1      2         
optlc_net_11125          1        1      2         
optlc_net_11126          1        1      2         
optlc_net_11127          1        1      2         
optlc_net_11128          1        1      2         
optlc_net_11129          1        1      2         
optlc_net_1113           1        1      2         
optlc_net_11130          1        1      2         
optlc_net_11131          1        1      2         
optlc_net_11132          1        1      2         
optlc_net_11133          1        1      2         
optlc_net_11134          1        1      2         
optlc_net_11135          1        1      2         
optlc_net_11136          1        1      2         
optlc_net_11137          1        1      2         
optlc_net_11138          1        1      2         
optlc_net_11139          1        1      2         
optlc_net_1114           1        1      2         
optlc_net_11140          1        1      2         
optlc_net_11141          1        1      2         
optlc_net_11142          1        1      2         
optlc_net_11143          1        1      2         
optlc_net_11144          1        1      2         
optlc_net_11145          1        1      2         
optlc_net_11146          1        1      2         
optlc_net_11147          1        1      2         
optlc_net_11148          1        1      2         
optlc_net_11149          1        1      2         
optlc_net_1115           1        1      2         
optlc_net_11150          1        1      2         
optlc_net_11151          1        1      2         
optlc_net_11152          1        1      2         
optlc_net_11153          1        1      2         
optlc_net_11154          1        1      2         
optlc_net_11155          1        1      2         
optlc_net_11156          1        1      2         
optlc_net_11157          1        1      2         
optlc_net_11158          1        1      2         
optlc_net_11159          1        1      2         
optlc_net_1116           1        1      2         
optlc_net_11160          1        1      2         
optlc_net_11161          1        1      2         
optlc_net_11162          1        1      2         
optlc_net_11163          1        1      2         
optlc_net_11164          1        1      2         
optlc_net_11165          1        1      2         
optlc_net_11166          1        1      2         
optlc_net_11167          1        1      2         
optlc_net_11168          1        1      2         
optlc_net_11169          1        1      2         
optlc_net_1117           1        1      2         
optlc_net_11170          1        1      2         
optlc_net_11171          1        1      2         
optlc_net_11172          1        1      2         
optlc_net_11173          1        1      2         
optlc_net_11174          1        1      2         
optlc_net_11175          1        1      2         
optlc_net_11176          1        1      2         
optlc_net_11177          1        1      2         
optlc_net_11178          1        1      2         
optlc_net_11179          1        1      2         
optlc_net_1118           1        1      2         
optlc_net_11180          1        1      2         
optlc_net_11181          1        1      2         
optlc_net_11182          1        1      2         
optlc_net_11183          1        1      2         
optlc_net_11184          1        1      2         
optlc_net_11185          1        1      2         
optlc_net_11186          1        1      2         
optlc_net_11187          1        1      2         
optlc_net_11188          1        1      2         
optlc_net_11189          1        1      2         
optlc_net_1119           1        1      2         
optlc_net_11190          1        1      2         
optlc_net_11191          1        1      2         
optlc_net_11192          1        1      2         
optlc_net_11193          1        1      2         
optlc_net_11194          1        1      2         
optlc_net_11195          1        1      2         
optlc_net_11196          1        1      2         
optlc_net_11197          1        1      2         
optlc_net_11198          1        1      2         
optlc_net_11199          1        1      2         
optlc_net_112            1        1      2         
optlc_net_1120           1        1      2         
optlc_net_11200          1        1      2         
optlc_net_11201          1        1      2         
optlc_net_11202          1        1      2         
optlc_net_11203          1        1      2         
optlc_net_11204          1        1      2         
optlc_net_11205          1        1      2         
optlc_net_11206          1        1      2         
optlc_net_11207          1        1      2         
optlc_net_11208          1        1      2         
optlc_net_11209          1        1      2         
optlc_net_1121           1        1      2         
optlc_net_11210          1        1      2         
optlc_net_11211          1        1      2         
optlc_net_11212          1        1      2         
optlc_net_11213          1        1      2         
optlc_net_11214          1        1      2         
optlc_net_11215          1        1      2         
optlc_net_11216          1        1      2         
optlc_net_11217          1        1      2         
optlc_net_11218          1        1      2         
optlc_net_11219          1        1      2         
optlc_net_1122           1        1      2         
optlc_net_11220          1        1      2         
optlc_net_11221          1        1      2         
optlc_net_11222          1        1      2         
optlc_net_11223          1        1      2         
optlc_net_11224          1        1      2         
optlc_net_11225          1        1      2         
optlc_net_11226          1        1      2         
optlc_net_11227          1        1      2         
optlc_net_11228          1        1      2         
optlc_net_11229          1        1      2         
optlc_net_1123           1        1      2         
optlc_net_11230          1        1      2         
optlc_net_11231          1        1      2         
optlc_net_11232          1        1      2         
optlc_net_11233          1        1      2         
optlc_net_11234          1        1      2         
optlc_net_11235          1        1      2         
optlc_net_11236          1        1      2         
optlc_net_11237          1        1      2         
optlc_net_11238          1        1      2         
optlc_net_11239          1        1      2         
optlc_net_1124           1        1      2         
optlc_net_11240          1        1      2         
optlc_net_11241          1        1      2         
optlc_net_11242          1        1      2         
optlc_net_11243          1        1      2         
optlc_net_11244          1        1      2         
optlc_net_11245          1        1      2         
optlc_net_11246          1        1      2         
optlc_net_11247          1        1      2         
optlc_net_11248          1        1      2         
optlc_net_11249          1        1      2         
optlc_net_1125           1        1      2         
optlc_net_11250          1        1      2         
optlc_net_11251          1        1      2         
optlc_net_11252          1        1      2         
optlc_net_11253          1        1      2         
optlc_net_11254          1        1      2         
optlc_net_11255          1        1      2         
optlc_net_11256          1        1      2         
optlc_net_11257          1        1      2         
optlc_net_11258          1        1      2         
optlc_net_11259          1        1      2         
optlc_net_1126           1        1      2         
optlc_net_11260          1        1      2         
optlc_net_11261          1        1      2         
optlc_net_11262          1        1      2         
optlc_net_11263          1        1      2         
optlc_net_11264          1        1      2         
optlc_net_11265          1        1      2         
optlc_net_11266          1        1      2         
optlc_net_11267          1        1      2         
optlc_net_11268          1        1      2         
optlc_net_11269          1        1      2         
optlc_net_1127           1        1      2         
optlc_net_11270          1        1      2         
optlc_net_11271          1        1      2         
optlc_net_11272          1        1      2         
optlc_net_11273          1        1      2         
optlc_net_11274          1        1      2         
optlc_net_11275          1        1      2         
optlc_net_11276          1        1      2         
optlc_net_11277          1        1      2         
optlc_net_11278          1        1      2         
optlc_net_11279          1        1      2         
optlc_net_1128           1        1      2         
optlc_net_11280          1        1      2         
optlc_net_11281          1        1      2         
optlc_net_11282          1        1      2         
optlc_net_11283          1        1      2         
optlc_net_11284          1        1      2         
optlc_net_11285          1        1      2         
optlc_net_11286          1        1      2         
optlc_net_11287          1        1      2         
optlc_net_11288          1        1      2         
optlc_net_11289          1        1      2         
optlc_net_1129           1        1      2         
optlc_net_11290          1        1      2         
optlc_net_11291          1        1      2         
optlc_net_11292          1        1      2         
optlc_net_11293          1        1      2         
optlc_net_11294          1        1      2         
optlc_net_11295          1        1      2         
optlc_net_11296          1        1      2         
optlc_net_11297          1        1      2         
optlc_net_11298          1        1      2         
optlc_net_11299          1        1      2         
optlc_net_113            1        1      2         
optlc_net_1130           1        1      2         
optlc_net_11300          1        1      2         
optlc_net_11301          1        1      2         
optlc_net_11302          1        1      2         
optlc_net_11303          1        1      2         
optlc_net_11304          1        1      2         
optlc_net_11305          1        1      2         
optlc_net_11306          1        1      2         
optlc_net_11307          1        1      2         
optlc_net_11308          1        1      2         
optlc_net_11309          1        1      2         
optlc_net_1131           1        1      2         
optlc_net_11310          1        1      2         
optlc_net_11311          1        1      2         
optlc_net_11312          1        1      2         
optlc_net_11313          1        1      2         
optlc_net_11314          1        1      2         
optlc_net_11315          1        1      2         
optlc_net_11316          1        1      2         
optlc_net_11317          1        1      2         
optlc_net_11318          1        1      2         
optlc_net_11319          1        1      2         
optlc_net_1132           1        1      2         
optlc_net_11320          1        1      2         
optlc_net_11321          1        1      2         
optlc_net_11322          1        1      2         
optlc_net_11323          1        1      2         
optlc_net_11324          1        1      2         
optlc_net_11325          1        1      2         
optlc_net_11326          1        1      2         
optlc_net_11327          1        1      2         
optlc_net_11328          1        1      2         
optlc_net_11329          1        1      2         
optlc_net_1133           1        1      2         
optlc_net_11330          1        1      2         
optlc_net_11331          1        1      2         
optlc_net_11332          1        1      2         
optlc_net_11333          1        1      2         
optlc_net_11334          1        1      2         
optlc_net_11335          1        1      2         
optlc_net_11336          1        1      2         
optlc_net_11337          1        1      2         
optlc_net_11338          1        1      2         
optlc_net_11339          1        1      2         
optlc_net_1134           1        1      2         
optlc_net_11340          1        1      2         
optlc_net_11341          1        1      2         
optlc_net_11342          1        1      2         
optlc_net_11343          1        1      2         
optlc_net_11344          1        1      2         
optlc_net_11345          1        1      2         
optlc_net_11346          1        1      2         
optlc_net_11347          1        1      2         
optlc_net_11348          1        1      2         
optlc_net_11349          1        1      2         
optlc_net_1135           1        1      2         
optlc_net_11350          1        1      2         
optlc_net_11351          1        1      2         
optlc_net_11352          1        1      2         
optlc_net_11353          1        1      2         
optlc_net_11354          1        1      2         
optlc_net_11355          1        1      2         
optlc_net_11356          1        1      2         
optlc_net_11357          1        1      2         
optlc_net_11358          1        1      2         
optlc_net_11359          1        1      2         
optlc_net_1136           1        1      2         
optlc_net_11360          1        1      2         
optlc_net_11361          1        1      2         
optlc_net_11362          1        1      2         
optlc_net_11363          1        1      2         
optlc_net_11364          1        1      2         
optlc_net_11365          1        1      2         
optlc_net_11366          1        1      2         
optlc_net_11367          1        1      2         
optlc_net_11368          1        1      2         
optlc_net_11369          1        1      2         
optlc_net_1137           1        1      2         
optlc_net_11370          1        1      2         
optlc_net_11371          1        1      2         
optlc_net_11372          1        1      2         
optlc_net_11373          1        1      2         
optlc_net_11374          1        1      2         
optlc_net_11375          1        1      2         
optlc_net_11376          1        1      2         
optlc_net_11377          1        1      2         
optlc_net_11378          1        1      2         
optlc_net_11379          1        1      2         
optlc_net_1138           1        1      2         
optlc_net_11380          1        1      2         
optlc_net_11381          1        1      2         
optlc_net_11382          1        1      2         
optlc_net_11383          1        1      2         
optlc_net_11384          1        1      2         
optlc_net_11385          1        1      2         
optlc_net_11386          1        1      2         
optlc_net_11387          1        1      2         
optlc_net_11388          1        1      2         
optlc_net_11389          1        1      2         
optlc_net_1139           1        1      2         
optlc_net_11390          1        1      2         
optlc_net_11391          1        1      2         
optlc_net_11392          1        1      2         
optlc_net_11393          1        1      2         
optlc_net_11394          1        1      2         
optlc_net_11395          1        1      2         
optlc_net_11396          1        1      2         
optlc_net_11397          1        1      2         
optlc_net_11398          1        1      2         
optlc_net_11399          1        1      2         
optlc_net_114            1        1      2         
optlc_net_1140           1        1      2         
optlc_net_11400          1        1      2         
optlc_net_11401          1        1      2         
optlc_net_11402          1        1      2         
optlc_net_11403          1        1      2         
optlc_net_11404          1        1      2         
optlc_net_11405          1        1      2         
optlc_net_11406          1        1      2         
optlc_net_11407          1        1      2         
optlc_net_11408          1        1      2         
optlc_net_11409          1        1      2         
optlc_net_1141           1        1      2         
optlc_net_11410          1        1      2         
optlc_net_11411          1        1      2         
optlc_net_11412          1        1      2         
optlc_net_11413          1        1      2         
optlc_net_11414          1        1      2         
optlc_net_11415          1        1      2         
optlc_net_11416          1        1      2         
optlc_net_11417          1        1      2         
optlc_net_11418          1        1      2         
optlc_net_11419          1        1      2         
optlc_net_1142           1        1      2         
optlc_net_11420          1        1      2         
optlc_net_11421          1        1      2         
optlc_net_11422          1        1      2         
optlc_net_11423          1        1      2         
optlc_net_11424          1        1      2         
optlc_net_11425          1        1      2         
optlc_net_11426          1        1      2         
optlc_net_11427          1        1      2         
optlc_net_11428          1        1      2         
optlc_net_11429          1        1      2         
optlc_net_1143           1        1      2         
optlc_net_11430          1        1      2         
optlc_net_11431          1        1      2         
optlc_net_11432          1        1      2         
optlc_net_11433          1        1      2         
optlc_net_11434          1        1      2         
optlc_net_11435          1        1      2         
optlc_net_11436          1        1      2         
optlc_net_11437          1        1      2         
optlc_net_11438          1        1      2         
optlc_net_11439          1        1      2         
optlc_net_1144           1        1      2         
optlc_net_11440          1        1      2         
optlc_net_11441          1        1      2         
optlc_net_11442          1        1      2         
optlc_net_11443          1        1      2         
optlc_net_11444          1        1      2         
optlc_net_11445          1        1      2         
optlc_net_11446          1        1      2         
optlc_net_11447          1        1      2         
optlc_net_11448          1        1      2         
optlc_net_11449          1        1      2         
optlc_net_1145           1        1      2         
optlc_net_11450          1        1      2         
optlc_net_11451          1        1      2         
optlc_net_11452          1        1      2         
optlc_net_11453          1        1      2         
optlc_net_11454          1        1      2         
optlc_net_11455          1        1      2         
optlc_net_11456          1        1      2         
optlc_net_11457          1        1      2         
optlc_net_11458          1        1      2         
optlc_net_11459          1        1      2         
optlc_net_1146           1        1      2         
optlc_net_11460          1        1      2         
optlc_net_11461          1        1      2         
optlc_net_11462          1        1      2         
optlc_net_11463          1        1      2         
optlc_net_11464          1        1      2         
optlc_net_11465          1        1      2         
optlc_net_11466          1        1      2         
optlc_net_11467          1        1      2         
optlc_net_11468          1        1      2         
optlc_net_11469          1        1      2         
optlc_net_1147           1        1      2         
optlc_net_11470          1        1      2         
optlc_net_11471          1        1      2         
optlc_net_11472          1        1      2         
optlc_net_11473          1        1      2         
optlc_net_11474          1        1      2         
optlc_net_11475          1        1      2         
optlc_net_11476          1        1      2         
optlc_net_11477          1        1      2         
optlc_net_11478          1        1      2         
optlc_net_11479          1        1      2         
optlc_net_1148           1        1      2         
optlc_net_11480          1        1      2         
optlc_net_11481          1        1      2         
optlc_net_11482          1        1      2         
optlc_net_11483          1        1      2         
optlc_net_11484          1        1      2         
optlc_net_11485          1        1      2         
optlc_net_11486          1        1      2         
optlc_net_11487          1        1      2         
optlc_net_11488          1        1      2         
optlc_net_11489          1        1      2         
optlc_net_1149           1        1      2         
optlc_net_11490          1        1      2         
optlc_net_11491          1        1      2         
optlc_net_11492          1        1      2         
optlc_net_11493          1        1      2         
optlc_net_11494          1        1      2         
optlc_net_11495          1        1      2         
optlc_net_11496          1        1      2         
optlc_net_11497          1        1      2         
optlc_net_11498          1        1      2         
optlc_net_11499          1        1      2         
optlc_net_115            1        1      2         
optlc_net_1150           1        1      2         
optlc_net_11500          1        1      2         
optlc_net_11501          1        1      2         
optlc_net_11502          1        1      2         
optlc_net_11503          1        1      2         
optlc_net_11504          1        1      2         
optlc_net_11505          1        1      2         
optlc_net_11506          1        1      2         
optlc_net_11507          1        1      2         
optlc_net_11508          1        1      2         
optlc_net_11509          1        1      2         
optlc_net_1151           1        1      2         
optlc_net_11510          1        1      2         
optlc_net_11511          1        1      2         
optlc_net_11512          1        1      2         
optlc_net_11513          1        1      2         
optlc_net_11514          1        1      2         
optlc_net_11515          1        1      2         
optlc_net_11516          1        1      2         
optlc_net_11517          1        1      2         
optlc_net_11518          1        1      2         
optlc_net_11519          1        1      2         
optlc_net_1152           1        1      2         
optlc_net_11520          1        1      2         
optlc_net_11521          1        1      2         
optlc_net_11522          1        1      2         
optlc_net_11523          1        1      2         
optlc_net_11524          1        1      2         
optlc_net_11525          1        1      2         
optlc_net_11526          1        1      2         
optlc_net_11527          1        1      2         
optlc_net_11528          1        1      2         
optlc_net_11529          1        1      2         
optlc_net_1153           1        1      2         
optlc_net_11530          1        1      2         
optlc_net_11531          1        1      2         
optlc_net_11532          1        1      2         
optlc_net_11533          1        1      2         
optlc_net_11534          1        1      2         
optlc_net_11535          1        1      2         
optlc_net_11536          1        1      2         
optlc_net_11537          1        1      2         
optlc_net_11538          1        1      2         
optlc_net_11539          1        1      2         
optlc_net_1154           1        1      2         
optlc_net_11540          1        1      2         
optlc_net_11541          1        1      2         
optlc_net_11542          1        1      2         
optlc_net_11543          1        1      2         
optlc_net_11544          1        1      2         
optlc_net_11545          1        1      2         
optlc_net_11546          1        1      2         
optlc_net_11547          1        1      2         
optlc_net_11548          1        1      2         
optlc_net_11549          1        1      2         
optlc_net_1155           1        1      2         
optlc_net_11550          1        1      2         
optlc_net_11551          1        1      2         
optlc_net_11552          1        1      2         
optlc_net_11553          1        1      2         
optlc_net_11554          1        1      2         
optlc_net_11555          1        1      2         
optlc_net_11556          1        1      2         
optlc_net_11557          1        1      2         
optlc_net_11558          1        1      2         
optlc_net_11559          1        1      2         
optlc_net_1156           1        1      2         
optlc_net_11560          1        1      2         
optlc_net_11561          1        1      2         
optlc_net_11562          1        1      2         
optlc_net_11563          1        1      2         
optlc_net_11564          1        1      2         
optlc_net_11565          1        1      2         
optlc_net_11566          1        1      2         
optlc_net_11567          1        1      2         
optlc_net_11568          1        1      2         
optlc_net_11569          1        1      2         
optlc_net_1157           1        1      2         
optlc_net_11570          1        1      2         
optlc_net_11571          1        1      2         
optlc_net_11572          1        1      2         
optlc_net_11573          1        1      2         
optlc_net_11574          1        1      2         
optlc_net_11575          1        1      2         
optlc_net_11576          1        1      2         
optlc_net_11577          1        1      2         
optlc_net_11578          1        1      2         
optlc_net_11579          1        1      2         
optlc_net_1158           1        1      2         
optlc_net_11580          1        1      2         
optlc_net_11581          1        1      2         
optlc_net_11582          1        1      2         
optlc_net_11583          1        1      2         
optlc_net_11584          1        1      2         
optlc_net_11585          1        1      2         
optlc_net_11586          1        1      2         
optlc_net_11587          1        1      2         
optlc_net_11588          1        1      2         
optlc_net_11589          1        1      2         
optlc_net_1159           1        1      2         
optlc_net_11590          1        1      2         
optlc_net_11591          1        1      2         
optlc_net_11592          1        1      2         
optlc_net_11593          1        1      2         
optlc_net_11594          1        1      2         
optlc_net_11595          1        1      2         
optlc_net_11596          1        1      2         
optlc_net_11597          1        1      2         
optlc_net_11598          1        1      2         
optlc_net_11599          1        1      2         
optlc_net_116            1        1      2         
optlc_net_1160           1        1      2         
optlc_net_11600          1        1      2         
optlc_net_11601          1        1      2         
optlc_net_11602          1        1      2         
optlc_net_11603          1        1      2         
optlc_net_11604          1        1      2         
optlc_net_11605          1        1      2         
optlc_net_11606          1        1      2         
optlc_net_11607          1        1      2         
optlc_net_11608          1        1      2         
optlc_net_11609          1        1      2         
optlc_net_1161           1        1      2         
optlc_net_11610          1        1      2         
optlc_net_11611          1        1      2         
optlc_net_11612          1        1      2         
optlc_net_11613          1        1      2         
optlc_net_11614          1        1      2         
optlc_net_11615          1        1      2         
optlc_net_11616          1        1      2         
optlc_net_11617          1        1      2         
optlc_net_11618          1        1      2         
optlc_net_11619          1        1      2         
optlc_net_1162           1        1      2         
optlc_net_11620          1        1      2         
optlc_net_11621          1        1      2         
optlc_net_11622          1        1      2         
optlc_net_11623          1        1      2         
optlc_net_11624          1        1      2         
optlc_net_11625          1        1      2         
optlc_net_11626          1        1      2         
optlc_net_11627          1        1      2         
optlc_net_11628          1        1      2         
optlc_net_11629          1        1      2         
optlc_net_1163           1        1      2         
optlc_net_11630          1        1      2         
optlc_net_11631          1        1      2         
optlc_net_11632          1        1      2         
optlc_net_11633          1        1      2         
optlc_net_11634          1        1      2         
optlc_net_11635          1        1      2         
optlc_net_11636          1        1      2         
optlc_net_11637          1        1      2         
optlc_net_11638          1        1      2         
optlc_net_11639          1        1      2         
optlc_net_1164           1        1      2         
optlc_net_11640          1        1      2         
optlc_net_11641          1        1      2         
optlc_net_11642          1        1      2         
optlc_net_11643          1        1      2         
optlc_net_11644          1        1      2         
optlc_net_11645          1        1      2         
optlc_net_11646          1        1      2         
optlc_net_11647          1        1      2         
optlc_net_11648          1        1      2         
optlc_net_11649          1        1      2         
optlc_net_1165           1        1      2         
optlc_net_11650          1        1      2         
optlc_net_11651          1        1      2         
optlc_net_11652          1        1      2         
optlc_net_11653          1        1      2         
optlc_net_11654          1        1      2         
optlc_net_11655          1        1      2         
optlc_net_11656          1        1      2         
optlc_net_11657          1        1      2         
optlc_net_11658          1        1      2         
optlc_net_11659          1        1      2         
optlc_net_1166           1        1      2         
optlc_net_11660          1        1      2         
optlc_net_11661          1        1      2         
optlc_net_11662          1        1      2         
optlc_net_11663          1        1      2         
optlc_net_11664          1        1      2         
optlc_net_11665          1        1      2         
optlc_net_11666          1        1      2         
optlc_net_11667          1        1      2         
optlc_net_11668          1        1      2         
optlc_net_11669          1        1      2         
optlc_net_1167           1        1      2         
optlc_net_11670          1        1      2         
optlc_net_11671          1        1      2         
optlc_net_11672          1        1      2         
optlc_net_11673          1        1      2         
optlc_net_11674          1        1      2         
optlc_net_11675          1        1      2         
optlc_net_11676          1        1      2         
optlc_net_11677          1        1      2         
optlc_net_11678          1        1      2         
optlc_net_11679          1        1      2         
optlc_net_1168           1        1      2         
optlc_net_11680          1        1      2         
optlc_net_11681          1        1      2         
optlc_net_11682          1        1      2         
optlc_net_11683          1        1      2         
optlc_net_11684          1        1      2         
optlc_net_11685          1        1      2         
optlc_net_11686          1        1      2         
optlc_net_11687          1        1      2         
optlc_net_11688          1        1      2         
optlc_net_11689          1        1      2         
optlc_net_1169           1        1      2         
optlc_net_11690          1        1      2         
optlc_net_11691          1        1      2         
optlc_net_11692          1        1      2         
optlc_net_11693          1        1      2         
optlc_net_11694          1        1      2         
optlc_net_11695          1        1      2         
optlc_net_11696          1        1      2         
optlc_net_11697          1        1      2         
optlc_net_11698          1        1      2         
optlc_net_11699          1        1      2         
optlc_net_117            1        1      2         
optlc_net_1170           1        1      2         
optlc_net_11700          1        1      2         
optlc_net_11701          1        1      2         
optlc_net_11702          1        1      2         
optlc_net_11703          1        1      2         
optlc_net_11704          1        1      2         
optlc_net_11705          1        1      2         
optlc_net_11706          1        1      2         
optlc_net_11707          1        1      2         
optlc_net_11708          1        1      2         
optlc_net_11709          1        1      2         
optlc_net_1171           1        1      2         
optlc_net_11710          1        1      2         
optlc_net_11711          1        1      2         
optlc_net_11712          1        1      2         
optlc_net_11713          1        1      2         
optlc_net_11714          1        1      2         
optlc_net_11715          1        1      2         
optlc_net_11716          1        1      2         
optlc_net_11717          1        1      2         
optlc_net_11718          1        1      2         
optlc_net_11719          1        1      2         
optlc_net_1172           1        1      2         
optlc_net_11720          1        1      2         
optlc_net_11721          1        1      2         
optlc_net_11722          1        1      2         
optlc_net_11723          1        1      2         
optlc_net_11724          1        1      2         
optlc_net_11725          1        1      2         
optlc_net_11726          1        1      2         
optlc_net_11727          1        1      2         
optlc_net_11728          1        1      2         
optlc_net_11729          1        1      2         
optlc_net_1173           1        1      2         
optlc_net_11730          1        1      2         
optlc_net_11731          1        1      2         
optlc_net_11732          1        1      2         
optlc_net_11733          1        1      2         
optlc_net_11734          1        1      2         
optlc_net_11735          1        1      2         
optlc_net_11736          1        1      2         
optlc_net_11737          1        1      2         
optlc_net_11738          1        1      2         
optlc_net_11739          1        1      2         
optlc_net_1174           1        1      2         
optlc_net_11740          1        1      2         
optlc_net_11741          1        1      2         
optlc_net_11742          1        1      2         
optlc_net_11743          1        1      2         
optlc_net_11744          1        1      2         
optlc_net_11745          1        1      2         
optlc_net_11746          1        1      2         
optlc_net_11747          1        1      2         
optlc_net_11748          1        1      2         
optlc_net_11749          1        1      2         
optlc_net_1175           1        1      2         
optlc_net_11750          1        1      2         
optlc_net_11751          1        1      2         
optlc_net_11752          1        1      2         
optlc_net_11753          1        1      2         
optlc_net_11754          1        1      2         
optlc_net_11755          1        1      2         
optlc_net_11756          1        1      2         
optlc_net_11757          1        1      2         
optlc_net_11758          1        1      2         
optlc_net_11759          1        1      2         
optlc_net_1176           1        1      2         
optlc_net_11760          1        1      2         
optlc_net_11761          1        1      2         
optlc_net_11762          1        1      2         
optlc_net_11763          1        1      2         
optlc_net_11764          1        1      2         
optlc_net_11765          1        1      2         
optlc_net_11766          1        1      2         
optlc_net_11767          1        1      2         
optlc_net_11768          1        1      2         
optlc_net_11769          1        1      2         
optlc_net_1177           1        1      2         
optlc_net_11770          1        1      2         
optlc_net_11771          1        1      2         
optlc_net_11772          1        1      2         
optlc_net_11773          1        1      2         
optlc_net_11774          1        1      2         
optlc_net_11775          1        1      2         
optlc_net_11776          1        1      2         
optlc_net_11777          1        1      2         
optlc_net_11778          1        1      2         
optlc_net_11779          1        1      2         
optlc_net_1178           1        1      2         
optlc_net_11780          1        1      2         
optlc_net_11781          1        1      2         
optlc_net_11782          1        1      2         
optlc_net_11783          1        1      2         
optlc_net_11784          1        1      2         
optlc_net_11785          1        1      2         
optlc_net_11786          1        1      2         
optlc_net_11787          1        1      2         
optlc_net_11788          1        1      2         
optlc_net_11789          1        1      2         
optlc_net_1179           1        1      2         
optlc_net_11790          1        1      2         
optlc_net_11791          1        1      2         
optlc_net_11792          1        1      2         
optlc_net_11793          1        1      2         
optlc_net_11794          1        1      2         
optlc_net_11795          1        1      2         
optlc_net_11796          1        1      2         
optlc_net_11797          1        1      2         
optlc_net_11798          1        1      2         
optlc_net_11799          1        1      2         
optlc_net_118            1        1      2         
optlc_net_1180           1        1      2         
optlc_net_11800          1        1      2         
optlc_net_11801          1        1      2         
optlc_net_11802          1        1      2         
optlc_net_11803          1        1      2         
optlc_net_11804          1        1      2         
optlc_net_11805          1        1      2         
optlc_net_11806          1        1      2         
optlc_net_11807          1        1      2         
optlc_net_11808          1        1      2         
optlc_net_11809          1        1      2         
optlc_net_1181           1        1      2         
optlc_net_11810          1        1      2         
optlc_net_11811          1        1      2         
optlc_net_11812          1        1      2         
optlc_net_11813          1        1      2         
optlc_net_11814          1        1      2         
optlc_net_11815          1        1      2         
optlc_net_11816          1        1      2         
optlc_net_11817          1        1      2         
optlc_net_11818          1        1      2         
optlc_net_11819          1        1      2         
optlc_net_1182           1        1      2         
optlc_net_11820          1        1      2         
optlc_net_11821          1        1      2         
optlc_net_11822          1        1      2         
optlc_net_11823          1        1      2         
optlc_net_11824          1        1      2         
optlc_net_11825          1        1      2         
optlc_net_11826          1        1      2         
optlc_net_11827          1        1      2         
optlc_net_11828          1        1      2         
optlc_net_11829          1        1      2         
optlc_net_1183           1        1      2         
optlc_net_11830          1        1      2         
optlc_net_11831          1        1      2         
optlc_net_11832          1        1      2         
optlc_net_11833          1        1      2         
optlc_net_11834          1        1      2         
optlc_net_11835          1        1      2         
optlc_net_11836          1        1      2         
optlc_net_11837          1        1      2         
optlc_net_11838          1        1      2         
optlc_net_11839          1        1      2         
optlc_net_1184           1        1      2         
optlc_net_11840          1        1      2         
optlc_net_11841          1        1      2         
optlc_net_11842          1        1      2         
optlc_net_11843          1        1      2         
optlc_net_11844          1        1      2         
optlc_net_11845          1        1      2         
optlc_net_11846          1        1      2         
optlc_net_11847          1        1      2         
optlc_net_11848          1        1      2         
optlc_net_11849          1        1      2         
optlc_net_1185           1        1      2         
optlc_net_11850          1        1      2         
optlc_net_11851          1        1      2         
optlc_net_11852          1        1      2         
optlc_net_11853          1        1      2         
optlc_net_11854          1        1      2         
optlc_net_11855          1        1      2         
optlc_net_11856          1        1      2         
optlc_net_11857          1        1      2         
optlc_net_11858          1        1      2         
optlc_net_11859          1        1      2         
optlc_net_1186           1        1      2         
optlc_net_11860          1        1      2         
optlc_net_11861          1        1      2         
optlc_net_11862          1        1      2         
optlc_net_11863          1        1      2         
optlc_net_11864          1        1      2         
optlc_net_11865          1        1      2         
optlc_net_11866          1        1      2         
optlc_net_11867          1        1      2         
optlc_net_11868          1        1      2         
optlc_net_11869          1        1      2         
optlc_net_1187           1        1      2         
optlc_net_11870          1        1      2         
optlc_net_11871          1        1      2         
optlc_net_11872          1        1      2         
optlc_net_11873          1        1      2         
optlc_net_11874          1        1      2         
optlc_net_11875          1        1      2         
optlc_net_11876          1        1      2         
optlc_net_11877          1        1      2         
optlc_net_11878          1        1      2         
optlc_net_11879          1        1      2         
optlc_net_1188           1        1      2         
optlc_net_11880          1        1      2         
optlc_net_11881          1        1      2         
optlc_net_11882          1        1      2         
optlc_net_11883          1        1      2         
optlc_net_11884          1        1      2         
optlc_net_11885          1        1      2         
optlc_net_11886          1        1      2         
optlc_net_11887          1        1      2         
optlc_net_11888          1        1      2         
optlc_net_11889          1        1      2         
optlc_net_1189           1        1      2         
optlc_net_11890          1        1      2         
optlc_net_11891          1        1      2         
optlc_net_11892          1        1      2         
optlc_net_11893          1        1      2         
optlc_net_11894          1        1      2         
optlc_net_11895          1        1      2         
optlc_net_11896          1        1      2         
optlc_net_11897          1        1      2         
optlc_net_11898          1        1      2         
optlc_net_11899          1        1      2         
optlc_net_119            1        1      2         
optlc_net_1190           1        1      2         
optlc_net_11900          1        1      2         
optlc_net_11901          1        1      2         
optlc_net_11902          1        1      2         
optlc_net_11903          1        1      2         
optlc_net_11904          1        1      2         
optlc_net_11905          1        1      2         
optlc_net_11906          1        1      2         
optlc_net_11907          1        1      2         
optlc_net_11908          1        1      2         
optlc_net_11909          1        1      2         
optlc_net_1191           1        1      2         
optlc_net_11910          1        1      2         
optlc_net_11911          1        1      2         
optlc_net_11912          1        1      2         
optlc_net_11913          1        1      2         
optlc_net_11914          1        1      2         
optlc_net_11915          1        1      2         
optlc_net_11916          1        1      2         
optlc_net_11917          1        1      2         
optlc_net_11918          1        1      2         
optlc_net_11919          1        1      2         
optlc_net_1192           1        1      2         
optlc_net_11920          1        1      2         
optlc_net_11921          1        1      2         
optlc_net_11922          1        1      2         
optlc_net_11923          1        1      2         
optlc_net_11924          1        1      2         
optlc_net_11925          1        1      2         
optlc_net_11926          1        1      2         
optlc_net_11927          1        1      2         
optlc_net_11928          1        1      2         
optlc_net_11929          1        1      2         
optlc_net_1193           1        1      2         
optlc_net_11930          1        1      2         
optlc_net_11931          1        1      2         
optlc_net_11932          1        1      2         
optlc_net_11933          1        1      2         
optlc_net_11934          1        1      2         
optlc_net_11935          1        1      2         
optlc_net_11936          1        1      2         
optlc_net_11937          1        1      2         
optlc_net_11938          1        1      2         
optlc_net_11939          1        1      2         
optlc_net_1194           1        1      2         
optlc_net_11940          1        1      2         
optlc_net_11941          1        1      2         
optlc_net_11942          1        1      2         
optlc_net_11943          1        1      2         
optlc_net_11944          1        1      2         
optlc_net_11945          1        1      2         
optlc_net_11946          1        1      2         
optlc_net_11947          1        1      2         
optlc_net_11948          1        1      2         
optlc_net_11949          1        1      2         
optlc_net_1195           1        1      2         
optlc_net_11950          1        1      2         
optlc_net_11951          1        1      2         
optlc_net_11952          1        1      2         
optlc_net_11953          1        1      2         
optlc_net_11954          1        1      2         
optlc_net_11955          1        1      2         
optlc_net_11956          1        1      2         
optlc_net_11957          1        1      2         
optlc_net_11958          1        1      2         
optlc_net_11959          1        1      2         
optlc_net_1196           1        1      2         
optlc_net_11960          1        1      2         
optlc_net_11961          1        1      2         
optlc_net_11962          1        1      2         
optlc_net_11963          1        1      2         
optlc_net_11964          1        1      2         
optlc_net_11965          1        1      2         
optlc_net_11966          1        1      2         
optlc_net_11967          1        1      2         
optlc_net_11968          1        1      2         
optlc_net_11969          1        1      2         
optlc_net_1197           1        1      2         
optlc_net_11970          1        1      2         
optlc_net_11971          1        1      2         
optlc_net_11972          1        1      2         
optlc_net_11973          1        1      2         
optlc_net_11974          1        1      2         
optlc_net_11975          1        1      2         
optlc_net_11976          1        1      2         
optlc_net_11977          1        1      2         
optlc_net_11978          1        1      2         
optlc_net_11979          1        1      2         
optlc_net_1198           1        1      2         
optlc_net_11980          1        1      2         
optlc_net_11981          1        1      2         
optlc_net_11982          1        1      2         
optlc_net_11983          1        1      2         
optlc_net_11984          1        1      2         
optlc_net_11985          1        1      2         
optlc_net_11986          1        1      2         
optlc_net_11987          1        1      2         
optlc_net_11988          1        1      2         
optlc_net_11989          1        1      2         
optlc_net_1199           1        1      2         
optlc_net_11990          1        1      2         
optlc_net_11991          1        1      2         
optlc_net_11992          1        1      2         
optlc_net_11993          1        1      2         
optlc_net_11994          1        1      2         
optlc_net_11995          1        1      2         
optlc_net_11996          1        1      2         
optlc_net_11997          1        1      2         
optlc_net_11998          1        1      2         
optlc_net_11999          1        1      2         
optlc_net_12             1        1      2         
optlc_net_120            1        1      2         
optlc_net_1200           1        1      2         
optlc_net_12000          1        1      2         
optlc_net_12001          1        1      2         
optlc_net_12002          1        1      2         
optlc_net_12003          1        1      2         
optlc_net_12004          1        1      2         
optlc_net_12005          1        1      2         
optlc_net_12006          1        1      2         
optlc_net_12007          1        1      2         
optlc_net_12008          1        1      2         
optlc_net_12009          1        1      2         
optlc_net_1201           1        1      2         
optlc_net_12010          1        1      2         
optlc_net_12011          1        1      2         
optlc_net_12012          1        1      2         
optlc_net_12013          1        1      2         
optlc_net_12014          1        1      2         
optlc_net_12015          1        1      2         
optlc_net_12016          1        1      2         
optlc_net_12017          1        1      2         
optlc_net_12018          1        1      2         
optlc_net_12019          1        1      2         
optlc_net_1202           1        1      2         
optlc_net_12020          1        1      2         
optlc_net_12021          1        1      2         
optlc_net_12022          1        1      2         
optlc_net_12023          1        1      2         
optlc_net_12024          1        1      2         
optlc_net_12025          1        1      2         
optlc_net_12026          1        1      2         
optlc_net_12027          1        1      2         
optlc_net_12028          1        1      2         
optlc_net_12029          1        1      2         
optlc_net_1203           1        1      2         
optlc_net_12030          1        1      2         
optlc_net_12031          1        1      2         
optlc_net_12032          1        1      2         
optlc_net_12033          1        1      2         
optlc_net_12034          1        1      2         
optlc_net_12035          1        1      2         
optlc_net_12036          1        1      2         
optlc_net_12037          1        1      2         
optlc_net_12038          1        1      2         
optlc_net_12039          1        1      2         
optlc_net_1204           1        1      2         
optlc_net_12040          1        1      2         
optlc_net_12041          1        1      2         
optlc_net_12042          1        1      2         
optlc_net_12043          1        1      2         
optlc_net_12044          1        1      2         
optlc_net_12045          1        1      2         
optlc_net_12046          1        1      2         
optlc_net_12047          1        1      2         
optlc_net_12048          1        1      2         
optlc_net_12049          1        1      2         
optlc_net_1205           1        1      2         
optlc_net_12050          1        1      2         
optlc_net_12051          1        1      2         
optlc_net_12052          1        1      2         
optlc_net_12053          1        1      2         
optlc_net_12054          1        1      2         
optlc_net_12055          1        1      2         
optlc_net_12056          1        1      2         
optlc_net_12057          1        1      2         
optlc_net_12058          1        1      2         
optlc_net_12059          1        1      2         
optlc_net_1206           1        1      2         
optlc_net_12060          1        1      2         
optlc_net_12061          1        1      2         
optlc_net_12062          1        1      2         
optlc_net_12063          1        1      2         
optlc_net_12064          1        1      2         
optlc_net_12065          1        1      2         
optlc_net_12066          1        1      2         
optlc_net_12067          1        1      2         
optlc_net_12068          1        1      2         
optlc_net_12069          1        1      2         
optlc_net_1207           1        1      2         
optlc_net_12070          1        1      2         
optlc_net_12071          1        1      2         
optlc_net_12072          1        1      2         
optlc_net_12073          1        1      2         
optlc_net_12074          1        1      2         
optlc_net_12075          1        1      2         
optlc_net_12076          1        1      2         
optlc_net_12077          1        1      2         
optlc_net_12078          1        1      2         
optlc_net_12079          1        1      2         
optlc_net_1208           1        1      2         
optlc_net_12080          1        1      2         
optlc_net_12081          1        1      2         
optlc_net_12082          1        1      2         
optlc_net_12083          1        1      2         
optlc_net_12084          1        1      2         
optlc_net_12085          1        1      2         
optlc_net_12086          1        1      2         
optlc_net_12087          1        1      2         
optlc_net_12088          1        1      2         
optlc_net_12089          1        1      2         
optlc_net_1209           1        1      2         
optlc_net_12090          1        1      2         
optlc_net_12091          1        1      2         
optlc_net_12092          1        1      2         
optlc_net_12093          1        1      2         
optlc_net_12094          1        1      2         
optlc_net_12095          1        1      2         
optlc_net_12096          1        1      2         
optlc_net_12097          1        1      2         
optlc_net_12098          1        1      2         
optlc_net_12099          1        1      2         
optlc_net_121            1        1      2         
optlc_net_1210           1        1      2         
optlc_net_12100          1        1      2         
optlc_net_12101          1        1      2         
optlc_net_12102          1        1      2         
optlc_net_12103          1        1      2         
optlc_net_12104          1        1      2         
optlc_net_12105          1        1      2         
optlc_net_12106          1        1      2         
optlc_net_12107          1        1      2         
optlc_net_12108          1        1      2         
optlc_net_12109          1        1      2         
optlc_net_1211           1        1      2         
optlc_net_12110          1        1      2         
optlc_net_12111          1        1      2         
optlc_net_12112          1        1      2         
optlc_net_12113          1        1      2         
optlc_net_12114          1        1      2         
optlc_net_12115          1        1      2         
optlc_net_12116          1        1      2         
optlc_net_12117          1        1      2         
optlc_net_12118          1        1      2         
optlc_net_12119          1        1      2         
optlc_net_1212           1        1      2         
optlc_net_12120          1        1      2         
optlc_net_12121          1        1      2         
optlc_net_12122          1        1      2         
optlc_net_12123          1        1      2         
optlc_net_12124          1        1      2         
optlc_net_12125          1        1      2         
optlc_net_12126          1        1      2         
optlc_net_12127          1        1      2         
optlc_net_12128          1        1      2         
optlc_net_12129          1        1      2         
optlc_net_1213           1        1      2         
optlc_net_12130          1        1      2         
optlc_net_12131          1        1      2         
optlc_net_12132          1        1      2         
optlc_net_12133          1        1      2         
optlc_net_12134          1        1      2         
optlc_net_12135          1        1      2         
optlc_net_12136          1        1      2         
optlc_net_12137          1        1      2         
optlc_net_12138          1        1      2         
optlc_net_12139          1        1      2         
optlc_net_1214           1        1      2         
optlc_net_12140          1        1      2         
optlc_net_12141          1        1      2         
optlc_net_12142          1        1      2         
optlc_net_12143          1        1      2         
optlc_net_12144          1        1      2         
optlc_net_12145          1        1      2         
optlc_net_12146          1        1      2         
optlc_net_12147          1        1      2         
optlc_net_12148          1        1      2         
optlc_net_12149          1        1      2         
optlc_net_1215           1        1      2         
optlc_net_12150          1        1      2         
optlc_net_12151          1        1      2         
optlc_net_12152          1        1      2         
optlc_net_12153          1        1      2         
optlc_net_12154          1        1      2         
optlc_net_12155          1        1      2         
optlc_net_12156          1        1      2         
optlc_net_12157          1        1      2         
optlc_net_12158          1        1      2         
optlc_net_12159          1        1      2         
optlc_net_1216           1        1      2         
optlc_net_12160          1        1      2         
optlc_net_12161          1        1      2         
optlc_net_12162          1        1      2         
optlc_net_12163          1        1      2         
optlc_net_12164          1        1      2         
optlc_net_12165          1        1      2         
optlc_net_12166          1        1      2         
optlc_net_12167          1        1      2         
optlc_net_12168          1        1      2         
optlc_net_12169          1        1      2         
optlc_net_1217           1        1      2         
optlc_net_12170          1        1      2         
optlc_net_12171          1        1      2         
optlc_net_12172          1        1      2         
optlc_net_12173          1        1      2         
optlc_net_12174          1        1      2         
optlc_net_12175          1        1      2         
optlc_net_12176          1        1      2         
optlc_net_12177          1        1      2         
optlc_net_12178          1        1      2         
optlc_net_12179          1        1      2         
optlc_net_1218           1        1      2         
optlc_net_12180          1        1      2         
optlc_net_12181          1        1      2         
optlc_net_12182          1        1      2         
optlc_net_12183          1        1      2         
optlc_net_12184          1        1      2         
optlc_net_12185          1        1      2         
optlc_net_12186          1        1      2         
optlc_net_12187          1        1      2         
optlc_net_12188          1        1      2         
optlc_net_12189          1        1      2         
optlc_net_1219           1        1      2         
optlc_net_12190          1        1      2         
optlc_net_12191          1        1      2         
optlc_net_12192          1        1      2         
optlc_net_12193          1        1      2         
optlc_net_12194          1        1      2         
optlc_net_12195          1        1      2         
optlc_net_12196          1        1      2         
optlc_net_12197          1        1      2         
optlc_net_12198          1        1      2         
optlc_net_12199          1        1      2         
optlc_net_122            1        1      2         
optlc_net_1220           1        1      2         
optlc_net_12200          1        1      2         
optlc_net_12201          1        1      2         
optlc_net_12202          1        1      2         
optlc_net_12203          1        1      2         
optlc_net_12204          1        1      2         
optlc_net_12205          1        1      2         
optlc_net_12206          1        1      2         
optlc_net_12207          1        1      2         
optlc_net_12208          1        1      2         
optlc_net_12209          1        1      2         
optlc_net_1221           1        1      2         
optlc_net_12210          1        1      2         
optlc_net_12211          1        1      2         
optlc_net_12212          1        1      2         
optlc_net_12213          1        1      2         
optlc_net_12214          1        1      2         
optlc_net_12215          1        1      2         
optlc_net_12216          1        1      2         
optlc_net_12217          1        1      2         
optlc_net_12218          1        1      2         
optlc_net_12219          1        1      2         
optlc_net_1222           1        1      2         
optlc_net_12220          1        1      2         
optlc_net_12221          1        1      2         
optlc_net_12222          1        1      2         
optlc_net_12223          1        1      2         
optlc_net_12224          1        1      2         
optlc_net_12225          1        1      2         
optlc_net_12226          1        1      2         
optlc_net_12227          1        1      2         
optlc_net_12228          1        1      2         
optlc_net_12229          1        1      2         
optlc_net_1223           1        1      2         
optlc_net_12230          1        1      2         
optlc_net_12231          1        1      2         
optlc_net_12232          1        1      2         
optlc_net_12233          1        1      2         
optlc_net_12234          1        1      2         
optlc_net_12235          1        1      2         
optlc_net_12236          1        1      2         
optlc_net_12237          1        1      2         
optlc_net_12238          1        1      2         
optlc_net_12239          1        1      2         
optlc_net_1224           1        1      2         
optlc_net_12240          1        1      2         
optlc_net_12241          1        1      2         
optlc_net_12242          1        1      2         
optlc_net_12243          1        1      2         
optlc_net_12244          1        1      2         
optlc_net_12245          1        1      2         
optlc_net_12246          1        1      2         
optlc_net_12247          1        1      2         
optlc_net_12248          1        1      2         
optlc_net_12249          1        1      2         
optlc_net_1225           1        1      2         
optlc_net_12250          1        1      2         
optlc_net_12251          1        1      2         
optlc_net_12252          1        1      2         
optlc_net_12253          1        1      2         
optlc_net_12254          1        1      2         
optlc_net_12255          1        1      2         
optlc_net_12256          1        1      2         
optlc_net_12257          1        1      2         
optlc_net_12258          1        1      2         
optlc_net_12259          1        1      2         
optlc_net_1226           1        1      2         
optlc_net_12260          1        1      2         
optlc_net_12261          1        1      2         
optlc_net_12262          1        1      2         
optlc_net_12263          1        1      2         
optlc_net_12264          1        1      2         
optlc_net_12265          1        1      2         
optlc_net_12266          1        1      2         
optlc_net_12267          1        1      2         
optlc_net_12268          1        1      2         
optlc_net_12269          1        1      2         
optlc_net_1227           1        1      2         
optlc_net_12270          1        1      2         
optlc_net_12271          1        1      2         
optlc_net_12272          1        1      2         
optlc_net_12273          1        1      2         
optlc_net_12274          1        1      2         
optlc_net_12275          1        1      2         
optlc_net_12276          1        1      2         
optlc_net_12277          1        1      2         
optlc_net_12278          1        1      2         
optlc_net_12279          1        1      2         
optlc_net_1228           1        1      2         
optlc_net_12280          1        1      2         
optlc_net_12281          1        1      2         
optlc_net_12282          1        1      2         
optlc_net_12283          1        1      2         
optlc_net_12284          1        1      2         
optlc_net_12285          1        1      2         
optlc_net_12286          1        1      2         
optlc_net_12287          1        1      2         
optlc_net_12288          1        1      2         
optlc_net_12289          1        1      2         
optlc_net_1229           1        1      2         
optlc_net_12290          1        1      2         
optlc_net_12291          1        1      2         
optlc_net_12292          1        1      2         
optlc_net_12293          1        1      2         
optlc_net_12294          1        1      2         
optlc_net_12295          1        1      2         
optlc_net_12296          1        1      2         
optlc_net_12297          1        1      2         
optlc_net_12298          1        1      2         
optlc_net_12299          1        1      2         
optlc_net_123            1        1      2         
optlc_net_1230           1        1      2         
optlc_net_12300          1        1      2         
optlc_net_12301          1        1      2         
optlc_net_12302          1        1      2         
optlc_net_12303          1        1      2         
optlc_net_12304          1        1      2         
optlc_net_12305          1        1      2         
optlc_net_12306          1        1      2         
optlc_net_12307          1        1      2         
optlc_net_12308          1        1      2         
optlc_net_12309          1        1      2         
optlc_net_1231           1        1      2         
optlc_net_12310          1        1      2         
optlc_net_12311          1        1      2         
optlc_net_12312          1        1      2         
optlc_net_12313          1        1      2         
optlc_net_12314          1        1      2         
optlc_net_12315          1        1      2         
optlc_net_12316          1        1      2         
optlc_net_12317          1        1      2         
optlc_net_12318          1        1      2         
optlc_net_12319          1        1      2         
optlc_net_1232           1        1      2         
optlc_net_12320          1        1      2         
optlc_net_12321          1        1      2         
optlc_net_12322          1        1      2         
optlc_net_12323          1        1      2         
optlc_net_12324          1        1      2         
optlc_net_12325          1        1      2         
optlc_net_12326          1        1      2         
optlc_net_12327          1        1      2         
optlc_net_12328          1        1      2         
optlc_net_12329          1        1      2         
optlc_net_1233           1        1      2         
optlc_net_12330          1        1      2         
optlc_net_12331          1        1      2         
optlc_net_12332          1        1      2         
optlc_net_12333          1        1      2         
optlc_net_12334          1        1      2         
optlc_net_12335          1        1      2         
optlc_net_12336          1        1      2         
optlc_net_12337          1        1      2         
optlc_net_12338          1        1      2         
optlc_net_12339          1        1      2         
optlc_net_1234           1        1      2         
optlc_net_12340          1        1      2         
optlc_net_12341          1        1      2         
optlc_net_12342          1        1      2         
optlc_net_12343          1        1      2         
optlc_net_12344          1        1      2         
optlc_net_12345          1        1      2         
optlc_net_12346          1        1      2         
optlc_net_12347          1        1      2         
optlc_net_12348          1        1      2         
optlc_net_12349          1        1      2         
optlc_net_1235           1        1      2         
optlc_net_12350          1        1      2         
optlc_net_12351          1        1      2         
optlc_net_12352          1        1      2         
optlc_net_12353          1        1      2         
optlc_net_12354          1        1      2         
optlc_net_12355          1        1      2         
optlc_net_12356          1        1      2         
optlc_net_12357          1        1      2         
optlc_net_12358          1        1      2         
optlc_net_12359          1        1      2         
optlc_net_1236           1        1      2         
optlc_net_12360          1        1      2         
optlc_net_12361          1        1      2         
optlc_net_12362          1        1      2         
optlc_net_12363          1        1      2         
optlc_net_12364          1        1      2         
optlc_net_12365          1        1      2         
optlc_net_12366          1        1      2         
optlc_net_12367          1        1      2         
optlc_net_12368          1        1      2         
optlc_net_12369          1        1      2         
optlc_net_1237           1        1      2         
optlc_net_12370          1        1      2         
optlc_net_12371          1        1      2         
optlc_net_12372          1        1      2         
optlc_net_12373          1        1      2         
optlc_net_12374          1        1      2         
optlc_net_12375          1        1      2         
optlc_net_12376          1        1      2         
optlc_net_12377          1        1      2         
optlc_net_12378          1        1      2         
optlc_net_12379          1        1      2         
optlc_net_1238           1        1      2         
optlc_net_12380          1        1      2         
optlc_net_12381          1        1      2         
optlc_net_12382          1        1      2         
optlc_net_12383          1        1      2         
optlc_net_12384          1        1      2         
optlc_net_12385          1        1      2         
optlc_net_12386          1        1      2         
optlc_net_12387          1        1      2         
optlc_net_12388          1        1      2         
optlc_net_12389          1        1      2         
optlc_net_1239           1        1      2         
optlc_net_12390          1        1      2         
optlc_net_12391          1        1      2         
optlc_net_12392          1        1      2         
optlc_net_12393          1        1      2         
optlc_net_12394          1        1      2         
optlc_net_12395          1        1      2         
optlc_net_12396          1        1      2         
optlc_net_12397          1        1      2         
optlc_net_12398          1        1      2         
optlc_net_12399          1        1      2         
optlc_net_124            1        1      2         
optlc_net_1240           1        1      2         
optlc_net_12400          1        1      2         
optlc_net_12401          1        1      2         
optlc_net_12402          1        1      2         
optlc_net_12403          1        1      2         
optlc_net_12404          1        1      2         
optlc_net_12405          1        1      2         
optlc_net_12406          1        1      2         
optlc_net_12407          1        1      2         
optlc_net_12408          1        1      2         
optlc_net_12409          1        1      2         
optlc_net_1241           1        1      2         
optlc_net_12410          1        1      2         
optlc_net_12411          1        1      2         
optlc_net_12412          1        1      2         
optlc_net_12413          1        1      2         
optlc_net_12414          1        1      2         
optlc_net_12415          1        1      2         
optlc_net_12416          1        1      2         
optlc_net_12417          1        1      2         
optlc_net_12418          1        1      2         
optlc_net_12419          1        1      2         
optlc_net_1242           1        1      2         
optlc_net_12420          1        1      2         
optlc_net_12421          1        1      2         
optlc_net_12422          1        1      2         
optlc_net_12423          1        1      2         
optlc_net_12424          1        1      2         
optlc_net_12425          1        1      2         
optlc_net_12426          1        1      2         
optlc_net_12427          1        1      2         
optlc_net_12428          1        1      2         
optlc_net_12429          1        1      2         
optlc_net_1243           1        1      2         
optlc_net_12430          1        1      2         
optlc_net_12431          1        1      2         
optlc_net_12432          1        1      2         
optlc_net_12433          1        1      2         
optlc_net_12434          1        1      2         
optlc_net_12435          1        1      2         
optlc_net_12436          1        1      2         
optlc_net_12437          1        1      2         
optlc_net_12438          1        1      2         
optlc_net_12439          1        1      2         
optlc_net_1244           1        1      2         
optlc_net_12440          1        1      2         
optlc_net_12441          1        1      2         
optlc_net_12442          1        1      2         
optlc_net_12443          1        1      2         
optlc_net_12444          1        1      2         
optlc_net_12445          1        1      2         
optlc_net_12446          1        1      2         
optlc_net_12447          1        1      2         
optlc_net_12448          1        1      2         
optlc_net_12449          1        1      2         
optlc_net_1245           1        1      2         
optlc_net_12450          1        1      2         
optlc_net_12451          1        1      2         
optlc_net_12452          1        1      2         
optlc_net_12453          1        1      2         
optlc_net_12454          1        1      2         
optlc_net_12455          1        1      2         
optlc_net_12456          1        1      2         
optlc_net_12457          1        1      2         
optlc_net_12458          1        1      2         
optlc_net_12459          1        1      2         
optlc_net_1246           1        1      2         
optlc_net_12460          1        1      2         
optlc_net_12461          1        1      2         
optlc_net_12462          1        1      2         
optlc_net_12463          1        1      2         
optlc_net_12464          1        1      2         
optlc_net_12465          1        1      2         
optlc_net_12466          1        1      2         
optlc_net_12467          1        1      2         
optlc_net_12468          1        1      2         
optlc_net_12469          1        1      2         
optlc_net_1247           1        1      2         
optlc_net_12470          1        1      2         
optlc_net_12471          1        1      2         
optlc_net_12472          1        1      2         
optlc_net_12473          1        1      2         
optlc_net_12474          1        1      2         
optlc_net_12475          1        1      2         
optlc_net_12476          1        1      2         
optlc_net_12477          1        1      2         
optlc_net_12478          1        1      2         
optlc_net_12479          1        1      2         
optlc_net_1248           1        1      2         
optlc_net_12480          1        1      2         
optlc_net_12481          1        1      2         
optlc_net_12482          1        1      2         
optlc_net_12483          1        1      2         
optlc_net_12484          1        1      2         
optlc_net_12485          1        1      2         
optlc_net_12486          1        1      2         
optlc_net_12487          1        1      2         
optlc_net_12488          1        1      2         
optlc_net_12489          1        1      2         
optlc_net_1249           1        1      2         
optlc_net_12490          1        1      2         
optlc_net_12491          1        1      2         
optlc_net_12492          1        1      2         
optlc_net_12493          1        1      2         
optlc_net_12494          1        1      2         
optlc_net_12495          1        1      2         
optlc_net_12496          1        1      2         
optlc_net_12497          1        1      2         
optlc_net_12498          1        1      2         
optlc_net_12499          1        1      2         
optlc_net_125            1        1      2         
optlc_net_1250           1        1      2         
optlc_net_12500          1        1      2         
optlc_net_12501          1        1      2         
optlc_net_12502          1        1      2         
optlc_net_12503          1        1      2         
optlc_net_12504          1        1      2         
optlc_net_12505          1        1      2         
optlc_net_12506          1        1      2         
optlc_net_12507          1        1      2         
optlc_net_12508          1        1      2         
optlc_net_12509          1        1      2         
optlc_net_1251           1        1      2         
optlc_net_12510          1        1      2         
optlc_net_12511          1        1      2         
optlc_net_12512          1        1      2         
optlc_net_12513          1        1      2         
optlc_net_12514          1        1      2         
optlc_net_12515          1        1      2         
optlc_net_12516          1        1      2         
optlc_net_12517          1        1      2         
optlc_net_12518          1        1      2         
optlc_net_12519          1        1      2         
optlc_net_1252           1        1      2         
optlc_net_12520          1        1      2         
optlc_net_12521          1        1      2         
optlc_net_12522          1        1      2         
optlc_net_12523          1        1      2         
optlc_net_12524          1        1      2         
optlc_net_12525          1        1      2         
optlc_net_12526          1        1      2         
optlc_net_12527          1        1      2         
optlc_net_12528          1        1      2         
optlc_net_12529          1        1      2         
optlc_net_1253           1        1      2         
optlc_net_12530          1        1      2         
optlc_net_12531          1        1      2         
optlc_net_12532          1        1      2         
optlc_net_12533          1        1      2         
optlc_net_12534          1        1      2         
optlc_net_12535          1        1      2         
optlc_net_12536          1        1      2         
optlc_net_12537          1        1      2         
optlc_net_12538          1        1      2         
optlc_net_12539          1        1      2         
optlc_net_1254           1        1      2         
optlc_net_12540          1        1      2         
optlc_net_12541          1        1      2         
optlc_net_12542          1        1      2         
optlc_net_12543          1        1      2         
optlc_net_12544          1        1      2         
optlc_net_12545          1        1      2         
optlc_net_12546          1        1      2         
optlc_net_12547          1        1      2         
optlc_net_12548          1        1      2         
optlc_net_12549          1        1      2         
optlc_net_1255           1        1      2         
optlc_net_12550          1        1      2         
optlc_net_12551          1        1      2         
optlc_net_12552          1        1      2         
optlc_net_12553          1        1      2         
optlc_net_12554          1        1      2         
optlc_net_12555          1        1      2         
optlc_net_12556          1        1      2         
optlc_net_12557          1        1      2         
optlc_net_12558          1        1      2         
optlc_net_12559          1        1      2         
optlc_net_1256           1        1      2         
optlc_net_12560          1        1      2         
optlc_net_12561          1        1      2         
optlc_net_12562          1        1      2         
optlc_net_12563          1        1      2         
optlc_net_12564          1        1      2         
optlc_net_12565          1        1      2         
optlc_net_12566          1        1      2         
optlc_net_12567          1        1      2         
optlc_net_12568          1        1      2         
optlc_net_12569          1        1      2         
optlc_net_1257           1        1      2         
optlc_net_12570          1        1      2         
optlc_net_12571          1        1      2         
optlc_net_12572          1        1      2         
optlc_net_12573          1        1      2         
optlc_net_12574          1        1      2         
optlc_net_12575          1        1      2         
optlc_net_12576          1        1      2         
optlc_net_12577          1        1      2         
optlc_net_12578          1        1      2         
optlc_net_12579          1        1      2         
optlc_net_1258           1        1      2         
optlc_net_12580          1        1      2         
optlc_net_12581          1        1      2         
optlc_net_12582          1        1      2         
optlc_net_12583          1        1      2         
optlc_net_12584          1        1      2         
optlc_net_12585          1        1      2         
optlc_net_12586          1        1      2         
optlc_net_12587          1        1      2         
optlc_net_12588          1        1      2         
optlc_net_12589          1        1      2         
optlc_net_1259           1        1      2         
optlc_net_12590          1        1      2         
optlc_net_12591          1        1      2         
optlc_net_12592          1        1      2         
optlc_net_12593          1        1      2         
optlc_net_12594          1        1      2         
optlc_net_12595          1        1      2         
optlc_net_12596          1        1      2         
optlc_net_12597          1        1      2         
optlc_net_12598          1        1      2         
optlc_net_12599          1        1      2         
optlc_net_126            1        1      2         
optlc_net_1260           1        1      2         
optlc_net_12600          1        1      2         
optlc_net_12601          1        1      2         
optlc_net_12602          1        1      2         
optlc_net_12603          1        1      2         
optlc_net_12604          1        1      2         
optlc_net_12605          1        1      2         
optlc_net_12606          1        1      2         
optlc_net_12607          1        1      2         
optlc_net_12608          1        1      2         
optlc_net_12609          1        1      2         
optlc_net_1261           1        1      2         
optlc_net_12610          1        1      2         
optlc_net_12611          1        1      2         
optlc_net_12612          1        1      2         
optlc_net_12613          1        1      2         
optlc_net_12614          1        1      2         
optlc_net_12615          1        1      2         
optlc_net_12616          1        1      2         
optlc_net_12617          1        1      2         
optlc_net_12618          1        1      2         
optlc_net_12619          1        1      2         
optlc_net_1262           1        1      2         
optlc_net_12620          1        1      2         
optlc_net_12621          1        1      2         
optlc_net_12622          1        1      2         
optlc_net_12623          1        1      2         
optlc_net_12624          1        1      2         
optlc_net_12625          1        1      2         
optlc_net_12626          1        1      2         
optlc_net_12627          1        1      2         
optlc_net_12628          1        1      2         
optlc_net_12629          1        1      2         
optlc_net_1263           1        1      2         
optlc_net_12630          1        1      2         
optlc_net_12631          1        1      2         
optlc_net_12632          1        1      2         
optlc_net_12633          1        1      2         
optlc_net_12634          1        1      2         
optlc_net_12636          1        1      2         
optlc_net_12637          1        1      2         
optlc_net_12638          1        1      2         
optlc_net_12639          1        1      2         
optlc_net_1264           1        1      2         
optlc_net_12640          1        1      2         
optlc_net_12641          1        1      2         
optlc_net_12642          1        1      2         
optlc_net_12643          1        1      2         
optlc_net_12644          1        1      2         
optlc_net_12645          1        1      2         
optlc_net_12646          1        1      2         
optlc_net_12647          1        1      2         
optlc_net_12648          1        1      2         
optlc_net_12649          1        1      2         
optlc_net_1265           1        1      2         
optlc_net_12650          1        1      2         
optlc_net_12651          1        1      2         
optlc_net_12652          1        1      2         
optlc_net_12653          1        1      2         
optlc_net_12654          1        1      2         
optlc_net_12655          1        1      2         
optlc_net_12656          1        1      2         
optlc_net_12657          1        1      2         
optlc_net_12658          1        1      2         
optlc_net_12659          1        1      2         
optlc_net_1266           1        1      2         
optlc_net_12660          1        1      2         
optlc_net_12661          1        1      2         
optlc_net_12662          1        1      2         
optlc_net_12663          1        1      2         
optlc_net_12664          1        1      2         
optlc_net_12665          1        1      2         
optlc_net_12666          1        1      2         
optlc_net_12667          1        1      2         
optlc_net_12668          1        1      2         
optlc_net_12669          1        1      2         
optlc_net_1267           1        1      2         
optlc_net_12670          1        1      2         
optlc_net_12671          1        1      2         
optlc_net_12672          1        1      2         
optlc_net_12673          1        1      2         
optlc_net_12674          1        1      2         
optlc_net_12675          1        1      2         
optlc_net_12676          1        1      2         
optlc_net_12677          1        1      2         
optlc_net_12678          1        1      2         
optlc_net_12679          1        1      2         
optlc_net_1268           1        1      2         
optlc_net_12680          1        1      2         
optlc_net_12681          1        1      2         
optlc_net_12682          1        1      2         
optlc_net_12683          1        1      2         
optlc_net_12684          1        1      2         
optlc_net_12685          1        1      2         
optlc_net_12686          1        1      2         
optlc_net_12687          1        1      2         
optlc_net_12688          1        1      2         
optlc_net_12689          1        1      2         
optlc_net_1269           1        1      2         
optlc_net_12690          1        1      2         
optlc_net_12691          1        1      2         
optlc_net_12692          1        1      2         
optlc_net_12693          1        1      2         
optlc_net_12694          1        1      2         
optlc_net_12695          1        1      2         
optlc_net_12696          1        1      2         
optlc_net_12697          1        1      2         
optlc_net_12698          1        1      2         
optlc_net_12699          1        1      2         
optlc_net_127            1        1      2         
optlc_net_1270           1        1      2         
optlc_net_12700          1        1      2         
optlc_net_12701          1        1      2         
optlc_net_12702          1        1      2         
optlc_net_12703          1        1      2         
optlc_net_12704          1        1      2         
optlc_net_12705          1        1      2         
optlc_net_12706          1        1      2         
optlc_net_12707          1        1      2         
optlc_net_12708          1        1      2         
optlc_net_12709          1        1      2         
optlc_net_1271           1        1      2         
optlc_net_12710          1        1      2         
optlc_net_12711          1        1      2         
optlc_net_12712          1        1      2         
optlc_net_12713          1        1      2         
optlc_net_12714          1        1      2         
optlc_net_12715          1        1      2         
optlc_net_12716          1        1      2         
optlc_net_12717          1        1      2         
optlc_net_12718          1        1      2         
optlc_net_12719          1        1      2         
optlc_net_1272           1        1      2         
optlc_net_12720          1        1      2         
optlc_net_12721          1        1      2         
optlc_net_12722          1        1      2         
optlc_net_12723          1        1      2         
optlc_net_12724          1        1      2         
optlc_net_12726          1        1      2         
optlc_net_12727          1        1      2         
optlc_net_12728          1        1      2         
optlc_net_12729          1        1      2         
optlc_net_1273           1        1      2         
optlc_net_12730          1        1      2         
optlc_net_12731          1        1      2         
optlc_net_12732          1        1      2         
optlc_net_12733          1        1      2         
optlc_net_12734          1        1      2         
optlc_net_12735          1        1      2         
optlc_net_12736          1        1      2         
optlc_net_12737          1        1      2         
optlc_net_12738          1        1      2         
optlc_net_12739          1        1      2         
optlc_net_1274           1        1      2         
optlc_net_12740          1        1      2         
optlc_net_12741          1        1      2         
optlc_net_12742          1        1      2         
optlc_net_12743          1        1      2         
optlc_net_12744          1        1      2         
optlc_net_12745          1        1      2         
optlc_net_12746          1        1      2         
optlc_net_12747          1        1      2         
optlc_net_12748          1        1      2         
optlc_net_12749          1        1      2         
optlc_net_1275           1        1      2         
optlc_net_12750          1        1      2         
optlc_net_12751          1        1      2         
optlc_net_12752          1        1      2         
optlc_net_12753          1        1      2         
optlc_net_12754          1        1      2         
optlc_net_12755          1        1      2         
optlc_net_12756          1        1      2         
optlc_net_12757          1        1      2         
optlc_net_12758          1        1      2         
optlc_net_12759          1        1      2         
optlc_net_1276           1        1      2         
optlc_net_12760          1        1      2         
optlc_net_12761          1        1      2         
optlc_net_12762          1        1      2         
optlc_net_12763          1        1      2         
optlc_net_12764          1        1      2         
optlc_net_12765          1        1      2         
optlc_net_12766          1        1      2         
optlc_net_12767          1        1      2         
optlc_net_12768          1        1      2         
optlc_net_12769          1        1      2         
optlc_net_1277           1        1      2         
optlc_net_12770          1        1      2         
optlc_net_1278           1        1      2         
optlc_net_1279           1        1      2         
optlc_net_128            1        1      2         
optlc_net_1280           1        1      2         
optlc_net_1281           1        1      2         
optlc_net_1282           1        1      2         
optlc_net_1283           1        1      2         
optlc_net_1284           1        1      2         
optlc_net_1285           1        1      2         
optlc_net_1286           1        1      2         
optlc_net_1287           1        1      2         
optlc_net_1288           1        1      2         
optlc_net_1289           1        1      2         
optlc_net_129            1        1      2         
optlc_net_1290           1        1      2         
optlc_net_1291           1        1      2         
optlc_net_1292           1        1      2         
optlc_net_1293           1        1      2         
optlc_net_1294           1        1      2         
optlc_net_1295           1        1      2         
optlc_net_1296           1        1      2         
optlc_net_1297           1        1      2         
optlc_net_1298           1        1      2         
optlc_net_1299           1        1      2         
optlc_net_13             1        1      2         
optlc_net_130            1        1      2         
optlc_net_1300           1        1      2         
optlc_net_1301           1        1      2         
optlc_net_1302           1        1      2         
optlc_net_1303           1        1      2         
optlc_net_1304           1        1      2         
optlc_net_1305           1        1      2         
optlc_net_1306           1        1      2         
optlc_net_1307           1        1      2         
optlc_net_1308           1        1      2         
optlc_net_1309           1        1      2         
optlc_net_131            1        1      2         
optlc_net_1310           1        1      2         
optlc_net_1311           1        1      2         
optlc_net_1312           1        1      2         
optlc_net_1313           1        1      2         
optlc_net_1314           1        1      2         
optlc_net_1315           1        1      2         
optlc_net_1316           1        1      2         
optlc_net_1317           1        1      2         
optlc_net_1318           1        1      2         
optlc_net_1319           1        1      2         
optlc_net_132            1        1      2         
optlc_net_1320           1        1      2         
optlc_net_1321           1        1      2         
optlc_net_1322           1        1      2         
optlc_net_1323           1        1      2         
optlc_net_1324           1        1      2         
optlc_net_1325           1        1      2         
optlc_net_1326           1        1      2         
optlc_net_1327           1        1      2         
optlc_net_1328           1        1      2         
optlc_net_1329           1        1      2         
optlc_net_133            1        1      2         
optlc_net_1330           1        1      2         
optlc_net_1331           1        1      2         
optlc_net_1332           1        1      2         
optlc_net_1333           1        1      2         
optlc_net_1334           1        1      2         
optlc_net_1335           1        1      2         
optlc_net_1336           1        1      2         
optlc_net_1337           1        1      2         
optlc_net_1338           1        1      2         
optlc_net_1339           1        1      2         
optlc_net_134            1        1      2         
optlc_net_1340           1        1      2         
optlc_net_1341           1        1      2         
optlc_net_1342           1        1      2         
optlc_net_1343           1        1      2         
optlc_net_1344           1        1      2         
optlc_net_1345           1        1      2         
optlc_net_1346           1        1      2         
optlc_net_1347           1        1      2         
optlc_net_1348           1        1      2         
optlc_net_1349           1        1      2         
optlc_net_135            1        1      2         
optlc_net_1350           1        1      2         
optlc_net_1351           1        1      2         
optlc_net_1352           1        1      2         
optlc_net_1353           1        1      2         
optlc_net_1354           1        1      2         
optlc_net_1355           1        1      2         
optlc_net_1356           1        1      2         
optlc_net_1357           1        1      2         
optlc_net_1358           1        1      2         
optlc_net_1359           1        1      2         
optlc_net_136            1        1      2         
optlc_net_1360           1        1      2         
optlc_net_1361           1        1      2         
optlc_net_1362           1        1      2         
optlc_net_1363           1        1      2         
optlc_net_1364           1        1      2         
optlc_net_1365           1        1      2         
optlc_net_1366           1        1      2         
optlc_net_1367           1        1      2         
optlc_net_1368           1        1      2         
optlc_net_1369           1        1      2         
optlc_net_137            1        1      2         
optlc_net_1370           1        1      2         
optlc_net_1371           1        1      2         
optlc_net_1372           1        1      2         
optlc_net_1373           1        1      2         
optlc_net_1374           1        1      2         
optlc_net_1375           1        1      2         
optlc_net_1376           1        1      2         
optlc_net_1377           1        1      2         
optlc_net_1378           1        1      2         
optlc_net_1379           1        1      2         
optlc_net_138            1        1      2         
optlc_net_1380           1        1      2         
optlc_net_1381           1        1      2         
optlc_net_1382           1        1      2         
optlc_net_1383           1        1      2         
optlc_net_1384           1        1      2         
optlc_net_1385           1        1      2         
optlc_net_1386           1        1      2         
optlc_net_1387           1        1      2         
optlc_net_1388           1        1      2         
optlc_net_1389           1        1      2         
optlc_net_139            1        1      2         
optlc_net_1390           1        1      2         
optlc_net_1391           1        1      2         
optlc_net_1392           1        1      2         
optlc_net_1393           1        1      2         
optlc_net_1394           1        1      2         
optlc_net_1395           1        1      2         
optlc_net_1396           1        1      2         
optlc_net_1397           1        1      2         
optlc_net_1398           1        1      2         
optlc_net_1399           1        1      2         
optlc_net_14             1        1      2         
optlc_net_140            1        1      2         
optlc_net_1400           1        1      2         
optlc_net_1401           1        1      2         
optlc_net_1402           1        1      2         
optlc_net_1403           1        1      2         
optlc_net_1404           1        1      2         
optlc_net_1405           1        1      2         
optlc_net_1406           1        1      2         
optlc_net_1407           1        1      2         
optlc_net_1408           1        1      2         
optlc_net_1409           1        1      2         
optlc_net_141            1        1      2         
optlc_net_1410           1        1      2         
optlc_net_1411           1        1      2         
optlc_net_1412           1        1      2         
optlc_net_1413           1        1      2         
optlc_net_1414           1        1      2         
optlc_net_1415           1        1      2         
optlc_net_1416           1        1      2         
optlc_net_1417           1        1      2         
optlc_net_1418           1        1      2         
optlc_net_1419           1        1      2         
optlc_net_142            1        1      2         
optlc_net_1420           1        1      2         
optlc_net_1421           1        1      2         
optlc_net_1422           1        1      2         
optlc_net_1423           1        1      2         
optlc_net_1424           1        1      2         
optlc_net_1425           1        1      2         
optlc_net_1426           1        1      2         
optlc_net_1427           1        1      2         
optlc_net_1428           1        1      2         
optlc_net_1429           1        1      2         
optlc_net_143            1        1      2         
optlc_net_1430           1        1      2         
optlc_net_1431           1        1      2         
optlc_net_1432           1        1      2         
optlc_net_1433           1        1      2         
optlc_net_1434           1        1      2         
optlc_net_1435           1        1      2         
optlc_net_1436           1        1      2         
optlc_net_1437           1        1      2         
optlc_net_1438           1        1      2         
optlc_net_1439           1        1      2         
optlc_net_144            1        1      2         
optlc_net_1440           1        1      2         
optlc_net_1441           1        1      2         
optlc_net_1442           1        1      2         
optlc_net_1443           1        1      2         
optlc_net_1444           1        1      2         
optlc_net_1445           1        1      2         
optlc_net_1446           1        1      2         
optlc_net_1447           1        1      2         
optlc_net_1448           1        1      2         
optlc_net_1449           1        1      2         
optlc_net_145            1        1      2         
optlc_net_1450           1        1      2         
optlc_net_1451           1        1      2         
optlc_net_1452           1        1      2         
optlc_net_1453           1        1      2         
optlc_net_1454           1        1      2         
optlc_net_1455           1        1      2         
optlc_net_1456           1        1      2         
optlc_net_1457           1        1      2         
optlc_net_1458           1        1      2         
optlc_net_1459           1        1      2         
optlc_net_146            1        1      2         
optlc_net_1460           1        1      2         
optlc_net_1461           1        1      2         
optlc_net_1462           1        1      2         
optlc_net_1463           1        1      2         
optlc_net_1464           1        1      2         
optlc_net_1465           1        1      2         
optlc_net_1466           1        1      2         
optlc_net_1467           1        1      2         
optlc_net_1468           1        1      2         
optlc_net_1469           1        1      2         
optlc_net_147            1        1      2         
optlc_net_1470           1        1      2         
optlc_net_1471           1        1      2         
optlc_net_1472           1        1      2         
optlc_net_1473           1        1      2         
optlc_net_1474           1        1      2         
optlc_net_1475           1        1      2         
optlc_net_1476           1        1      2         
optlc_net_1477           1        1      2         
optlc_net_1478           1        1      2         
optlc_net_1479           1        1      2         
optlc_net_148            1        1      2         
optlc_net_1480           1        1      2         
optlc_net_1481           1        1      2         
optlc_net_1482           1        1      2         
optlc_net_1483           1        1      2         
optlc_net_1484           1        1      2         
optlc_net_1485           1        1      2         
optlc_net_1486           1        1      2         
optlc_net_1487           1        1      2         
optlc_net_1488           1        1      2         
optlc_net_1489           1        1      2         
optlc_net_149            1        1      2         
optlc_net_1490           1        1      2         
optlc_net_1491           1        1      2         
optlc_net_1492           1        1      2         
optlc_net_1493           1        1      2         
optlc_net_1494           1        1      2         
optlc_net_1495           1        1      2         
optlc_net_1496           1        1      2         
optlc_net_1497           1        1      2         
optlc_net_1498           1        1      2         
optlc_net_1499           1        1      2         
optlc_net_15             1        1      2         
optlc_net_150            1        1      2         
optlc_net_1500           1        1      2         
optlc_net_1501           1        1      2         
optlc_net_1502           1        1      2         
optlc_net_1503           1        1      2         
optlc_net_1504           1        1      2         
optlc_net_1505           1        1      2         
optlc_net_1506           1        1      2         
optlc_net_1507           1        1      2         
optlc_net_1508           1        1      2         
optlc_net_1509           1        1      2         
optlc_net_151            1        1      2         
optlc_net_1510           1        1      2         
optlc_net_1511           1        1      2         
optlc_net_1512           1        1      2         
optlc_net_1513           1        1      2         
optlc_net_1514           1        1      2         
optlc_net_1515           1        1      2         
optlc_net_1516           1        1      2         
optlc_net_1517           1        1      2         
optlc_net_1518           1        1      2         
optlc_net_1519           1        1      2         
optlc_net_152            1        1      2         
optlc_net_1520           1        1      2         
optlc_net_1521           1        1      2         
optlc_net_1522           1        1      2         
optlc_net_1523           1        1      2         
optlc_net_1524           1        1      2         
optlc_net_1525           1        1      2         
optlc_net_1526           1        1      2         
optlc_net_1527           1        1      2         
optlc_net_1528           1        1      2         
optlc_net_1529           1        1      2         
optlc_net_153            1        1      2         
optlc_net_1530           1        1      2         
optlc_net_1531           1        1      2         
optlc_net_1532           1        1      2         
optlc_net_1533           1        1      2         
optlc_net_1534           1        1      2         
optlc_net_1535           1        1      2         
optlc_net_1536           1        1      2         
optlc_net_1537           1        1      2         
optlc_net_1538           1        1      2         
optlc_net_1539           1        1      2         
optlc_net_154            1        1      2         
optlc_net_1540           1        1      2         
optlc_net_1541           1        1      2         
optlc_net_1542           1        1      2         
optlc_net_1543           1        1      2         
optlc_net_1544           1        1      2         
optlc_net_1545           1        1      2         
optlc_net_1546           1        1      2         
optlc_net_1547           1        1      2         
optlc_net_1548           1        1      2         
optlc_net_1549           1        1      2         
optlc_net_155            1        1      2         
optlc_net_1550           1        1      2         
optlc_net_1551           1        1      2         
optlc_net_1552           1        1      2         
optlc_net_1553           1        1      2         
optlc_net_1554           1        1      2         
optlc_net_1555           1        1      2         
optlc_net_1556           1        1      2         
optlc_net_1557           1        1      2         
optlc_net_1558           1        1      2         
optlc_net_1559           1        1      2         
optlc_net_156            1        1      2         
optlc_net_1560           1        1      2         
optlc_net_1561           1        1      2         
optlc_net_1562           1        1      2         
optlc_net_1563           1        1      2         
optlc_net_1564           1        1      2         
optlc_net_1565           1        1      2         
optlc_net_1566           1        1      2         
optlc_net_1567           1        1      2         
optlc_net_1568           1        1      2         
optlc_net_1569           1        1      2         
optlc_net_157            1        1      2         
optlc_net_1570           1        1      2         
optlc_net_1571           1        1      2         
optlc_net_1572           1        1      2         
optlc_net_1573           1        1      2         
optlc_net_1574           1        1      2         
optlc_net_1575           1        1      2         
optlc_net_1576           1        1      2         
optlc_net_1577           1        1      2         
optlc_net_1578           1        1      2         
optlc_net_1579           1        1      2         
optlc_net_158            1        1      2         
optlc_net_1580           1        1      2         
optlc_net_1581           1        1      2         
optlc_net_1582           1        1      2         
optlc_net_1583           1        1      2         
optlc_net_1584           1        1      2         
optlc_net_1585           1        1      2         
optlc_net_1586           1        1      2         
optlc_net_1587           1        1      2         
optlc_net_1588           1        1      2         
optlc_net_1589           1        1      2         
optlc_net_159            1        1      2         
optlc_net_1590           1        1      2         
optlc_net_1591           1        1      2         
optlc_net_1592           1        1      2         
optlc_net_1593           1        1      2         
optlc_net_1594           1        1      2         
optlc_net_1595           1        1      2         
optlc_net_1596           1        1      2         
optlc_net_1597           1        1      2         
optlc_net_1598           1        1      2         
optlc_net_1599           1        1      2         
optlc_net_16             1        1      2         
optlc_net_160            1        1      2         
optlc_net_1600           1        1      2         
optlc_net_1601           1        1      2         
optlc_net_1602           1        1      2         
optlc_net_1603           1        1      2         
optlc_net_1604           1        1      2         
optlc_net_1605           1        1      2         
optlc_net_1606           1        1      2         
optlc_net_1607           1        1      2         
optlc_net_1608           1        1      2         
optlc_net_1609           1        1      2         
optlc_net_161            1        1      2         
optlc_net_1610           1        1      2         
optlc_net_1611           1        1      2         
optlc_net_1612           1        1      2         
optlc_net_1613           1        1      2         
optlc_net_1614           1        1      2         
optlc_net_1615           1        1      2         
optlc_net_1616           1        1      2         
optlc_net_1617           1        1      2         
optlc_net_1618           1        1      2         
optlc_net_1619           1        1      2         
optlc_net_162            1        1      2         
optlc_net_1620           1        1      2         
optlc_net_1621           1        1      2         
optlc_net_1622           1        1      2         
optlc_net_1623           1        1      2         
optlc_net_1624           1        1      2         
optlc_net_1625           1        1      2         
optlc_net_1626           1        1      2         
optlc_net_1627           1        1      2         
optlc_net_1628           1        1      2         
optlc_net_1629           1        1      2         
optlc_net_163            1        1      2         
optlc_net_1630           1        1      2         
optlc_net_1631           1        1      2         
optlc_net_1632           1        1      2         
optlc_net_1633           1        1      2         
optlc_net_1634           1        1      2         
optlc_net_1635           1        1      2         
optlc_net_1636           1        1      2         
optlc_net_1637           1        1      2         
optlc_net_1638           1        1      2         
optlc_net_1639           1        1      2         
optlc_net_164            1        1      2         
optlc_net_1640           1        1      2         
optlc_net_1641           1        1      2         
optlc_net_1642           1        1      2         
optlc_net_1643           1        1      2         
optlc_net_1644           1        1      2         
optlc_net_1645           1        1      2         
optlc_net_1646           1        1      2         
optlc_net_1647           1        1      2         
optlc_net_1648           1        1      2         
optlc_net_1649           1        1      2         
optlc_net_165            1        1      2         
optlc_net_1650           1        1      2         
optlc_net_1651           1        1      2         
optlc_net_1652           1        1      2         
optlc_net_1653           1        1      2         
optlc_net_1654           1        1      2         
optlc_net_1655           1        1      2         
optlc_net_1656           1        1      2         
optlc_net_1657           1        1      2         
optlc_net_1658           1        1      2         
optlc_net_1659           1        1      2         
optlc_net_166            1        1      2         
optlc_net_1660           1        1      2         
optlc_net_1661           1        1      2         
optlc_net_1662           1        1      2         
optlc_net_1663           1        1      2         
optlc_net_1664           1        1      2         
optlc_net_1665           1        1      2         
optlc_net_1666           1        1      2         
optlc_net_1667           1        1      2         
optlc_net_1668           1        1      2         
optlc_net_1669           1        1      2         
optlc_net_167            1        1      2         
optlc_net_1670           1        1      2         
optlc_net_1671           1        1      2         
optlc_net_1672           1        1      2         
optlc_net_1673           1        1      2         
optlc_net_1674           1        1      2         
optlc_net_1675           1        1      2         
optlc_net_1676           1        1      2         
optlc_net_1677           1        1      2         
optlc_net_1678           1        1      2         
optlc_net_1679           1        1      2         
optlc_net_168            1        1      2         
optlc_net_1680           1        1      2         
optlc_net_1681           1        1      2         
optlc_net_1682           1        1      2         
optlc_net_1683           1        1      2         
optlc_net_1684           1        1      2         
optlc_net_1685           1        1      2         
optlc_net_1686           1        1      2         
optlc_net_1687           1        1      2         
optlc_net_1688           1        1      2         
optlc_net_1689           1        1      2         
optlc_net_169            1        1      2         
optlc_net_1690           1        1      2         
optlc_net_1691           1        1      2         
optlc_net_1692           1        1      2         
optlc_net_1693           1        1      2         
optlc_net_1694           1        1      2         
optlc_net_1695           1        1      2         
optlc_net_1696           1        1      2         
optlc_net_1697           1        1      2         
optlc_net_1698           1        1      2         
optlc_net_1699           1        1      2         
optlc_net_17             1        1      2         
optlc_net_170            1        1      2         
optlc_net_1700           1        1      2         
optlc_net_1701           1        1      2         
optlc_net_1702           1        1      2         
optlc_net_1703           1        1      2         
optlc_net_1704           1        1      2         
optlc_net_1705           1        1      2         
optlc_net_1706           1        1      2         
optlc_net_1707           1        1      2         
optlc_net_1708           1        1      2         
optlc_net_1709           1        1      2         
optlc_net_171            1        1      2         
optlc_net_1710           1        1      2         
optlc_net_1711           1        1      2         
optlc_net_1712           1        1      2         
optlc_net_1713           1        1      2         
optlc_net_1714           1        1      2         
optlc_net_1715           1        1      2         
optlc_net_1716           1        1      2         
optlc_net_1717           1        1      2         
optlc_net_1718           1        1      2         
optlc_net_1719           1        1      2         
optlc_net_172            1        1      2         
optlc_net_1720           1        1      2         
optlc_net_1721           1        1      2         
optlc_net_1722           1        1      2         
optlc_net_1723           1        1      2         
optlc_net_1724           1        1      2         
optlc_net_1725           1        1      2         
optlc_net_1726           1        1      2         
optlc_net_1727           1        1      2         
optlc_net_1728           1        1      2         
optlc_net_1729           1        1      2         
optlc_net_173            1        1      2         
optlc_net_1730           1        1      2         
optlc_net_1731           1        1      2         
optlc_net_1732           1        1      2         
optlc_net_1733           1        1      2         
optlc_net_1734           1        1      2         
optlc_net_1735           1        1      2         
optlc_net_1736           1        1      2         
optlc_net_1737           1        1      2         
optlc_net_1738           1        1      2         
optlc_net_1739           1        1      2         
optlc_net_174            1        1      2         
optlc_net_1740           1        1      2         
optlc_net_1741           1        1      2         
optlc_net_1742           1        1      2         
optlc_net_1743           1        1      2         
optlc_net_1744           1        1      2         
optlc_net_1745           1        1      2         
optlc_net_1746           1        1      2         
optlc_net_1747           1        1      2         
optlc_net_1748           1        1      2         
optlc_net_1749           1        1      2         
optlc_net_175            1        1      2         
optlc_net_1750           1        1      2         
optlc_net_1751           1        1      2         
optlc_net_1752           1        1      2         
optlc_net_1753           1        1      2         
optlc_net_1754           1        1      2         
optlc_net_1755           1        1      2         
optlc_net_1756           1        1      2         
optlc_net_1757           1        1      2         
optlc_net_1758           1        1      2         
optlc_net_1759           1        1      2         
optlc_net_176            1        1      2         
optlc_net_1760           1        1      2         
optlc_net_1761           1        1      2         
optlc_net_1762           1        1      2         
optlc_net_1763           1        1      2         
optlc_net_1764           1        1      2         
optlc_net_1765           1        1      2         
optlc_net_1766           1        1      2         
optlc_net_1767           1        1      2         
optlc_net_1768           1        1      2         
optlc_net_1769           1        1      2         
optlc_net_177            1        1      2         
optlc_net_1770           1        1      2         
optlc_net_1771           1        1      2         
optlc_net_1772           1        1      2         
optlc_net_1773           1        1      2         
optlc_net_1774           1        1      2         
optlc_net_1775           1        1      2         
optlc_net_1776           1        1      2         
optlc_net_1777           1        1      2         
optlc_net_1778           1        1      2         
optlc_net_1779           1        1      2         
optlc_net_178            1        1      2         
optlc_net_1780           1        1      2         
optlc_net_1781           1        1      2         
optlc_net_1782           1        1      2         
optlc_net_1783           1        1      2         
optlc_net_1784           1        1      2         
optlc_net_1785           1        1      2         
optlc_net_1786           1        1      2         
optlc_net_1787           1        1      2         
optlc_net_1788           1        1      2         
optlc_net_1789           1        1      2         
optlc_net_179            1        1      2         
optlc_net_1790           1        1      2         
optlc_net_1791           1        1      2         
optlc_net_1792           1        1      2         
optlc_net_1793           1        1      2         
optlc_net_1794           1        1      2         
optlc_net_1795           1        1      2         
optlc_net_1796           1        1      2         
optlc_net_1797           1        1      2         
optlc_net_1798           1        1      2         
optlc_net_1799           1        1      2         
optlc_net_18             1        1      2         
optlc_net_180            1        1      2         
optlc_net_1800           1        1      2         
optlc_net_1801           1        1      2         
optlc_net_1802           1        1      2         
optlc_net_1803           1        1      2         
optlc_net_1804           1        1      2         
optlc_net_1805           1        1      2         
optlc_net_1806           1        1      2         
optlc_net_1807           1        1      2         
optlc_net_1808           1        1      2         
optlc_net_1809           1        1      2         
optlc_net_181            1        1      2         
optlc_net_1810           1        1      2         
optlc_net_1811           1        1      2         
optlc_net_1812           1        1      2         
optlc_net_1813           1        1      2         
optlc_net_1814           1        1      2         
optlc_net_1815           1        1      2         
optlc_net_1816           1        1      2         
optlc_net_1817           1        1      2         
optlc_net_1818           1        1      2         
optlc_net_1819           1        1      2         
optlc_net_182            1        1      2         
optlc_net_1820           1        1      2         
optlc_net_1821           1        1      2         
optlc_net_1822           1        1      2         
optlc_net_1823           1        1      2         
optlc_net_1824           1        1      2         
optlc_net_1825           1        1      2         
optlc_net_1826           1        1      2         
optlc_net_1827           1        1      2         
optlc_net_1828           1        1      2         
optlc_net_1829           1        1      2         
optlc_net_183            1        1      2         
optlc_net_1830           1        1      2         
optlc_net_1831           1        1      2         
optlc_net_1832           1        1      2         
optlc_net_1833           1        1      2         
optlc_net_1834           1        1      2         
optlc_net_1835           1        1      2         
optlc_net_1836           1        1      2         
optlc_net_1837           1        1      2         
optlc_net_1838           1        1      2         
optlc_net_1839           1        1      2         
optlc_net_184            1        1      2         
optlc_net_1840           1        1      2         
optlc_net_1841           1        1      2         
optlc_net_1842           1        1      2         
optlc_net_1843           1        1      2         
optlc_net_1844           1        1      2         
optlc_net_1845           1        1      2         
optlc_net_1846           1        1      2         
optlc_net_1847           1        1      2         
optlc_net_1848           1        1      2         
optlc_net_1849           1        1      2         
optlc_net_185            1        1      2         
optlc_net_1850           1        1      2         
optlc_net_1851           1        1      2         
optlc_net_1852           1        1      2         
optlc_net_1853           1        1      2         
optlc_net_1854           1        1      2         
optlc_net_1855           1        1      2         
optlc_net_1856           1        1      2         
optlc_net_1857           1        1      2         
optlc_net_1858           1        1      2         
optlc_net_1859           1        1      2         
optlc_net_186            1        1      2         
optlc_net_1860           1        1      2         
optlc_net_1861           1        1      2         
optlc_net_1862           1        1      2         
optlc_net_1863           1        1      2         
optlc_net_1864           1        1      2         
optlc_net_1865           1        1      2         
optlc_net_1866           1        1      2         
optlc_net_1867           1        1      2         
optlc_net_1868           1        1      2         
optlc_net_1869           1        1      2         
optlc_net_187            1        1      2         
optlc_net_1870           1        1      2         
optlc_net_1871           1        1      2         
optlc_net_1872           1        1      2         
optlc_net_1873           1        1      2         
optlc_net_1874           1        1      2         
optlc_net_1875           1        1      2         
optlc_net_1876           1        1      2         
optlc_net_1877           1        1      2         
optlc_net_1878           1        1      2         
optlc_net_1879           1        1      2         
optlc_net_188            1        1      2         
optlc_net_1880           1        1      2         
optlc_net_1881           1        1      2         
optlc_net_1882           1        1      2         
optlc_net_1883           1        1      2         
optlc_net_1884           1        1      2         
optlc_net_1885           1        1      2         
optlc_net_1886           1        1      2         
optlc_net_1887           1        1      2         
optlc_net_1888           1        1      2         
optlc_net_1889           1        1      2         
optlc_net_189            1        1      2         
optlc_net_1890           1        1      2         
optlc_net_1891           1        1      2         
optlc_net_1892           1        1      2         
optlc_net_1893           1        1      2         
optlc_net_1894           1        1      2         
optlc_net_1895           1        1      2         
optlc_net_1896           1        1      2         
optlc_net_1897           1        1      2         
optlc_net_1898           1        1      2         
optlc_net_1899           1        1      2         
optlc_net_19             1        1      2         
optlc_net_190            1        1      2         
optlc_net_1900           1        1      2         
optlc_net_1901           1        1      2         
optlc_net_1902           1        1      2         
optlc_net_1903           1        1      2         
optlc_net_1904           1        1      2         
optlc_net_1905           1        1      2         
optlc_net_1906           1        1      2         
optlc_net_1907           1        1      2         
optlc_net_1908           1        1      2         
optlc_net_1909           1        1      2         
optlc_net_191            1        1      2         
optlc_net_1910           1        1      2         
optlc_net_1911           1        1      2         
optlc_net_1912           1        1      2         
optlc_net_1913           1        1      2         
optlc_net_1914           1        1      2         
optlc_net_1915           1        1      2         
optlc_net_1916           1        1      2         
optlc_net_1917           1        1      2         
optlc_net_1918           1        1      2         
optlc_net_1919           1        1      2         
optlc_net_192            1        1      2         
optlc_net_1920           1        1      2         
optlc_net_1921           1        1      2         
optlc_net_1922           1        1      2         
optlc_net_1923           1        1      2         
optlc_net_1924           1        1      2         
optlc_net_1925           1        1      2         
optlc_net_1926           1        1      2         
optlc_net_1927           1        1      2         
optlc_net_1928           1        1      2         
optlc_net_1929           1        1      2         
optlc_net_193            1        1      2         
optlc_net_1930           1        1      2         
optlc_net_1931           1        1      2         
optlc_net_1932           1        1      2         
optlc_net_1933           1        1      2         
optlc_net_1934           1        1      2         
optlc_net_1935           1        1      2         
optlc_net_1936           1        1      2         
optlc_net_1937           1        1      2         
optlc_net_1938           1        1      2         
optlc_net_1939           1        1      2         
optlc_net_194            1        1      2         
optlc_net_1940           1        1      2         
optlc_net_1941           1        1      2         
optlc_net_1942           1        1      2         
optlc_net_1943           1        1      2         
optlc_net_1944           1        1      2         
optlc_net_1945           1        1      2         
optlc_net_1946           1        1      2         
optlc_net_1947           1        1      2         
optlc_net_1948           1        1      2         
optlc_net_1949           1        1      2         
optlc_net_195            1        1      2         
optlc_net_1950           1        1      2         
optlc_net_1951           1        1      2         
optlc_net_1952           1        1      2         
optlc_net_1953           1        1      2         
optlc_net_1954           1        1      2         
optlc_net_1955           1        1      2         
optlc_net_1956           1        1      2         
optlc_net_1957           1        1      2         
optlc_net_1958           1        1      2         
optlc_net_1959           1        1      2         
optlc_net_196            1        1      2         
optlc_net_1960           1        1      2         
optlc_net_1961           1        1      2         
optlc_net_1962           1        1      2         
optlc_net_1963           1        1      2         
optlc_net_1964           1        1      2         
optlc_net_1965           1        1      2         
optlc_net_1966           1        1      2         
optlc_net_1967           1        1      2         
optlc_net_1968           1        1      2         
optlc_net_1969           1        1      2         
optlc_net_197            1        1      2         
optlc_net_1970           1        1      2         
optlc_net_1971           1        1      2         
optlc_net_1972           1        1      2         
optlc_net_1973           1        1      2         
optlc_net_1974           1        1      2         
optlc_net_1975           1        1      2         
optlc_net_1976           1        1      2         
optlc_net_1977           1        1      2         
optlc_net_1978           1        1      2         
optlc_net_1979           1        1      2         
optlc_net_198            1        1      2         
optlc_net_1980           1        1      2         
optlc_net_1981           1        1      2         
optlc_net_1982           1        1      2         
optlc_net_1983           1        1      2         
optlc_net_1984           1        1      2         
optlc_net_1985           1        1      2         
optlc_net_1986           1        1      2         
optlc_net_1987           1        1      2         
optlc_net_1988           1        1      2         
optlc_net_1989           1        1      2         
optlc_net_199            1        1      2         
optlc_net_1990           1        1      2         
optlc_net_1991           1        1      2         
optlc_net_1992           1        1      2         
optlc_net_1993           1        1      2         
optlc_net_1994           1        1      2         
optlc_net_1995           1        1      2         
optlc_net_1996           1        1      2         
optlc_net_1997           1        1      2         
optlc_net_1998           1        1      2         
optlc_net_1999           1        1      2         
optlc_net_2              1        1      2         
optlc_net_20             1        1      2         
optlc_net_200            1        1      2         
optlc_net_2000           1        1      2         
optlc_net_2001           1        1      2         
optlc_net_2002           1        1      2         
optlc_net_2003           1        1      2         
optlc_net_2004           1        1      2         
optlc_net_2005           1        1      2         
optlc_net_2006           1        1      2         
optlc_net_2007           1        1      2         
optlc_net_2008           1        1      2         
optlc_net_2009           1        1      2         
optlc_net_201            1        1      2         
optlc_net_2010           1        1      2         
optlc_net_2011           1        1      2         
optlc_net_2012           1        1      2         
optlc_net_2013           1        1      2         
optlc_net_2014           1        1      2         
optlc_net_2015           1        1      2         
optlc_net_2016           1        1      2         
optlc_net_2017           1        1      2         
optlc_net_2018           1        1      2         
optlc_net_2019           1        1      2         
optlc_net_202            1        1      2         
optlc_net_2020           1        1      2         
optlc_net_2021           1        1      2         
optlc_net_2022           1        1      2         
optlc_net_2023           1        1      2         
optlc_net_2024           1        1      2         
optlc_net_2025           1        1      2         
optlc_net_2026           1        1      2         
optlc_net_2027           1        1      2         
optlc_net_2028           1        1      2         
optlc_net_2029           1        1      2         
optlc_net_203            1        1      2         
optlc_net_2030           1        1      2         
optlc_net_2031           1        1      2         
optlc_net_2032           1        1      2         
optlc_net_2033           1        1      2         
optlc_net_2034           1        1      2         
optlc_net_2035           1        1      2         
optlc_net_2036           1        1      2         
optlc_net_2037           1        1      2         
optlc_net_2038           1        1      2         
optlc_net_2039           1        1      2         
optlc_net_204            1        1      2         
optlc_net_2040           1        1      2         
optlc_net_2041           1        1      2         
optlc_net_2042           1        1      2         
optlc_net_2043           1        1      2         
optlc_net_2044           1        1      2         
optlc_net_2045           1        1      2         
optlc_net_2046           1        1      2         
optlc_net_2047           1        1      2         
optlc_net_2048           1        1      2         
optlc_net_2049           1        1      2         
optlc_net_205            1        1      2         
optlc_net_2050           1        1      2         
optlc_net_2051           1        1      2         
optlc_net_2052           1        1      2         
optlc_net_2053           1        1      2         
optlc_net_2054           1        1      2         
optlc_net_2055           1        1      2         
optlc_net_2056           1        1      2         
optlc_net_2057           1        1      2         
optlc_net_2058           1        1      2         
optlc_net_2059           1        1      2         
optlc_net_206            1        1      2         
optlc_net_2060           1        1      2         
optlc_net_2061           1        1      2         
optlc_net_2062           1        1      2         
optlc_net_2063           1        1      2         
optlc_net_2064           1        1      2         
optlc_net_2065           1        1      2         
optlc_net_2066           1        1      2         
optlc_net_2067           1        1      2         
optlc_net_2068           1        1      2         
optlc_net_2069           1        1      2         
optlc_net_207            1        1      2         
optlc_net_2070           1        1      2         
optlc_net_2071           1        1      2         
optlc_net_2072           1        1      2         
optlc_net_2073           1        1      2         
optlc_net_2074           1        1      2         
optlc_net_2075           1        1      2         
optlc_net_2076           1        1      2         
optlc_net_2077           1        1      2         
optlc_net_2078           1        1      2         
optlc_net_2079           1        1      2         
optlc_net_208            1        1      2         
optlc_net_2080           1        1      2         
optlc_net_2081           1        1      2         
optlc_net_2082           1        1      2         
optlc_net_2083           1        1      2         
optlc_net_2084           1        1      2         
optlc_net_2085           1        1      2         
optlc_net_2086           1        1      2         
optlc_net_2087           1        1      2         
optlc_net_2088           1        1      2         
optlc_net_2089           1        1      2         
optlc_net_209            1        1      2         
optlc_net_2090           1        1      2         
optlc_net_2091           1        1      2         
optlc_net_2092           1        1      2         
optlc_net_2093           1        1      2         
optlc_net_2094           1        1      2         
optlc_net_2095           1        1      2         
optlc_net_2096           1        1      2         
optlc_net_2097           1        1      2         
optlc_net_2098           1        1      2         
optlc_net_2099           1        1      2         
optlc_net_21             1        1      2         
optlc_net_210            1        1      2         
optlc_net_2100           1        1      2         
optlc_net_2101           1        1      2         
optlc_net_2102           1        1      2         
optlc_net_2103           1        1      2         
optlc_net_2104           1        1      2         
optlc_net_2105           1        1      2         
optlc_net_2106           1        1      2         
optlc_net_2107           1        1      2         
optlc_net_2108           1        1      2         
optlc_net_2109           1        1      2         
optlc_net_211            1        1      2         
optlc_net_2110           1        1      2         
optlc_net_2111           1        1      2         
optlc_net_2112           1        1      2         
optlc_net_2113           1        1      2         
optlc_net_2114           1        1      2         
optlc_net_2115           1        1      2         
optlc_net_2116           1        1      2         
optlc_net_2117           1        1      2         
optlc_net_2118           1        1      2         
optlc_net_2119           1        1      2         
optlc_net_212            1        1      2         
optlc_net_2120           1        1      2         
optlc_net_2121           1        1      2         
optlc_net_2122           1        1      2         
optlc_net_2123           1        1      2         
optlc_net_2124           1        1      2         
optlc_net_2125           1        1      2         
optlc_net_2126           1        1      2         
optlc_net_2127           1        1      2         
optlc_net_2128           1        1      2         
optlc_net_2129           1        1      2         
optlc_net_213            1        1      2         
optlc_net_2130           1        1      2         
optlc_net_2131           1        1      2         
optlc_net_2132           1        1      2         
optlc_net_2133           1        1      2         
optlc_net_2134           1        1      2         
optlc_net_2135           1        1      2         
optlc_net_2136           1        1      2         
optlc_net_2137           1        1      2         
optlc_net_2138           1        1      2         
optlc_net_2139           1        1      2         
optlc_net_214            1        1      2         
optlc_net_2140           1        1      2         
optlc_net_2141           1        1      2         
optlc_net_2142           1        1      2         
optlc_net_2143           1        1      2         
optlc_net_2144           1        1      2         
optlc_net_2145           1        1      2         
optlc_net_2146           1        1      2         
optlc_net_2147           1        1      2         
optlc_net_2148           1        1      2         
optlc_net_2149           1        1      2         
optlc_net_215            1        1      2         
optlc_net_2150           1        1      2         
optlc_net_2151           1        1      2         
optlc_net_2152           1        1      2         
optlc_net_2153           1        1      2         
optlc_net_2154           1        1      2         
optlc_net_2155           1        1      2         
optlc_net_2156           1        1      2         
optlc_net_2157           1        1      2         
optlc_net_2158           1        1      2         
optlc_net_2159           1        1      2         
optlc_net_216            1        1      2         
optlc_net_2160           1        1      2         
optlc_net_2161           1        1      2         
optlc_net_2162           1        1      2         
optlc_net_2163           1        1      2         
optlc_net_2164           1        1      2         
optlc_net_2165           1        1      2         
optlc_net_2166           1        1      2         
optlc_net_2167           1        1      2         
optlc_net_2168           1        1      2         
optlc_net_2169           1        1      2         
optlc_net_217            1        1      2         
optlc_net_2170           1        1      2         
optlc_net_2171           1        1      2         
optlc_net_2172           1        1      2         
optlc_net_2173           1        1      2         
optlc_net_2174           1        1      2         
optlc_net_2175           1        1      2         
optlc_net_2176           1        1      2         
optlc_net_2177           1        1      2         
optlc_net_2178           1        1      2         
optlc_net_2179           1        1      2         
optlc_net_218            1        1      2         
optlc_net_2180           1        1      2         
optlc_net_2181           1        1      2         
optlc_net_2182           1        1      2         
optlc_net_2183           1        1      2         
optlc_net_2184           1        1      2         
optlc_net_2185           1        1      2         
optlc_net_2186           1        1      2         
optlc_net_2187           1        1      2         
optlc_net_2188           1        1      2         
optlc_net_2189           1        1      2         
optlc_net_219            1        1      2         
optlc_net_2190           1        1      2         
optlc_net_2191           1        1      2         
optlc_net_2192           1        1      2         
optlc_net_2193           1        1      2         
optlc_net_2194           1        1      2         
optlc_net_2195           1        1      2         
optlc_net_2196           1        1      2         
optlc_net_2197           1        1      2         
optlc_net_2198           1        1      2         
optlc_net_2199           1        1      2         
optlc_net_22             1        1      2         
optlc_net_220            1        1      2         
optlc_net_2200           1        1      2         
optlc_net_2201           1        1      2         
optlc_net_2202           1        1      2         
optlc_net_2203           1        1      2         
optlc_net_2204           1        1      2         
optlc_net_2205           1        1      2         
optlc_net_2206           1        1      2         
optlc_net_2207           1        1      2         
optlc_net_2208           1        1      2         
optlc_net_2209           1        1      2         
optlc_net_221            1        1      2         
optlc_net_2210           1        1      2         
optlc_net_2211           1        1      2         
optlc_net_2212           1        1      2         
optlc_net_2213           1        1      2         
optlc_net_2214           1        1      2         
optlc_net_2215           1        1      2         
optlc_net_2216           1        1      2         
optlc_net_2217           1        1      2         
optlc_net_2218           1        1      2         
optlc_net_2219           1        1      2         
optlc_net_222            1        1      2         
optlc_net_2220           1        1      2         
optlc_net_2221           1        1      2         
optlc_net_2222           1        1      2         
optlc_net_2223           1        1      2         
optlc_net_2224           1        1      2         
optlc_net_2225           1        1      2         
optlc_net_2226           1        1      2         
optlc_net_2227           1        1      2         
optlc_net_2228           1        1      2         
optlc_net_2229           1        1      2         
optlc_net_223            1        1      2         
optlc_net_2230           1        1      2         
optlc_net_2231           1        1      2         
optlc_net_2232           1        1      2         
optlc_net_2233           1        1      2         
optlc_net_2234           1        1      2         
optlc_net_2235           1        1      2         
optlc_net_2236           1        1      2         
optlc_net_2237           1        1      2         
optlc_net_2238           1        1      2         
optlc_net_2239           1        1      2         
optlc_net_224            1        1      2         
optlc_net_2240           1        1      2         
optlc_net_2241           1        1      2         
optlc_net_2242           1        1      2         
optlc_net_2243           1        1      2         
optlc_net_2244           1        1      2         
optlc_net_2245           1        1      2         
optlc_net_2246           1        1      2         
optlc_net_2247           1        1      2         
optlc_net_2248           1        1      2         
optlc_net_2249           1        1      2         
optlc_net_225            1        1      2         
optlc_net_2250           1        1      2         
optlc_net_2251           1        1      2         
optlc_net_2252           1        1      2         
optlc_net_2253           1        1      2         
optlc_net_2254           1        1      2         
optlc_net_2255           1        1      2         
optlc_net_2256           1        1      2         
optlc_net_2257           1        1      2         
optlc_net_2258           1        1      2         
optlc_net_2259           1        1      2         
optlc_net_226            1        1      2         
optlc_net_2260           1        1      2         
optlc_net_2261           1        1      2         
optlc_net_2262           1        1      2         
optlc_net_2263           1        1      2         
optlc_net_2264           1        1      2         
optlc_net_2265           1        1      2         
optlc_net_2266           1        1      2         
optlc_net_2267           1        1      2         
optlc_net_2268           1        1      2         
optlc_net_2269           1        1      2         
optlc_net_227            1        1      2         
optlc_net_2270           1        1      2         
optlc_net_2271           1        1      2         
optlc_net_2272           1        1      2         
optlc_net_2273           1        1      2         
optlc_net_2274           1        1      2         
optlc_net_2275           1        1      2         
optlc_net_2276           1        1      2         
optlc_net_2277           1        1      2         
optlc_net_2278           1        1      2         
optlc_net_2279           1        1      2         
optlc_net_228            1        1      2         
optlc_net_2280           1        1      2         
optlc_net_2281           1        1      2         
optlc_net_2282           1        1      2         
optlc_net_2283           1        1      2         
optlc_net_2284           1        1      2         
optlc_net_2285           1        1      2         
optlc_net_2286           1        1      2         
optlc_net_2287           1        1      2         
optlc_net_2288           1        1      2         
optlc_net_2289           1        1      2         
optlc_net_229            1        1      2         
optlc_net_2290           1        1      2         
optlc_net_2291           1        1      2         
optlc_net_2292           1        1      2         
optlc_net_2293           1        1      2         
optlc_net_2294           1        1      2         
optlc_net_2295           1        1      2         
optlc_net_2296           1        1      2         
optlc_net_2297           1        1      2         
optlc_net_2298           1        1      2         
optlc_net_2299           1        1      2         
optlc_net_23             1        1      2         
optlc_net_230            1        1      2         
optlc_net_2300           1        1      2         
optlc_net_2301           1        1      2         
optlc_net_2302           1        1      2         
optlc_net_2303           1        1      2         
optlc_net_2304           1        1      2         
optlc_net_2305           1        1      2         
optlc_net_2306           1        1      2         
optlc_net_2307           1        1      2         
optlc_net_2308           1        1      2         
optlc_net_2309           1        1      2         
optlc_net_231            1        1      2         
optlc_net_2310           1        1      2         
optlc_net_2311           1        1      2         
optlc_net_2312           1        1      2         
optlc_net_2313           1        1      2         
optlc_net_2314           1        1      2         
optlc_net_2315           1        1      2         
optlc_net_2316           1        1      2         
optlc_net_2317           1        1      2         
optlc_net_2318           1        1      2         
optlc_net_2319           1        1      2         
optlc_net_232            1        1      2         
optlc_net_2320           1        1      2         
optlc_net_2321           1        1      2         
optlc_net_2322           1        1      2         
optlc_net_2323           1        1      2         
optlc_net_2324           1        1      2         
optlc_net_2325           1        1      2         
optlc_net_2326           1        1      2         
optlc_net_2327           1        1      2         
optlc_net_2328           1        1      2         
optlc_net_2329           1        1      2         
optlc_net_233            1        1      2         
optlc_net_2330           1        1      2         
optlc_net_2331           1        1      2         
optlc_net_2332           1        1      2         
optlc_net_2333           1        1      2         
optlc_net_2334           1        1      2         
optlc_net_2335           1        1      2         
optlc_net_2336           1        1      2         
optlc_net_2337           1        1      2         
optlc_net_2338           1        1      2         
optlc_net_2339           1        1      2         
optlc_net_234            1        1      2         
optlc_net_2340           1        1      2         
optlc_net_2341           1        1      2         
optlc_net_2342           1        1      2         
optlc_net_2343           1        1      2         
optlc_net_2345           1        1      2         
optlc_net_2346           1        1      2         
optlc_net_2347           1        1      2         
optlc_net_2348           1        1      2         
optlc_net_2349           1        1      2         
optlc_net_235            1        1      2         
optlc_net_2350           1        1      2         
optlc_net_2351           1        1      2         
optlc_net_2352           1        1      2         
optlc_net_2353           1        1      2         
optlc_net_2354           1        1      2         
optlc_net_2355           1        1      2         
optlc_net_2356           1        1      2         
optlc_net_2357           1        1      2         
optlc_net_2358           1        1      2         
optlc_net_2359           1        1      2         
optlc_net_236            1        1      2         
optlc_net_2360           1        1      2         
optlc_net_2361           1        1      2         
optlc_net_2362           1        1      2         
optlc_net_2363           1        1      2         
optlc_net_2364           1        1      2         
optlc_net_2365           1        1      2         
optlc_net_2366           1        1      2         
optlc_net_2367           1        1      2         
optlc_net_2368           1        1      2         
optlc_net_2369           1        1      2         
optlc_net_237            1        1      2         
optlc_net_2370           1        1      2         
optlc_net_2371           1        1      2         
optlc_net_2372           1        1      2         
optlc_net_2373           1        1      2         
optlc_net_2374           1        1      2         
optlc_net_2375           1        1      2         
optlc_net_2376           1        1      2         
optlc_net_2377           1        1      2         
optlc_net_2378           1        1      2         
optlc_net_2379           1        1      2         
optlc_net_238            1        1      2         
optlc_net_2380           1        1      2         
optlc_net_2381           1        1      2         
optlc_net_2382           1        1      2         
optlc_net_2383           1        1      2         
optlc_net_2384           1        1      2         
optlc_net_2385           1        1      2         
optlc_net_2386           1        1      2         
optlc_net_2387           1        1      2         
optlc_net_2388           1        1      2         
optlc_net_2389           1        1      2         
optlc_net_239            1        1      2         
optlc_net_2390           1        1      2         
optlc_net_2391           1        1      2         
optlc_net_2392           1        1      2         
optlc_net_2393           1        1      2         
optlc_net_2394           1        1      2         
optlc_net_2395           1        1      2         
optlc_net_2396           1        1      2         
optlc_net_2397           1        1      2         
optlc_net_2398           1        1      2         
optlc_net_2399           1        1      2         
optlc_net_24             1        1      2         
optlc_net_240            1        1      2         
optlc_net_2400           1        1      2         
optlc_net_2401           1        1      2         
optlc_net_2402           1        1      2         
optlc_net_2403           1        1      2         
optlc_net_2404           1        1      2         
optlc_net_2405           1        1      2         
optlc_net_2406           1        1      2         
optlc_net_2407           1        1      2         
optlc_net_2408           1        1      2         
optlc_net_2409           1        1      2         
optlc_net_241            1        1      2         
optlc_net_2410           1        1      2         
optlc_net_2411           1        1      2         
optlc_net_2412           1        1      2         
optlc_net_2413           1        1      2         
optlc_net_2414           1        1      2         
optlc_net_2415           1        1      2         
optlc_net_2416           1        1      2         
optlc_net_2417           1        1      2         
optlc_net_2418           1        1      2         
optlc_net_2419           1        1      2         
optlc_net_242            1        1      2         
optlc_net_2420           1        1      2         
optlc_net_2421           1        1      2         
optlc_net_2422           1        1      2         
optlc_net_2423           1        1      2         
optlc_net_2424           1        1      2         
optlc_net_2425           1        1      2         
optlc_net_2426           1        1      2         
optlc_net_2427           1        1      2         
optlc_net_2428           1        1      2         
optlc_net_2429           1        1      2         
optlc_net_243            1        1      2         
optlc_net_2430           1        1      2         
optlc_net_2431           1        1      2         
optlc_net_2432           1        1      2         
optlc_net_2433           1        1      2         
optlc_net_2434           1        1      2         
optlc_net_2435           1        1      2         
optlc_net_2436           1        1      2         
optlc_net_2437           1        1      2         
optlc_net_2438           1        1      2         
optlc_net_2439           1        1      2         
optlc_net_244            1        1      2         
optlc_net_2440           1        1      2         
optlc_net_2441           1        1      2         
optlc_net_2442           1        1      2         
optlc_net_2443           1        1      2         
optlc_net_2444           1        1      2         
optlc_net_2445           1        1      2         
optlc_net_2446           1        1      2         
optlc_net_2447           1        1      2         
optlc_net_2448           1        1      2         
optlc_net_2449           1        1      2         
optlc_net_245            1        1      2         
optlc_net_2450           1        1      2         
optlc_net_2451           1        1      2         
optlc_net_2452           1        1      2         
optlc_net_2453           1        1      2         
optlc_net_2454           1        1      2         
optlc_net_2455           1        1      2         
optlc_net_2456           1        1      2         
optlc_net_2457           1        1      2         
optlc_net_2458           1        1      2         
optlc_net_2459           1        1      2         
optlc_net_246            1        1      2         
optlc_net_2460           1        1      2         
optlc_net_2461           1        1      2         
optlc_net_2462           1        1      2         
optlc_net_2463           1        1      2         
optlc_net_2464           1        1      2         
optlc_net_2465           1        1      2         
optlc_net_2466           1        1      2         
optlc_net_2467           1        1      2         
optlc_net_2468           1        1      2         
optlc_net_2469           1        1      2         
optlc_net_2470           1        1      2         
optlc_net_2471           1        1      2         
optlc_net_2472           1        1      2         
optlc_net_2473           1        1      2         
optlc_net_2474           1        1      2         
optlc_net_2475           1        1      2         
optlc_net_2476           1        1      2         
optlc_net_2477           1        1      2         
optlc_net_2478           1        1      2         
optlc_net_2479           1        1      2         
optlc_net_248            1        1      2         
optlc_net_2480           1        1      2         
optlc_net_2481           1        1      2         
optlc_net_2482           1        1      2         
optlc_net_2483           1        1      2         
optlc_net_2484           1        1      2         
optlc_net_2485           1        1      2         
optlc_net_2486           1        1      2         
optlc_net_2487           1        1      2         
optlc_net_2488           1        1      2         
optlc_net_2489           1        1      2         
optlc_net_249            1        1      2         
optlc_net_2490           1        1      2         
optlc_net_2491           1        1      2         
optlc_net_2492           1        1      2         
optlc_net_2493           1        1      2         
optlc_net_2494           1        1      2         
optlc_net_2495           1        1      2         
optlc_net_2496           1        1      2         
optlc_net_2497           1        1      2         
optlc_net_2498           1        1      2         
optlc_net_2499           1        1      2         
optlc_net_25             1        1      2         
optlc_net_250            1        1      2         
optlc_net_2500           1        1      2         
optlc_net_2501           1        1      2         
optlc_net_2502           1        1      2         
optlc_net_2503           1        1      2         
optlc_net_2504           1        1      2         
optlc_net_2505           1        1      2         
optlc_net_2506           1        1      2         
optlc_net_2507           1        1      2         
optlc_net_2508           1        1      2         
optlc_net_2509           1        1      2         
optlc_net_251            1        1      2         
optlc_net_2510           1        1      2         
optlc_net_2511           1        1      2         
optlc_net_2512           1        1      2         
optlc_net_2513           1        1      2         
optlc_net_2514           1        1      2         
optlc_net_2515           1        1      2         
optlc_net_2516           1        1      2         
optlc_net_2517           1        1      2         
optlc_net_2518           1        1      2         
optlc_net_2519           1        1      2         
optlc_net_252            1        1      2         
optlc_net_2520           1        1      2         
optlc_net_2521           1        1      2         
optlc_net_2522           1        1      2         
optlc_net_2523           1        1      2         
optlc_net_2524           1        1      2         
optlc_net_2525           1        1      2         
optlc_net_2526           1        1      2         
optlc_net_2527           1        1      2         
optlc_net_2528           1        1      2         
optlc_net_2529           1        1      2         
optlc_net_253            1        1      2         
optlc_net_2530           1        1      2         
optlc_net_2531           1        1      2         
optlc_net_2532           1        1      2         
optlc_net_2533           1        1      2         
optlc_net_2534           1        1      2         
optlc_net_2535           1        1      2         
optlc_net_2536           1        1      2         
optlc_net_2537           1        1      2         
optlc_net_2538           1        1      2         
optlc_net_2539           1        1      2         
optlc_net_254            1        1      2         
optlc_net_2540           1        1      2         
optlc_net_2541           1        1      2         
optlc_net_2542           1        1      2         
optlc_net_2543           1        1      2         
optlc_net_2544           1        1      2         
optlc_net_2545           1        1      2         
optlc_net_2546           1        1      2         
optlc_net_2547           1        1      2         
optlc_net_2548           1        1      2         
optlc_net_2549           1        1      2         
optlc_net_255            1        1      2         
optlc_net_2550           1        1      2         
optlc_net_2551           1        1      2         
optlc_net_2552           1        1      2         
optlc_net_2553           1        1      2         
optlc_net_2554           1        1      2         
optlc_net_2555           1        1      2         
optlc_net_2556           1        1      2         
optlc_net_2557           1        1      2         
optlc_net_2558           1        1      2         
optlc_net_2559           1        1      2         
optlc_net_256            1        1      2         
optlc_net_2560           1        1      2         
optlc_net_2561           1        1      2         
optlc_net_2562           1        1      2         
optlc_net_2563           1        1      2         
optlc_net_2564           1        1      2         
optlc_net_2565           1        1      2         
optlc_net_2566           1        1      2         
optlc_net_2567           1        1      2         
optlc_net_2568           1        1      2         
optlc_net_2569           1        1      2         
optlc_net_257            1        1      2         
optlc_net_2570           1        1      2         
optlc_net_2571           1        1      2         
optlc_net_2572           1        1      2         
optlc_net_2573           1        1      2         
optlc_net_2574           1        1      2         
optlc_net_2575           1        1      2         
optlc_net_2576           1        1      2         
optlc_net_2577           1        1      2         
optlc_net_2578           1        1      2         
optlc_net_2579           1        1      2         
optlc_net_258            1        1      2         
optlc_net_2580           1        1      2         
optlc_net_2581           1        1      2         
optlc_net_2582           1        1      2         
optlc_net_2583           1        1      2         
optlc_net_2584           1        1      2         
optlc_net_2585           1        1      2         
optlc_net_2586           1        1      2         
optlc_net_2587           1        1      2         
optlc_net_2588           1        1      2         
optlc_net_2589           1        1      2         
optlc_net_259            1        1      2         
optlc_net_2590           1        1      2         
optlc_net_2591           1        1      2         
optlc_net_2592           1        1      2         
optlc_net_2593           1        1      2         
optlc_net_2594           1        1      2         
optlc_net_2595           1        1      2         
optlc_net_2596           1        1      2         
optlc_net_2597           1        1      2         
optlc_net_2598           1        1      2         
optlc_net_2599           1        1      2         
optlc_net_26             1        1      2         
optlc_net_260            1        1      2         
optlc_net_2600           1        1      2         
optlc_net_2601           1        1      2         
optlc_net_2602           1        1      2         
optlc_net_2603           1        1      2         
optlc_net_2604           1        1      2         
optlc_net_2605           1        1      2         
optlc_net_2606           1        1      2         
optlc_net_2607           1        1      2         
optlc_net_2608           1        1      2         
optlc_net_2609           1        1      2         
optlc_net_261            1        1      2         
optlc_net_2610           1        1      2         
optlc_net_2611           1        1      2         
optlc_net_2612           1        1      2         
optlc_net_2613           1        1      2         
optlc_net_2614           1        1      2         
optlc_net_2615           1        1      2         
optlc_net_2616           1        1      2         
optlc_net_2617           1        1      2         
optlc_net_2618           1        1      2         
optlc_net_2619           1        1      2         
optlc_net_262            1        1      2         
optlc_net_2620           1        1      2         
optlc_net_2621           1        1      2         
optlc_net_2622           1        1      2         
optlc_net_2623           1        1      2         
optlc_net_2624           1        1      2         
optlc_net_2625           1        1      2         
optlc_net_2626           1        1      2         
optlc_net_2627           1        1      2         
optlc_net_2628           1        1      2         
optlc_net_2629           1        1      2         
optlc_net_263            1        1      2         
optlc_net_2630           1        1      2         
optlc_net_2631           1        1      2         
optlc_net_2632           1        1      2         
optlc_net_2633           1        1      2         
optlc_net_2634           1        1      2         
optlc_net_2635           1        1      2         
optlc_net_2636           1        1      2         
optlc_net_2637           1        1      2         
optlc_net_2638           1        1      2         
optlc_net_2639           1        1      2         
optlc_net_264            1        1      2         
optlc_net_2640           1        1      2         
optlc_net_2641           1        1      2         
optlc_net_2642           1        1      2         
optlc_net_2643           1        1      2         
optlc_net_2644           1        1      2         
optlc_net_2645           1        1      2         
optlc_net_2646           1        1      2         
optlc_net_2647           1        1      2         
optlc_net_2648           1        1      2         
optlc_net_2649           1        1      2         
optlc_net_265            1        1      2         
optlc_net_2650           1        1      2         
optlc_net_2651           1        1      2         
optlc_net_2652           1        1      2         
optlc_net_2653           1        1      2         
optlc_net_2654           1        1      2         
optlc_net_2655           1        1      2         
optlc_net_2656           1        1      2         
optlc_net_2657           1        1      2         
optlc_net_2658           1        1      2         
optlc_net_2659           1        1      2         
optlc_net_266            1        1      2         
optlc_net_2660           1        1      2         
optlc_net_2661           1        1      2         
optlc_net_2662           1        1      2         
optlc_net_2663           1        1      2         
optlc_net_2664           1        1      2         
optlc_net_2665           1        1      2         
optlc_net_2666           1        1      2         
optlc_net_2667           1        1      2         
optlc_net_2668           1        1      2         
optlc_net_2669           1        1      2         
optlc_net_267            1        1      2         
optlc_net_2670           1        1      2         
optlc_net_2671           1        1      2         
optlc_net_2672           1        1      2         
optlc_net_2673           1        1      2         
optlc_net_2674           1        1      2         
optlc_net_2675           1        1      2         
optlc_net_2676           1        1      2         
optlc_net_2677           1        1      2         
optlc_net_2678           1        1      2         
optlc_net_2679           1        1      2         
optlc_net_268            1        1      2         
optlc_net_2680           1        1      2         
optlc_net_2681           1        1      2         
optlc_net_2682           1        1      2         
optlc_net_2683           1        1      2         
optlc_net_2684           1        1      2         
optlc_net_2685           1        1      2         
optlc_net_2686           1        1      2         
optlc_net_2687           1        1      2         
optlc_net_2688           1        1      2         
optlc_net_2689           1        1      2         
optlc_net_269            1        1      2         
optlc_net_2690           1        1      2         
optlc_net_2691           1        1      2         
optlc_net_2692           1        1      2         
optlc_net_2693           1        1      2         
optlc_net_2694           1        1      2         
optlc_net_2695           1        1      2         
optlc_net_2696           1        1      2         
optlc_net_2697           1        1      2         
optlc_net_2698           1        1      2         
optlc_net_2699           1        1      2         
optlc_net_27             1        1      2         
optlc_net_270            1        1      2         
optlc_net_2700           1        1      2         
optlc_net_2701           1        1      2         
optlc_net_2702           1        1      2         
optlc_net_2703           1        1      2         
optlc_net_2704           1        1      2         
optlc_net_2705           1        1      2         
optlc_net_2706           1        1      2         
optlc_net_2707           1        1      2         
optlc_net_2708           1        1      2         
optlc_net_2709           1        1      2         
optlc_net_271            1        1      2         
optlc_net_2710           1        1      2         
optlc_net_2711           1        1      2         
optlc_net_2712           1        1      2         
optlc_net_2713           1        1      2         
optlc_net_2714           1        1      2         
optlc_net_2715           1        1      2         
optlc_net_2716           1        1      2         
optlc_net_2717           1        1      2         
optlc_net_2718           1        1      2         
optlc_net_2719           1        1      2         
optlc_net_272            1        1      2         
optlc_net_2720           1        1      2         
optlc_net_2721           1        1      2         
optlc_net_2722           1        1      2         
optlc_net_2723           1        1      2         
optlc_net_2724           1        1      2         
optlc_net_2725           1        1      2         
optlc_net_2726           1        1      2         
optlc_net_2727           1        1      2         
optlc_net_2728           1        1      2         
optlc_net_2729           1        1      2         
optlc_net_273            1        1      2         
optlc_net_2730           1        1      2         
optlc_net_2731           1        1      2         
optlc_net_2732           1        1      2         
optlc_net_2733           1        1      2         
optlc_net_2734           1        1      2         
optlc_net_2735           1        1      2         
optlc_net_2736           1        1      2         
optlc_net_2737           1        1      2         
optlc_net_2738           1        1      2         
optlc_net_2739           1        1      2         
optlc_net_274            1        1      2         
optlc_net_2740           1        1      2         
optlc_net_2741           1        1      2         
optlc_net_2742           1        1      2         
optlc_net_2743           1        1      2         
optlc_net_2744           1        1      2         
optlc_net_2745           1        1      2         
optlc_net_2746           1        1      2         
optlc_net_2747           1        1      2         
optlc_net_2748           1        1      2         
optlc_net_2749           1        1      2         
optlc_net_275            1        1      2         
optlc_net_2750           1        1      2         
optlc_net_2751           1        1      2         
optlc_net_2752           1        1      2         
optlc_net_2753           1        1      2         
optlc_net_2754           1        1      2         
optlc_net_2755           1        1      2         
optlc_net_2756           1        1      2         
optlc_net_2757           1        1      2         
optlc_net_2758           1        1      2         
optlc_net_2759           1        1      2         
optlc_net_276            1        1      2         
optlc_net_2760           1        1      2         
optlc_net_2761           1        1      2         
optlc_net_2762           1        1      2         
optlc_net_2763           1        1      2         
optlc_net_2764           1        1      2         
optlc_net_2765           1        1      2         
optlc_net_2766           1        1      2         
optlc_net_2767           1        1      2         
optlc_net_2768           1        1      2         
optlc_net_2769           1        1      2         
optlc_net_277            1        1      2         
optlc_net_2770           1        1      2         
optlc_net_2771           1        1      2         
optlc_net_2772           1        1      2         
optlc_net_2773           1        1      2         
optlc_net_2774           1        1      2         
optlc_net_2775           1        1      2         
optlc_net_2776           1        1      2         
optlc_net_2777           1        1      2         
optlc_net_2778           1        1      2         
optlc_net_2779           1        1      2         
optlc_net_278            1        1      2         
optlc_net_2780           1        1      2         
optlc_net_2781           1        1      2         
optlc_net_2782           1        1      2         
optlc_net_2783           1        1      2         
optlc_net_2784           1        1      2         
optlc_net_2785           1        1      2         
optlc_net_2786           1        1      2         
optlc_net_2787           1        1      2         
optlc_net_2788           1        1      2         
optlc_net_2789           1        1      2         
optlc_net_279            1        1      2         
optlc_net_2790           1        1      2         
optlc_net_2791           1        1      2         
optlc_net_2792           1        1      2         
optlc_net_2793           1        1      2         
optlc_net_2794           1        1      2         
optlc_net_2795           1        1      2         
optlc_net_2796           1        1      2         
optlc_net_2797           1        1      2         
optlc_net_2798           1        1      2         
optlc_net_2799           1        1      2         
optlc_net_28             1        1      2         
optlc_net_280            1        1      2         
optlc_net_2800           1        1      2         
optlc_net_2801           1        1      2         
optlc_net_2802           1        1      2         
optlc_net_2803           1        1      2         
optlc_net_2804           1        1      2         
optlc_net_2805           1        1      2         
optlc_net_2806           1        1      2         
optlc_net_2807           1        1      2         
optlc_net_2808           1        1      2         
optlc_net_2809           1        1      2         
optlc_net_281            1        1      2         
optlc_net_2810           1        1      2         
optlc_net_2811           1        1      2         
optlc_net_2812           1        1      2         
optlc_net_2813           1        1      2         
optlc_net_2814           1        1      2         
optlc_net_2815           1        1      2         
optlc_net_2816           1        1      2         
optlc_net_2817           1        1      2         
optlc_net_2818           1        1      2         
optlc_net_2819           1        1      2         
optlc_net_282            1        1      2         
optlc_net_2820           1        1      2         
optlc_net_2821           1        1      2         
optlc_net_2822           1        1      2         
optlc_net_2823           1        1      2         
optlc_net_2824           1        1      2         
optlc_net_2825           1        1      2         
optlc_net_2826           1        1      2         
optlc_net_2827           1        1      2         
optlc_net_2828           1        1      2         
optlc_net_2829           1        1      2         
optlc_net_283            1        1      2         
optlc_net_2830           1        1      2         
optlc_net_2831           1        1      2         
optlc_net_2832           1        1      2         
optlc_net_2833           1        1      2         
optlc_net_2834           1        1      2         
optlc_net_2835           1        1      2         
optlc_net_2836           1        1      2         
optlc_net_2837           1        1      2         
optlc_net_2838           1        1      2         
optlc_net_2839           1        1      2         
optlc_net_284            1        1      2         
optlc_net_2840           1        1      2         
optlc_net_2841           1        1      2         
optlc_net_2842           1        1      2         
optlc_net_2843           1        1      2         
optlc_net_2844           1        1      2         
optlc_net_2845           1        1      2         
optlc_net_2846           1        1      2         
optlc_net_2847           1        1      2         
optlc_net_2848           1        1      2         
optlc_net_2849           1        1      2         
optlc_net_285            1        1      2         
optlc_net_2850           1        1      2         
optlc_net_2851           1        1      2         
optlc_net_2852           1        1      2         
optlc_net_2853           1        1      2         
optlc_net_2854           1        1      2         
optlc_net_2855           1        1      2         
optlc_net_2856           1        1      2         
optlc_net_2857           1        1      2         
optlc_net_2858           1        1      2         
optlc_net_2859           1        1      2         
optlc_net_286            1        1      2         
optlc_net_2860           1        1      2         
optlc_net_2861           1        1      2         
optlc_net_2862           1        1      2         
optlc_net_2863           1        1      2         
optlc_net_2864           1        1      2         
optlc_net_2865           1        1      2         
optlc_net_2866           1        1      2         
optlc_net_2867           1        1      2         
optlc_net_2868           1        1      2         
optlc_net_2869           1        1      2         
optlc_net_287            1        1      2         
optlc_net_2870           1        1      2         
optlc_net_2871           1        1      2         
optlc_net_2872           1        1      2         
optlc_net_2873           1        1      2         
optlc_net_2874           1        1      2         
optlc_net_2875           1        1      2         
optlc_net_2876           1        1      2         
optlc_net_2877           1        1      2         
optlc_net_2878           1        1      2         
optlc_net_2879           1        1      2         
optlc_net_288            1        1      2         
optlc_net_2880           1        1      2         
optlc_net_2881           1        1      2         
optlc_net_2882           1        1      2         
optlc_net_2883           1        1      2         
optlc_net_2884           1        1      2         
optlc_net_2885           1        1      2         
optlc_net_2886           1        1      2         
optlc_net_2887           1        1      2         
optlc_net_2888           1        1      2         
optlc_net_2889           1        1      2         
optlc_net_289            1        1      2         
optlc_net_2890           1        1      2         
optlc_net_2891           1        1      2         
optlc_net_2892           1        1      2         
optlc_net_2893           1        1      2         
optlc_net_2894           1        1      2         
optlc_net_2895           1        1      2         
optlc_net_2896           1        1      2         
optlc_net_2897           1        1      2         
optlc_net_2898           1        1      2         
optlc_net_2899           1        1      2         
optlc_net_29             1        1      2         
optlc_net_290            1        1      2         
optlc_net_2900           1        1      2         
optlc_net_2901           1        1      2         
optlc_net_2902           1        1      2         
optlc_net_2903           1        1      2         
optlc_net_2904           1        1      2         
optlc_net_2905           1        1      2         
optlc_net_2906           1        1      2         
optlc_net_2907           1        1      2         
optlc_net_2908           1        1      2         
optlc_net_2909           1        1      2         
optlc_net_291            1        1      2         
optlc_net_2910           1        1      2         
optlc_net_2911           1        1      2         
optlc_net_2912           1        1      2         
optlc_net_2913           1        1      2         
optlc_net_2914           1        1      2         
optlc_net_2915           1        1      2         
optlc_net_2916           1        1      2         
optlc_net_2917           1        1      2         
optlc_net_2918           1        1      2         
optlc_net_2919           1        1      2         
optlc_net_292            1        1      2         
optlc_net_2920           1        1      2         
optlc_net_2921           1        1      2         
optlc_net_2922           1        1      2         
optlc_net_2923           1        1      2         
optlc_net_2924           1        1      2         
optlc_net_2925           1        1      2         
optlc_net_2926           1        1      2         
optlc_net_2927           1        1      2         
optlc_net_2928           1        1      2         
optlc_net_2929           1        1      2         
optlc_net_293            1        1      2         
optlc_net_2930           1        1      2         
optlc_net_2931           1        1      2         
optlc_net_2932           1        1      2         
optlc_net_2933           1        1      2         
optlc_net_2934           1        1      2         
optlc_net_2935           1        1      2         
optlc_net_2936           1        1      2         
optlc_net_2937           1        1      2         
optlc_net_2938           1        1      2         
optlc_net_2939           1        1      2         
optlc_net_294            1        1      2         
optlc_net_2940           1        1      2         
optlc_net_2941           1        1      2         
optlc_net_2942           1        1      2         
optlc_net_2943           1        1      2         
optlc_net_2944           1        1      2         
optlc_net_2945           1        1      2         
optlc_net_2946           1        1      2         
optlc_net_2947           1        1      2         
optlc_net_2948           1        1      2         
optlc_net_2949           1        1      2         
optlc_net_295            1        1      2         
optlc_net_2950           1        1      2         
optlc_net_2951           1        1      2         
optlc_net_2952           1        1      2         
optlc_net_2953           1        1      2         
optlc_net_2954           1        1      2         
optlc_net_2955           1        1      2         
optlc_net_2956           1        1      2         
optlc_net_2957           1        1      2         
optlc_net_2958           1        1      2         
optlc_net_2959           1        1      2         
optlc_net_296            1        1      2         
optlc_net_2960           1        1      2         
optlc_net_2961           1        1      2         
optlc_net_2962           1        1      2         
optlc_net_2963           1        1      2         
optlc_net_2964           1        1      2         
optlc_net_2965           1        1      2         
optlc_net_2966           1        1      2         
optlc_net_2967           1        1      2         
optlc_net_2968           1        1      2         
optlc_net_2969           1        1      2         
optlc_net_297            1        1      2         
optlc_net_2970           1        1      2         
optlc_net_2971           1        1      2         
optlc_net_2972           1        1      2         
optlc_net_2973           1        1      2         
optlc_net_2974           1        1      2         
optlc_net_2975           1        1      2         
optlc_net_2976           1        1      2         
optlc_net_2977           1        1      2         
optlc_net_2978           1        1      2         
optlc_net_2979           1        1      2         
optlc_net_298            1        1      2         
optlc_net_2980           1        1      2         
optlc_net_2981           1        1      2         
optlc_net_2982           1        1      2         
optlc_net_2983           1        1      2         
optlc_net_2984           1        1      2         
optlc_net_2985           1        1      2         
optlc_net_2986           1        1      2         
optlc_net_2987           1        1      2         
optlc_net_2988           1        1      2         
optlc_net_2989           1        1      2         
optlc_net_299            1        1      2         
optlc_net_2990           1        1      2         
optlc_net_2991           1        1      2         
optlc_net_2992           1        1      2         
optlc_net_2993           1        1      2         
optlc_net_2994           1        1      2         
optlc_net_2995           1        1      2         
optlc_net_2996           1        1      2         
optlc_net_2997           1        1      2         
optlc_net_2998           1        1      2         
optlc_net_2999           1        1      2         
optlc_net_3              1        1      2         
optlc_net_30             1        1      2         
optlc_net_300            1        1      2         
optlc_net_3000           1        1      2         
optlc_net_3001           1        1      2         
optlc_net_3002           1        1      2         
optlc_net_3003           1        1      2         
optlc_net_3004           1        1      2         
optlc_net_3005           1        1      2         
optlc_net_3006           1        1      2         
optlc_net_3007           1        1      2         
optlc_net_3008           1        1      2         
optlc_net_3009           1        1      2         
optlc_net_301            1        1      2         
optlc_net_3010           1        1      2         
optlc_net_3011           1        1      2         
optlc_net_3012           1        1      2         
optlc_net_3013           1        1      2         
optlc_net_3014           1        1      2         
optlc_net_3015           1        1      2         
optlc_net_3016           1        1      2         
optlc_net_3017           1        1      2         
optlc_net_3018           1        1      2         
optlc_net_3019           1        1      2         
optlc_net_302            1        1      2         
optlc_net_3020           1        1      2         
optlc_net_3021           1        1      2         
optlc_net_3022           1        1      2         
optlc_net_3023           1        1      2         
optlc_net_3024           1        1      2         
optlc_net_3025           1        1      2         
optlc_net_3026           1        1      2         
optlc_net_3027           1        1      2         
optlc_net_3028           1        1      2         
optlc_net_3029           1        1      2         
optlc_net_303            1        1      2         
optlc_net_3030           1        1      2         
optlc_net_3031           1        1      2         
optlc_net_3032           1        1      2         
optlc_net_3033           1        1      2         
optlc_net_3034           1        1      2         
optlc_net_3035           1        1      2         
optlc_net_3036           1        1      2         
optlc_net_3037           1        1      2         
optlc_net_3038           1        1      2         
optlc_net_3039           1        1      2         
optlc_net_304            1        1      2         
optlc_net_3040           1        1      2         
optlc_net_3041           1        1      2         
optlc_net_3042           1        1      2         
optlc_net_3043           1        1      2         
optlc_net_3044           1        1      2         
optlc_net_3045           1        1      2         
optlc_net_3046           1        1      2         
optlc_net_3047           1        1      2         
optlc_net_3048           1        1      2         
optlc_net_3049           1        1      2         
optlc_net_305            1        1      2         
optlc_net_3050           1        1      2         
optlc_net_3051           1        1      2         
optlc_net_3052           1        1      2         
optlc_net_3053           1        1      2         
optlc_net_3054           1        1      2         
optlc_net_3055           1        1      2         
optlc_net_3056           1        1      2         
optlc_net_3057           1        1      2         
optlc_net_3058           1        1      2         
optlc_net_3059           1        1      2         
optlc_net_306            1        1      2         
optlc_net_3060           1        1      2         
optlc_net_3061           1        1      2         
optlc_net_3062           1        1      2         
optlc_net_3063           1        1      2         
optlc_net_3064           1        1      2         
optlc_net_3065           1        1      2         
optlc_net_3066           1        1      2         
optlc_net_3067           1        1      2         
optlc_net_3068           1        1      2         
optlc_net_3069           1        1      2         
optlc_net_307            1        1      2         
optlc_net_3070           1        1      2         
optlc_net_3071           1        1      2         
optlc_net_3072           1        1      2         
optlc_net_3073           1        1      2         
optlc_net_3074           1        1      2         
optlc_net_3075           1        1      2         
optlc_net_3076           1        1      2         
optlc_net_3077           1        1      2         
optlc_net_3078           1        1      2         
optlc_net_3079           1        1      2         
optlc_net_308            1        1      2         
optlc_net_3080           1        1      2         
optlc_net_3081           1        1      2         
optlc_net_3082           1        1      2         
optlc_net_3083           1        1      2         
optlc_net_3084           1        1      2         
optlc_net_3085           1        1      2         
optlc_net_3086           1        1      2         
optlc_net_3087           1        1      2         
optlc_net_3088           1        1      2         
optlc_net_3089           1        1      2         
optlc_net_309            1        1      2         
optlc_net_3090           1        1      2         
optlc_net_3091           1        1      2         
optlc_net_3092           1        1      2         
optlc_net_3093           1        1      2         
optlc_net_3094           1        1      2         
optlc_net_3095           1        1      2         
optlc_net_3096           1        1      2         
optlc_net_3097           1        1      2         
optlc_net_3098           1        1      2         
optlc_net_3099           1        1      2         
optlc_net_31             1        1      2         
optlc_net_310            1        1      2         
optlc_net_3100           1        1      2         
optlc_net_3101           1        1      2         
optlc_net_3102           1        1      2         
optlc_net_3103           1        1      2         
optlc_net_3104           1        1      2         
optlc_net_3105           1        1      2         
optlc_net_3106           1        1      2         
optlc_net_3107           1        1      2         
optlc_net_3108           1        1      2         
optlc_net_3109           1        1      2         
optlc_net_311            1        1      2         
optlc_net_3110           1        1      2         
optlc_net_3111           1        1      2         
optlc_net_3112           1        1      2         
optlc_net_3113           1        1      2         
optlc_net_3114           1        1      2         
optlc_net_3115           1        1      2         
optlc_net_3116           1        1      2         
optlc_net_3117           1        1      2         
optlc_net_3118           1        1      2         
optlc_net_3119           1        1      2         
optlc_net_312            1        1      2         
optlc_net_3120           1        1      2         
optlc_net_3121           1        1      2         
optlc_net_3122           1        1      2         
optlc_net_3123           1        1      2         
optlc_net_3124           1        1      2         
optlc_net_3125           1        1      2         
optlc_net_3126           1        1      2         
optlc_net_3127           1        1      2         
optlc_net_3128           1        1      2         
optlc_net_3129           1        1      2         
optlc_net_313            1        1      2         
optlc_net_3130           1        1      2         
optlc_net_3131           1        1      2         
optlc_net_3132           1        1      2         
optlc_net_3133           1        1      2         
optlc_net_3134           1        1      2         
optlc_net_3135           1        1      2         
optlc_net_3136           1        1      2         
optlc_net_3137           1        1      2         
optlc_net_3138           1        1      2         
optlc_net_3139           1        1      2         
optlc_net_314            1        1      2         
optlc_net_3140           1        1      2         
optlc_net_3141           1        1      2         
optlc_net_3142           1        1      2         
optlc_net_3143           1        1      2         
optlc_net_3144           1        1      2         
optlc_net_3145           1        1      2         
optlc_net_3146           1        1      2         
optlc_net_3147           1        1      2         
optlc_net_3148           1        1      2         
optlc_net_3149           1        1      2         
optlc_net_315            1        1      2         
optlc_net_3150           1        1      2         
optlc_net_3151           1        1      2         
optlc_net_3152           1        1      2         
optlc_net_3153           1        1      2         
optlc_net_3154           1        1      2         
optlc_net_3155           1        1      2         
optlc_net_3156           1        1      2         
optlc_net_3157           1        1      2         
optlc_net_3158           1        1      2         
optlc_net_3159           1        1      2         
optlc_net_316            1        1      2         
optlc_net_3160           1        1      2         
optlc_net_3161           1        1      2         
optlc_net_3162           1        1      2         
optlc_net_3163           1        1      2         
optlc_net_3164           1        1      2         
optlc_net_3165           1        1      2         
optlc_net_3166           1        1      2         
optlc_net_3167           1        1      2         
optlc_net_3168           1        1      2         
optlc_net_3169           1        1      2         
optlc_net_317            1        1      2         
optlc_net_3170           1        1      2         
optlc_net_3171           1        1      2         
optlc_net_3172           1        1      2         
optlc_net_3173           1        1      2         
optlc_net_3174           1        1      2         
optlc_net_3175           1        1      2         
optlc_net_3176           1        1      2         
optlc_net_3177           1        1      2         
optlc_net_3178           1        1      2         
optlc_net_3179           1        1      2         
optlc_net_318            1        1      2         
optlc_net_3180           1        1      2         
optlc_net_3181           1        1      2         
optlc_net_3182           1        1      2         
optlc_net_3183           1        1      2         
optlc_net_3184           1        1      2         
optlc_net_3185           1        1      2         
optlc_net_3186           1        1      2         
optlc_net_3187           1        1      2         
optlc_net_3188           1        1      2         
optlc_net_3189           1        1      2         
optlc_net_319            1        1      2         
optlc_net_3190           1        1      2         
optlc_net_3191           1        1      2         
optlc_net_3192           1        1      2         
optlc_net_3193           1        1      2         
optlc_net_3194           1        1      2         
optlc_net_3195           1        1      2         
optlc_net_3196           1        1      2         
optlc_net_3197           1        1      2         
optlc_net_3198           1        1      2         
optlc_net_3199           1        1      2         
optlc_net_32             1        1      2         
optlc_net_320            1        1      2         
optlc_net_3200           1        1      2         
optlc_net_3201           1        1      2         
optlc_net_3202           1        1      2         
optlc_net_3203           1        1      2         
optlc_net_3204           1        1      2         
optlc_net_3205           1        1      2         
optlc_net_3206           1        1      2         
optlc_net_3207           1        1      2         
optlc_net_3208           1        1      2         
optlc_net_3209           1        1      2         
optlc_net_321            1        1      2         
optlc_net_3210           1        1      2         
optlc_net_3211           1        1      2         
optlc_net_3212           1        1      2         
optlc_net_3213           1        1      2         
optlc_net_3214           1        1      2         
optlc_net_3215           1        1      2         
optlc_net_3216           1        1      2         
optlc_net_3217           1        1      2         
optlc_net_3218           1        1      2         
optlc_net_3219           1        1      2         
optlc_net_322            1        1      2         
optlc_net_3220           1        1      2         
optlc_net_3221           1        1      2         
optlc_net_3222           1        1      2         
optlc_net_3223           1        1      2         
optlc_net_3224           1        1      2         
optlc_net_3225           1        1      2         
optlc_net_3226           1        1      2         
optlc_net_3227           1        1      2         
optlc_net_3228           1        1      2         
optlc_net_3229           1        1      2         
optlc_net_323            1        1      2         
optlc_net_3230           1        1      2         
optlc_net_3231           1        1      2         
optlc_net_3232           1        1      2         
optlc_net_3233           1        1      2         
optlc_net_3234           1        1      2         
optlc_net_3235           1        1      2         
optlc_net_3236           1        1      2         
optlc_net_3237           1        1      2         
optlc_net_3238           1        1      2         
optlc_net_3239           1        1      2         
optlc_net_324            1        1      2         
optlc_net_3240           1        1      2         
optlc_net_3241           1        1      2         
optlc_net_3242           1        1      2         
optlc_net_3243           1        1      2         
optlc_net_3244           1        1      2         
optlc_net_3245           1        1      2         
optlc_net_3246           1        1      2         
optlc_net_3247           1        1      2         
optlc_net_3248           1        1      2         
optlc_net_3249           1        1      2         
optlc_net_325            1        1      2         
optlc_net_3250           1        1      2         
optlc_net_3251           1        1      2         
optlc_net_3252           1        1      2         
optlc_net_3253           1        1      2         
optlc_net_3254           1        1      2         
optlc_net_3255           1        1      2         
optlc_net_3256           1        1      2         
optlc_net_3257           1        1      2         
optlc_net_3258           1        1      2         
optlc_net_3259           1        1      2         
optlc_net_326            1        1      2         
optlc_net_3260           1        1      2         
optlc_net_3261           1        1      2         
optlc_net_3262           1        1      2         
optlc_net_3263           1        1      2         
optlc_net_3264           1        1      2         
optlc_net_3265           1        1      2         
optlc_net_3266           1        1      2         
optlc_net_3267           1        1      2         
optlc_net_3268           1        1      2         
optlc_net_3269           1        1      2         
optlc_net_327            1        1      2         
optlc_net_3270           1        1      2         
optlc_net_3271           1        1      2         
optlc_net_3272           1        1      2         
optlc_net_3273           1        1      2         
optlc_net_3274           1        1      2         
optlc_net_3275           1        1      2         
optlc_net_3276           1        1      2         
optlc_net_3277           1        1      2         
optlc_net_3278           1        1      2         
optlc_net_3279           1        1      2         
optlc_net_328            1        1      2         
optlc_net_3280           1        1      2         
optlc_net_3281           1        1      2         
optlc_net_3282           1        1      2         
optlc_net_3283           1        1      2         
optlc_net_3284           1        1      2         
optlc_net_3285           1        1      2         
optlc_net_3286           1        1      2         
optlc_net_3287           1        1      2         
optlc_net_3288           1        1      2         
optlc_net_3289           1        1      2         
optlc_net_329            1        1      2         
optlc_net_3290           1        1      2         
optlc_net_3291           1        1      2         
optlc_net_3292           1        1      2         
optlc_net_3293           1        1      2         
optlc_net_3294           1        1      2         
optlc_net_3295           1        1      2         
optlc_net_3296           1        1      2         
optlc_net_3297           1        1      2         
optlc_net_3298           1        1      2         
optlc_net_3299           1        1      2         
optlc_net_33             1        1      2         
optlc_net_330            1        1      2         
optlc_net_3300           1        1      2         
optlc_net_3301           1        1      2         
optlc_net_3302           1        1      2         
optlc_net_3303           1        1      2         
optlc_net_3304           1        1      2         
optlc_net_3305           1        1      2         
optlc_net_3306           1        1      2         
optlc_net_3307           1        1      2         
optlc_net_3308           1        1      2         
optlc_net_3309           1        1      2         
optlc_net_331            1        1      2         
optlc_net_3310           1        1      2         
optlc_net_3311           1        1      2         
optlc_net_3312           1        1      2         
optlc_net_3313           1        1      2         
optlc_net_3314           1        1      2         
optlc_net_3315           1        1      2         
optlc_net_3316           1        1      2         
optlc_net_3317           1        1      2         
optlc_net_3318           1        1      2         
optlc_net_3319           1        1      2         
optlc_net_332            1        1      2         
optlc_net_3320           1        1      2         
optlc_net_3321           1        1      2         
optlc_net_3322           1        1      2         
optlc_net_3323           1        1      2         
optlc_net_3324           1        1      2         
optlc_net_3325           1        1      2         
optlc_net_3326           1        1      2         
optlc_net_3327           1        1      2         
optlc_net_3328           1        1      2         
optlc_net_3329           1        1      2         
optlc_net_333            1        1      2         
optlc_net_3330           1        1      2         
optlc_net_3331           1        1      2         
optlc_net_3332           1        1      2         
optlc_net_3333           1        1      2         
optlc_net_3334           1        1      2         
optlc_net_3335           1        1      2         
optlc_net_3336           1        1      2         
optlc_net_3337           1        1      2         
optlc_net_3338           1        1      2         
optlc_net_3339           1        1      2         
optlc_net_334            1        1      2         
optlc_net_3340           1        1      2         
optlc_net_3341           1        1      2         
optlc_net_3342           1        1      2         
optlc_net_3343           1        1      2         
optlc_net_3344           1        1      2         
optlc_net_3345           1        1      2         
optlc_net_3346           1        1      2         
optlc_net_3347           1        1      2         
optlc_net_3348           1        1      2         
optlc_net_3349           1        1      2         
optlc_net_335            1        1      2         
optlc_net_3350           1        1      2         
optlc_net_3351           1        1      2         
optlc_net_3352           1        1      2         
optlc_net_3353           1        1      2         
optlc_net_3354           1        1      2         
optlc_net_3355           1        1      2         
optlc_net_3356           1        1      2         
optlc_net_3357           1        1      2         
optlc_net_3358           1        1      2         
optlc_net_3359           1        1      2         
optlc_net_336            1        1      2         
optlc_net_3360           1        1      2         
optlc_net_3361           1        1      2         
optlc_net_3362           1        1      2         
optlc_net_3363           1        1      2         
optlc_net_3364           1        1      2         
optlc_net_3365           1        1      2         
optlc_net_3366           1        1      2         
optlc_net_3367           1        1      2         
optlc_net_3368           1        1      2         
optlc_net_3369           1        1      2         
optlc_net_337            1        1      2         
optlc_net_3370           1        1      2         
optlc_net_3371           1        1      2         
optlc_net_3372           1        1      2         
optlc_net_3373           1        1      2         
optlc_net_3374           1        1      2         
optlc_net_3375           1        1      2         
optlc_net_3376           1        1      2         
optlc_net_3377           1        1      2         
optlc_net_3378           1        1      2         
optlc_net_3379           1        1      2         
optlc_net_338            1        1      2         
optlc_net_3380           1        1      2         
optlc_net_3381           1        1      2         
optlc_net_3382           1        1      2         
optlc_net_3383           1        1      2         
optlc_net_3384           1        1      2         
optlc_net_3385           1        1      2         
optlc_net_3386           1        1      2         
optlc_net_3387           1        1      2         
optlc_net_3388           1        1      2         
optlc_net_3389           1        1      2         
optlc_net_339            1        1      2         
optlc_net_3390           1        1      2         
optlc_net_3391           1        1      2         
optlc_net_3392           1        1      2         
optlc_net_3393           1        1      2         
optlc_net_3394           1        1      2         
optlc_net_3395           1        1      2         
optlc_net_3396           1        1      2         
optlc_net_3397           1        1      2         
optlc_net_3398           1        1      2         
optlc_net_3399           1        1      2         
optlc_net_34             1        1      2         
optlc_net_340            1        1      2         
optlc_net_3400           1        1      2         
optlc_net_3401           1        1      2         
optlc_net_3402           1        1      2         
optlc_net_3403           1        1      2         
optlc_net_3404           1        1      2         
optlc_net_3405           1        1      2         
optlc_net_3406           1        1      2         
optlc_net_3407           1        1      2         
optlc_net_3408           1        1      2         
optlc_net_3409           1        1      2         
optlc_net_341            1        1      2         
optlc_net_3410           1        1      2         
optlc_net_3411           1        1      2         
optlc_net_3412           1        1      2         
optlc_net_3413           1        1      2         
optlc_net_3414           1        1      2         
optlc_net_3415           1        1      2         
optlc_net_3416           1        1      2         
optlc_net_3417           1        1      2         
optlc_net_3418           1        1      2         
optlc_net_3419           1        1      2         
optlc_net_342            1        1      2         
optlc_net_3420           1        1      2         
optlc_net_3421           1        1      2         
optlc_net_3422           1        1      2         
optlc_net_3423           1        1      2         
optlc_net_3424           1        1      2         
optlc_net_3425           1        1      2         
optlc_net_3426           1        1      2         
optlc_net_3427           1        1      2         
optlc_net_3428           1        1      2         
optlc_net_3429           1        1      2         
optlc_net_343            1        1      2         
optlc_net_3430           1        1      2         
optlc_net_3431           1        1      2         
optlc_net_3432           1        1      2         
optlc_net_3433           1        1      2         
optlc_net_3434           1        1      2         
optlc_net_3435           1        1      2         
optlc_net_3436           1        1      2         
optlc_net_3437           1        1      2         
optlc_net_3438           1        1      2         
optlc_net_3439           1        1      2         
optlc_net_344            1        1      2         
optlc_net_3440           1        1      2         
optlc_net_3441           1        1      2         
optlc_net_3442           1        1      2         
optlc_net_3443           1        1      2         
optlc_net_3444           1        1      2         
optlc_net_3445           1        1      2         
optlc_net_3446           1        1      2         
optlc_net_3447           1        1      2         
optlc_net_3448           1        1      2         
optlc_net_3449           1        1      2         
optlc_net_345            1        1      2         
optlc_net_3450           1        1      2         
optlc_net_3451           1        1      2         
optlc_net_3452           1        1      2         
optlc_net_3453           1        1      2         
optlc_net_3454           1        1      2         
optlc_net_3455           1        1      2         
optlc_net_3456           1        1      2         
optlc_net_3457           1        1      2         
optlc_net_3458           1        1      2         
optlc_net_3459           1        1      2         
optlc_net_346            1        1      2         
optlc_net_3460           1        1      2         
optlc_net_3461           1        1      2         
optlc_net_3462           1        1      2         
optlc_net_3463           1        1      2         
optlc_net_3464           1        1      2         
optlc_net_3465           1        1      2         
optlc_net_3466           1        1      2         
optlc_net_3467           1        1      2         
optlc_net_3468           1        1      2         
optlc_net_3469           1        1      2         
optlc_net_347            1        1      2         
optlc_net_3470           1        1      2         
optlc_net_3471           1        1      2         
optlc_net_3472           1        1      2         
optlc_net_3473           1        1      2         
optlc_net_3474           1        1      2         
optlc_net_3475           1        1      2         
optlc_net_3476           1        1      2         
optlc_net_3477           1        1      2         
optlc_net_3478           1        1      2         
optlc_net_3479           1        1      2         
optlc_net_348            1        1      2         
optlc_net_3480           1        1      2         
optlc_net_3481           1        1      2         
optlc_net_3482           1        1      2         
optlc_net_3483           1        1      2         
optlc_net_3484           1        1      2         
optlc_net_3485           1        1      2         
optlc_net_3486           1        1      2         
optlc_net_3487           1        1      2         
optlc_net_3488           1        1      2         
optlc_net_3489           1        1      2         
optlc_net_349            1        1      2         
optlc_net_3490           1        1      2         
optlc_net_3491           1        1      2         
optlc_net_3492           1        1      2         
optlc_net_3493           1        1      2         
optlc_net_3494           1        1      2         
optlc_net_3495           1        1      2         
optlc_net_3496           1        1      2         
optlc_net_3497           1        1      2         
optlc_net_3498           1        1      2         
optlc_net_3499           1        1      2         
optlc_net_35             1        1      2         
optlc_net_350            1        1      2         
optlc_net_3500           1        1      2         
optlc_net_3501           1        1      2         
optlc_net_3502           1        1      2         
optlc_net_3503           1        1      2         
optlc_net_3504           1        1      2         
optlc_net_3505           1        1      2         
optlc_net_3506           1        1      2         
optlc_net_3507           1        1      2         
optlc_net_3508           1        1      2         
optlc_net_3509           1        1      2         
optlc_net_351            1        1      2         
optlc_net_3510           1        1      2         
optlc_net_3511           1        1      2         
optlc_net_3512           1        1      2         
optlc_net_3513           1        1      2         
optlc_net_3514           1        1      2         
optlc_net_3515           1        1      2         
optlc_net_3516           1        1      2         
optlc_net_3517           1        1      2         
optlc_net_3518           1        1      2         
optlc_net_3519           1        1      2         
optlc_net_352            1        1      2         
optlc_net_3520           1        1      2         
optlc_net_3521           1        1      2         
optlc_net_3522           1        1      2         
optlc_net_3523           1        1      2         
optlc_net_3524           1        1      2         
optlc_net_3525           1        1      2         
optlc_net_3526           1        1      2         
optlc_net_3527           1        1      2         
optlc_net_3528           1        1      2         
optlc_net_3529           1        1      2         
optlc_net_353            1        1      2         
optlc_net_3530           1        1      2         
optlc_net_3531           1        1      2         
optlc_net_3532           1        1      2         
optlc_net_3533           1        1      2         
optlc_net_3534           1        1      2         
optlc_net_3535           1        1      2         
optlc_net_3536           1        1      2         
optlc_net_3537           1        1      2         
optlc_net_3538           1        1      2         
optlc_net_3539           1        1      2         
optlc_net_354            1        1      2         
optlc_net_3540           1        1      2         
optlc_net_3541           1        1      2         
optlc_net_3542           1        1      2         
optlc_net_3543           1        1      2         
optlc_net_3544           1        1      2         
optlc_net_3545           1        1      2         
optlc_net_3546           1        1      2         
optlc_net_3547           1        1      2         
optlc_net_3548           1        1      2         
optlc_net_3549           1        1      2         
optlc_net_355            1        1      2         
optlc_net_3550           1        1      2         
optlc_net_3551           1        1      2         
optlc_net_3552           1        1      2         
optlc_net_3553           1        1      2         
optlc_net_3554           1        1      2         
optlc_net_3555           1        1      2         
optlc_net_3556           1        1      2         
optlc_net_3557           1        1      2         
optlc_net_3558           1        1      2         
optlc_net_3559           1        1      2         
optlc_net_356            1        1      2         
optlc_net_3560           1        1      2         
optlc_net_3561           1        1      2         
optlc_net_3562           1        1      2         
optlc_net_3563           1        1      2         
optlc_net_3564           1        1      2         
optlc_net_3565           1        1      2         
optlc_net_3566           1        1      2         
optlc_net_3567           1        1      2         
optlc_net_3568           1        1      2         
optlc_net_3569           1        1      2         
optlc_net_357            1        1      2         
optlc_net_3570           1        1      2         
optlc_net_3571           1        1      2         
optlc_net_3572           1        1      2         
optlc_net_3573           1        1      2         
optlc_net_3574           1        1      2         
optlc_net_3575           1        1      2         
optlc_net_3576           1        1      2         
optlc_net_3577           1        1      2         
optlc_net_3578           1        1      2         
optlc_net_3579           1        1      2         
optlc_net_358            1        1      2         
optlc_net_3580           1        1      2         
optlc_net_3581           1        1      2         
optlc_net_3582           1        1      2         
optlc_net_3583           1        1      2         
optlc_net_3584           1        1      2         
optlc_net_3585           1        1      2         
optlc_net_3586           1        1      2         
optlc_net_3587           1        1      2         
optlc_net_3588           1        1      2         
optlc_net_3589           1        1      2         
optlc_net_359            1        1      2         
optlc_net_3590           1        1      2         
optlc_net_3591           1        1      2         
optlc_net_3592           1        1      2         
optlc_net_3593           1        1      2         
optlc_net_3594           1        1      2         
optlc_net_3595           1        1      2         
optlc_net_3596           1        1      2         
optlc_net_3597           1        1      2         
optlc_net_3598           1        1      2         
optlc_net_3599           1        1      2         
optlc_net_36             1        1      2         
optlc_net_360            1        1      2         
optlc_net_3600           1        1      2         
optlc_net_3601           1        1      2         
optlc_net_3602           1        1      2         
optlc_net_3603           1        1      2         
optlc_net_3604           1        1      2         
optlc_net_3605           1        1      2         
optlc_net_3606           1        1      2         
optlc_net_3607           1        1      2         
optlc_net_3608           1        1      2         
optlc_net_3609           1        1      2         
optlc_net_361            1        1      2         
optlc_net_3610           1        1      2         
optlc_net_3611           1        1      2         
optlc_net_3612           1        1      2         
optlc_net_3613           1        1      2         
optlc_net_3614           1        1      2         
optlc_net_3615           1        1      2         
optlc_net_3616           1        1      2         
optlc_net_3617           1        1      2         
optlc_net_3618           1        1      2         
optlc_net_3619           1        1      2         
optlc_net_362            1        1      2         
optlc_net_3620           1        1      2         
optlc_net_3621           1        1      2         
optlc_net_3622           1        1      2         
optlc_net_3623           1        1      2         
optlc_net_3624           1        1      2         
optlc_net_3625           1        1      2         
optlc_net_3626           1        1      2         
optlc_net_3627           1        1      2         
optlc_net_3628           1        1      2         
optlc_net_3629           1        1      2         
optlc_net_363            1        1      2         
optlc_net_3630           1        1      2         
optlc_net_3631           1        1      2         
optlc_net_3632           1        1      2         
optlc_net_3633           1        1      2         
optlc_net_3634           1        1      2         
optlc_net_3635           1        1      2         
optlc_net_3636           1        1      2         
optlc_net_3637           1        1      2         
optlc_net_3638           1        1      2         
optlc_net_3639           1        1      2         
optlc_net_364            1        1      2         
optlc_net_3640           1        1      2         
optlc_net_3641           1        1      2         
optlc_net_3642           1        1      2         
optlc_net_3643           1        1      2         
optlc_net_3644           1        1      2         
optlc_net_3645           1        1      2         
optlc_net_3646           1        1      2         
optlc_net_3647           1        1      2         
optlc_net_3648           1        1      2         
optlc_net_3649           1        1      2         
optlc_net_365            1        1      2         
optlc_net_3650           1        1      2         
optlc_net_3651           1        1      2         
optlc_net_3652           1        1      2         
optlc_net_3653           1        1      2         
optlc_net_3654           1        1      2         
optlc_net_3655           1        1      2         
optlc_net_3656           1        1      2         
optlc_net_3657           1        1      2         
optlc_net_3658           1        1      2         
optlc_net_3659           1        1      2         
optlc_net_366            1        1      2         
optlc_net_3660           1        1      2         
optlc_net_3661           1        1      2         
optlc_net_3662           1        1      2         
optlc_net_3663           1        1      2         
optlc_net_3664           1        1      2         
optlc_net_3665           1        1      2         
optlc_net_3666           1        1      2         
optlc_net_3667           1        1      2         
optlc_net_3668           1        1      2         
optlc_net_3669           1        1      2         
optlc_net_367            1        1      2         
optlc_net_3670           1        1      2         
optlc_net_3671           1        1      2         
optlc_net_3672           1        1      2         
optlc_net_3673           1        1      2         
optlc_net_3674           1        1      2         
optlc_net_3675           1        1      2         
optlc_net_3676           1        1      2         
optlc_net_3677           1        1      2         
optlc_net_3678           1        1      2         
optlc_net_3679           1        1      2         
optlc_net_368            1        1      2         
optlc_net_3680           1        1      2         
optlc_net_3681           1        1      2         
optlc_net_3682           1        1      2         
optlc_net_3683           1        1      2         
optlc_net_3684           1        1      2         
optlc_net_3685           1        1      2         
optlc_net_3686           1        1      2         
optlc_net_3687           1        1      2         
optlc_net_3688           1        1      2         
optlc_net_3689           1        1      2         
optlc_net_369            1        1      2         
optlc_net_3690           1        1      2         
optlc_net_3691           1        1      2         
optlc_net_3692           1        1      2         
optlc_net_3693           1        1      2         
optlc_net_3694           1        1      2         
optlc_net_3695           1        1      2         
optlc_net_3696           1        1      2         
optlc_net_3697           1        1      2         
optlc_net_3698           1        1      2         
optlc_net_3699           1        1      2         
optlc_net_37             1        1      2         
optlc_net_370            1        1      2         
optlc_net_3700           1        1      2         
optlc_net_3701           1        1      2         
optlc_net_3702           1        1      2         
optlc_net_3703           1        1      2         
optlc_net_3704           1        1      2         
optlc_net_3705           1        1      2         
optlc_net_3706           1        1      2         
optlc_net_3707           1        1      2         
optlc_net_3708           1        1      2         
optlc_net_3709           1        1      2         
optlc_net_371            1        1      2         
optlc_net_3710           1        1      2         
optlc_net_3711           1        1      2         
optlc_net_3712           1        1      2         
optlc_net_3713           1        1      2         
optlc_net_3714           1        1      2         
optlc_net_3715           1        1      2         
optlc_net_3716           1        1      2         
optlc_net_3717           1        1      2         
optlc_net_3718           1        1      2         
optlc_net_3719           1        1      2         
optlc_net_372            1        1      2         
optlc_net_3720           1        1      2         
optlc_net_3721           1        1      2         
optlc_net_3722           1        1      2         
optlc_net_3723           1        1      2         
optlc_net_3724           1        1      2         
optlc_net_3725           1        1      2         
optlc_net_3726           1        1      2         
optlc_net_3727           1        1      2         
optlc_net_3728           1        1      2         
optlc_net_3729           1        1      2         
optlc_net_373            1        1      2         
optlc_net_3730           1        1      2         
optlc_net_3731           1        1      2         
optlc_net_3732           1        1      2         
optlc_net_3733           1        1      2         
optlc_net_3734           1        1      2         
optlc_net_3735           1        1      2         
optlc_net_3736           1        1      2         
optlc_net_3737           1        1      2         
optlc_net_3738           1        1      2         
optlc_net_3739           1        1      2         
optlc_net_374            1        1      2         
optlc_net_3740           1        1      2         
optlc_net_3741           1        1      2         
optlc_net_3742           1        1      2         
optlc_net_3743           1        1      2         
optlc_net_3744           1        1      2         
optlc_net_3745           1        1      2         
optlc_net_3746           1        1      2         
optlc_net_3747           1        1      2         
optlc_net_3748           1        1      2         
optlc_net_3749           1        1      2         
optlc_net_375            1        1      2         
optlc_net_3750           1        1      2         
optlc_net_3751           1        1      2         
optlc_net_3752           1        1      2         
optlc_net_3753           1        1      2         
optlc_net_3754           1        1      2         
optlc_net_3755           1        1      2         
optlc_net_3756           1        1      2         
optlc_net_3757           1        1      2         
optlc_net_3758           1        1      2         
optlc_net_3759           1        1      2         
optlc_net_376            1        1      2         
optlc_net_3760           1        1      2         
optlc_net_3761           1        1      2         
optlc_net_3762           1        1      2         
optlc_net_3763           1        1      2         
optlc_net_3764           1        1      2         
optlc_net_3765           1        1      2         
optlc_net_3766           1        1      2         
optlc_net_3767           1        1      2         
optlc_net_3768           1        1      2         
optlc_net_3769           1        1      2         
optlc_net_377            1        1      2         
optlc_net_3770           1        1      2         
optlc_net_3771           1        1      2         
optlc_net_3772           1        1      2         
optlc_net_3773           1        1      2         
optlc_net_3774           1        1      2         
optlc_net_3775           1        1      2         
optlc_net_3776           1        1      2         
optlc_net_3777           1        1      2         
optlc_net_3778           1        1      2         
optlc_net_3779           1        1      2         
optlc_net_378            1        1      2         
optlc_net_3780           1        1      2         
optlc_net_3781           1        1      2         
optlc_net_3782           1        1      2         
optlc_net_3783           1        1      2         
optlc_net_3784           1        1      2         
optlc_net_3785           1        1      2         
optlc_net_3786           1        1      2         
optlc_net_3787           1        1      2         
optlc_net_3788           1        1      2         
optlc_net_3789           1        1      2         
optlc_net_379            1        1      2         
optlc_net_3790           1        1      2         
optlc_net_3791           1        1      2         
optlc_net_3792           1        1      2         
optlc_net_3793           1        1      2         
optlc_net_3794           1        1      2         
optlc_net_3795           1        1      2         
optlc_net_3796           1        1      2         
optlc_net_3797           1        1      2         
optlc_net_3798           1        1      2         
optlc_net_3799           1        1      2         
optlc_net_38             1        1      2         
optlc_net_380            1        1      2         
optlc_net_3800           1        1      2         
optlc_net_3801           1        1      2         
optlc_net_3802           1        1      2         
optlc_net_3803           1        1      2         
optlc_net_3804           1        1      2         
optlc_net_3805           1        1      2         
optlc_net_3806           1        1      2         
optlc_net_3807           1        1      2         
optlc_net_3808           1        1      2         
optlc_net_3809           1        1      2         
optlc_net_381            1        1      2         
optlc_net_3810           1        1      2         
optlc_net_3811           1        1      2         
optlc_net_3812           1        1      2         
optlc_net_3813           1        1      2         
optlc_net_3814           1        1      2         
optlc_net_3815           1        1      2         
optlc_net_3816           1        1      2         
optlc_net_3817           1        1      2         
optlc_net_3818           1        1      2         
optlc_net_3819           1        1      2         
optlc_net_382            1        1      2         
optlc_net_3820           1        1      2         
optlc_net_3821           1        1      2         
optlc_net_3822           1        1      2         
optlc_net_3823           1        1      2         
optlc_net_3824           1        1      2         
optlc_net_3825           1        1      2         
optlc_net_3826           1        1      2         
optlc_net_3827           1        1      2         
optlc_net_3828           1        1      2         
optlc_net_3829           1        1      2         
optlc_net_383            1        1      2         
optlc_net_3830           1        1      2         
optlc_net_3831           1        1      2         
optlc_net_3832           1        1      2         
optlc_net_3833           1        1      2         
optlc_net_3834           1        1      2         
optlc_net_3835           1        1      2         
optlc_net_3836           1        1      2         
optlc_net_3837           1        1      2         
optlc_net_3838           1        1      2         
optlc_net_3839           1        1      2         
optlc_net_384            1        1      2         
optlc_net_3840           1        1      2         
optlc_net_3841           1        1      2         
optlc_net_3842           1        1      2         
optlc_net_3843           1        1      2         
optlc_net_3844           1        1      2         
optlc_net_3845           1        1      2         
optlc_net_3846           1        1      2         
optlc_net_3847           1        1      2         
optlc_net_3848           1        1      2         
optlc_net_3849           1        1      2         
optlc_net_385            1        1      2         
optlc_net_3850           1        1      2         
optlc_net_3851           1        1      2         
optlc_net_3852           1        1      2         
optlc_net_3853           1        1      2         
optlc_net_3854           1        1      2         
optlc_net_3855           1        1      2         
optlc_net_3856           1        1      2         
optlc_net_3857           1        1      2         
optlc_net_3858           1        1      2         
optlc_net_3859           1        1      2         
optlc_net_386            1        1      2         
optlc_net_3860           1        1      2         
optlc_net_3861           1        1      2         
optlc_net_3862           1        1      2         
optlc_net_3863           1        1      2         
optlc_net_3864           1        1      2         
optlc_net_3865           1        1      2         
optlc_net_3866           1        1      2         
optlc_net_3867           1        1      2         
optlc_net_3868           1        1      2         
optlc_net_3869           1        1      2         
optlc_net_387            1        1      2         
optlc_net_3870           1        1      2         
optlc_net_3871           1        1      2         
optlc_net_3872           1        1      2         
optlc_net_3873           1        1      2         
optlc_net_3874           1        1      2         
optlc_net_3875           1        1      2         
optlc_net_3876           1        1      2         
optlc_net_3877           1        1      2         
optlc_net_3878           1        1      2         
optlc_net_3879           1        1      2         
optlc_net_388            1        1      2         
optlc_net_3880           1        1      2         
optlc_net_3881           1        1      2         
optlc_net_3882           1        1      2         
optlc_net_3883           1        1      2         
optlc_net_3884           1        1      2         
optlc_net_3885           1        1      2         
optlc_net_3886           1        1      2         
optlc_net_3887           1        1      2         
optlc_net_3888           1        1      2         
optlc_net_3889           1        1      2         
optlc_net_389            1        1      2         
optlc_net_3890           1        1      2         
optlc_net_3891           1        1      2         
optlc_net_3892           1        1      2         
optlc_net_3893           1        1      2         
optlc_net_3894           1        1      2         
optlc_net_3895           1        1      2         
optlc_net_3896           1        1      2         
optlc_net_3897           1        1      2         
optlc_net_3898           1        1      2         
optlc_net_3899           1        1      2         
optlc_net_39             1        1      2         
optlc_net_390            1        1      2         
optlc_net_3900           1        1      2         
optlc_net_3901           1        1      2         
optlc_net_3902           1        1      2         
optlc_net_3903           1        1      2         
optlc_net_3904           1        1      2         
optlc_net_3905           1        1      2         
optlc_net_3906           1        1      2         
optlc_net_3907           1        1      2         
optlc_net_3908           1        1      2         
optlc_net_3909           1        1      2         
optlc_net_391            1        1      2         
optlc_net_3910           1        1      2         
optlc_net_3911           1        1      2         
optlc_net_3912           1        1      2         
optlc_net_3913           1        1      2         
optlc_net_3914           1        1      2         
optlc_net_3915           1        1      2         
optlc_net_3916           1        1      2         
optlc_net_3917           1        1      2         
optlc_net_3918           1        1      2         
optlc_net_3919           1        1      2         
optlc_net_392            1        1      2         
optlc_net_3920           1        1      2         
optlc_net_3921           1        1      2         
optlc_net_3922           1        1      2         
optlc_net_3923           1        1      2         
optlc_net_3924           1        1      2         
optlc_net_3925           1        1      2         
optlc_net_3926           1        1      2         
optlc_net_3927           1        1      2         
optlc_net_3928           1        1      2         
optlc_net_3929           1        1      2         
optlc_net_393            1        1      2         
optlc_net_3930           1        1      2         
optlc_net_3931           1        1      2         
optlc_net_3932           1        1      2         
optlc_net_3933           1        1      2         
optlc_net_3934           1        1      2         
optlc_net_3935           1        1      2         
optlc_net_3936           1        1      2         
optlc_net_3937           1        1      2         
optlc_net_3938           1        1      2         
optlc_net_3939           1        1      2         
optlc_net_394            1        1      2         
optlc_net_3940           1        1      2         
optlc_net_3941           1        1      2         
optlc_net_3942           1        1      2         
optlc_net_3943           1        1      2         
optlc_net_3944           1        1      2         
optlc_net_3945           1        1      2         
optlc_net_3946           1        1      2         
optlc_net_3947           1        1      2         
optlc_net_3948           1        1      2         
optlc_net_3949           1        1      2         
optlc_net_395            1        1      2         
optlc_net_3950           1        1      2         
optlc_net_3951           1        1      2         
optlc_net_3952           1        1      2         
optlc_net_3953           1        1      2         
optlc_net_3954           1        1      2         
optlc_net_3955           1        1      2         
optlc_net_3956           1        1      2         
optlc_net_3957           1        1      2         
optlc_net_3958           1        1      2         
optlc_net_3959           1        1      2         
optlc_net_396            1        1      2         
optlc_net_3960           1        1      2         
optlc_net_3961           1        1      2         
optlc_net_3962           1        1      2         
optlc_net_3963           1        1      2         
optlc_net_3964           1        1      2         
optlc_net_3965           1        1      2         
optlc_net_3966           1        1      2         
optlc_net_3967           1        1      2         
optlc_net_3968           1        1      2         
optlc_net_3969           1        1      2         
optlc_net_397            1        1      2         
optlc_net_3971           1        1      2         
optlc_net_3972           1        1      2         
optlc_net_3973           1        1      2         
optlc_net_3974           1        1      2         
optlc_net_3975           1        1      2         
optlc_net_3976           1        1      2         
optlc_net_3977           1        1      2         
optlc_net_3978           1        1      2         
optlc_net_3979           1        1      2         
optlc_net_398            1        1      2         
optlc_net_3980           1        1      2         
optlc_net_3981           1        1      2         
optlc_net_3982           1        1      2         
optlc_net_3983           1        1      2         
optlc_net_3984           1        1      2         
optlc_net_3985           1        1      2         
optlc_net_3986           1        1      2         
optlc_net_3987           1        1      2         
optlc_net_3988           1        1      2         
optlc_net_3989           1        1      2         
optlc_net_399            1        1      2         
optlc_net_3990           1        1      2         
optlc_net_3991           1        1      2         
optlc_net_3992           1        1      2         
optlc_net_3993           1        1      2         
optlc_net_3994           1        1      2         
optlc_net_3995           1        1      2         
optlc_net_3996           1        1      2         
optlc_net_3997           1        1      2         
optlc_net_3998           1        1      2         
optlc_net_3999           1        1      2         
optlc_net_4              1        1      2         
optlc_net_40             1        1      2         
optlc_net_400            1        1      2         
optlc_net_4000           1        1      2         
optlc_net_4001           1        1      2         
optlc_net_4002           1        1      2         
optlc_net_4003           1        1      2         
optlc_net_4004           1        1      2         
optlc_net_4005           1        1      2         
optlc_net_4006           1        1      2         
optlc_net_4007           1        1      2         
optlc_net_4008           1        1      2         
optlc_net_4009           1        1      2         
optlc_net_401            1        1      2         
optlc_net_4010           1        1      2         
optlc_net_4011           1        1      2         
optlc_net_4012           1        1      2         
optlc_net_4013           1        1      2         
optlc_net_4014           1        1      2         
optlc_net_4015           1        1      2         
optlc_net_4016           1        1      2         
optlc_net_4017           1        1      2         
optlc_net_4018           1        1      2         
optlc_net_4019           1        1      2         
optlc_net_402            1        1      2         
optlc_net_4020           1        1      2         
optlc_net_4021           1        1      2         
optlc_net_4022           1        1      2         
optlc_net_4023           1        1      2         
optlc_net_4024           1        1      2         
optlc_net_4025           1        1      2         
optlc_net_4026           1        1      2         
optlc_net_4027           1        1      2         
optlc_net_4028           1        1      2         
optlc_net_4029           1        1      2         
optlc_net_403            1        1      2         
optlc_net_4030           1        1      2         
optlc_net_4031           1        1      2         
optlc_net_4032           1        1      2         
optlc_net_4033           1        1      2         
optlc_net_4034           1        1      2         
optlc_net_4035           1        1      2         
optlc_net_4036           1        1      2         
optlc_net_4037           1        1      2         
optlc_net_4038           1        1      2         
optlc_net_4039           1        1      2         
optlc_net_404            1        1      2         
optlc_net_4040           1        1      2         
optlc_net_4041           1        1      2         
optlc_net_4042           1        1      2         
optlc_net_4043           1        1      2         
optlc_net_4044           1        1      2         
optlc_net_4045           1        1      2         
optlc_net_4046           1        1      2         
optlc_net_4047           1        1      2         
optlc_net_4048           1        1      2         
optlc_net_4049           1        1      2         
optlc_net_405            1        1      2         
optlc_net_4050           1        1      2         
optlc_net_4051           1        1      2         
optlc_net_4052           1        1      2         
optlc_net_4053           1        1      2         
optlc_net_4054           1        1      2         
optlc_net_4055           1        1      2         
optlc_net_4056           1        1      2         
optlc_net_4057           1        1      2         
optlc_net_4058           1        1      2         
optlc_net_4059           1        1      2         
optlc_net_406            1        1      2         
optlc_net_4060           1        1      2         
optlc_net_4061           1        1      2         
optlc_net_4062           1        1      2         
optlc_net_4063           1        1      2         
optlc_net_4064           1        1      2         
optlc_net_4065           1        1      2         
optlc_net_4066           1        1      2         
optlc_net_4067           1        1      2         
optlc_net_4068           1        1      2         
optlc_net_4069           1        1      2         
optlc_net_407            1        1      2         
optlc_net_4070           1        1      2         
optlc_net_4071           1        1      2         
optlc_net_4072           1        1      2         
optlc_net_4073           1        1      2         
optlc_net_4074           1        1      2         
optlc_net_4075           1        1      2         
optlc_net_4076           1        1      2         
optlc_net_4077           1        1      2         
optlc_net_4078           1        1      2         
optlc_net_4079           1        1      2         
optlc_net_408            1        1      2         
optlc_net_4080           1        1      2         
optlc_net_4081           1        1      2         
optlc_net_4082           1        1      2         
optlc_net_4083           1        1      2         
optlc_net_4084           1        1      2         
optlc_net_4085           1        1      2         
optlc_net_4086           1        1      2         
optlc_net_4087           1        1      2         
optlc_net_4088           1        1      2         
optlc_net_4089           1        1      2         
optlc_net_409            1        1      2         
optlc_net_4090           1        1      2         
optlc_net_4091           1        1      2         
optlc_net_4092           1        1      2         
optlc_net_4093           1        1      2         
optlc_net_4094           1        1      2         
optlc_net_4095           1        1      2         
optlc_net_4096           1        1      2         
optlc_net_4097           1        1      2         
optlc_net_4098           1        1      2         
optlc_net_4099           1        1      2         
optlc_net_41             1        1      2         
optlc_net_410            1        1      2         
optlc_net_4100           1        1      2         
optlc_net_4101           1        1      2         
optlc_net_4102           1        1      2         
optlc_net_4103           1        1      2         
optlc_net_4104           1        1      2         
optlc_net_4105           1        1      2         
optlc_net_4106           1        1      2         
optlc_net_4107           1        1      2         
optlc_net_4108           1        1      2         
optlc_net_4109           1        1      2         
optlc_net_411            1        1      2         
optlc_net_4110           1        1      2         
optlc_net_4111           1        1      2         
optlc_net_4112           1        1      2         
optlc_net_4113           1        1      2         
optlc_net_4114           1        1      2         
optlc_net_4115           1        1      2         
optlc_net_4116           1        1      2         
optlc_net_4117           1        1      2         
optlc_net_4118           1        1      2         
optlc_net_4119           1        1      2         
optlc_net_412            1        1      2         
optlc_net_4120           1        1      2         
optlc_net_4121           1        1      2         
optlc_net_4122           1        1      2         
optlc_net_4123           1        1      2         
optlc_net_4124           1        1      2         
optlc_net_4125           1        1      2         
optlc_net_4126           1        1      2         
optlc_net_4127           1        1      2         
optlc_net_4128           1        1      2         
optlc_net_4129           1        1      2         
optlc_net_413            1        1      2         
optlc_net_4130           1        1      2         
optlc_net_4131           1        1      2         
optlc_net_4132           1        1      2         
optlc_net_4133           1        1      2         
optlc_net_4134           1        1      2         
optlc_net_4135           1        1      2         
optlc_net_4136           1        1      2         
optlc_net_4137           1        1      2         
optlc_net_4138           1        1      2         
optlc_net_4139           1        1      2         
optlc_net_414            1        1      2         
optlc_net_4140           1        1      2         
optlc_net_4141           1        1      2         
optlc_net_4142           1        1      2         
optlc_net_4143           1        1      2         
optlc_net_4144           1        1      2         
optlc_net_4145           1        1      2         
optlc_net_4146           1        1      2         
optlc_net_4147           1        1      2         
optlc_net_4148           1        1      2         
optlc_net_4149           1        1      2         
optlc_net_415            1        1      2         
optlc_net_4150           1        1      2         
optlc_net_4151           1        1      2         
optlc_net_4152           1        1      2         
optlc_net_4153           1        1      2         
optlc_net_4154           1        1      2         
optlc_net_4155           1        1      2         
optlc_net_4156           1        1      2         
optlc_net_4157           1        1      2         
optlc_net_4158           1        1      2         
optlc_net_4159           1        1      2         
optlc_net_416            1        1      2         
optlc_net_4160           1        1      2         
optlc_net_4161           1        1      2         
optlc_net_4162           1        1      2         
optlc_net_4163           1        1      2         
optlc_net_4164           1        1      2         
optlc_net_4165           1        1      2         
optlc_net_4166           1        1      2         
optlc_net_4167           1        1      2         
optlc_net_4168           1        1      2         
optlc_net_4169           1        1      2         
optlc_net_417            1        1      2         
optlc_net_4170           1        1      2         
optlc_net_4171           1        1      2         
optlc_net_4172           1        1      2         
optlc_net_4173           1        1      2         
optlc_net_4174           1        1      2         
optlc_net_4175           1        1      2         
optlc_net_4176           1        1      2         
optlc_net_4177           1        1      2         
optlc_net_4178           1        1      2         
optlc_net_4179           1        1      2         
optlc_net_418            1        1      2         
optlc_net_4180           1        1      2         
optlc_net_4181           1        1      2         
optlc_net_4182           1        1      2         
optlc_net_4183           1        1      2         
optlc_net_4184           1        1      2         
optlc_net_4185           1        1      2         
optlc_net_4186           1        1      2         
optlc_net_4187           1        1      2         
optlc_net_4188           1        1      2         
optlc_net_4189           1        1      2         
optlc_net_419            1        1      2         
optlc_net_4190           1        1      2         
optlc_net_4191           1        1      2         
optlc_net_4192           1        1      2         
optlc_net_4193           1        1      2         
optlc_net_4194           1        1      2         
optlc_net_4195           1        1      2         
optlc_net_4196           1        1      2         
optlc_net_4197           1        1      2         
optlc_net_4198           1        1      2         
optlc_net_4199           1        1      2         
optlc_net_42             1        1      2         
optlc_net_420            1        1      2         
optlc_net_4200           1        1      2         
optlc_net_4201           1        1      2         
optlc_net_4202           1        1      2         
optlc_net_4203           1        1      2         
optlc_net_4204           1        1      2         
optlc_net_4205           1        1      2         
optlc_net_4206           1        1      2         
optlc_net_4207           1        1      2         
optlc_net_4208           1        1      2         
optlc_net_4209           1        1      2         
optlc_net_421            1        1      2         
optlc_net_4210           1        1      2         
optlc_net_4211           1        1      2         
optlc_net_4212           1        1      2         
optlc_net_4213           1        1      2         
optlc_net_4214           1        1      2         
optlc_net_4215           1        1      2         
optlc_net_4216           1        1      2         
optlc_net_4217           1        1      2         
optlc_net_4218           1        1      2         
optlc_net_4219           1        1      2         
optlc_net_422            1        1      2         
optlc_net_4220           1        1      2         
optlc_net_4221           1        1      2         
optlc_net_4222           1        1      2         
optlc_net_4223           1        1      2         
optlc_net_4224           1        1      2         
optlc_net_4225           1        1      2         
optlc_net_4226           1        1      2         
optlc_net_4227           1        1      2         
optlc_net_4228           1        1      2         
optlc_net_4229           1        1      2         
optlc_net_423            1        1      2         
optlc_net_4230           1        1      2         
optlc_net_4231           1        1      2         
optlc_net_4232           1        1      2         
optlc_net_4233           1        1      2         
optlc_net_4234           1        1      2         
optlc_net_4235           1        1      2         
optlc_net_4236           1        1      2         
optlc_net_4237           1        1      2         
optlc_net_4238           1        1      2         
optlc_net_4239           1        1      2         
optlc_net_424            1        1      2         
optlc_net_4240           1        1      2         
optlc_net_4241           1        1      2         
optlc_net_4242           1        1      2         
optlc_net_4243           1        1      2         
optlc_net_4244           1        1      2         
optlc_net_4245           1        1      2         
optlc_net_4246           1        1      2         
optlc_net_4247           1        1      2         
optlc_net_4248           1        1      2         
optlc_net_4249           1        1      2         
optlc_net_425            1        1      2         
optlc_net_4250           1        1      2         
optlc_net_4251           1        1      2         
optlc_net_4252           1        1      2         
optlc_net_4253           1        1      2         
optlc_net_4254           1        1      2         
optlc_net_4255           1        1      2         
optlc_net_4256           1        1      2         
optlc_net_4257           1        1      2         
optlc_net_4258           1        1      2         
optlc_net_4259           1        1      2         
optlc_net_426            1        1      2         
optlc_net_4260           1        1      2         
optlc_net_4261           1        1      2         
optlc_net_4262           1        1      2         
optlc_net_4263           1        1      2         
optlc_net_4264           1        1      2         
optlc_net_4265           1        1      2         
optlc_net_4266           1        1      2         
optlc_net_4267           1        1      2         
optlc_net_4268           1        1      2         
optlc_net_4269           1        1      2         
optlc_net_427            1        1      2         
optlc_net_4270           1        1      2         
optlc_net_4271           1        1      2         
optlc_net_4272           1        1      2         
optlc_net_4273           1        1      2         
optlc_net_4274           1        1      2         
optlc_net_4275           1        1      2         
optlc_net_4276           1        1      2         
optlc_net_4277           1        1      2         
optlc_net_4278           1        1      2         
optlc_net_4279           1        1      2         
optlc_net_428            1        1      2         
optlc_net_4280           1        1      2         
optlc_net_4281           1        1      2         
optlc_net_4282           1        1      2         
optlc_net_4283           1        1      2         
optlc_net_4284           1        1      2         
optlc_net_4285           1        1      2         
optlc_net_4286           1        1      2         
optlc_net_4287           1        1      2         
optlc_net_4288           1        1      2         
optlc_net_4289           1        1      2         
optlc_net_429            1        1      2         
optlc_net_4290           1        1      2         
optlc_net_4291           1        1      2         
optlc_net_4292           1        1      2         
optlc_net_4293           1        1      2         
optlc_net_4294           1        1      2         
optlc_net_4295           1        1      2         
optlc_net_4296           1        1      2         
optlc_net_4297           1        1      2         
optlc_net_4298           1        1      2         
optlc_net_4299           1        1      2         
optlc_net_43             1        1      2         
optlc_net_430            1        1      2         
optlc_net_4300           1        1      2         
optlc_net_4301           1        1      2         
optlc_net_4302           1        1      2         
optlc_net_4303           1        1      2         
optlc_net_4304           1        1      2         
optlc_net_4305           1        1      2         
optlc_net_4306           1        1      2         
optlc_net_4307           1        1      2         
optlc_net_4308           1        1      2         
optlc_net_4309           1        1      2         
optlc_net_431            1        1      2         
optlc_net_4310           1        1      2         
optlc_net_4311           1        1      2         
optlc_net_4312           1        1      2         
optlc_net_4313           1        1      2         
optlc_net_4314           1        1      2         
optlc_net_4315           1        1      2         
optlc_net_4316           1        1      2         
optlc_net_4317           1        1      2         
optlc_net_4318           1        1      2         
optlc_net_4319           1        1      2         
optlc_net_432            1        1      2         
optlc_net_4320           1        1      2         
optlc_net_4321           1        1      2         
optlc_net_4322           1        1      2         
optlc_net_4323           1        1      2         
optlc_net_4324           1        1      2         
optlc_net_4325           1        1      2         
optlc_net_4326           1        1      2         
optlc_net_4327           1        1      2         
optlc_net_4328           1        1      2         
optlc_net_4329           1        1      2         
optlc_net_433            1        1      2         
optlc_net_4330           1        1      2         
optlc_net_4331           1        1      2         
optlc_net_4332           1        1      2         
optlc_net_4333           1        1      2         
optlc_net_4334           1        1      2         
optlc_net_4335           1        1      2         
optlc_net_4336           1        1      2         
optlc_net_4337           1        1      2         
optlc_net_4338           1        1      2         
optlc_net_4339           1        1      2         
optlc_net_434            1        1      2         
optlc_net_4340           1        1      2         
optlc_net_4341           1        1      2         
optlc_net_4342           1        1      2         
optlc_net_4343           1        1      2         
optlc_net_4344           1        1      2         
optlc_net_4345           1        1      2         
optlc_net_4346           1        1      2         
optlc_net_4347           1        1      2         
optlc_net_4348           1        1      2         
optlc_net_4349           1        1      2         
optlc_net_435            1        1      2         
optlc_net_4350           1        1      2         
optlc_net_4351           1        1      2         
optlc_net_4352           1        1      2         
optlc_net_4353           1        1      2         
optlc_net_4354           1        1      2         
optlc_net_4355           1        1      2         
optlc_net_4356           1        1      2         
optlc_net_4357           1        1      2         
optlc_net_4358           1        1      2         
optlc_net_4359           1        1      2         
optlc_net_436            1        1      2         
optlc_net_4360           1        1      2         
optlc_net_4361           1        1      2         
optlc_net_4362           1        1      2         
optlc_net_4363           1        1      2         
optlc_net_4364           1        1      2         
optlc_net_4365           1        1      2         
optlc_net_4366           1        1      2         
optlc_net_4367           1        1      2         
optlc_net_4368           1        1      2         
optlc_net_4369           1        1      2         
optlc_net_437            1        1      2         
optlc_net_4370           1        1      2         
optlc_net_4371           1        1      2         
optlc_net_4372           1        1      2         
optlc_net_4373           1        1      2         
optlc_net_4374           1        1      2         
optlc_net_4375           1        1      2         
optlc_net_4376           1        1      2         
optlc_net_4377           1        1      2         
optlc_net_4378           1        1      2         
optlc_net_4379           1        1      2         
optlc_net_438            1        1      2         
optlc_net_4380           1        1      2         
optlc_net_4381           1        1      2         
optlc_net_4382           1        1      2         
optlc_net_4383           1        1      2         
optlc_net_4384           1        1      2         
optlc_net_4385           1        1      2         
optlc_net_4386           1        1      2         
optlc_net_4387           1        1      2         
optlc_net_4388           1        1      2         
optlc_net_4389           1        1      2         
optlc_net_439            1        1      2         
optlc_net_4390           1        1      2         
optlc_net_4391           1        1      2         
optlc_net_4392           1        1      2         
optlc_net_4393           1        1      2         
optlc_net_4394           1        1      2         
optlc_net_4395           1        1      2         
optlc_net_4396           1        1      2         
optlc_net_4397           1        1      2         
optlc_net_4398           1        1      2         
optlc_net_4399           1        1      2         
optlc_net_44             1        1      2         
optlc_net_440            1        1      2         
optlc_net_4400           1        1      2         
optlc_net_4401           1        1      2         
optlc_net_4402           1        1      2         
optlc_net_4403           1        1      2         
optlc_net_4404           1        1      2         
optlc_net_4405           1        1      2         
optlc_net_4406           1        1      2         
optlc_net_4407           1        1      2         
optlc_net_4408           1        1      2         
optlc_net_4409           1        1      2         
optlc_net_441            1        1      2         
optlc_net_4410           1        1      2         
optlc_net_4411           1        1      2         
optlc_net_4412           1        1      2         
optlc_net_4413           1        1      2         
optlc_net_4414           1        1      2         
optlc_net_4415           1        1      2         
optlc_net_4416           1        1      2         
optlc_net_4417           1        1      2         
optlc_net_4418           1        1      2         
optlc_net_4419           1        1      2         
optlc_net_442            1        1      2         
optlc_net_4420           1        1      2         
optlc_net_4421           1        1      2         
optlc_net_4422           1        1      2         
optlc_net_4423           1        1      2         
optlc_net_4424           1        1      2         
optlc_net_4425           1        1      2         
optlc_net_4426           1        1      2         
optlc_net_4427           1        1      2         
optlc_net_4428           1        1      2         
optlc_net_4429           1        1      2         
optlc_net_443            1        1      2         
optlc_net_4430           1        1      2         
optlc_net_4431           1        1      2         
optlc_net_4432           1        1      2         
optlc_net_4433           1        1      2         
optlc_net_4434           1        1      2         
optlc_net_4435           1        1      2         
optlc_net_4436           1        1      2         
optlc_net_4437           1        1      2         
optlc_net_4438           1        1      2         
optlc_net_4439           1        1      2         
optlc_net_444            1        1      2         
optlc_net_4440           1        1      2         
optlc_net_4441           1        1      2         
optlc_net_4442           1        1      2         
optlc_net_4443           1        1      2         
optlc_net_4444           1        1      2         
optlc_net_4445           1        1      2         
optlc_net_4446           1        1      2         
optlc_net_4447           1        1      2         
optlc_net_4448           1        1      2         
optlc_net_4449           1        1      2         
optlc_net_445            1        1      2         
optlc_net_4450           1        1      2         
optlc_net_4451           1        1      2         
optlc_net_4452           1        1      2         
optlc_net_4453           1        1      2         
optlc_net_4454           1        1      2         
optlc_net_4455           1        1      2         
optlc_net_4456           1        1      2         
optlc_net_4457           1        1      2         
optlc_net_4458           1        1      2         
optlc_net_4459           1        1      2         
optlc_net_446            1        1      2         
optlc_net_4460           1        1      2         
optlc_net_4461           1        1      2         
optlc_net_4462           1        1      2         
optlc_net_4463           1        1      2         
optlc_net_4464           1        1      2         
optlc_net_4465           1        1      2         
optlc_net_4466           1        1      2         
optlc_net_4467           1        1      2         
optlc_net_4468           1        1      2         
optlc_net_4469           1        1      2         
optlc_net_447            1        1      2         
optlc_net_4470           1        1      2         
optlc_net_4471           1        1      2         
optlc_net_4472           1        1      2         
optlc_net_4473           1        1      2         
optlc_net_4474           1        1      2         
optlc_net_4475           1        1      2         
optlc_net_4476           1        1      2         
optlc_net_4477           1        1      2         
optlc_net_4478           1        1      2         
optlc_net_4479           1        1      2         
optlc_net_448            1        1      2         
optlc_net_4480           1        1      2         
optlc_net_4481           1        1      2         
optlc_net_4482           1        1      2         
optlc_net_4483           1        1      2         
optlc_net_4484           1        1      2         
optlc_net_4485           1        1      2         
optlc_net_4486           1        1      2         
optlc_net_4487           1        1      2         
optlc_net_4488           1        1      2         
optlc_net_4489           1        1      2         
optlc_net_449            1        1      2         
optlc_net_4490           1        1      2         
optlc_net_4491           1        1      2         
optlc_net_4492           1        1      2         
optlc_net_4493           1        1      2         
optlc_net_4494           1        1      2         
optlc_net_4495           1        1      2         
optlc_net_4496           1        1      2         
optlc_net_4497           1        1      2         
optlc_net_4498           1        1      2         
optlc_net_4499           1        1      2         
optlc_net_45             1        1      2         
optlc_net_450            1        1      2         
optlc_net_4500           1        1      2         
optlc_net_4501           1        1      2         
optlc_net_4502           1        1      2         
optlc_net_4503           1        1      2         
optlc_net_4504           1        1      2         
optlc_net_4505           1        1      2         
optlc_net_4506           1        1      2         
optlc_net_4507           1        1      2         
optlc_net_4508           1        1      2         
optlc_net_4509           1        1      2         
optlc_net_451            1        1      2         
optlc_net_4510           1        1      2         
optlc_net_4511           1        1      2         
optlc_net_4512           1        1      2         
optlc_net_4513           1        1      2         
optlc_net_4514           1        1      2         
optlc_net_4515           1        1      2         
optlc_net_4516           1        1      2         
optlc_net_4517           1        1      2         
optlc_net_4518           1        1      2         
optlc_net_4519           1        1      2         
optlc_net_452            1        1      2         
optlc_net_4520           1        1      2         
optlc_net_4521           1        1      2         
optlc_net_4522           1        1      2         
optlc_net_4523           1        1      2         
optlc_net_4524           1        1      2         
optlc_net_4525           1        1      2         
optlc_net_4526           1        1      2         
optlc_net_4527           1        1      2         
optlc_net_4528           1        1      2         
optlc_net_4529           1        1      2         
optlc_net_453            1        1      2         
optlc_net_4530           1        1      2         
optlc_net_4531           1        1      2         
optlc_net_4532           1        1      2         
optlc_net_4533           1        1      2         
optlc_net_4534           1        1      2         
optlc_net_4535           1        1      2         
optlc_net_4536           1        1      2         
optlc_net_4537           1        1      2         
optlc_net_4538           1        1      2         
optlc_net_4539           1        1      2         
optlc_net_454            1        1      2         
optlc_net_4540           1        1      2         
optlc_net_4541           1        1      2         
optlc_net_4542           1        1      2         
optlc_net_4543           1        1      2         
optlc_net_4544           1        1      2         
optlc_net_4545           1        1      2         
optlc_net_4546           1        1      2         
optlc_net_4547           1        1      2         
optlc_net_4548           1        1      2         
optlc_net_4549           1        1      2         
optlc_net_455            1        1      2         
optlc_net_4550           1        1      2         
optlc_net_4551           1        1      2         
optlc_net_4552           1        1      2         
optlc_net_4553           1        1      2         
optlc_net_4554           1        1      2         
optlc_net_4555           1        1      2         
optlc_net_4556           1        1      2         
optlc_net_4557           1        1      2         
optlc_net_4558           1        1      2         
optlc_net_4559           1        1      2         
optlc_net_456            1        1      2         
optlc_net_4560           1        1      2         
optlc_net_4561           1        1      2         
optlc_net_4562           1        1      2         
optlc_net_4563           1        1      2         
optlc_net_4564           1        1      2         
optlc_net_4565           1        1      2         
optlc_net_4566           1        1      2         
optlc_net_4567           1        1      2         
optlc_net_4568           1        1      2         
optlc_net_4569           1        1      2         
optlc_net_457            1        1      2         
optlc_net_4570           1        1      2         
optlc_net_4571           1        1      2         
optlc_net_4572           1        1      2         
optlc_net_4573           1        1      2         
optlc_net_4574           1        1      2         
optlc_net_4575           1        1      2         
optlc_net_4576           1        1      2         
optlc_net_4577           1        1      2         
optlc_net_4578           1        1      2         
optlc_net_4579           1        1      2         
optlc_net_458            1        1      2         
optlc_net_4580           1        1      2         
optlc_net_4581           1        1      2         
optlc_net_4582           1        1      2         
optlc_net_4583           1        1      2         
optlc_net_4584           1        1      2         
optlc_net_4585           1        1      2         
optlc_net_4586           1        1      2         
optlc_net_4587           1        1      2         
optlc_net_4588           1        1      2         
optlc_net_4589           1        1      2         
optlc_net_459            1        1      2         
optlc_net_4590           1        1      2         
optlc_net_4591           1        1      2         
optlc_net_4592           1        1      2         
optlc_net_4593           1        1      2         
optlc_net_4594           1        1      2         
optlc_net_4595           1        1      2         
optlc_net_4596           1        1      2         
optlc_net_4597           1        1      2         
optlc_net_4598           1        1      2         
optlc_net_4599           1        1      2         
optlc_net_46             1        1      2         
optlc_net_460            1        1      2         
optlc_net_4600           1        1      2         
optlc_net_4601           1        1      2         
optlc_net_4602           1        1      2         
optlc_net_4603           1        1      2         
optlc_net_4604           1        1      2         
optlc_net_4605           1        1      2         
optlc_net_4606           1        1      2         
optlc_net_4607           1        1      2         
optlc_net_4608           1        1      2         
optlc_net_4609           1        1      2         
optlc_net_461            1        1      2         
optlc_net_4610           1        1      2         
optlc_net_4611           1        1      2         
optlc_net_4612           1        1      2         
optlc_net_4613           1        1      2         
optlc_net_4614           1        1      2         
optlc_net_4615           1        1      2         
optlc_net_4616           1        1      2         
optlc_net_4617           1        1      2         
optlc_net_4618           1        1      2         
optlc_net_4619           1        1      2         
optlc_net_462            1        1      2         
optlc_net_4620           1        1      2         
optlc_net_4621           1        1      2         
optlc_net_4622           1        1      2         
optlc_net_4623           1        1      2         
optlc_net_4624           1        1      2         
optlc_net_4625           1        1      2         
optlc_net_4626           1        1      2         
optlc_net_4627           1        1      2         
optlc_net_4628           1        1      2         
optlc_net_4629           1        1      2         
optlc_net_463            1        1      2         
optlc_net_4630           1        1      2         
optlc_net_4631           1        1      2         
optlc_net_4632           1        1      2         
optlc_net_4633           1        1      2         
optlc_net_4634           1        1      2         
optlc_net_4635           1        1      2         
optlc_net_4636           1        1      2         
optlc_net_4637           1        1      2         
optlc_net_4638           1        1      2         
optlc_net_4639           1        1      2         
optlc_net_464            1        1      2         
optlc_net_4640           1        1      2         
optlc_net_4641           1        1      2         
optlc_net_4642           1        1      2         
optlc_net_4643           1        1      2         
optlc_net_4644           1        1      2         
optlc_net_4645           1        1      2         
optlc_net_4646           1        1      2         
optlc_net_4647           1        1      2         
optlc_net_4648           1        1      2         
optlc_net_4649           1        1      2         
optlc_net_465            1        1      2         
optlc_net_4650           1        1      2         
optlc_net_4651           1        1      2         
optlc_net_4652           1        1      2         
optlc_net_4653           1        1      2         
optlc_net_4654           1        1      2         
optlc_net_4655           1        1      2         
optlc_net_4656           1        1      2         
optlc_net_4657           1        1      2         
optlc_net_4658           1        1      2         
optlc_net_4659           1        1      2         
optlc_net_466            1        1      2         
optlc_net_4660           1        1      2         
optlc_net_4661           1        1      2         
optlc_net_4662           1        1      2         
optlc_net_4663           1        1      2         
optlc_net_4664           1        1      2         
optlc_net_4665           1        1      2         
optlc_net_4666           1        1      2         
optlc_net_4667           1        1      2         
optlc_net_4668           1        1      2         
optlc_net_4669           1        1      2         
optlc_net_467            1        1      2         
optlc_net_4670           1        1      2         
optlc_net_4671           1        1      2         
optlc_net_4672           1        1      2         
optlc_net_4673           1        1      2         
optlc_net_4674           1        1      2         
optlc_net_4675           1        1      2         
optlc_net_4676           1        1      2         
optlc_net_4677           1        1      2         
optlc_net_4678           1        1      2         
optlc_net_4679           1        1      2         
optlc_net_468            1        1      2         
optlc_net_4680           1        1      2         
optlc_net_4681           1        1      2         
optlc_net_4682           1        1      2         
optlc_net_4683           1        1      2         
optlc_net_4684           1        1      2         
optlc_net_4685           1        1      2         
optlc_net_4686           1        1      2         
optlc_net_4687           1        1      2         
optlc_net_4688           1        1      2         
optlc_net_4689           1        1      2         
optlc_net_469            1        1      2         
optlc_net_4690           1        1      2         
optlc_net_4691           1        1      2         
optlc_net_4692           1        1      2         
optlc_net_4693           1        1      2         
optlc_net_4694           1        1      2         
optlc_net_4695           1        1      2         
optlc_net_4696           1        1      2         
optlc_net_4697           1        1      2         
optlc_net_4698           1        1      2         
optlc_net_4699           1        1      2         
optlc_net_47             1        1      2         
optlc_net_470            1        1      2         
optlc_net_4700           1        1      2         
optlc_net_4701           1        1      2         
optlc_net_4702           1        1      2         
optlc_net_4703           1        1      2         
optlc_net_4704           1        1      2         
optlc_net_4705           1        1      2         
optlc_net_4706           1        1      2         
optlc_net_4707           1        1      2         
optlc_net_4708           1        1      2         
optlc_net_4709           1        1      2         
optlc_net_471            1        1      2         
optlc_net_4710           1        1      2         
optlc_net_4711           1        1      2         
optlc_net_4712           1        1      2         
optlc_net_4713           1        1      2         
optlc_net_4714           1        1      2         
optlc_net_4715           1        1      2         
optlc_net_4716           1        1      2         
optlc_net_4717           1        1      2         
optlc_net_4718           1        1      2         
optlc_net_4719           1        1      2         
optlc_net_472            1        1      2         
optlc_net_4720           1        1      2         
optlc_net_4721           1        1      2         
optlc_net_4722           1        1      2         
optlc_net_4723           1        1      2         
optlc_net_4724           1        1      2         
optlc_net_4725           1        1      2         
optlc_net_4726           1        1      2         
optlc_net_4727           1        1      2         
optlc_net_4728           1        1      2         
optlc_net_4729           1        1      2         
optlc_net_473            1        1      2         
optlc_net_4730           1        1      2         
optlc_net_4731           1        1      2         
optlc_net_4732           1        1      2         
optlc_net_4733           1        1      2         
optlc_net_4734           1        1      2         
optlc_net_4735           1        1      2         
optlc_net_4736           1        1      2         
optlc_net_4737           1        1      2         
optlc_net_4738           1        1      2         
optlc_net_4739           1        1      2         
optlc_net_474            1        1      2         
optlc_net_4740           1        1      2         
optlc_net_4741           1        1      2         
optlc_net_4742           1        1      2         
optlc_net_4743           1        1      2         
optlc_net_4744           1        1      2         
optlc_net_4745           1        1      2         
optlc_net_4746           1        1      2         
optlc_net_4747           1        1      2         
optlc_net_4748           1        1      2         
optlc_net_4749           1        1      2         
optlc_net_475            1        1      2         
optlc_net_4750           1        1      2         
optlc_net_4751           1        1      2         
optlc_net_4752           1        1      2         
optlc_net_4753           1        1      2         
optlc_net_4754           1        1      2         
optlc_net_4755           1        1      2         
optlc_net_4756           1        1      2         
optlc_net_4757           1        1      2         
optlc_net_4758           1        1      2         
optlc_net_4759           1        1      2         
optlc_net_476            1        1      2         
optlc_net_4760           1        1      2         
optlc_net_4761           1        1      2         
optlc_net_4762           1        1      2         
optlc_net_4763           1        1      2         
optlc_net_4764           1        1      2         
optlc_net_4765           1        1      2         
optlc_net_4766           1        1      2         
optlc_net_4767           1        1      2         
optlc_net_4768           1        1      2         
optlc_net_4769           1        1      2         
optlc_net_477            1        1      2         
optlc_net_4770           1        1      2         
optlc_net_4771           1        1      2         
optlc_net_4772           1        1      2         
optlc_net_4773           1        1      2         
optlc_net_4774           1        1      2         
optlc_net_4775           1        1      2         
optlc_net_4776           1        1      2         
optlc_net_4777           1        1      2         
optlc_net_4778           1        1      2         
optlc_net_4779           1        1      2         
optlc_net_478            1        1      2         
optlc_net_4780           1        1      2         
optlc_net_4781           1        1      2         
optlc_net_4782           1        1      2         
optlc_net_4783           1        1      2         
optlc_net_4784           1        1      2         
optlc_net_4785           1        1      2         
optlc_net_4786           1        1      2         
optlc_net_4787           1        1      2         
optlc_net_4788           1        1      2         
optlc_net_4789           1        1      2         
optlc_net_479            1        1      2         
optlc_net_4790           1        1      2         
optlc_net_4791           1        1      2         
optlc_net_4792           1        1      2         
optlc_net_4793           1        1      2         
optlc_net_4794           1        1      2         
optlc_net_4795           1        1      2         
optlc_net_4796           1        1      2         
optlc_net_4797           1        1      2         
optlc_net_4798           1        1      2         
optlc_net_4799           1        1      2         
optlc_net_48             1        1      2         
optlc_net_480            1        1      2         
optlc_net_4800           1        1      2         
optlc_net_4801           1        1      2         
optlc_net_4802           1        1      2         
optlc_net_4803           1        1      2         
optlc_net_4804           1        1      2         
optlc_net_4805           1        1      2         
optlc_net_4806           1        1      2         
optlc_net_4807           1        1      2         
optlc_net_4808           1        1      2         
optlc_net_4809           1        1      2         
optlc_net_481            1        1      2         
optlc_net_4810           1        1      2         
optlc_net_4811           1        1      2         
optlc_net_4812           1        1      2         
optlc_net_4813           1        1      2         
optlc_net_4814           1        1      2         
optlc_net_4815           1        1      2         
optlc_net_4816           1        1      2         
optlc_net_4817           1        1      2         
optlc_net_4818           1        1      2         
optlc_net_4819           1        1      2         
optlc_net_482            1        1      2         
optlc_net_4820           1        1      2         
optlc_net_4821           1        1      2         
optlc_net_4822           1        1      2         
optlc_net_4823           1        1      2         
optlc_net_4824           1        1      2         
optlc_net_4825           1        1      2         
optlc_net_4826           1        1      2         
optlc_net_4827           1        1      2         
optlc_net_4828           1        1      2         
optlc_net_4829           1        1      2         
optlc_net_483            1        1      2         
optlc_net_4830           1        1      2         
optlc_net_4831           1        1      2         
optlc_net_4832           1        1      2         
optlc_net_4833           1        1      2         
optlc_net_4834           1        1      2         
optlc_net_4835           1        1      2         
optlc_net_4836           1        1      2         
optlc_net_4837           1        1      2         
optlc_net_4838           1        1      2         
optlc_net_4839           1        1      2         
optlc_net_484            1        1      2         
optlc_net_4840           1        1      2         
optlc_net_4841           1        1      2         
optlc_net_4842           1        1      2         
optlc_net_4843           1        1      2         
optlc_net_4844           1        1      2         
optlc_net_4845           1        1      2         
optlc_net_4846           1        1      2         
optlc_net_4847           1        1      2         
optlc_net_4848           1        1      2         
optlc_net_4849           1        1      2         
optlc_net_485            1        1      2         
optlc_net_4850           1        1      2         
optlc_net_4851           1        1      2         
optlc_net_4852           1        1      2         
optlc_net_4853           1        1      2         
optlc_net_4854           1        1      2         
optlc_net_4855           1        1      2         
optlc_net_4856           1        1      2         
optlc_net_4857           1        1      2         
optlc_net_4858           1        1      2         
optlc_net_4859           1        1      2         
optlc_net_486            1        1      2         
optlc_net_4860           1        1      2         
optlc_net_4861           1        1      2         
optlc_net_4862           1        1      2         
optlc_net_4863           1        1      2         
optlc_net_4864           1        1      2         
optlc_net_4865           1        1      2         
optlc_net_4866           1        1      2         
optlc_net_4867           1        1      2         
optlc_net_4868           1        1      2         
optlc_net_4869           1        1      2         
optlc_net_487            1        1      2         
optlc_net_4870           1        1      2         
optlc_net_4871           1        1      2         
optlc_net_4872           1        1      2         
optlc_net_4873           1        1      2         
optlc_net_4874           1        1      2         
optlc_net_4875           1        1      2         
optlc_net_4876           1        1      2         
optlc_net_4877           1        1      2         
optlc_net_4878           1        1      2         
optlc_net_4879           1        1      2         
optlc_net_488            1        1      2         
optlc_net_4880           1        1      2         
optlc_net_4881           1        1      2         
optlc_net_4882           1        1      2         
optlc_net_4883           1        1      2         
optlc_net_4884           1        1      2         
optlc_net_4885           1        1      2         
optlc_net_4886           1        1      2         
optlc_net_4887           1        1      2         
optlc_net_4888           1        1      2         
optlc_net_4889           1        1      2         
optlc_net_489            1        1      2         
optlc_net_4890           1        1      2         
optlc_net_4891           1        1      2         
optlc_net_4892           1        1      2         
optlc_net_4893           1        1      2         
optlc_net_4894           1        1      2         
optlc_net_4895           1        1      2         
optlc_net_4896           1        1      2         
optlc_net_4897           1        1      2         
optlc_net_4898           1        1      2         
optlc_net_4899           1        1      2         
optlc_net_49             1        1      2         
optlc_net_490            1        1      2         
optlc_net_4900           1        1      2         
optlc_net_4901           1        1      2         
optlc_net_4902           1        1      2         
optlc_net_4903           1        1      2         
optlc_net_4904           1        1      2         
optlc_net_4905           1        1      2         
optlc_net_4906           1        1      2         
optlc_net_4907           1        1      2         
optlc_net_4908           1        1      2         
optlc_net_4909           1        1      2         
optlc_net_491            1        1      2         
optlc_net_4910           1        1      2         
optlc_net_4911           1        1      2         
optlc_net_4912           1        1      2         
optlc_net_4913           1        1      2         
optlc_net_4914           1        1      2         
optlc_net_4915           1        1      2         
optlc_net_4916           1        1      2         
optlc_net_4917           1        1      2         
optlc_net_4918           1        1      2         
optlc_net_4919           1        1      2         
optlc_net_492            1        1      2         
optlc_net_4920           1        1      2         
optlc_net_4921           1        1      2         
optlc_net_4922           1        1      2         
optlc_net_4923           1        1      2         
optlc_net_4924           1        1      2         
optlc_net_4925           1        1      2         
optlc_net_4926           1        1      2         
optlc_net_4927           1        1      2         
optlc_net_4928           1        1      2         
optlc_net_4929           1        1      2         
optlc_net_493            1        1      2         
optlc_net_4930           1        1      2         
optlc_net_4931           1        1      2         
optlc_net_4932           1        1      2         
optlc_net_4933           1        1      2         
optlc_net_4934           1        1      2         
optlc_net_4935           1        1      2         
optlc_net_4936           1        1      2         
optlc_net_4937           1        1      2         
optlc_net_4938           1        1      2         
optlc_net_4939           1        1      2         
optlc_net_494            1        1      2         
optlc_net_4940           1        1      2         
optlc_net_4941           1        1      2         
optlc_net_4942           1        1      2         
optlc_net_4943           1        1      2         
optlc_net_4944           1        1      2         
optlc_net_4945           1        1      2         
optlc_net_4946           1        1      2         
optlc_net_4947           1        1      2         
optlc_net_4948           1        1      2         
optlc_net_4949           1        1      2         
optlc_net_495            1        1      2         
optlc_net_4950           1        1      2         
optlc_net_4951           1        1      2         
optlc_net_4952           1        1      2         
optlc_net_4953           1        1      2         
optlc_net_4954           1        1      2         
optlc_net_4955           1        1      2         
optlc_net_4956           1        1      2         
optlc_net_4957           1        1      2         
optlc_net_4958           1        1      2         
optlc_net_4959           1        1      2         
optlc_net_496            1        1      2         
optlc_net_4960           1        1      2         
optlc_net_4961           1        1      2         
optlc_net_4962           1        1      2         
optlc_net_4963           1        1      2         
optlc_net_4964           1        1      2         
optlc_net_4965           1        1      2         
optlc_net_4966           1        1      2         
optlc_net_4967           1        1      2         
optlc_net_4968           1        1      2         
optlc_net_4969           1        1      2         
optlc_net_497            1        1      2         
optlc_net_4970           1        1      2         
optlc_net_4971           1        1      2         
optlc_net_4972           1        1      2         
optlc_net_4973           1        1      2         
optlc_net_4974           1        1      2         
optlc_net_4975           1        1      2         
optlc_net_4976           1        1      2         
optlc_net_4977           1        1      2         
optlc_net_4978           1        1      2         
optlc_net_4979           1        1      2         
optlc_net_498            1        1      2         
optlc_net_4980           1        1      2         
optlc_net_4981           1        1      2         
optlc_net_4982           1        1      2         
optlc_net_4983           1        1      2         
optlc_net_4984           1        1      2         
optlc_net_4985           1        1      2         
optlc_net_4986           1        1      2         
optlc_net_4987           1        1      2         
optlc_net_4988           1        1      2         
optlc_net_4989           1        1      2         
optlc_net_499            1        1      2         
optlc_net_4990           1        1      2         
optlc_net_4991           1        1      2         
optlc_net_4992           1        1      2         
optlc_net_4993           1        1      2         
optlc_net_4994           1        1      2         
optlc_net_4995           1        1      2         
optlc_net_4996           1        1      2         
optlc_net_4997           1        1      2         
optlc_net_4998           1        1      2         
optlc_net_4999           1        1      2         
optlc_net_5              1        1      2         
optlc_net_50             1        1      2         
optlc_net_500            1        1      2         
optlc_net_5000           1        1      2         
optlc_net_5001           1        1      2         
optlc_net_5002           1        1      2         
optlc_net_5003           1        1      2         
optlc_net_5004           1        1      2         
optlc_net_5005           1        1      2         
optlc_net_5006           1        1      2         
optlc_net_5007           1        1      2         
optlc_net_5008           1        1      2         
optlc_net_5009           1        1      2         
optlc_net_501            1        1      2         
optlc_net_5010           1        1      2         
optlc_net_5011           1        1      2         
optlc_net_5012           1        1      2         
optlc_net_5013           1        1      2         
optlc_net_5014           1        1      2         
optlc_net_5015           1        1      2         
optlc_net_5016           1        1      2         
optlc_net_5017           1        1      2         
optlc_net_5018           1        1      2         
optlc_net_5019           1        1      2         
optlc_net_502            1        1      2         
optlc_net_5020           1        1      2         
optlc_net_5021           1        1      2         
optlc_net_5022           1        1      2         
optlc_net_5023           1        1      2         
optlc_net_5024           1        1      2         
optlc_net_5025           1        1      2         
optlc_net_5026           1        1      2         
optlc_net_5027           1        1      2         
optlc_net_5028           1        1      2         
optlc_net_5029           1        1      2         
optlc_net_503            1        1      2         
optlc_net_5030           1        1      2         
optlc_net_5031           1        1      2         
optlc_net_5032           1        1      2         
optlc_net_5033           1        1      2         
optlc_net_5034           1        1      2         
optlc_net_5035           1        1      2         
optlc_net_5036           1        1      2         
optlc_net_5037           1        1      2         
optlc_net_5038           1        1      2         
optlc_net_5039           1        1      2         
optlc_net_504            1        1      2         
optlc_net_5040           1        1      2         
optlc_net_5041           1        1      2         
optlc_net_5042           1        1      2         
optlc_net_5043           1        1      2         
optlc_net_5044           1        1      2         
optlc_net_5045           1        1      2         
optlc_net_5046           1        1      2         
optlc_net_5047           1        1      2         
optlc_net_5048           1        1      2         
optlc_net_5049           1        1      2         
optlc_net_505            1        1      2         
optlc_net_5050           1        1      2         
optlc_net_5051           1        1      2         
optlc_net_5052           1        1      2         
optlc_net_5053           1        1      2         
optlc_net_5054           1        1      2         
optlc_net_5055           1        1      2         
optlc_net_5056           1        1      2         
optlc_net_5057           1        1      2         
optlc_net_5058           1        1      2         
optlc_net_5059           1        1      2         
optlc_net_506            1        1      2         
optlc_net_5060           1        1      2         
optlc_net_5061           1        1      2         
optlc_net_5062           1        1      2         
optlc_net_5063           1        1      2         
optlc_net_5064           1        1      2         
optlc_net_5065           1        1      2         
optlc_net_5066           1        1      2         
optlc_net_5067           1        1      2         
optlc_net_5068           1        1      2         
optlc_net_5069           1        1      2         
optlc_net_507            1        1      2         
optlc_net_5070           1        1      2         
optlc_net_5071           1        1      2         
optlc_net_5072           1        1      2         
optlc_net_5073           1        1      2         
optlc_net_5074           1        1      2         
optlc_net_5075           1        1      2         
optlc_net_5076           1        1      2         
optlc_net_5077           1        1      2         
optlc_net_5078           1        1      2         
optlc_net_5079           1        1      2         
optlc_net_508            1        1      2         
optlc_net_5080           1        1      2         
optlc_net_5081           1        1      2         
optlc_net_5082           1        1      2         
optlc_net_5083           1        1      2         
optlc_net_5084           1        1      2         
optlc_net_5085           1        1      2         
optlc_net_5086           1        1      2         
optlc_net_5087           1        1      2         
optlc_net_5088           1        1      2         
optlc_net_5089           1        1      2         
optlc_net_509            1        1      2         
optlc_net_5090           1        1      2         
optlc_net_5091           1        1      2         
optlc_net_5092           1        1      2         
optlc_net_5093           1        1      2         
optlc_net_5094           1        1      2         
optlc_net_5095           1        1      2         
optlc_net_5096           1        1      2         
optlc_net_5097           1        1      2         
optlc_net_5098           1        1      2         
optlc_net_5099           1        1      2         
optlc_net_51             1        1      2         
optlc_net_510            1        1      2         
optlc_net_5100           1        1      2         
optlc_net_5101           1        1      2         
optlc_net_5102           1        1      2         
optlc_net_5103           1        1      2         
optlc_net_5104           1        1      2         
optlc_net_5105           1        1      2         
optlc_net_5106           1        1      2         
optlc_net_5107           1        1      2         
optlc_net_5108           1        1      2         
optlc_net_5109           1        1      2         
optlc_net_511            1        1      2         
optlc_net_5110           1        1      2         
optlc_net_5111           1        1      2         
optlc_net_5112           1        1      2         
optlc_net_5113           1        1      2         
optlc_net_5114           1        1      2         
optlc_net_5115           1        1      2         
optlc_net_5116           1        1      2         
optlc_net_5117           1        1      2         
optlc_net_5118           1        1      2         
optlc_net_5119           1        1      2         
optlc_net_512            1        1      2         
optlc_net_5120           1        1      2         
optlc_net_5121           1        1      2         
optlc_net_5122           1        1      2         
optlc_net_5123           1        1      2         
optlc_net_5124           1        1      2         
optlc_net_5125           1        1      2         
optlc_net_5126           1        1      2         
optlc_net_5127           1        1      2         
optlc_net_5128           1        1      2         
optlc_net_5129           1        1      2         
optlc_net_513            1        1      2         
optlc_net_5130           1        1      2         
optlc_net_5131           1        1      2         
optlc_net_5132           1        1      2         
optlc_net_5133           1        1      2         
optlc_net_5134           1        1      2         
optlc_net_5135           1        1      2         
optlc_net_5136           1        1      2         
optlc_net_5137           1        1      2         
optlc_net_5138           1        1      2         
optlc_net_5139           1        1      2         
optlc_net_514            1        1      2         
optlc_net_5140           1        1      2         
optlc_net_5141           1        1      2         
optlc_net_5142           1        1      2         
optlc_net_5143           1        1      2         
optlc_net_5144           1        1      2         
optlc_net_5145           1        1      2         
optlc_net_5146           1        1      2         
optlc_net_5147           1        1      2         
optlc_net_5148           1        1      2         
optlc_net_5149           1        1      2         
optlc_net_515            1        1      2         
optlc_net_5150           1        1      2         
optlc_net_5151           1        1      2         
optlc_net_5152           1        1      2         
optlc_net_5153           1        1      2         
optlc_net_5154           1        1      2         
optlc_net_5155           1        1      2         
optlc_net_5156           1        1      2         
optlc_net_5157           1        1      2         
optlc_net_5158           1        1      2         
optlc_net_5159           1        1      2         
optlc_net_516            1        1      2         
optlc_net_5160           1        1      2         
optlc_net_5161           1        1      2         
optlc_net_5162           1        1      2         
optlc_net_5163           1        1      2         
optlc_net_5164           1        1      2         
optlc_net_5165           1        1      2         
optlc_net_5166           1        1      2         
optlc_net_5167           1        1      2         
optlc_net_5168           1        1      2         
optlc_net_5169           1        1      2         
optlc_net_517            1        1      2         
optlc_net_5170           1        1      2         
optlc_net_5171           1        1      2         
optlc_net_5172           1        1      2         
optlc_net_5173           1        1      2         
optlc_net_5174           1        1      2         
optlc_net_5175           1        1      2         
optlc_net_5176           1        1      2         
optlc_net_5177           1        1      2         
optlc_net_5178           1        1      2         
optlc_net_5179           1        1      2         
optlc_net_518            1        1      2         
optlc_net_5180           1        1      2         
optlc_net_5181           1        1      2         
optlc_net_5182           1        1      2         
optlc_net_5183           1        1      2         
optlc_net_5184           1        1      2         
optlc_net_5185           1        1      2         
optlc_net_5186           1        1      2         
optlc_net_5187           1        1      2         
optlc_net_5188           1        1      2         
optlc_net_5189           1        1      2         
optlc_net_519            1        1      2         
optlc_net_5190           1        1      2         
optlc_net_5191           1        1      2         
optlc_net_5192           1        1      2         
optlc_net_5193           1        1      2         
optlc_net_5194           1        1      2         
optlc_net_5195           1        1      2         
optlc_net_5196           1        1      2         
optlc_net_5197           1        1      2         
optlc_net_5198           1        1      2         
optlc_net_5199           1        1      2         
optlc_net_52             1        1      2         
optlc_net_520            1        1      2         
optlc_net_5200           1        1      2         
optlc_net_5201           1        1      2         
optlc_net_5202           1        1      2         
optlc_net_5203           1        1      2         
optlc_net_5204           1        1      2         
optlc_net_5205           1        1      2         
optlc_net_5206           1        1      2         
optlc_net_5207           1        1      2         
optlc_net_5208           1        1      2         
optlc_net_5209           1        1      2         
optlc_net_521            1        1      2         
optlc_net_5210           1        1      2         
optlc_net_5211           1        1      2         
optlc_net_5212           1        1      2         
optlc_net_5213           1        1      2         
optlc_net_5214           1        1      2         
optlc_net_5215           1        1      2         
optlc_net_5216           1        1      2         
optlc_net_5217           1        1      2         
optlc_net_5218           1        1      2         
optlc_net_5219           1        1      2         
optlc_net_522            1        1      2         
optlc_net_5220           1        1      2         
optlc_net_5221           1        1      2         
optlc_net_5222           1        1      2         
optlc_net_5223           1        1      2         
optlc_net_5224           1        1      2         
optlc_net_5225           1        1      2         
optlc_net_5226           1        1      2         
optlc_net_5227           1        1      2         
optlc_net_5228           1        1      2         
optlc_net_5229           1        1      2         
optlc_net_523            1        1      2         
optlc_net_5230           1        1      2         
optlc_net_5231           1        1      2         
optlc_net_5232           1        1      2         
optlc_net_5233           1        1      2         
optlc_net_5234           1        1      2         
optlc_net_5235           1        1      2         
optlc_net_5236           1        1      2         
optlc_net_5237           1        1      2         
optlc_net_5238           1        1      2         
optlc_net_5239           1        1      2         
optlc_net_524            1        1      2         
optlc_net_5240           1        1      2         
optlc_net_5241           1        1      2         
optlc_net_5242           1        1      2         
optlc_net_5243           1        1      2         
optlc_net_5244           1        1      2         
optlc_net_5245           1        1      2         
optlc_net_5246           1        1      2         
optlc_net_5247           1        1      2         
optlc_net_5248           1        1      2         
optlc_net_5249           1        1      2         
optlc_net_525            1        1      2         
optlc_net_5250           1        1      2         
optlc_net_5251           1        1      2         
optlc_net_5252           1        1      2         
optlc_net_5253           1        1      2         
optlc_net_5254           1        1      2         
optlc_net_5255           1        1      2         
optlc_net_5256           1        1      2         
optlc_net_5257           1        1      2         
optlc_net_5258           1        1      2         
optlc_net_5259           1        1      2         
optlc_net_526            1        1      2         
optlc_net_5260           1        1      2         
optlc_net_5261           1        1      2         
optlc_net_5262           1        1      2         
optlc_net_5263           1        1      2         
optlc_net_5264           1        1      2         
optlc_net_5265           1        1      2         
optlc_net_5266           1        1      2         
optlc_net_5267           1        1      2         
optlc_net_5268           1        1      2         
optlc_net_5269           1        1      2         
optlc_net_527            1        1      2         
optlc_net_5270           1        1      2         
optlc_net_5271           1        1      2         
optlc_net_5272           1        1      2         
optlc_net_5273           1        1      2         
optlc_net_5274           1        1      2         
optlc_net_5275           1        1      2         
optlc_net_5276           1        1      2         
optlc_net_5277           1        1      2         
optlc_net_5278           1        1      2         
optlc_net_5279           1        1      2         
optlc_net_528            1        1      2         
optlc_net_5280           1        1      2         
optlc_net_5281           1        1      2         
optlc_net_5282           1        1      2         
optlc_net_5283           1        1      2         
optlc_net_5284           1        1      2         
optlc_net_5285           1        1      2         
optlc_net_5286           1        1      2         
optlc_net_5287           1        1      2         
optlc_net_5288           1        1      2         
optlc_net_5289           1        1      2         
optlc_net_529            1        1      2         
optlc_net_5290           1        1      2         
optlc_net_5291           1        1      2         
optlc_net_5292           1        1      2         
optlc_net_5293           1        1      2         
optlc_net_5294           1        1      2         
optlc_net_5295           1        1      2         
optlc_net_5296           1        1      2         
optlc_net_5297           1        1      2         
optlc_net_5298           1        1      2         
optlc_net_5299           1        1      2         
optlc_net_53             1        1      2         
optlc_net_530            1        1      2         
optlc_net_5300           1        1      2         
optlc_net_5301           1        1      2         
optlc_net_5302           1        1      2         
optlc_net_5303           1        1      2         
optlc_net_5304           1        1      2         
optlc_net_5305           1        1      2         
optlc_net_5306           1        1      2         
optlc_net_5307           1        1      2         
optlc_net_5308           1        1      2         
optlc_net_5309           1        1      2         
optlc_net_531            1        1      2         
optlc_net_5310           1        1      2         
optlc_net_5311           1        1      2         
optlc_net_5312           1        1      2         
optlc_net_5313           1        1      2         
optlc_net_5314           1        1      2         
optlc_net_5315           1        1      2         
optlc_net_5316           1        1      2         
optlc_net_5317           1        1      2         
optlc_net_5318           1        1      2         
optlc_net_5319           1        1      2         
optlc_net_532            1        1      2         
optlc_net_5320           1        1      2         
optlc_net_5321           1        1      2         
optlc_net_5322           1        1      2         
optlc_net_5323           1        1      2         
optlc_net_5324           1        1      2         
optlc_net_5325           1        1      2         
optlc_net_5326           1        1      2         
optlc_net_5327           1        1      2         
optlc_net_5328           1        1      2         
optlc_net_5329           1        1      2         
optlc_net_533            1        1      2         
optlc_net_5330           1        1      2         
optlc_net_5331           1        1      2         
optlc_net_5332           1        1      2         
optlc_net_5333           1        1      2         
optlc_net_5334           1        1      2         
optlc_net_5335           1        1      2         
optlc_net_5336           1        1      2         
optlc_net_5337           1        1      2         
optlc_net_5338           1        1      2         
optlc_net_5339           1        1      2         
optlc_net_534            1        1      2         
optlc_net_5340           1        1      2         
optlc_net_5341           1        1      2         
optlc_net_5342           1        1      2         
optlc_net_5343           1        1      2         
optlc_net_5344           1        1      2         
optlc_net_5345           1        1      2         
optlc_net_5346           1        1      2         
optlc_net_5347           1        1      2         
optlc_net_5348           1        1      2         
optlc_net_5349           1        1      2         
optlc_net_535            1        1      2         
optlc_net_5350           1        1      2         
optlc_net_5351           1        1      2         
optlc_net_5352           1        1      2         
optlc_net_5353           1        1      2         
optlc_net_5354           1        1      2         
optlc_net_5355           1        1      2         
optlc_net_5356           1        1      2         
optlc_net_5357           1        1      2         
optlc_net_5358           1        1      2         
optlc_net_5359           1        1      2         
optlc_net_536            1        1      2         
optlc_net_5360           1        1      2         
optlc_net_5361           1        1      2         
optlc_net_5362           1        1      2         
optlc_net_5363           1        1      2         
optlc_net_5364           1        1      2         
optlc_net_5365           1        1      2         
optlc_net_5366           1        1      2         
optlc_net_5367           1        1      2         
optlc_net_5368           1        1      2         
optlc_net_5369           1        1      2         
optlc_net_537            1        1      2         
optlc_net_5370           1        1      2         
optlc_net_5371           1        1      2         
optlc_net_5372           1        1      2         
optlc_net_5373           1        1      2         
optlc_net_5374           1        1      2         
optlc_net_5375           1        1      2         
optlc_net_5376           1        1      2         
optlc_net_5377           1        1      2         
optlc_net_5378           1        1      2         
optlc_net_5379           1        1      2         
optlc_net_538            1        1      2         
optlc_net_5380           1        1      2         
optlc_net_5381           1        1      2         
optlc_net_5382           1        1      2         
optlc_net_5383           1        1      2         
optlc_net_5384           1        1      2         
optlc_net_5385           1        1      2         
optlc_net_5386           1        1      2         
optlc_net_5387           1        1      2         
optlc_net_5388           1        1      2         
optlc_net_5389           1        1      2         
optlc_net_539            1        1      2         
optlc_net_5390           1        1      2         
optlc_net_5391           1        1      2         
optlc_net_5392           1        1      2         
optlc_net_5393           1        1      2         
optlc_net_5394           1        1      2         
optlc_net_5395           1        1      2         
optlc_net_5396           1        1      2         
optlc_net_5397           1        1      2         
optlc_net_5398           1        1      2         
optlc_net_5399           1        1      2         
optlc_net_54             1        1      2         
optlc_net_540            1        1      2         
optlc_net_5400           1        1      2         
optlc_net_5401           1        1      2         
optlc_net_5402           1        1      2         
optlc_net_5403           1        1      2         
optlc_net_5404           1        1      2         
optlc_net_5405           1        1      2         
optlc_net_5406           1        1      2         
optlc_net_5407           1        1      2         
optlc_net_5408           1        1      2         
optlc_net_5409           1        1      2         
optlc_net_541            1        1      2         
optlc_net_5410           1        1      2         
optlc_net_5411           1        1      2         
optlc_net_5412           1        1      2         
optlc_net_5413           1        1      2         
optlc_net_5414           1        1      2         
optlc_net_5415           1        1      2         
optlc_net_5416           1        1      2         
optlc_net_5417           1        1      2         
optlc_net_5418           1        1      2         
optlc_net_5419           1        1      2         
optlc_net_542            1        1      2         
optlc_net_5420           1        1      2         
optlc_net_5421           1        1      2         
optlc_net_5422           1        1      2         
optlc_net_5423           1        1      2         
optlc_net_5424           1        1      2         
optlc_net_5425           1        1      2         
optlc_net_5426           1        1      2         
optlc_net_5427           1        1      2         
optlc_net_5428           1        1      2         
optlc_net_5429           1        1      2         
optlc_net_543            1        1      2         
optlc_net_5430           1        1      2         
optlc_net_5431           1        1      2         
optlc_net_5432           1        1      2         
optlc_net_5433           1        1      2         
optlc_net_5434           1        1      2         
optlc_net_5435           1        1      2         
optlc_net_5436           1        1      2         
optlc_net_5437           1        1      2         
optlc_net_5438           1        1      2         
optlc_net_5439           1        1      2         
optlc_net_544            1        1      2         
optlc_net_5440           1        1      2         
optlc_net_5441           1        1      2         
optlc_net_5442           1        1      2         
optlc_net_5443           1        1      2         
optlc_net_5444           1        1      2         
optlc_net_5445           1        1      2         
optlc_net_5446           1        1      2         
optlc_net_5447           1        1      2         
optlc_net_5448           1        1      2         
optlc_net_5449           1        1      2         
optlc_net_545            1        1      2         
optlc_net_5450           1        1      2         
optlc_net_5451           1        1      2         
optlc_net_5452           1        1      2         
optlc_net_5453           1        1      2         
optlc_net_5454           1        1      2         
optlc_net_5455           1        1      2         
optlc_net_5456           1        1      2         
optlc_net_5457           1        1      2         
optlc_net_5458           1        1      2         
optlc_net_5459           1        1      2         
optlc_net_546            1        1      2         
optlc_net_5460           1        1      2         
optlc_net_5461           1        1      2         
optlc_net_5462           1        1      2         
optlc_net_5463           1        1      2         
optlc_net_5464           1        1      2         
optlc_net_5465           1        1      2         
optlc_net_5466           1        1      2         
optlc_net_5467           1        1      2         
optlc_net_5468           1        1      2         
optlc_net_5469           1        1      2         
optlc_net_547            1        1      2         
optlc_net_5470           1        1      2         
optlc_net_5471           1        1      2         
optlc_net_5472           1        1      2         
optlc_net_5473           1        1      2         
optlc_net_5474           1        1      2         
optlc_net_5475           1        1      2         
optlc_net_5476           1        1      2         
optlc_net_5477           1        1      2         
optlc_net_5478           1        1      2         
optlc_net_5479           1        1      2         
optlc_net_548            1        1      2         
optlc_net_5480           1        1      2         
optlc_net_5481           1        1      2         
optlc_net_5482           1        1      2         
optlc_net_5483           1        1      2         
optlc_net_5484           1        1      2         
optlc_net_5485           1        1      2         
optlc_net_5486           1        1      2         
optlc_net_5487           1        1      2         
optlc_net_5488           1        1      2         
optlc_net_5489           1        1      2         
optlc_net_549            1        1      2         
optlc_net_5490           1        1      2         
optlc_net_5491           1        1      2         
optlc_net_5492           1        1      2         
optlc_net_5493           1        1      2         
optlc_net_5494           1        1      2         
optlc_net_5495           1        1      2         
optlc_net_5496           1        1      2         
optlc_net_5497           1        1      2         
optlc_net_5498           1        1      2         
optlc_net_5499           1        1      2         
optlc_net_55             1        1      2         
optlc_net_550            1        1      2         
optlc_net_5500           1        1      2         
optlc_net_5501           1        1      2         
optlc_net_5502           1        1      2         
optlc_net_5503           1        1      2         
optlc_net_5504           1        1      2         
optlc_net_5505           1        1      2         
optlc_net_5506           1        1      2         
optlc_net_5507           1        1      2         
optlc_net_5508           1        1      2         
optlc_net_5509           1        1      2         
optlc_net_551            1        1      2         
optlc_net_5510           1        1      2         
optlc_net_5511           1        1      2         
optlc_net_5512           1        1      2         
optlc_net_5513           1        1      2         
optlc_net_5514           1        1      2         
optlc_net_5515           1        1      2         
optlc_net_5516           1        1      2         
optlc_net_5517           1        1      2         
optlc_net_5518           1        1      2         
optlc_net_5519           1        1      2         
optlc_net_552            1        1      2         
optlc_net_5520           1        1      2         
optlc_net_5521           1        1      2         
optlc_net_5522           1        1      2         
optlc_net_5523           1        1      2         
optlc_net_5524           1        1      2         
optlc_net_5525           1        1      2         
optlc_net_5526           1        1      2         
optlc_net_5527           1        1      2         
optlc_net_5528           1        1      2         
optlc_net_5529           1        1      2         
optlc_net_553            1        1      2         
optlc_net_5530           1        1      2         
optlc_net_5531           1        1      2         
optlc_net_5532           1        1      2         
optlc_net_5533           1        1      2         
optlc_net_5534           1        1      2         
optlc_net_5535           1        1      2         
optlc_net_5536           1        1      2         
optlc_net_5537           1        1      2         
optlc_net_5538           1        1      2         
optlc_net_5539           1        1      2         
optlc_net_554            1        1      2         
optlc_net_5540           1        1      2         
optlc_net_5541           1        1      2         
optlc_net_5542           1        1      2         
optlc_net_5543           1        1      2         
optlc_net_5544           1        1      2         
optlc_net_5545           1        1      2         
optlc_net_5546           1        1      2         
optlc_net_5547           1        1      2         
optlc_net_5548           1        1      2         
optlc_net_5549           1        1      2         
optlc_net_555            1        1      2         
optlc_net_5550           1        1      2         
optlc_net_5551           1        1      2         
optlc_net_5552           1        1      2         
optlc_net_5553           1        1      2         
optlc_net_5554           1        1      2         
optlc_net_5555           1        1      2         
optlc_net_5556           1        1      2         
optlc_net_5557           1        1      2         
optlc_net_5558           1        1      2         
optlc_net_5559           1        1      2         
optlc_net_556            1        1      2         
optlc_net_5560           1        1      2         
optlc_net_5561           1        1      2         
optlc_net_5562           1        1      2         
optlc_net_5563           1        1      2         
optlc_net_5564           1        1      2         
optlc_net_5565           1        1      2         
optlc_net_5566           1        1      2         
optlc_net_5567           1        1      2         
optlc_net_5568           1        1      2         
optlc_net_5569           1        1      2         
optlc_net_557            1        1      2         
optlc_net_5570           1        1      2         
optlc_net_5571           1        1      2         
optlc_net_5572           1        1      2         
optlc_net_5573           1        1      2         
optlc_net_5574           1        1      2         
optlc_net_5575           1        1      2         
optlc_net_5576           1        1      2         
optlc_net_5577           1        1      2         
optlc_net_5578           1        1      2         
optlc_net_5579           1        1      2         
optlc_net_558            1        1      2         
optlc_net_5580           1        1      2         
optlc_net_5581           1        1      2         
optlc_net_5582           1        1      2         
optlc_net_5583           1        1      2         
optlc_net_5584           1        1      2         
optlc_net_5585           1        1      2         
optlc_net_5586           1        1      2         
optlc_net_5587           1        1      2         
optlc_net_5588           1        1      2         
optlc_net_5589           1        1      2         
optlc_net_559            1        1      2         
optlc_net_5590           1        1      2         
optlc_net_5591           1        1      2         
optlc_net_5592           1        1      2         
optlc_net_5593           1        1      2         
optlc_net_5594           1        1      2         
optlc_net_5595           1        1      2         
optlc_net_5596           1        1      2         
optlc_net_5597           1        1      2         
optlc_net_5598           1        1      2         
optlc_net_5599           1        1      2         
optlc_net_56             1        1      2         
optlc_net_560            1        1      2         
optlc_net_5600           1        1      2         
optlc_net_5601           1        1      2         
optlc_net_5602           1        1      2         
optlc_net_5603           1        1      2         
optlc_net_5604           1        1      2         
optlc_net_5605           1        1      2         
optlc_net_5606           1        1      2         
optlc_net_5607           1        1      2         
optlc_net_5608           1        1      2         
optlc_net_5609           1        1      2         
optlc_net_561            1        1      2         
optlc_net_5610           1        1      2         
optlc_net_5611           1        1      2         
optlc_net_5612           1        1      2         
optlc_net_5613           1        1      2         
optlc_net_5614           1        1      2         
optlc_net_5615           1        1      2         
optlc_net_5616           1        1      2         
optlc_net_5617           1        1      2         
optlc_net_5618           1        1      2         
optlc_net_5619           1        1      2         
optlc_net_562            1        1      2         
optlc_net_5620           1        1      2         
optlc_net_5621           1        1      2         
optlc_net_5622           1        1      2         
optlc_net_5623           1        1      2         
optlc_net_5624           1        1      2         
optlc_net_5625           1        1      2         
optlc_net_5626           1        1      2         
optlc_net_5627           1        1      2         
optlc_net_5628           1        1      2         
optlc_net_5629           1        1      2         
optlc_net_563            1        1      2         
optlc_net_5630           1        1      2         
optlc_net_5631           1        1      2         
optlc_net_5632           1        1      2         
optlc_net_5633           1        1      2         
optlc_net_5634           1        1      2         
optlc_net_5635           1        1      2         
optlc_net_5636           1        1      2         
optlc_net_5637           1        1      2         
optlc_net_5638           1        1      2         
optlc_net_5639           1        1      2         
optlc_net_564            1        1      2         
optlc_net_5640           1        1      2         
optlc_net_5641           1        1      2         
optlc_net_5642           1        1      2         
optlc_net_5643           1        1      2         
optlc_net_5644           1        1      2         
optlc_net_5645           1        1      2         
optlc_net_5646           1        1      2         
optlc_net_5647           1        1      2         
optlc_net_5648           1        1      2         
optlc_net_5649           1        1      2         
optlc_net_565            1        1      2         
optlc_net_5650           1        1      2         
optlc_net_5651           1        1      2         
optlc_net_5652           1        1      2         
optlc_net_5653           1        1      2         
optlc_net_5654           1        1      2         
optlc_net_5655           1        1      2         
optlc_net_5656           1        1      2         
optlc_net_5657           1        1      2         
optlc_net_5658           1        1      2         
optlc_net_5659           1        1      2         
optlc_net_566            1        1      2         
optlc_net_5660           1        1      2         
optlc_net_5661           1        1      2         
optlc_net_5662           1        1      2         
optlc_net_5663           1        1      2         
optlc_net_5664           1        1      2         
optlc_net_5665           1        1      2         
optlc_net_5666           1        1      2         
optlc_net_5667           1        1      2         
optlc_net_5668           1        1      2         
optlc_net_5669           1        1      2         
optlc_net_567            1        1      2         
optlc_net_5670           1        1      2         
optlc_net_5671           1        1      2         
optlc_net_5672           1        1      2         
optlc_net_5673           1        1      2         
optlc_net_5674           1        1      2         
optlc_net_5675           1        1      2         
optlc_net_5676           1        1      2         
optlc_net_5677           1        1      2         
optlc_net_5678           1        1      2         
optlc_net_5679           1        1      2         
optlc_net_568            1        1      2         
optlc_net_5680           1        1      2         
optlc_net_5681           1        1      2         
optlc_net_5682           1        1      2         
optlc_net_5683           1        1      2         
optlc_net_5684           1        1      2         
optlc_net_5685           1        1      2         
optlc_net_5686           1        1      2         
optlc_net_5687           1        1      2         
optlc_net_5688           1        1      2         
optlc_net_5689           1        1      2         
optlc_net_569            1        1      2         
optlc_net_5690           1        1      2         
optlc_net_5691           1        1      2         
optlc_net_5692           1        1      2         
optlc_net_5693           1        1      2         
optlc_net_5694           1        1      2         
optlc_net_5695           1        1      2         
optlc_net_5696           1        1      2         
optlc_net_5697           1        1      2         
optlc_net_5698           1        1      2         
optlc_net_5699           1        1      2         
optlc_net_57             1        1      2         
optlc_net_570            1        1      2         
optlc_net_5700           1        1      2         
optlc_net_5701           1        1      2         
optlc_net_5702           1        1      2         
optlc_net_5703           1        1      2         
optlc_net_5704           1        1      2         
optlc_net_5705           1        1      2         
optlc_net_5706           1        1      2         
optlc_net_5707           1        1      2         
optlc_net_5708           1        1      2         
optlc_net_5709           1        1      2         
optlc_net_571            1        1      2         
optlc_net_5710           1        1      2         
optlc_net_5711           1        1      2         
optlc_net_5712           1        1      2         
optlc_net_5713           1        1      2         
optlc_net_5714           1        1      2         
optlc_net_5715           1        1      2         
optlc_net_5716           1        1      2         
optlc_net_5717           1        1      2         
optlc_net_5718           1        1      2         
optlc_net_5719           1        1      2         
optlc_net_572            1        1      2         
optlc_net_5720           1        1      2         
optlc_net_5721           1        1      2         
optlc_net_5722           1        1      2         
optlc_net_5723           1        1      2         
optlc_net_5724           1        1      2         
optlc_net_5725           1        1      2         
optlc_net_5726           1        1      2         
optlc_net_5727           1        1      2         
optlc_net_5728           1        1      2         
optlc_net_5729           1        1      2         
optlc_net_573            1        1      2         
optlc_net_5730           1        1      2         
optlc_net_5731           1        1      2         
optlc_net_5732           1        1      2         
optlc_net_5733           1        1      2         
optlc_net_5734           1        1      2         
optlc_net_5735           1        1      2         
optlc_net_5736           1        1      2         
optlc_net_5737           1        1      2         
optlc_net_5738           1        1      2         
optlc_net_5739           1        1      2         
optlc_net_574            1        1      2         
optlc_net_5740           1        1      2         
optlc_net_5741           1        1      2         
optlc_net_5742           1        1      2         
optlc_net_5743           1        1      2         
optlc_net_5744           1        1      2         
optlc_net_5745           1        1      2         
optlc_net_5746           1        1      2         
optlc_net_5747           1        1      2         
optlc_net_5748           1        1      2         
optlc_net_5749           1        1      2         
optlc_net_575            1        1      2         
optlc_net_5750           1        1      2         
optlc_net_5751           1        1      2         
optlc_net_5752           1        1      2         
optlc_net_5753           1        1      2         
optlc_net_5754           1        1      2         
optlc_net_5755           1        1      2         
optlc_net_5756           1        1      2         
optlc_net_5757           1        1      2         
optlc_net_5758           1        1      2         
optlc_net_5759           1        1      2         
optlc_net_576            1        1      2         
optlc_net_5760           1        1      2         
optlc_net_5761           1        1      2         
optlc_net_5762           1        1      2         
optlc_net_5763           1        1      2         
optlc_net_5764           1        1      2         
optlc_net_5765           1        1      2         
optlc_net_5766           1        1      2         
optlc_net_5767           1        1      2         
optlc_net_5768           1        1      2         
optlc_net_5769           1        1      2         
optlc_net_577            1        1      2         
optlc_net_5770           1        1      2         
optlc_net_5771           1        1      2         
optlc_net_5772           1        1      2         
optlc_net_5773           1        1      2         
optlc_net_5774           1        1      2         
optlc_net_5775           1        1      2         
optlc_net_5776           1        1      2         
optlc_net_5777           1        1      2         
optlc_net_5778           1        1      2         
optlc_net_5779           1        1      2         
optlc_net_578            1        1      2         
optlc_net_5780           1        1      2         
optlc_net_5781           1        1      2         
optlc_net_5782           1        1      2         
optlc_net_5783           1        1      2         
optlc_net_5784           1        1      2         
optlc_net_5785           1        1      2         
optlc_net_5786           1        1      2         
optlc_net_5787           1        1      2         
optlc_net_5788           1        1      2         
optlc_net_5789           1        1      2         
optlc_net_579            1        1      2         
optlc_net_5790           1        1      2         
optlc_net_5791           1        1      2         
optlc_net_5792           1        1      2         
optlc_net_5793           1        1      2         
optlc_net_5794           1        1      2         
optlc_net_5795           1        1      2         
optlc_net_5796           1        1      2         
optlc_net_5797           1        1      2         
optlc_net_5798           1        1      2         
optlc_net_5799           1        1      2         
optlc_net_58             1        1      2         
optlc_net_580            1        1      2         
optlc_net_5800           1        1      2         
optlc_net_5801           1        1      2         
optlc_net_5802           1        1      2         
optlc_net_5803           1        1      2         
optlc_net_5804           1        1      2         
optlc_net_5805           1        1      2         
optlc_net_5806           1        1      2         
optlc_net_5807           1        1      2         
optlc_net_5808           1        1      2         
optlc_net_5809           1        1      2         
optlc_net_581            1        1      2         
optlc_net_5810           1        1      2         
optlc_net_5811           1        1      2         
optlc_net_5812           1        1      2         
optlc_net_5813           1        1      2         
optlc_net_5814           1        1      2         
optlc_net_5815           1        1      2         
optlc_net_5816           1        1      2         
optlc_net_5817           1        1      2         
optlc_net_5818           1        1      2         
optlc_net_5819           1        1      2         
optlc_net_582            1        1      2         
optlc_net_5820           1        1      2         
optlc_net_5821           1        1      2         
optlc_net_5822           1        1      2         
optlc_net_5823           1        1      2         
optlc_net_5824           1        1      2         
optlc_net_5825           1        1      2         
optlc_net_5826           1        1      2         
optlc_net_5827           1        1      2         
optlc_net_5828           1        1      2         
optlc_net_5829           1        1      2         
optlc_net_583            1        1      2         
optlc_net_5830           1        1      2         
optlc_net_5831           1        1      2         
optlc_net_5832           1        1      2         
optlc_net_5833           1        1      2         
optlc_net_5834           1        1      2         
optlc_net_5835           1        1      2         
optlc_net_5836           1        1      2         
optlc_net_5837           1        1      2         
optlc_net_5838           1        1      2         
optlc_net_5839           1        1      2         
optlc_net_584            1        1      2         
optlc_net_5840           1        1      2         
optlc_net_5841           1        1      2         
optlc_net_5842           1        1      2         
optlc_net_5843           1        1      2         
optlc_net_5844           1        1      2         
optlc_net_5845           1        1      2         
optlc_net_5846           1        1      2         
optlc_net_5847           1        1      2         
optlc_net_5848           1        1      2         
optlc_net_5849           1        1      2         
optlc_net_585            1        1      2         
optlc_net_5850           1        1      2         
optlc_net_5851           1        1      2         
optlc_net_5852           1        1      2         
optlc_net_5853           1        1      2         
optlc_net_5854           1        1      2         
optlc_net_5855           1        1      2         
optlc_net_5856           1        1      2         
optlc_net_5857           1        1      2         
optlc_net_5858           1        1      2         
optlc_net_5859           1        1      2         
optlc_net_586            1        1      2         
optlc_net_5860           1        1      2         
optlc_net_5861           1        1      2         
optlc_net_5862           1        1      2         
optlc_net_5863           1        1      2         
optlc_net_5864           1        1      2         
optlc_net_5865           1        1      2         
optlc_net_5866           1        1      2         
optlc_net_5867           1        1      2         
optlc_net_5868           1        1      2         
optlc_net_5869           1        1      2         
optlc_net_587            1        1      2         
optlc_net_5870           1        1      2         
optlc_net_5871           1        1      2         
optlc_net_5872           1        1      2         
optlc_net_5873           1        1      2         
optlc_net_5874           1        1      2         
optlc_net_5875           1        1      2         
optlc_net_5876           1        1      2         
optlc_net_5877           1        1      2         
optlc_net_5878           1        1      2         
optlc_net_5879           1        1      2         
optlc_net_588            1        1      2         
optlc_net_5880           1        1      2         
optlc_net_5881           1        1      2         
optlc_net_5882           1        1      2         
optlc_net_5883           1        1      2         
optlc_net_5884           1        1      2         
optlc_net_5885           1        1      2         
optlc_net_5886           1        1      2         
optlc_net_5887           1        1      2         
optlc_net_5888           1        1      2         
optlc_net_5889           1        1      2         
optlc_net_589            1        1      2         
optlc_net_5890           1        1      2         
optlc_net_5891           1        1      2         
optlc_net_5892           1        1      2         
optlc_net_5893           1        1      2         
optlc_net_5894           1        1      2         
optlc_net_5895           1        1      2         
optlc_net_5896           1        1      2         
optlc_net_5897           1        1      2         
optlc_net_5898           1        1      2         
optlc_net_5899           1        1      2         
optlc_net_59             1        1      2         
optlc_net_590            1        1      2         
optlc_net_5900           1        1      2         
optlc_net_5901           1        1      2         
optlc_net_5902           1        1      2         
optlc_net_5903           1        1      2         
optlc_net_5904           1        1      2         
optlc_net_5905           1        1      2         
optlc_net_5906           1        1      2         
optlc_net_5907           1        1      2         
optlc_net_5908           1        1      2         
optlc_net_5909           1        1      2         
optlc_net_591            1        1      2         
optlc_net_5910           1        1      2         
optlc_net_5911           1        1      2         
optlc_net_5912           1        1      2         
optlc_net_5913           1        1      2         
optlc_net_5914           1        1      2         
optlc_net_5915           1        1      2         
optlc_net_5916           1        1      2         
optlc_net_5917           1        1      2         
optlc_net_5918           1        1      2         
optlc_net_5919           1        1      2         
optlc_net_592            1        1      2         
optlc_net_5920           1        1      2         
optlc_net_5921           1        1      2         
optlc_net_5922           1        1      2         
optlc_net_5923           1        1      2         
optlc_net_5924           1        1      2         
optlc_net_5925           1        1      2         
optlc_net_5926           1        1      2         
optlc_net_5927           1        1      2         
optlc_net_5928           1        1      2         
optlc_net_5929           1        1      2         
optlc_net_593            1        1      2         
optlc_net_5930           1        1      2         
optlc_net_5931           1        1      2         
optlc_net_5932           1        1      2         
optlc_net_5933           1        1      2         
optlc_net_5934           1        1      2         
optlc_net_5935           1        1      2         
optlc_net_5936           1        1      2         
optlc_net_5937           1        1      2         
optlc_net_5938           1        1      2         
optlc_net_5939           1        1      2         
optlc_net_594            1        1      2         
optlc_net_5940           1        1      2         
optlc_net_5941           1        1      2         
optlc_net_5942           1        1      2         
optlc_net_5943           1        1      2         
optlc_net_5944           1        1      2         
optlc_net_5945           1        1      2         
optlc_net_5946           1        1      2         
optlc_net_5947           1        1      2         
optlc_net_5948           1        1      2         
optlc_net_5949           1        1      2         
optlc_net_595            1        1      2         
optlc_net_5950           1        1      2         
optlc_net_5951           1        1      2         
optlc_net_5952           1        1      2         
optlc_net_5953           1        1      2         
optlc_net_5954           1        1      2         
optlc_net_5955           1        1      2         
optlc_net_5956           1        1      2         
optlc_net_5957           1        1      2         
optlc_net_5958           1        1      2         
optlc_net_5959           1        1      2         
optlc_net_596            1        1      2         
optlc_net_5960           1        1      2         
optlc_net_5961           1        1      2         
optlc_net_5962           1        1      2         
optlc_net_5963           1        1      2         
optlc_net_5964           1        1      2         
optlc_net_5965           1        1      2         
optlc_net_5966           1        1      2         
optlc_net_5967           1        1      2         
optlc_net_5968           1        1      2         
optlc_net_5969           1        1      2         
optlc_net_597            1        1      2         
optlc_net_5970           1        1      2         
optlc_net_5971           1        1      2         
optlc_net_5972           1        1      2         
optlc_net_5973           1        1      2         
optlc_net_5974           1        1      2         
optlc_net_5975           1        1      2         
optlc_net_5976           1        1      2         
optlc_net_5977           1        1      2         
optlc_net_5978           1        1      2         
optlc_net_5979           1        1      2         
optlc_net_598            1        1      2         
optlc_net_5980           1        1      2         
optlc_net_5981           1        1      2         
optlc_net_5982           1        1      2         
optlc_net_5983           1        1      2         
optlc_net_5984           1        1      2         
optlc_net_5985           1        1      2         
optlc_net_5986           1        1      2         
optlc_net_5987           1        1      2         
optlc_net_5988           1        1      2         
optlc_net_5989           1        1      2         
optlc_net_599            1        1      2         
optlc_net_5990           1        1      2         
optlc_net_5991           1        1      2         
optlc_net_5992           1        1      2         
optlc_net_5993           1        1      2         
optlc_net_5994           1        1      2         
optlc_net_5995           1        1      2         
optlc_net_5996           1        1      2         
optlc_net_5997           1        1      2         
optlc_net_5998           1        1      2         
optlc_net_5999           1        1      2         
optlc_net_6              1        1      2         
optlc_net_60             1        1      2         
optlc_net_600            1        1      2         
optlc_net_6000           1        1      2         
optlc_net_6001           1        1      2         
optlc_net_6002           1        1      2         
optlc_net_6003           1        1      2         
optlc_net_6004           1        1      2         
optlc_net_6005           1        1      2         
optlc_net_6006           1        1      2         
optlc_net_6007           1        1      2         
optlc_net_6008           1        1      2         
optlc_net_6009           1        1      2         
optlc_net_601            1        1      2         
optlc_net_6010           1        1      2         
optlc_net_6011           1        1      2         
optlc_net_6012           1        1      2         
optlc_net_6013           1        1      2         
optlc_net_6014           1        1      2         
optlc_net_6015           1        1      2         
optlc_net_6016           1        1      2         
optlc_net_6017           1        1      2         
optlc_net_6018           1        1      2         
optlc_net_6019           1        1      2         
optlc_net_602            1        1      2         
optlc_net_6020           1        1      2         
optlc_net_6021           1        1      2         
optlc_net_6022           1        1      2         
optlc_net_6023           1        1      2         
optlc_net_6024           1        1      2         
optlc_net_6025           1        1      2         
optlc_net_6026           1        1      2         
optlc_net_6027           1        1      2         
optlc_net_6028           1        1      2         
optlc_net_6029           1        1      2         
optlc_net_603            1        1      2         
optlc_net_6030           1        1      2         
optlc_net_6031           1        1      2         
optlc_net_6032           1        1      2         
optlc_net_6033           1        1      2         
optlc_net_6034           1        1      2         
optlc_net_6035           1        1      2         
optlc_net_6036           1        1      2         
optlc_net_6037           1        1      2         
optlc_net_6038           1        1      2         
optlc_net_6039           1        1      2         
optlc_net_604            1        1      2         
optlc_net_6040           1        1      2         
optlc_net_6041           1        1      2         
optlc_net_6042           1        1      2         
optlc_net_6043           1        1      2         
optlc_net_6044           1        1      2         
optlc_net_6045           1        1      2         
optlc_net_6046           1        1      2         
optlc_net_6047           1        1      2         
optlc_net_6048           1        1      2         
optlc_net_6049           1        1      2         
optlc_net_605            1        1      2         
optlc_net_6050           1        1      2         
optlc_net_6051           1        1      2         
optlc_net_6052           1        1      2         
optlc_net_6053           1        1      2         
optlc_net_6054           1        1      2         
optlc_net_6055           1        1      2         
optlc_net_6056           1        1      2         
optlc_net_6057           1        1      2         
optlc_net_6058           1        1      2         
optlc_net_6059           1        1      2         
optlc_net_606            1        1      2         
optlc_net_6060           1        1      2         
optlc_net_6061           1        1      2         
optlc_net_6062           1        1      2         
optlc_net_6063           1        1      2         
optlc_net_6064           1        1      2         
optlc_net_6065           1        1      2         
optlc_net_6066           1        1      2         
optlc_net_6067           1        1      2         
optlc_net_6068           1        1      2         
optlc_net_6069           1        1      2         
optlc_net_607            1        1      2         
optlc_net_6070           1        1      2         
optlc_net_6071           1        1      2         
optlc_net_6072           1        1      2         
optlc_net_6073           1        1      2         
optlc_net_6074           1        1      2         
optlc_net_6075           1        1      2         
optlc_net_6076           1        1      2         
optlc_net_6077           1        1      2         
optlc_net_6078           1        1      2         
optlc_net_6079           1        1      2         
optlc_net_608            1        1      2         
optlc_net_6080           1        1      2         
optlc_net_6081           1        1      2         
optlc_net_6082           1        1      2         
optlc_net_6083           1        1      2         
optlc_net_6084           1        1      2         
optlc_net_6085           1        1      2         
optlc_net_6086           1        1      2         
optlc_net_6087           1        1      2         
optlc_net_6088           1        1      2         
optlc_net_6089           1        1      2         
optlc_net_609            1        1      2         
optlc_net_6090           1        1      2         
optlc_net_6091           1        1      2         
optlc_net_6092           1        1      2         
optlc_net_6093           1        1      2         
optlc_net_6094           1        1      2         
optlc_net_6095           1        1      2         
optlc_net_6096           1        1      2         
optlc_net_6097           1        1      2         
optlc_net_6098           1        1      2         
optlc_net_6099           1        1      2         
optlc_net_61             1        1      2         
optlc_net_610            1        1      2         
optlc_net_6100           1        1      2         
optlc_net_6101           1        1      2         
optlc_net_6102           1        1      2         
optlc_net_6103           1        1      2         
optlc_net_6104           1        1      2         
optlc_net_6105           1        1      2         
optlc_net_6106           1        1      2         
optlc_net_6107           1        1      2         
optlc_net_6108           1        1      2         
optlc_net_6109           1        1      2         
optlc_net_611            1        1      2         
optlc_net_6110           1        1      2         
optlc_net_6111           1        1      2         
optlc_net_6112           1        1      2         
optlc_net_6113           1        1      2         
optlc_net_6114           1        1      2         
optlc_net_6115           1        1      2         
optlc_net_6116           1        1      2         
optlc_net_6117           1        1      2         
optlc_net_6118           1        1      2         
optlc_net_6119           1        1      2         
optlc_net_612            1        1      2         
optlc_net_6120           1        1      2         
optlc_net_6121           1        1      2         
optlc_net_6122           1        1      2         
optlc_net_6123           1        1      2         
optlc_net_6124           1        1      2         
optlc_net_6125           1        1      2         
optlc_net_6126           1        1      2         
optlc_net_6127           1        1      2         
optlc_net_6128           1        1      2         
optlc_net_6129           1        1      2         
optlc_net_613            1        1      2         
optlc_net_6130           1        1      2         
optlc_net_6131           1        1      2         
optlc_net_6132           1        1      2         
optlc_net_6133           1        1      2         
optlc_net_6134           1        1      2         
optlc_net_6135           1        1      2         
optlc_net_6136           1        1      2         
optlc_net_6137           1        1      2         
optlc_net_6138           1        1      2         
optlc_net_6139           1        1      2         
optlc_net_614            1        1      2         
optlc_net_6140           1        1      2         
optlc_net_6141           1        1      2         
optlc_net_6142           1        1      2         
optlc_net_6143           1        1      2         
optlc_net_6144           1        1      2         
optlc_net_6145           1        1      2         
optlc_net_6146           1        1      2         
optlc_net_6147           1        1      2         
optlc_net_6148           1        1      2         
optlc_net_6149           1        1      2         
optlc_net_615            1        1      2         
optlc_net_6150           1        1      2         
optlc_net_6151           1        1      2         
optlc_net_6152           1        1      2         
optlc_net_6153           1        1      2         
optlc_net_6154           1        1      2         
optlc_net_6155           1        1      2         
optlc_net_6156           1        1      2         
optlc_net_6157           1        1      2         
optlc_net_6158           1        1      2         
optlc_net_6159           1        1      2         
optlc_net_616            1        1      2         
optlc_net_6160           1        1      2         
optlc_net_6161           1        1      2         
optlc_net_6162           1        1      2         
optlc_net_6163           1        1      2         
optlc_net_6164           1        1      2         
optlc_net_6165           1        1      2         
optlc_net_6166           1        1      2         
optlc_net_6167           1        1      2         
optlc_net_6168           1        1      2         
optlc_net_6169           1        1      2         
optlc_net_617            1        1      2         
optlc_net_6170           1        1      2         
optlc_net_6171           1        1      2         
optlc_net_6172           1        1      2         
optlc_net_6173           1        1      2         
optlc_net_6174           1        1      2         
optlc_net_6175           1        1      2         
optlc_net_6176           1        1      2         
optlc_net_6177           1        1      2         
optlc_net_6178           1        1      2         
optlc_net_6179           1        1      2         
optlc_net_618            1        1      2         
optlc_net_6180           1        1      2         
optlc_net_6181           1        1      2         
optlc_net_6182           1        1      2         
optlc_net_6183           1        1      2         
optlc_net_6184           1        1      2         
optlc_net_6185           1        1      2         
optlc_net_6186           1        1      2         
optlc_net_6187           1        1      2         
optlc_net_6188           1        1      2         
optlc_net_6189           1        1      2         
optlc_net_619            1        1      2         
optlc_net_6190           1        1      2         
optlc_net_6191           1        1      2         
optlc_net_6192           1        1      2         
optlc_net_6193           1        1      2         
optlc_net_6194           1        1      2         
optlc_net_6195           1        1      2         
optlc_net_6196           1        1      2         
optlc_net_6197           1        1      2         
optlc_net_6198           1        1      2         
optlc_net_6199           1        1      2         
optlc_net_62             1        1      2         
optlc_net_620            1        1      2         
optlc_net_6200           1        1      2         
optlc_net_6201           1        1      2         
optlc_net_6202           1        1      2         
optlc_net_6203           1        1      2         
optlc_net_6204           1        1      2         
optlc_net_6205           1        1      2         
optlc_net_6206           1        1      2         
optlc_net_6207           1        1      2         
optlc_net_6208           1        1      2         
optlc_net_6209           1        1      2         
optlc_net_621            1        1      2         
optlc_net_6210           1        1      2         
optlc_net_6211           1        1      2         
optlc_net_6212           1        1      2         
optlc_net_6213           1        1      2         
optlc_net_6214           1        1      2         
optlc_net_6215           1        1      2         
optlc_net_6216           1        1      2         
optlc_net_6217           1        1      2         
optlc_net_6218           1        1      2         
optlc_net_6219           1        1      2         
optlc_net_622            1        1      2         
optlc_net_6220           1        1      2         
optlc_net_6221           1        1      2         
optlc_net_6222           1        1      2         
optlc_net_6223           1        1      2         
optlc_net_6224           1        1      2         
optlc_net_6225           1        1      2         
optlc_net_6226           1        1      2         
optlc_net_6227           1        1      2         
optlc_net_6228           1        1      2         
optlc_net_6229           1        1      2         
optlc_net_623            1        1      2         
optlc_net_6230           1        1      2         
optlc_net_6231           1        1      2         
optlc_net_6232           1        1      2         
optlc_net_6233           1        1      2         
optlc_net_6234           1        1      2         
optlc_net_6235           1        1      2         
optlc_net_6236           1        1      2         
optlc_net_6237           1        1      2         
optlc_net_6238           1        1      2         
optlc_net_6239           1        1      2         
optlc_net_624            1        1      2         
optlc_net_6240           1        1      2         
optlc_net_6241           1        1      2         
optlc_net_6242           1        1      2         
optlc_net_6243           1        1      2         
optlc_net_6244           1        1      2         
optlc_net_6245           1        1      2         
optlc_net_6246           1        1      2         
optlc_net_6247           1        1      2         
optlc_net_6248           1        1      2         
optlc_net_6249           1        1      2         
optlc_net_625            1        1      2         
optlc_net_6250           1        1      2         
optlc_net_6251           1        1      2         
optlc_net_6252           1        1      2         
optlc_net_6253           1        1      2         
optlc_net_6254           1        1      2         
optlc_net_6255           1        1      2         
optlc_net_6256           1        1      2         
optlc_net_6257           1        1      2         
optlc_net_6258           1        1      2         
optlc_net_6259           1        1      2         
optlc_net_626            1        1      2         
optlc_net_6260           1        1      2         
optlc_net_6261           1        1      2         
optlc_net_6262           1        1      2         
optlc_net_6263           1        1      2         
optlc_net_6264           1        1      2         
optlc_net_6265           1        1      2         
optlc_net_6266           1        1      2         
optlc_net_6267           1        1      2         
optlc_net_6268           1        1      2         
optlc_net_6269           1        1      2         
optlc_net_627            1        1      2         
optlc_net_6270           1        1      2         
optlc_net_6271           1        1      2         
optlc_net_6272           1        1      2         
optlc_net_6273           1        1      2         
optlc_net_6274           1        1      2         
optlc_net_6275           1        1      2         
optlc_net_6276           1        1      2         
optlc_net_6277           1        1      2         
optlc_net_6278           1        1      2         
optlc_net_6279           1        1      2         
optlc_net_628            1        1      2         
optlc_net_6280           1        1      2         
optlc_net_6281           1        1      2         
optlc_net_6282           1        1      2         
optlc_net_6283           1        1      2         
optlc_net_6284           1        1      2         
optlc_net_6285           1        1      2         
optlc_net_6286           1        1      2         
optlc_net_6287           1        1      2         
optlc_net_6288           1        1      2         
optlc_net_6289           1        1      2         
optlc_net_629            1        1      2         
optlc_net_6290           1        1      2         
optlc_net_6291           1        1      2         
optlc_net_6292           1        1      2         
optlc_net_6293           1        1      2         
optlc_net_6294           1        1      2         
optlc_net_6295           1        1      2         
optlc_net_6296           1        1      2         
optlc_net_6297           1        1      2         
optlc_net_6298           1        1      2         
optlc_net_6299           1        1      2         
optlc_net_63             1        1      2         
optlc_net_630            1        1      2         
optlc_net_6300           1        1      2         
optlc_net_6301           1        1      2         
optlc_net_6302           1        1      2         
optlc_net_6303           1        1      2         
optlc_net_6304           1        1      2         
optlc_net_6305           1        1      2         
optlc_net_6306           1        1      2         
optlc_net_6307           1        1      2         
optlc_net_6308           1        1      2         
optlc_net_6309           1        1      2         
optlc_net_631            1        1      2         
optlc_net_6310           1        1      2         
optlc_net_6311           1        1      2         
optlc_net_6312           1        1      2         
optlc_net_6313           1        1      2         
optlc_net_6314           1        1      2         
optlc_net_6315           1        1      2         
optlc_net_6316           1        1      2         
optlc_net_6317           1        1      2         
optlc_net_6318           1        1      2         
optlc_net_6319           1        1      2         
optlc_net_632            1        1      2         
optlc_net_6320           1        1      2         
optlc_net_6321           1        1      2         
optlc_net_6322           1        1      2         
optlc_net_6323           1        1      2         
optlc_net_6324           1        1      2         
optlc_net_6325           1        1      2         
optlc_net_6326           1        1      2         
optlc_net_6327           1        1      2         
optlc_net_6328           1        1      2         
optlc_net_6329           1        1      2         
optlc_net_633            1        1      2         
optlc_net_6330           1        1      2         
optlc_net_6331           1        1      2         
optlc_net_6332           1        1      2         
optlc_net_6333           1        1      2         
optlc_net_6334           1        1      2         
optlc_net_6335           1        1      2         
optlc_net_6336           1        1      2         
optlc_net_6337           1        1      2         
optlc_net_6338           1        1      2         
optlc_net_6339           1        1      2         
optlc_net_634            1        1      2         
optlc_net_6340           1        1      2         
optlc_net_6341           1        1      2         
optlc_net_6342           1        1      2         
optlc_net_6343           1        1      2         
optlc_net_6344           1        1      2         
optlc_net_6345           1        1      2         
optlc_net_6346           1        1      2         
optlc_net_6347           1        1      2         
optlc_net_6348           1        1      2         
optlc_net_6349           1        1      2         
optlc_net_635            1        1      2         
optlc_net_6350           1        1      2         
optlc_net_6351           1        1      2         
optlc_net_6352           1        1      2         
optlc_net_6353           1        1      2         
optlc_net_6354           1        1      2         
optlc_net_6355           1        1      2         
optlc_net_6356           1        1      2         
optlc_net_6357           1        1      2         
optlc_net_6358           1        1      2         
optlc_net_6359           1        1      2         
optlc_net_636            1        1      2         
optlc_net_6360           1        1      2         
optlc_net_6361           1        1      2         
optlc_net_6362           1        1      2         
optlc_net_6363           1        1      2         
optlc_net_6364           1        1      2         
optlc_net_6365           1        1      2         
optlc_net_6366           1        1      2         
optlc_net_6367           1        1      2         
optlc_net_6368           1        1      2         
optlc_net_6369           1        1      2         
optlc_net_637            1        1      2         
optlc_net_6370           1        1      2         
optlc_net_6371           1        1      2         
optlc_net_6372           1        1      2         
optlc_net_6373           1        1      2         
optlc_net_6374           1        1      2         
optlc_net_6375           1        1      2         
optlc_net_6376           1        1      2         
optlc_net_6377           1        1      2         
optlc_net_6378           1        1      2         
optlc_net_6379           1        1      2         
optlc_net_638            1        1      2         
optlc_net_6380           1        1      2         
optlc_net_6381           1        1      2         
optlc_net_6382           1        1      2         
optlc_net_6383           1        1      2         
optlc_net_6384           1        1      2         
optlc_net_6385           1        1      2         
optlc_net_6386           1        1      2         
optlc_net_6387           1        1      2         
optlc_net_6388           1        1      2         
optlc_net_6389           1        1      2         
optlc_net_639            1        1      2         
optlc_net_6390           1        1      2         
optlc_net_6391           1        1      2         
optlc_net_6392           1        1      2         
optlc_net_6393           1        1      2         
optlc_net_6394           1        1      2         
optlc_net_6395           1        1      2         
optlc_net_6396           1        1      2         
optlc_net_6397           1        1      2         
optlc_net_6398           1        1      2         
optlc_net_6399           1        1      2         
optlc_net_64             1        1      2         
optlc_net_640            1        1      2         
optlc_net_6400           1        1      2         
optlc_net_6401           1        1      2         
optlc_net_6402           1        1      2         
optlc_net_6403           1        1      2         
optlc_net_6404           1        1      2         
optlc_net_6405           1        1      2         
optlc_net_6406           1        1      2         
optlc_net_6407           1        1      2         
optlc_net_6408           1        1      2         
optlc_net_6409           1        1      2         
optlc_net_641            1        1      2         
optlc_net_6410           1        1      2         
optlc_net_6411           1        1      2         
optlc_net_6412           1        1      2         
optlc_net_6413           1        1      2         
optlc_net_6414           1        1      2         
optlc_net_6415           1        1      2         
optlc_net_6416           1        1      2         
optlc_net_6417           1        1      2         
optlc_net_6418           1        1      2         
optlc_net_6419           1        1      2         
optlc_net_642            1        1      2         
optlc_net_6420           1        1      2         
optlc_net_6421           1        1      2         
optlc_net_6422           1        1      2         
optlc_net_6423           1        1      2         
optlc_net_6424           1        1      2         
optlc_net_6425           1        1      2         
optlc_net_6426           1        1      2         
optlc_net_6427           1        1      2         
optlc_net_6428           1        1      2         
optlc_net_6429           1        1      2         
optlc_net_643            1        1      2         
optlc_net_6430           1        1      2         
optlc_net_6431           1        1      2         
optlc_net_6432           1        1      2         
optlc_net_6433           1        1      2         
optlc_net_6434           1        1      2         
optlc_net_6435           1        1      2         
optlc_net_6436           1        1      2         
optlc_net_6437           1        1      2         
optlc_net_6438           1        1      2         
optlc_net_6439           1        1      2         
optlc_net_644            1        1      2         
optlc_net_6440           1        1      2         
optlc_net_6441           1        1      2         
optlc_net_6442           1        1      2         
optlc_net_6443           1        1      2         
optlc_net_6444           1        1      2         
optlc_net_6445           1        1      2         
optlc_net_6446           1        1      2         
optlc_net_6447           1        1      2         
optlc_net_6448           1        1      2         
optlc_net_6449           1        1      2         
optlc_net_645            1        1      2         
optlc_net_6450           1        1      2         
optlc_net_6451           1        1      2         
optlc_net_6452           1        1      2         
optlc_net_6453           1        1      2         
optlc_net_6454           1        1      2         
optlc_net_6455           1        1      2         
optlc_net_6456           1        1      2         
optlc_net_6457           1        1      2         
optlc_net_6458           1        1      2         
optlc_net_6459           1        1      2         
optlc_net_646            1        1      2         
optlc_net_6460           1        1      2         
optlc_net_6461           1        1      2         
optlc_net_6462           1        1      2         
optlc_net_6463           1        1      2         
optlc_net_6464           1        1      2         
optlc_net_6465           1        1      2         
optlc_net_6466           1        1      2         
optlc_net_6467           1        1      2         
optlc_net_6468           1        1      2         
optlc_net_6469           1        1      2         
optlc_net_647            1        1      2         
optlc_net_6470           1        1      2         
optlc_net_6471           1        1      2         
optlc_net_6472           1        1      2         
optlc_net_6473           1        1      2         
optlc_net_6474           1        1      2         
optlc_net_6475           1        1      2         
optlc_net_6476           1        1      2         
optlc_net_6477           1        1      2         
optlc_net_6478           1        1      2         
optlc_net_6479           1        1      2         
optlc_net_648            1        1      2         
optlc_net_6480           1        1      2         
optlc_net_6481           1        1      2         
optlc_net_6482           1        1      2         
optlc_net_6483           1        1      2         
optlc_net_6484           1        1      2         
optlc_net_6485           1        1      2         
optlc_net_6486           1        1      2         
optlc_net_6487           1        1      2         
optlc_net_6488           1        1      2         
optlc_net_6489           1        1      2         
optlc_net_649            1        1      2         
optlc_net_6490           1        1      2         
optlc_net_6491           1        1      2         
optlc_net_6492           1        1      2         
optlc_net_6493           1        1      2         
optlc_net_6494           1        1      2         
optlc_net_6495           1        1      2         
optlc_net_6496           1        1      2         
optlc_net_6497           1        1      2         
optlc_net_6498           1        1      2         
optlc_net_6499           1        1      2         
optlc_net_65             1        1      2         
optlc_net_650            1        1      2         
optlc_net_6500           1        1      2         
optlc_net_6501           1        1      2         
optlc_net_6502           1        1      2         
optlc_net_6503           1        1      2         
optlc_net_6504           1        1      2         
optlc_net_6505           1        1      2         
optlc_net_6506           1        1      2         
optlc_net_6507           1        1      2         
optlc_net_6508           1        1      2         
optlc_net_6509           1        1      2         
optlc_net_651            1        1      2         
optlc_net_6510           1        1      2         
optlc_net_6511           1        1      2         
optlc_net_6512           1        1      2         
optlc_net_6513           1        1      2         
optlc_net_6514           1        1      2         
optlc_net_6515           1        1      2         
optlc_net_6516           1        1      2         
optlc_net_6517           1        1      2         
optlc_net_6518           1        1      2         
optlc_net_6519           1        1      2         
optlc_net_652            1        1      2         
optlc_net_6520           1        1      2         
optlc_net_6521           1        1      2         
optlc_net_6522           1        1      2         
optlc_net_6523           1        1      2         
optlc_net_6524           1        1      2         
optlc_net_6525           1        1      2         
optlc_net_6526           1        1      2         
optlc_net_6527           1        1      2         
optlc_net_6528           1        1      2         
optlc_net_6529           1        1      2         
optlc_net_653            1        1      2         
optlc_net_6530           1        1      2         
optlc_net_6531           1        1      2         
optlc_net_6532           1        1      2         
optlc_net_6533           1        1      2         
optlc_net_6534           1        1      2         
optlc_net_6535           1        1      2         
optlc_net_6536           1        1      2         
optlc_net_6537           1        1      2         
optlc_net_6538           1        1      2         
optlc_net_6539           1        1      2         
optlc_net_654            1        1      2         
optlc_net_6540           1        1      2         
optlc_net_6541           1        1      2         
optlc_net_6542           1        1      2         
optlc_net_6543           1        1      2         
optlc_net_6544           1        1      2         
optlc_net_6545           1        1      2         
optlc_net_6546           1        1      2         
optlc_net_6547           1        1      2         
optlc_net_6548           1        1      2         
optlc_net_6549           1        1      2         
optlc_net_655            1        1      2         
optlc_net_6550           1        1      2         
optlc_net_6551           1        1      2         
optlc_net_6552           1        1      2         
optlc_net_6553           1        1      2         
optlc_net_6554           1        1      2         
optlc_net_6555           1        1      2         
optlc_net_6556           1        1      2         
optlc_net_6557           1        1      2         
optlc_net_6558           1        1      2         
optlc_net_6559           1        1      2         
optlc_net_656            1        1      2         
optlc_net_6560           1        1      2         
optlc_net_6561           1        1      2         
optlc_net_6562           1        1      2         
optlc_net_6563           1        1      2         
optlc_net_6564           1        1      2         
optlc_net_6565           1        1      2         
optlc_net_6566           1        1      2         
optlc_net_6567           1        1      2         
optlc_net_6568           1        1      2         
optlc_net_6569           1        1      2         
optlc_net_657            1        1      2         
optlc_net_6570           1        1      2         
optlc_net_6571           1        1      2         
optlc_net_6572           1        1      2         
optlc_net_6573           1        1      2         
optlc_net_6574           1        1      2         
optlc_net_6575           1        1      2         
optlc_net_6576           1        1      2         
optlc_net_6577           1        1      2         
optlc_net_6578           1        1      2         
optlc_net_6579           1        1      2         
optlc_net_658            1        1      2         
optlc_net_6580           1        1      2         
optlc_net_6581           1        1      2         
optlc_net_6582           1        1      2         
optlc_net_6583           1        1      2         
optlc_net_6584           1        1      2         
optlc_net_6585           1        1      2         
optlc_net_6586           1        1      2         
optlc_net_6587           1        1      2         
optlc_net_6588           1        1      2         
optlc_net_6589           1        1      2         
optlc_net_659            1        1      2         
optlc_net_6590           1        1      2         
optlc_net_6591           1        1      2         
optlc_net_6592           1        1      2         
optlc_net_6593           1        1      2         
optlc_net_6594           1        1      2         
optlc_net_6595           1        1      2         
optlc_net_6596           1        1      2         
optlc_net_6597           1        1      2         
optlc_net_6598           1        1      2         
optlc_net_6599           1        1      2         
optlc_net_66             1        1      2         
optlc_net_660            1        1      2         
optlc_net_6600           1        1      2         
optlc_net_6601           1        1      2         
optlc_net_6602           1        1      2         
optlc_net_6603           1        1      2         
optlc_net_6604           1        1      2         
optlc_net_6605           1        1      2         
optlc_net_6606           1        1      2         
optlc_net_6607           1        1      2         
optlc_net_6608           1        1      2         
optlc_net_6609           1        1      2         
optlc_net_661            1        1      2         
optlc_net_6610           1        1      2         
optlc_net_6611           1        1      2         
optlc_net_6612           1        1      2         
optlc_net_6613           1        1      2         
optlc_net_6614           1        1      2         
optlc_net_6615           1        1      2         
optlc_net_6616           1        1      2         
optlc_net_6617           1        1      2         
optlc_net_6618           1        1      2         
optlc_net_6619           1        1      2         
optlc_net_662            1        1      2         
optlc_net_6620           1        1      2         
optlc_net_6621           1        1      2         
optlc_net_6622           1        1      2         
optlc_net_6623           1        1      2         
optlc_net_6624           1        1      2         
optlc_net_6625           1        1      2         
optlc_net_6626           1        1      2         
optlc_net_6627           1        1      2         
optlc_net_6628           1        1      2         
optlc_net_6629           1        1      2         
optlc_net_663            1        1      2         
optlc_net_6630           1        1      2         
optlc_net_6631           1        1      2         
optlc_net_6632           1        1      2         
optlc_net_6633           1        1      2         
optlc_net_6634           1        1      2         
optlc_net_6635           1        1      2         
optlc_net_6636           1        1      2         
optlc_net_6637           1        1      2         
optlc_net_6638           1        1      2         
optlc_net_6639           1        1      2         
optlc_net_664            1        1      2         
optlc_net_6640           1        1      2         
optlc_net_6641           1        1      2         
optlc_net_6642           1        1      2         
optlc_net_6643           1        1      2         
optlc_net_6644           1        1      2         
optlc_net_6645           1        1      2         
optlc_net_6646           1        1      2         
optlc_net_6647           1        1      2         
optlc_net_6648           1        1      2         
optlc_net_6649           1        1      2         
optlc_net_665            1        1      2         
optlc_net_6650           1        1      2         
optlc_net_6651           1        1      2         
optlc_net_6652           1        1      2         
optlc_net_6653           1        1      2         
optlc_net_6654           1        1      2         
optlc_net_6655           1        1      2         
optlc_net_6656           1        1      2         
optlc_net_6657           1        1      2         
optlc_net_6658           1        1      2         
optlc_net_6659           1        1      2         
optlc_net_666            1        1      2         
optlc_net_6660           1        1      2         
optlc_net_6661           1        1      2         
optlc_net_6662           1        1      2         
optlc_net_6663           1        1      2         
optlc_net_6664           1        1      2         
optlc_net_6665           1        1      2         
optlc_net_6666           1        1      2         
optlc_net_6667           1        1      2         
optlc_net_6668           1        1      2         
optlc_net_6669           1        1      2         
optlc_net_667            1        1      2         
optlc_net_6670           1        1      2         
optlc_net_6671           1        1      2         
optlc_net_6672           1        1      2         
optlc_net_6673           1        1      2         
optlc_net_6674           1        1      2         
optlc_net_6675           1        1      2         
optlc_net_6676           1        1      2         
optlc_net_6677           1        1      2         
optlc_net_6678           1        1      2         
optlc_net_6679           1        1      2         
optlc_net_668            1        1      2         
optlc_net_6680           1        1      2         
optlc_net_6681           1        1      2         
optlc_net_6682           1        1      2         
optlc_net_6683           1        1      2         
optlc_net_6684           1        1      2         
optlc_net_6685           1        1      2         
optlc_net_6686           1        1      2         
optlc_net_6687           1        1      2         
optlc_net_6688           1        1      2         
optlc_net_6689           1        1      2         
optlc_net_669            1        1      2         
optlc_net_6690           1        1      2         
optlc_net_6691           1        1      2         
optlc_net_6692           1        1      2         
optlc_net_6693           1        1      2         
optlc_net_6694           1        1      2         
optlc_net_6695           1        1      2         
optlc_net_6696           1        1      2         
optlc_net_6697           1        1      2         
optlc_net_6698           1        1      2         
optlc_net_6699           1        1      2         
optlc_net_67             1        1      2         
optlc_net_670            1        1      2         
optlc_net_6700           1        1      2         
optlc_net_6701           1        1      2         
optlc_net_6702           1        1      2         
optlc_net_6703           1        1      2         
optlc_net_6704           1        1      2         
optlc_net_6705           1        1      2         
optlc_net_6706           1        1      2         
optlc_net_6707           1        1      2         
optlc_net_6708           1        1      2         
optlc_net_6709           1        1      2         
optlc_net_671            1        1      2         
optlc_net_6710           1        1      2         
optlc_net_6711           1        1      2         
optlc_net_6712           1        1      2         
optlc_net_6713           1        1      2         
optlc_net_6714           1        1      2         
optlc_net_6715           1        1      2         
optlc_net_6716           1        1      2         
optlc_net_6717           1        1      2         
optlc_net_6718           1        1      2         
optlc_net_6719           1        1      2         
optlc_net_672            1        1      2         
optlc_net_6720           1        1      2         
optlc_net_6721           1        1      2         
optlc_net_6722           1        1      2         
optlc_net_6723           1        1      2         
optlc_net_6724           1        1      2         
optlc_net_6725           1        1      2         
optlc_net_6726           1        1      2         
optlc_net_6727           1        1      2         
optlc_net_6728           1        1      2         
optlc_net_6729           1        1      2         
optlc_net_673            1        1      2         
optlc_net_6730           1        1      2         
optlc_net_6731           1        1      2         
optlc_net_6732           1        1      2         
optlc_net_6733           1        1      2         
optlc_net_6734           1        1      2         
optlc_net_6735           1        1      2         
optlc_net_6736           1        1      2         
optlc_net_6737           1        1      2         
optlc_net_6738           1        1      2         
optlc_net_6739           1        1      2         
optlc_net_674            1        1      2         
optlc_net_6740           1        1      2         
optlc_net_6741           1        1      2         
optlc_net_6742           1        1      2         
optlc_net_6743           1        1      2         
optlc_net_6744           1        1      2         
optlc_net_6745           1        1      2         
optlc_net_6746           1        1      2         
optlc_net_6747           1        1      2         
optlc_net_6748           1        1      2         
optlc_net_6749           1        1      2         
optlc_net_675            1        1      2         
optlc_net_6750           1        1      2         
optlc_net_6751           1        1      2         
optlc_net_6752           1        1      2         
optlc_net_6753           1        1      2         
optlc_net_6754           1        1      2         
optlc_net_6755           1        1      2         
optlc_net_6756           1        1      2         
optlc_net_6757           1        1      2         
optlc_net_6758           1        1      2         
optlc_net_6759           1        1      2         
optlc_net_676            1        1      2         
optlc_net_6760           1        1      2         
optlc_net_6761           1        1      2         
optlc_net_6762           1        1      2         
optlc_net_6763           1        1      2         
optlc_net_6764           1        1      2         
optlc_net_6765           1        1      2         
optlc_net_6766           1        1      2         
optlc_net_6767           1        1      2         
optlc_net_6768           1        1      2         
optlc_net_6769           1        1      2         
optlc_net_677            1        1      2         
optlc_net_6770           1        1      2         
optlc_net_6771           1        1      2         
optlc_net_6772           1        1      2         
optlc_net_6773           1        1      2         
optlc_net_6774           1        1      2         
optlc_net_6775           1        1      2         
optlc_net_6776           1        1      2         
optlc_net_6777           1        1      2         
optlc_net_6778           1        1      2         
optlc_net_6779           1        1      2         
optlc_net_678            1        1      2         
optlc_net_6780           1        1      2         
optlc_net_6781           1        1      2         
optlc_net_6782           1        1      2         
optlc_net_6783           1        1      2         
optlc_net_6784           1        1      2         
optlc_net_6785           1        1      2         
optlc_net_6786           1        1      2         
optlc_net_6787           1        1      2         
optlc_net_6788           1        1      2         
optlc_net_6789           1        1      2         
optlc_net_679            1        1      2         
optlc_net_6790           1        1      2         
optlc_net_6791           1        1      2         
optlc_net_6792           1        1      2         
optlc_net_6793           1        1      2         
optlc_net_6794           1        1      2         
optlc_net_6795           1        1      2         
optlc_net_6796           1        1      2         
optlc_net_6797           1        1      2         
optlc_net_6798           1        1      2         
optlc_net_6799           1        1      2         
optlc_net_68             1        1      2         
optlc_net_680            1        1      2         
optlc_net_6800           1        1      2         
optlc_net_6801           1        1      2         
optlc_net_6802           1        1      2         
optlc_net_6803           1        1      2         
optlc_net_6804           1        1      2         
optlc_net_6805           1        1      2         
optlc_net_6806           1        1      2         
optlc_net_6807           1        1      2         
optlc_net_6808           1        1      2         
optlc_net_6809           1        1      2         
optlc_net_681            1        1      2         
optlc_net_6810           1        1      2         
optlc_net_6811           1        1      2         
optlc_net_6812           1        1      2         
optlc_net_6813           1        1      2         
optlc_net_6814           1        1      2         
optlc_net_6815           1        1      2         
optlc_net_6816           1        1      2         
optlc_net_6817           1        1      2         
optlc_net_6818           1        1      2         
optlc_net_6819           1        1      2         
optlc_net_682            1        1      2         
optlc_net_6820           1        1      2         
optlc_net_6821           1        1      2         
optlc_net_6822           1        1      2         
optlc_net_6823           1        1      2         
optlc_net_6824           1        1      2         
optlc_net_6825           1        1      2         
optlc_net_6826           1        1      2         
optlc_net_6827           1        1      2         
optlc_net_6828           1        1      2         
optlc_net_6829           1        1      2         
optlc_net_683            1        1      2         
optlc_net_6830           1        1      2         
optlc_net_6831           1        1      2         
optlc_net_6832           1        1      2         
optlc_net_6833           1        1      2         
optlc_net_6834           1        1      2         
optlc_net_6835           1        1      2         
optlc_net_6836           1        1      2         
optlc_net_6837           1        1      2         
optlc_net_6838           1        1      2         
optlc_net_6839           1        1      2         
optlc_net_684            1        1      2         
optlc_net_6840           1        1      2         
optlc_net_6841           1        1      2         
optlc_net_6842           1        1      2         
optlc_net_6843           1        1      2         
optlc_net_6844           1        1      2         
optlc_net_6845           1        1      2         
optlc_net_6846           1        1      2         
optlc_net_6847           1        1      2         
optlc_net_6848           1        1      2         
optlc_net_6849           1        1      2         
optlc_net_685            1        1      2         
optlc_net_6850           1        1      2         
optlc_net_6851           1        1      2         
optlc_net_6852           1        1      2         
optlc_net_6853           1        1      2         
optlc_net_6854           1        1      2         
optlc_net_6855           1        1      2         
optlc_net_6856           1        1      2         
optlc_net_6857           1        1      2         
optlc_net_6858           1        1      2         
optlc_net_6859           1        1      2         
optlc_net_686            1        1      2         
optlc_net_6860           1        1      2         
optlc_net_6861           1        1      2         
optlc_net_6862           1        1      2         
optlc_net_6863           1        1      2         
optlc_net_6864           1        1      2         
optlc_net_6865           1        1      2         
optlc_net_6866           1        1      2         
optlc_net_6867           1        1      2         
optlc_net_6868           1        1      2         
optlc_net_6869           1        1      2         
optlc_net_687            1        1      2         
optlc_net_6870           1        1      2         
optlc_net_6871           1        1      2         
optlc_net_6872           1        1      2         
optlc_net_6873           1        1      2         
optlc_net_6874           1        1      2         
optlc_net_6875           1        1      2         
optlc_net_6876           1        1      2         
optlc_net_6877           1        1      2         
optlc_net_6878           1        1      2         
optlc_net_6879           1        1      2         
optlc_net_688            1        1      2         
optlc_net_6880           1        1      2         
optlc_net_6881           1        1      2         
optlc_net_6882           1        1      2         
optlc_net_6883           1        1      2         
optlc_net_6884           1        1      2         
optlc_net_6885           1        1      2         
optlc_net_6886           1        1      2         
optlc_net_6887           1        1      2         
optlc_net_6888           1        1      2         
optlc_net_6889           1        1      2         
optlc_net_689            1        1      2         
optlc_net_6890           1        1      2         
optlc_net_6891           1        1      2         
optlc_net_6892           1        1      2         
optlc_net_6893           1        1      2         
optlc_net_6894           1        1      2         
optlc_net_6895           1        1      2         
optlc_net_6896           1        1      2         
optlc_net_6897           1        1      2         
optlc_net_6898           1        1      2         
optlc_net_6899           1        1      2         
optlc_net_69             1        1      2         
optlc_net_690            1        1      2         
optlc_net_6900           1        1      2         
optlc_net_6901           1        1      2         
optlc_net_6902           1        1      2         
optlc_net_6903           1        1      2         
optlc_net_6904           1        1      2         
optlc_net_6905           1        1      2         
optlc_net_6906           1        1      2         
optlc_net_6907           1        1      2         
optlc_net_6908           1        1      2         
optlc_net_6909           1        1      2         
optlc_net_691            1        1      2         
optlc_net_6910           1        1      2         
optlc_net_6911           1        1      2         
optlc_net_6912           1        1      2         
optlc_net_6913           1        1      2         
optlc_net_6914           1        1      2         
optlc_net_6915           1        1      2         
optlc_net_6916           1        1      2         
optlc_net_6917           1        1      2         
optlc_net_6918           1        1      2         
optlc_net_6919           1        1      2         
optlc_net_692            1        1      2         
optlc_net_6920           1        1      2         
optlc_net_6921           1        1      2         
optlc_net_6922           1        1      2         
optlc_net_6923           1        1      2         
optlc_net_6924           1        1      2         
optlc_net_6925           1        1      2         
optlc_net_6926           1        1      2         
optlc_net_6927           1        1      2         
optlc_net_6928           1        1      2         
optlc_net_6929           1        1      2         
optlc_net_693            1        1      2         
optlc_net_6930           1        1      2         
optlc_net_6931           1        1      2         
optlc_net_6932           1        1      2         
optlc_net_6933           1        1      2         
optlc_net_6934           1        1      2         
optlc_net_6935           1        1      2         
optlc_net_6936           1        1      2         
optlc_net_6937           1        1      2         
optlc_net_6938           1        1      2         
optlc_net_6939           1        1      2         
optlc_net_694            1        1      2         
optlc_net_6940           1        1      2         
optlc_net_6941           1        1      2         
optlc_net_6942           1        1      2         
optlc_net_6943           1        1      2         
optlc_net_6944           1        1      2         
optlc_net_6945           1        1      2         
optlc_net_6946           1        1      2         
optlc_net_6947           1        1      2         
optlc_net_6948           1        1      2         
optlc_net_6949           1        1      2         
optlc_net_695            1        1      2         
optlc_net_6950           1        1      2         
optlc_net_6951           1        1      2         
optlc_net_6952           1        1      2         
optlc_net_6953           1        1      2         
optlc_net_6954           1        1      2         
optlc_net_6955           1        1      2         
optlc_net_6956           1        1      2         
optlc_net_6957           1        1      2         
optlc_net_6958           1        1      2         
optlc_net_6959           1        1      2         
optlc_net_696            1        1      2         
optlc_net_6960           1        1      2         
optlc_net_6961           1        1      2         
optlc_net_6962           1        1      2         
optlc_net_6963           1        1      2         
optlc_net_6964           1        1      2         
optlc_net_6965           1        1      2         
optlc_net_6966           1        1      2         
optlc_net_6967           1        1      2         
optlc_net_6968           1        1      2         
optlc_net_6969           1        1      2         
optlc_net_697            1        1      2         
optlc_net_6970           1        1      2         
optlc_net_6971           1        1      2         
optlc_net_6972           1        1      2         
optlc_net_6973           1        1      2         
optlc_net_6974           1        1      2         
optlc_net_6975           1        1      2         
optlc_net_6976           1        1      2         
optlc_net_6977           1        1      2         
optlc_net_6978           1        1      2         
optlc_net_6979           1        1      2         
optlc_net_698            1        1      2         
optlc_net_6980           1        1      2         
optlc_net_6981           1        1      2         
optlc_net_6982           1        1      2         
optlc_net_6983           1        1      2         
optlc_net_6984           1        1      2         
optlc_net_6985           1        1      2         
optlc_net_6986           1        1      2         
optlc_net_6987           1        1      2         
optlc_net_6988           1        1      2         
optlc_net_6989           1        1      2         
optlc_net_699            1        1      2         
optlc_net_6990           1        1      2         
optlc_net_6991           1        1      2         
optlc_net_6992           1        1      2         
optlc_net_6993           1        1      2         
optlc_net_6994           1        1      2         
optlc_net_6995           1        1      2         
optlc_net_6996           1        1      2         
optlc_net_6997           1        1      2         
optlc_net_6998           1        1      2         
optlc_net_6999           1        1      2         
optlc_net_7              1        1      2         
optlc_net_70             1        1      2         
optlc_net_700            1        1      2         
optlc_net_7000           1        1      2         
optlc_net_7001           1        1      2         
optlc_net_7002           1        1      2         
optlc_net_7003           1        1      2         
optlc_net_7004           1        1      2         
optlc_net_7005           1        1      2         
optlc_net_7006           1        1      2         
optlc_net_7007           1        1      2         
optlc_net_7008           1        1      2         
optlc_net_7009           1        1      2         
optlc_net_701            1        1      2         
optlc_net_7010           1        1      2         
optlc_net_7011           1        1      2         
optlc_net_7012           1        1      2         
optlc_net_7013           1        1      2         
optlc_net_7014           1        1      2         
optlc_net_7015           1        1      2         
optlc_net_7016           1        1      2         
optlc_net_7017           1        1      2         
optlc_net_7018           1        1      2         
optlc_net_7019           1        1      2         
optlc_net_702            1        1      2         
optlc_net_7020           1        1      2         
optlc_net_7021           1        1      2         
optlc_net_7022           1        1      2         
optlc_net_7023           1        1      2         
optlc_net_7024           1        1      2         
optlc_net_7025           1        1      2         
optlc_net_7026           1        1      2         
optlc_net_7027           1        1      2         
optlc_net_7028           1        1      2         
optlc_net_7029           1        1      2         
optlc_net_703            1        1      2         
optlc_net_7030           1        1      2         
optlc_net_7031           1        1      2         
optlc_net_7032           1        1      2         
optlc_net_7033           1        1      2         
optlc_net_7034           1        1      2         
optlc_net_7035           1        1      2         
optlc_net_7036           1        1      2         
optlc_net_7037           1        1      2         
optlc_net_7038           1        1      2         
optlc_net_7039           1        1      2         
optlc_net_704            1        1      2         
optlc_net_7040           1        1      2         
optlc_net_7041           1        1      2         
optlc_net_7042           1        1      2         
optlc_net_7043           1        1      2         
optlc_net_7044           1        1      2         
optlc_net_7045           1        1      2         
optlc_net_7046           1        1      2         
optlc_net_7047           1        1      2         
optlc_net_7048           1        1      2         
optlc_net_7049           1        1      2         
optlc_net_705            1        1      2         
optlc_net_7050           1        1      2         
optlc_net_7051           1        1      2         
optlc_net_7052           1        1      2         
optlc_net_7053           1        1      2         
optlc_net_7054           1        1      2         
optlc_net_7055           1        1      2         
optlc_net_7056           1        1      2         
optlc_net_7057           1        1      2         
optlc_net_7058           1        1      2         
optlc_net_7059           1        1      2         
optlc_net_706            1        1      2         
optlc_net_7060           1        1      2         
optlc_net_7061           1        1      2         
optlc_net_7062           1        1      2         
optlc_net_7063           1        1      2         
optlc_net_7064           1        1      2         
optlc_net_7065           1        1      2         
optlc_net_7066           1        1      2         
optlc_net_7067           1        1      2         
optlc_net_7068           1        1      2         
optlc_net_7069           1        1      2         
optlc_net_707            1        1      2         
optlc_net_7070           1        1      2         
optlc_net_7071           1        1      2         
optlc_net_7072           1        1      2         
optlc_net_7073           1        1      2         
optlc_net_7074           1        1      2         
optlc_net_7075           1        1      2         
optlc_net_7076           1        1      2         
optlc_net_7077           1        1      2         
optlc_net_7078           1        1      2         
optlc_net_7079           1        1      2         
optlc_net_708            1        1      2         
optlc_net_7080           1        1      2         
optlc_net_7081           1        1      2         
optlc_net_7082           1        1      2         
optlc_net_7083           1        1      2         
optlc_net_7084           1        1      2         
optlc_net_7085           1        1      2         
optlc_net_7086           1        1      2         
optlc_net_7087           1        1      2         
optlc_net_7088           1        1      2         
optlc_net_7089           1        1      2         
optlc_net_709            1        1      2         
optlc_net_7090           1        1      2         
optlc_net_7091           1        1      2         
optlc_net_7092           1        1      2         
optlc_net_7093           1        1      2         
optlc_net_7094           1        1      2         
optlc_net_7095           1        1      2         
optlc_net_7096           1        1      2         
optlc_net_7097           1        1      2         
optlc_net_7098           1        1      2         
optlc_net_7099           1        1      2         
optlc_net_71             1        1      2         
optlc_net_710            1        1      2         
optlc_net_7100           1        1      2         
optlc_net_7101           1        1      2         
optlc_net_7102           1        1      2         
optlc_net_7103           1        1      2         
optlc_net_7104           1        1      2         
optlc_net_7105           1        1      2         
optlc_net_7106           1        1      2         
optlc_net_7107           1        1      2         
optlc_net_7108           1        1      2         
optlc_net_7109           1        1      2         
optlc_net_711            1        1      2         
optlc_net_7110           1        1      2         
optlc_net_7111           1        1      2         
optlc_net_7112           1        1      2         
optlc_net_7113           1        1      2         
optlc_net_7114           1        1      2         
optlc_net_7115           1        1      2         
optlc_net_7116           1        1      2         
optlc_net_7117           1        1      2         
optlc_net_7118           1        1      2         
optlc_net_7119           1        1      2         
optlc_net_712            1        1      2         
optlc_net_7120           1        1      2         
optlc_net_7121           1        1      2         
optlc_net_7122           1        1      2         
optlc_net_7123           1        1      2         
optlc_net_7124           1        1      2         
optlc_net_7125           1        1      2         
optlc_net_7126           1        1      2         
optlc_net_7127           1        1      2         
optlc_net_7128           1        1      2         
optlc_net_7129           1        1      2         
optlc_net_713            1        1      2         
optlc_net_7130           1        1      2         
optlc_net_7131           1        1      2         
optlc_net_7132           1        1      2         
optlc_net_7133           1        1      2         
optlc_net_7134           1        1      2         
optlc_net_7135           1        1      2         
optlc_net_7136           1        1      2         
optlc_net_7137           1        1      2         
optlc_net_7138           1        1      2         
optlc_net_7139           1        1      2         
optlc_net_714            1        1      2         
optlc_net_7140           1        1      2         
optlc_net_7141           1        1      2         
optlc_net_7142           1        1      2         
optlc_net_7143           1        1      2         
optlc_net_7144           1        1      2         
optlc_net_7145           1        1      2         
optlc_net_7146           1        1      2         
optlc_net_7147           1        1      2         
optlc_net_7148           1        1      2         
optlc_net_7149           1        1      2         
optlc_net_715            1        1      2         
optlc_net_7150           1        1      2         
optlc_net_7151           1        1      2         
optlc_net_7152           1        1      2         
optlc_net_7153           1        1      2         
optlc_net_7154           1        1      2         
optlc_net_7155           1        1      2         
optlc_net_7156           1        1      2         
optlc_net_7157           1        1      2         
optlc_net_7158           1        1      2         
optlc_net_7159           1        1      2         
optlc_net_716            1        1      2         
optlc_net_7160           1        1      2         
optlc_net_7161           1        1      2         
optlc_net_7162           1        1      2         
optlc_net_7163           1        1      2         
optlc_net_7164           1        1      2         
optlc_net_7165           1        1      2         
optlc_net_7166           1        1      2         
optlc_net_7167           1        1      2         
optlc_net_7168           1        1      2         
optlc_net_7169           1        1      2         
optlc_net_717            1        1      2         
optlc_net_7170           1        1      2         
optlc_net_7171           1        1      2         
optlc_net_7172           1        1      2         
optlc_net_7173           1        1      2         
optlc_net_7174           1        1      2         
optlc_net_7175           1        1      2         
optlc_net_7176           1        1      2         
optlc_net_7177           1        1      2         
optlc_net_7178           1        1      2         
optlc_net_7179           1        1      2         
optlc_net_718            1        1      2         
optlc_net_7180           1        1      2         
optlc_net_7181           1        1      2         
optlc_net_7182           1        1      2         
optlc_net_7183           1        1      2         
optlc_net_7184           1        1      2         
optlc_net_7185           1        1      2         
optlc_net_7186           1        1      2         
optlc_net_7187           1        1      2         
optlc_net_7188           1        1      2         
optlc_net_7189           1        1      2         
optlc_net_719            1        1      2         
optlc_net_7190           1        1      2         
optlc_net_7191           1        1      2         
optlc_net_7192           1        1      2         
optlc_net_7193           1        1      2         
optlc_net_7194           1        1      2         
optlc_net_7195           1        1      2         
optlc_net_7196           1        1      2         
optlc_net_7197           1        1      2         
optlc_net_7198           1        1      2         
optlc_net_7199           1        1      2         
optlc_net_72             1        1      2         
optlc_net_720            1        1      2         
optlc_net_7200           1        1      2         
optlc_net_7201           1        1      2         
optlc_net_7202           1        1      2         
optlc_net_7203           1        1      2         
optlc_net_7204           1        1      2         
optlc_net_7205           1        1      2         
optlc_net_7206           1        1      2         
optlc_net_7207           1        1      2         
optlc_net_7208           1        1      2         
optlc_net_7209           1        1      2         
optlc_net_721            1        1      2         
optlc_net_7210           1        1      2         
optlc_net_7211           1        1      2         
optlc_net_7212           1        1      2         
optlc_net_7213           1        1      2         
optlc_net_7214           1        1      2         
optlc_net_7215           1        1      2         
optlc_net_7216           1        1      2         
optlc_net_7217           1        1      2         
optlc_net_7218           1        1      2         
optlc_net_7219           1        1      2         
optlc_net_722            1        1      2         
optlc_net_7220           1        1      2         
optlc_net_7221           1        1      2         
optlc_net_7222           1        1      2         
optlc_net_7223           1        1      2         
optlc_net_7224           1        1      2         
optlc_net_7225           1        1      2         
optlc_net_7226           1        1      2         
optlc_net_7227           1        1      2         
optlc_net_7228           1        1      2         
optlc_net_7229           1        1      2         
optlc_net_723            1        1      2         
optlc_net_7230           1        1      2         
optlc_net_7231           1        1      2         
optlc_net_7232           1        1      2         
optlc_net_7233           1        1      2         
optlc_net_7234           1        1      2         
optlc_net_7235           1        1      2         
optlc_net_7236           1        1      2         
optlc_net_7237           1        1      2         
optlc_net_7238           1        1      2         
optlc_net_7239           1        1      2         
optlc_net_724            1        1      2         
optlc_net_7240           1        1      2         
optlc_net_7241           1        1      2         
optlc_net_7242           1        1      2         
optlc_net_7243           1        1      2         
optlc_net_7244           1        1      2         
optlc_net_7245           1        1      2         
optlc_net_7246           1        1      2         
optlc_net_7247           1        1      2         
optlc_net_7248           1        1      2         
optlc_net_7249           1        1      2         
optlc_net_725            1        1      2         
optlc_net_7250           1        1      2         
optlc_net_7251           1        1      2         
optlc_net_7252           1        1      2         
optlc_net_7253           1        1      2         
optlc_net_7254           1        1      2         
optlc_net_7255           1        1      2         
optlc_net_7256           1        1      2         
optlc_net_7257           1        1      2         
optlc_net_7258           1        1      2         
optlc_net_7259           1        1      2         
optlc_net_726            1        1      2         
optlc_net_7260           1        1      2         
optlc_net_7261           1        1      2         
optlc_net_7262           1        1      2         
optlc_net_7263           1        1      2         
optlc_net_7264           1        1      2         
optlc_net_7265           1        1      2         
optlc_net_7266           1        1      2         
optlc_net_7267           1        1      2         
optlc_net_7268           1        1      2         
optlc_net_7269           1        1      2         
optlc_net_727            1        1      2         
optlc_net_7270           1        1      2         
optlc_net_7271           1        1      2         
optlc_net_7272           1        1      2         
optlc_net_7273           1        1      2         
optlc_net_7274           1        1      2         
optlc_net_7275           1        1      2         
optlc_net_7276           1        1      2         
optlc_net_7277           1        1      2         
optlc_net_7278           1        1      2         
optlc_net_7279           1        1      2         
optlc_net_728            1        1      2         
optlc_net_7280           1        1      2         
optlc_net_7281           1        1      2         
optlc_net_7282           1        1      2         
optlc_net_7283           1        1      2         
optlc_net_7284           1        1      2         
optlc_net_7285           1        1      2         
optlc_net_7286           1        1      2         
optlc_net_7287           1        1      2         
optlc_net_7288           1        1      2         
optlc_net_7289           1        1      2         
optlc_net_729            1        1      2         
optlc_net_7290           1        1      2         
optlc_net_7291           1        1      2         
optlc_net_7292           1        1      2         
optlc_net_7293           1        1      2         
optlc_net_7294           1        1      2         
optlc_net_7295           1        1      2         
optlc_net_7296           1        1      2         
optlc_net_7297           1        1      2         
optlc_net_7298           1        1      2         
optlc_net_7299           1        1      2         
optlc_net_73             1        1      2         
optlc_net_730            1        1      2         
optlc_net_7300           1        1      2         
optlc_net_7301           1        1      2         
optlc_net_7302           1        1      2         
optlc_net_7303           1        1      2         
optlc_net_7304           1        1      2         
optlc_net_7305           1        1      2         
optlc_net_7306           1        1      2         
optlc_net_7307           1        1      2         
optlc_net_7308           1        1      2         
optlc_net_7309           1        1      2         
optlc_net_731            1        1      2         
optlc_net_7310           1        1      2         
optlc_net_7311           1        1      2         
optlc_net_7312           1        1      2         
optlc_net_7313           1        1      2         
optlc_net_7314           1        1      2         
optlc_net_7315           1        1      2         
optlc_net_7316           1        1      2         
optlc_net_7317           1        1      2         
optlc_net_7318           1        1      2         
optlc_net_7319           1        1      2         
optlc_net_732            1        1      2         
optlc_net_7320           1        1      2         
optlc_net_7321           1        1      2         
optlc_net_7322           1        1      2         
optlc_net_7323           1        1      2         
optlc_net_7324           1        1      2         
optlc_net_7325           1        1      2         
optlc_net_7326           1        1      2         
optlc_net_7327           1        1      2         
optlc_net_7328           1        1      2         
optlc_net_7329           1        1      2         
optlc_net_733            1        1      2         
optlc_net_7330           1        1      2         
optlc_net_7331           1        1      2         
optlc_net_7332           1        1      2         
optlc_net_7333           1        1      2         
optlc_net_7334           1        1      2         
optlc_net_7335           1        1      2         
optlc_net_7336           1        1      2         
optlc_net_7337           1        1      2         
optlc_net_7338           1        1      2         
optlc_net_7339           1        1      2         
optlc_net_734            1        1      2         
optlc_net_7340           1        1      2         
optlc_net_7341           1        1      2         
optlc_net_7342           1        1      2         
optlc_net_7343           1        1      2         
optlc_net_7344           1        1      2         
optlc_net_7345           1        1      2         
optlc_net_7346           1        1      2         
optlc_net_7347           1        1      2         
optlc_net_7348           1        1      2         
optlc_net_7349           1        1      2         
optlc_net_735            1        1      2         
optlc_net_7350           1        1      2         
optlc_net_7351           1        1      2         
optlc_net_7352           1        1      2         
optlc_net_7353           1        1      2         
optlc_net_7354           1        1      2         
optlc_net_7355           1        1      2         
optlc_net_7356           1        1      2         
optlc_net_7357           1        1      2         
optlc_net_7358           1        1      2         
optlc_net_7359           1        1      2         
optlc_net_736            1        1      2         
optlc_net_7360           1        1      2         
optlc_net_7361           1        1      2         
optlc_net_7362           1        1      2         
optlc_net_7363           1        1      2         
optlc_net_7364           1        1      2         
optlc_net_7365           1        1      2         
optlc_net_7366           1        1      2         
optlc_net_7367           1        1      2         
optlc_net_7368           1        1      2         
optlc_net_7369           1        1      2         
optlc_net_737            1        1      2         
optlc_net_7370           1        1      2         
optlc_net_7371           1        1      2         
optlc_net_7372           1        1      2         
optlc_net_7373           1        1      2         
optlc_net_7374           1        1      2         
optlc_net_7375           1        1      2         
optlc_net_7376           1        1      2         
optlc_net_7377           1        1      2         
optlc_net_7378           1        1      2         
optlc_net_7379           1        1      2         
optlc_net_738            1        1      2         
optlc_net_7380           1        1      2         
optlc_net_7381           1        1      2         
optlc_net_7382           1        1      2         
optlc_net_7383           1        1      2         
optlc_net_7384           1        1      2         
optlc_net_7385           1        1      2         
optlc_net_7386           1        1      2         
optlc_net_7387           1        1      2         
optlc_net_7388           1        1      2         
optlc_net_7389           1        1      2         
optlc_net_739            1        1      2         
optlc_net_7390           1        1      2         
optlc_net_7391           1        1      2         
optlc_net_7392           1        1      2         
optlc_net_7393           1        1      2         
optlc_net_7394           1        1      2         
optlc_net_7395           1        1      2         
optlc_net_7396           1        1      2         
optlc_net_7397           1        1      2         
optlc_net_7398           1        1      2         
optlc_net_7399           1        1      2         
optlc_net_74             1        1      2         
optlc_net_740            1        1      2         
optlc_net_7400           1        1      2         
optlc_net_7401           1        1      2         
optlc_net_7402           1        1      2         
optlc_net_7403           1        1      2         
optlc_net_7404           1        1      2         
optlc_net_7405           1        1      2         
optlc_net_7406           1        1      2         
optlc_net_7407           1        1      2         
optlc_net_7408           1        1      2         
optlc_net_7409           1        1      2         
optlc_net_741            1        1      2         
optlc_net_7410           1        1      2         
optlc_net_7411           1        1      2         
optlc_net_7412           1        1      2         
optlc_net_7413           1        1      2         
optlc_net_7414           1        1      2         
optlc_net_7415           1        1      2         
optlc_net_7416           1        1      2         
optlc_net_7417           1        1      2         
optlc_net_7418           1        1      2         
optlc_net_7419           1        1      2         
optlc_net_742            1        1      2         
optlc_net_7420           1        1      2         
optlc_net_7421           1        1      2         
optlc_net_7422           1        1      2         
optlc_net_7423           1        1      2         
optlc_net_7424           1        1      2         
optlc_net_7425           1        1      2         
optlc_net_7426           1        1      2         
optlc_net_7427           1        1      2         
optlc_net_7428           1        1      2         
optlc_net_7429           1        1      2         
optlc_net_743            1        1      2         
optlc_net_7430           1        1      2         
optlc_net_7431           1        1      2         
optlc_net_7432           1        1      2         
optlc_net_7433           1        1      2         
optlc_net_7434           1        1      2         
optlc_net_7435           1        1      2         
optlc_net_7436           1        1      2         
optlc_net_7437           1        1      2         
optlc_net_7438           1        1      2         
optlc_net_7439           1        1      2         
optlc_net_744            1        1      2         
optlc_net_7440           1        1      2         
optlc_net_7441           1        1      2         
optlc_net_7442           1        1      2         
optlc_net_7443           1        1      2         
optlc_net_7444           1        1      2         
optlc_net_7445           1        1      2         
optlc_net_7446           1        1      2         
optlc_net_7447           1        1      2         
optlc_net_7448           1        1      2         
optlc_net_7449           1        1      2         
optlc_net_745            1        1      2         
optlc_net_7450           1        1      2         
optlc_net_7451           1        1      2         
optlc_net_7452           1        1      2         
optlc_net_7453           1        1      2         
optlc_net_7454           1        1      2         
optlc_net_7455           1        1      2         
optlc_net_7456           1        1      2         
optlc_net_7457           1        1      2         
optlc_net_7458           1        1      2         
optlc_net_7459           1        1      2         
optlc_net_746            1        1      2         
optlc_net_7460           1        1      2         
optlc_net_7461           1        1      2         
optlc_net_7462           1        1      2         
optlc_net_7463           1        1      2         
optlc_net_7464           1        1      2         
optlc_net_7465           1        1      2         
optlc_net_7466           1        1      2         
optlc_net_7467           1        1      2         
optlc_net_7468           1        1      2         
optlc_net_7469           1        1      2         
optlc_net_747            1        1      2         
optlc_net_7470           1        1      2         
optlc_net_7471           1        1      2         
optlc_net_7472           1        1      2         
optlc_net_7473           1        1      2         
optlc_net_7474           1        1      2         
optlc_net_7475           1        1      2         
optlc_net_7476           1        1      2         
optlc_net_7477           1        1      2         
optlc_net_7478           1        1      2         
optlc_net_7479           1        1      2         
optlc_net_748            1        1      2         
optlc_net_7480           1        1      2         
optlc_net_7481           1        1      2         
optlc_net_7482           1        1      2         
optlc_net_7483           1        1      2         
optlc_net_7484           1        1      2         
optlc_net_7485           1        1      2         
optlc_net_7486           1        1      2         
optlc_net_7487           1        1      2         
optlc_net_7488           1        1      2         
optlc_net_7489           1        1      2         
optlc_net_749            1        1      2         
optlc_net_7490           1        1      2         
optlc_net_7491           1        1      2         
optlc_net_7492           1        1      2         
optlc_net_7493           1        1      2         
optlc_net_7494           1        1      2         
optlc_net_7495           1        1      2         
optlc_net_7496           1        1      2         
optlc_net_7497           1        1      2         
optlc_net_7498           1        1      2         
optlc_net_7499           1        1      2         
optlc_net_75             1        1      2         
optlc_net_750            1        1      2         
optlc_net_7500           1        1      2         
optlc_net_7501           1        1      2         
optlc_net_7502           1        1      2         
optlc_net_7503           1        1      2         
optlc_net_7504           1        1      2         
optlc_net_7505           1        1      2         
optlc_net_7506           1        1      2         
optlc_net_7507           1        1      2         
optlc_net_7508           1        1      2         
optlc_net_7509           1        1      2         
optlc_net_751            1        1      2         
optlc_net_7510           1        1      2         
optlc_net_7511           1        1      2         
optlc_net_7512           1        1      2         
optlc_net_7513           1        1      2         
optlc_net_7514           1        1      2         
optlc_net_7515           1        1      2         
optlc_net_7516           1        1      2         
optlc_net_7517           1        1      2         
optlc_net_7518           1        1      2         
optlc_net_7519           1        1      2         
optlc_net_752            1        1      2         
optlc_net_7520           1        1      2         
optlc_net_7521           1        1      2         
optlc_net_7522           1        1      2         
optlc_net_7523           1        1      2         
optlc_net_7524           1        1      2         
optlc_net_7525           1        1      2         
optlc_net_7526           1        1      2         
optlc_net_7527           1        1      2         
optlc_net_7528           1        1      2         
optlc_net_7529           1        1      2         
optlc_net_753            1        1      2         
optlc_net_7530           1        1      2         
optlc_net_7531           1        1      2         
optlc_net_7532           1        1      2         
optlc_net_7533           1        1      2         
optlc_net_7534           1        1      2         
optlc_net_7535           1        1      2         
optlc_net_7536           1        1      2         
optlc_net_7537           1        1      2         
optlc_net_7538           1        1      2         
optlc_net_7539           1        1      2         
optlc_net_754            1        1      2         
optlc_net_7540           1        1      2         
optlc_net_7541           1        1      2         
optlc_net_7542           1        1      2         
optlc_net_7543           1        1      2         
optlc_net_7544           1        1      2         
optlc_net_7545           1        1      2         
optlc_net_7546           1        1      2         
optlc_net_7547           1        1      2         
optlc_net_7548           1        1      2         
optlc_net_7549           1        1      2         
optlc_net_755            1        1      2         
optlc_net_7550           1        1      2         
optlc_net_7551           1        1      2         
optlc_net_7552           1        1      2         
optlc_net_7553           1        1      2         
optlc_net_7554           1        1      2         
optlc_net_7555           1        1      2         
optlc_net_7556           1        1      2         
optlc_net_7557           1        1      2         
optlc_net_7558           1        1      2         
optlc_net_7559           1        1      2         
optlc_net_756            1        1      2         
optlc_net_7560           1        1      2         
optlc_net_7561           1        1      2         
optlc_net_7562           1        1      2         
optlc_net_7563           1        1      2         
optlc_net_7564           1        1      2         
optlc_net_7565           1        1      2         
optlc_net_7566           1        1      2         
optlc_net_7567           1        1      2         
optlc_net_7568           1        1      2         
optlc_net_7569           1        1      2         
optlc_net_757            1        1      2         
optlc_net_7570           1        1      2         
optlc_net_7571           1        1      2         
optlc_net_7572           1        1      2         
optlc_net_7573           1        1      2         
optlc_net_7574           1        1      2         
optlc_net_7575           1        1      2         
optlc_net_7576           1        1      2         
optlc_net_7577           1        1      2         
optlc_net_7578           1        1      2         
optlc_net_7579           1        1      2         
optlc_net_758            1        1      2         
optlc_net_7580           1        1      2         
optlc_net_7581           1        1      2         
optlc_net_7582           1        1      2         
optlc_net_7583           1        1      2         
optlc_net_7584           1        1      2         
optlc_net_7585           1        1      2         
optlc_net_7586           1        1      2         
optlc_net_7587           1        1      2         
optlc_net_7588           1        1      2         
optlc_net_7589           1        1      2         
optlc_net_759            1        1      2         
optlc_net_7590           1        1      2         
optlc_net_7591           1        1      2         
optlc_net_7592           1        1      2         
optlc_net_7593           1        1      2         
optlc_net_7594           1        1      2         
optlc_net_7595           1        1      2         
optlc_net_7596           1        1      2         
optlc_net_7597           1        1      2         
optlc_net_7598           1        1      2         
optlc_net_7599           1        1      2         
optlc_net_76             1        1      2         
optlc_net_760            1        1      2         
optlc_net_7600           1        1      2         
optlc_net_7601           1        1      2         
optlc_net_7602           1        1      2         
optlc_net_7603           1        1      2         
optlc_net_7604           1        1      2         
optlc_net_7605           1        1      2         
optlc_net_7606           1        1      2         
optlc_net_7607           1        1      2         
optlc_net_7608           1        1      2         
optlc_net_7609           1        1      2         
optlc_net_761            1        1      2         
optlc_net_7610           1        1      2         
optlc_net_7611           1        1      2         
optlc_net_7612           1        1      2         
optlc_net_7613           1        1      2         
optlc_net_7614           1        1      2         
optlc_net_7615           1        1      2         
optlc_net_7616           1        1      2         
optlc_net_7617           1        1      2         
optlc_net_7618           1        1      2         
optlc_net_7619           1        1      2         
optlc_net_762            1        1      2         
optlc_net_7620           1        1      2         
optlc_net_7621           1        1      2         
optlc_net_7622           1        1      2         
optlc_net_7623           1        1      2         
optlc_net_7624           1        1      2         
optlc_net_7625           1        1      2         
optlc_net_7626           1        1      2         
optlc_net_7627           1        1      2         
optlc_net_7628           1        1      2         
optlc_net_7629           1        1      2         
optlc_net_763            1        1      2         
optlc_net_7630           1        1      2         
optlc_net_7631           1        1      2         
optlc_net_7632           1        1      2         
optlc_net_7633           1        1      2         
optlc_net_7634           1        1      2         
optlc_net_7635           1        1      2         
optlc_net_7636           1        1      2         
optlc_net_7637           1        1      2         
optlc_net_7638           1        1      2         
optlc_net_7639           1        1      2         
optlc_net_764            1        1      2         
optlc_net_7640           1        1      2         
optlc_net_7641           1        1      2         
optlc_net_7642           1        1      2         
optlc_net_7643           1        1      2         
optlc_net_7644           1        1      2         
optlc_net_7645           1        1      2         
optlc_net_7646           1        1      2         
optlc_net_7647           1        1      2         
optlc_net_7648           1        1      2         
optlc_net_7649           1        1      2         
optlc_net_765            1        1      2         
optlc_net_7650           1        1      2         
optlc_net_7651           1        1      2         
optlc_net_7652           1        1      2         
optlc_net_7653           1        1      2         
optlc_net_7654           1        1      2         
optlc_net_7655           1        1      2         
optlc_net_7656           1        1      2         
optlc_net_7657           1        1      2         
optlc_net_7658           1        1      2         
optlc_net_7659           1        1      2         
optlc_net_766            1        1      2         
optlc_net_7660           1        1      2         
optlc_net_7661           1        1      2         
optlc_net_7662           1        1      2         
optlc_net_7663           1        1      2         
optlc_net_7664           1        1      2         
optlc_net_7665           1        1      2         
optlc_net_7666           1        1      2         
optlc_net_7667           1        1      2         
optlc_net_7668           1        1      2         
optlc_net_7669           1        1      2         
optlc_net_767            1        1      2         
optlc_net_7670           1        1      2         
optlc_net_7671           1        1      2         
optlc_net_7672           1        1      2         
optlc_net_7673           1        1      2         
optlc_net_7674           1        1      2         
optlc_net_7675           1        1      2         
optlc_net_7676           1        1      2         
optlc_net_7677           1        1      2         
optlc_net_7678           1        1      2         
optlc_net_7679           1        1      2         
optlc_net_768            1        1      2         
optlc_net_7680           1        1      2         
optlc_net_7681           1        1      2         
optlc_net_7682           1        1      2         
optlc_net_7683           1        1      2         
optlc_net_7684           1        1      2         
optlc_net_7685           1        1      2         
optlc_net_7686           1        1      2         
optlc_net_7687           1        1      2         
optlc_net_7688           1        1      2         
optlc_net_7689           1        1      2         
optlc_net_769            1        1      2         
optlc_net_7690           1        1      2         
optlc_net_7691           1        1      2         
optlc_net_7692           1        1      2         
optlc_net_7693           1        1      2         
optlc_net_7694           1        1      2         
optlc_net_7695           1        1      2         
optlc_net_7696           1        1      2         
optlc_net_7697           1        1      2         
optlc_net_7698           1        1      2         
optlc_net_7699           1        1      2         
optlc_net_77             1        1      2         
optlc_net_770            1        1      2         
optlc_net_7700           1        1      2         
optlc_net_7701           1        1      2         
optlc_net_7702           1        1      2         
optlc_net_7703           1        1      2         
optlc_net_7704           1        1      2         
optlc_net_7705           1        1      2         
optlc_net_7706           1        1      2         
optlc_net_7707           1        1      2         
optlc_net_7708           1        1      2         
optlc_net_7709           1        1      2         
optlc_net_771            1        1      2         
optlc_net_7710           1        1      2         
optlc_net_7711           1        1      2         
optlc_net_7712           1        1      2         
optlc_net_7713           1        1      2         
optlc_net_7714           1        1      2         
optlc_net_7715           1        1      2         
optlc_net_7716           1        1      2         
optlc_net_7717           1        1      2         
optlc_net_7718           1        1      2         
optlc_net_7719           1        1      2         
optlc_net_772            1        1      2         
optlc_net_7720           1        1      2         
optlc_net_7721           1        1      2         
optlc_net_7722           1        1      2         
optlc_net_7723           1        1      2         
optlc_net_7724           1        1      2         
optlc_net_7725           1        1      2         
optlc_net_7726           1        1      2         
optlc_net_7727           1        1      2         
optlc_net_7728           1        1      2         
optlc_net_7729           1        1      2         
optlc_net_773            1        1      2         
optlc_net_7730           1        1      2         
optlc_net_7731           1        1      2         
optlc_net_7732           1        1      2         
optlc_net_7733           1        1      2         
optlc_net_7734           1        1      2         
optlc_net_7735           1        1      2         
optlc_net_7736           1        1      2         
optlc_net_7737           1        1      2         
optlc_net_7738           1        1      2         
optlc_net_7739           1        1      2         
optlc_net_774            1        1      2         
optlc_net_7740           1        1      2         
optlc_net_7741           1        1      2         
optlc_net_7742           1        1      2         
optlc_net_7743           1        1      2         
optlc_net_7744           1        1      2         
optlc_net_7745           1        1      2         
optlc_net_7746           1        1      2         
optlc_net_7747           1        1      2         
optlc_net_7748           1        1      2         
optlc_net_7749           1        1      2         
optlc_net_775            1        1      2         
optlc_net_7750           1        1      2         
optlc_net_7751           1        1      2         
optlc_net_7752           1        1      2         
optlc_net_7753           1        1      2         
optlc_net_7754           1        1      2         
optlc_net_7755           1        1      2         
optlc_net_7756           1        1      2         
optlc_net_7757           1        1      2         
optlc_net_7758           1        1      2         
optlc_net_7759           1        1      2         
optlc_net_776            1        1      2         
optlc_net_7760           1        1      2         
optlc_net_7761           1        1      2         
optlc_net_7762           1        1      2         
optlc_net_7763           1        1      2         
optlc_net_7764           1        1      2         
optlc_net_7765           1        1      2         
optlc_net_7766           1        1      2         
optlc_net_7767           1        1      2         
optlc_net_7768           1        1      2         
optlc_net_7769           1        1      2         
optlc_net_777            1        1      2         
optlc_net_7770           1        1      2         
optlc_net_7771           1        1      2         
optlc_net_7772           1        1      2         
optlc_net_7773           1        1      2         
optlc_net_7774           1        1      2         
optlc_net_7775           1        1      2         
optlc_net_7776           1        1      2         
optlc_net_7777           1        1      2         
optlc_net_7778           1        1      2         
optlc_net_7779           1        1      2         
optlc_net_778            1        1      2         
optlc_net_7780           1        1      2         
optlc_net_7781           1        1      2         
optlc_net_7782           1        1      2         
optlc_net_7783           1        1      2         
optlc_net_7784           1        1      2         
optlc_net_7785           1        1      2         
optlc_net_7786           1        1      2         
optlc_net_7787           1        1      2         
optlc_net_7788           1        1      2         
optlc_net_7789           1        1      2         
optlc_net_779            1        1      2         
optlc_net_7790           1        1      2         
optlc_net_7791           1        1      2         
optlc_net_7792           1        1      2         
optlc_net_7793           1        1      2         
optlc_net_7794           1        1      2         
optlc_net_7795           1        1      2         
optlc_net_7796           1        1      2         
optlc_net_7797           1        1      2         
optlc_net_7798           1        1      2         
optlc_net_7799           1        1      2         
optlc_net_78             1        1      2         
optlc_net_780            1        1      2         
optlc_net_7800           1        1      2         
optlc_net_7801           1        1      2         
optlc_net_7802           1        1      2         
optlc_net_7803           1        1      2         
optlc_net_7804           1        1      2         
optlc_net_7805           1        1      2         
optlc_net_7806           1        1      2         
optlc_net_7807           1        1      2         
optlc_net_7808           1        1      2         
optlc_net_7809           1        1      2         
optlc_net_781            1        1      2         
optlc_net_7810           1        1      2         
optlc_net_7811           1        1      2         
optlc_net_7812           1        1      2         
optlc_net_7813           1        1      2         
optlc_net_7814           1        1      2         
optlc_net_7815           1        1      2         
optlc_net_7816           1        1      2         
optlc_net_7817           1        1      2         
optlc_net_7818           1        1      2         
optlc_net_7819           1        1      2         
optlc_net_782            1        1      2         
optlc_net_7820           1        1      2         
optlc_net_7821           1        1      2         
optlc_net_7822           1        1      2         
optlc_net_7823           1        1      2         
optlc_net_7824           1        1      2         
optlc_net_7825           1        1      2         
optlc_net_7826           1        1      2         
optlc_net_7827           1        1      2         
optlc_net_7828           1        1      2         
optlc_net_7829           1        1      2         
optlc_net_783            1        1      2         
optlc_net_7830           1        1      2         
optlc_net_7831           1        1      2         
optlc_net_7832           1        1      2         
optlc_net_7833           1        1      2         
optlc_net_7834           1        1      2         
optlc_net_7835           1        1      2         
optlc_net_7836           1        1      2         
optlc_net_7837           1        1      2         
optlc_net_7838           1        1      2         
optlc_net_7839           1        1      2         
optlc_net_784            1        1      2         
optlc_net_7840           1        1      2         
optlc_net_7841           1        1      2         
optlc_net_7842           1        1      2         
optlc_net_7843           1        1      2         
optlc_net_7844           1        1      2         
optlc_net_7845           1        1      2         
optlc_net_7846           1        1      2         
optlc_net_7847           1        1      2         
optlc_net_7848           1        1      2         
optlc_net_7849           1        1      2         
optlc_net_785            1        1      2         
optlc_net_7850           1        1      2         
optlc_net_7851           1        1      2         
optlc_net_7852           1        1      2         
optlc_net_7853           1        1      2         
optlc_net_7854           1        1      2         
optlc_net_7855           1        1      2         
optlc_net_7856           1        1      2         
optlc_net_7857           1        1      2         
optlc_net_7858           1        1      2         
optlc_net_7859           1        1      2         
optlc_net_786            1        1      2         
optlc_net_7860           1        1      2         
optlc_net_7861           1        1      2         
optlc_net_7862           1        1      2         
optlc_net_7863           1        1      2         
optlc_net_7864           1        1      2         
optlc_net_7865           1        1      2         
optlc_net_7866           1        1      2         
optlc_net_7867           1        1      2         
optlc_net_7868           1        1      2         
optlc_net_7869           1        1      2         
optlc_net_787            1        1      2         
optlc_net_7870           1        1      2         
optlc_net_7871           1        1      2         
optlc_net_7872           1        1      2         
optlc_net_7873           1        1      2         
optlc_net_7874           1        1      2         
optlc_net_7875           1        1      2         
optlc_net_7876           1        1      2         
optlc_net_7877           1        1      2         
optlc_net_7878           1        1      2         
optlc_net_7879           1        1      2         
optlc_net_788            1        1      2         
optlc_net_7880           1        1      2         
optlc_net_7881           1        1      2         
optlc_net_7882           1        1      2         
optlc_net_7883           1        1      2         
optlc_net_7884           1        1      2         
optlc_net_7885           1        1      2         
optlc_net_7886           1        1      2         
optlc_net_7887           1        1      2         
optlc_net_7888           1        1      2         
optlc_net_7889           1        1      2         
optlc_net_789            1        1      2         
optlc_net_7890           1        1      2         
optlc_net_7891           1        1      2         
optlc_net_7892           1        1      2         
optlc_net_7893           1        1      2         
optlc_net_7894           1        1      2         
optlc_net_7895           1        1      2         
optlc_net_7896           1        1      2         
optlc_net_7897           1        1      2         
optlc_net_7898           1        1      2         
optlc_net_7899           1        1      2         
optlc_net_79             1        1      2         
optlc_net_790            1        1      2         
optlc_net_7900           1        1      2         
optlc_net_7901           1        1      2         
optlc_net_7902           1        1      2         
optlc_net_7903           1        1      2         
optlc_net_7904           1        1      2         
optlc_net_7905           1        1      2         
optlc_net_7906           1        1      2         
optlc_net_7907           1        1      2         
optlc_net_7908           1        1      2         
optlc_net_7909           1        1      2         
optlc_net_791            1        1      2         
optlc_net_7910           1        1      2         
optlc_net_7911           1        1      2         
optlc_net_7912           1        1      2         
optlc_net_7913           1        1      2         
optlc_net_7914           1        1      2         
optlc_net_7915           1        1      2         
optlc_net_7916           1        1      2         
optlc_net_7917           1        1      2         
optlc_net_7918           1        1      2         
optlc_net_7919           1        1      2         
optlc_net_792            1        1      2         
optlc_net_7920           1        1      2         
optlc_net_7921           1        1      2         
optlc_net_7922           1        1      2         
optlc_net_7923           1        1      2         
optlc_net_7924           1        1      2         
optlc_net_7925           1        1      2         
optlc_net_7926           1        1      2         
optlc_net_7927           1        1      2         
optlc_net_7928           1        1      2         
optlc_net_7929           1        1      2         
optlc_net_793            1        1      2         
optlc_net_7930           1        1      2         
optlc_net_7931           1        1      2         
optlc_net_7932           1        1      2         
optlc_net_7933           1        1      2         
optlc_net_7934           1        1      2         
optlc_net_7935           1        1      2         
optlc_net_7936           1        1      2         
optlc_net_7937           1        1      2         
optlc_net_7938           1        1      2         
optlc_net_7939           1        1      2         
optlc_net_794            1        1      2         
optlc_net_7940           1        1      2         
optlc_net_7941           1        1      2         
optlc_net_7942           1        1      2         
optlc_net_7943           1        1      2         
optlc_net_7944           1        1      2         
optlc_net_7945           1        1      2         
optlc_net_7946           1        1      2         
optlc_net_7947           1        1      2         
optlc_net_7948           1        1      2         
optlc_net_7949           1        1      2         
optlc_net_795            1        1      2         
optlc_net_7950           1        1      2         
optlc_net_7951           1        1      2         
optlc_net_7952           1        1      2         
optlc_net_7953           1        1      2         
optlc_net_7954           1        1      2         
optlc_net_7955           1        1      2         
optlc_net_7956           1        1      2         
optlc_net_7957           1        1      2         
optlc_net_7958           1        1      2         
optlc_net_7959           1        1      2         
optlc_net_796            1        1      2         
optlc_net_7960           1        1      2         
optlc_net_7961           1        1      2         
optlc_net_7962           1        1      2         
optlc_net_7963           1        1      2         
optlc_net_7964           1        1      2         
optlc_net_7965           1        1      2         
optlc_net_7966           1        1      2         
optlc_net_7967           1        1      2         
optlc_net_7968           1        1      2         
optlc_net_7969           1        1      2         
optlc_net_797            1        1      2         
optlc_net_7970           1        1      2         
optlc_net_7971           1        1      2         
optlc_net_7972           1        1      2         
optlc_net_7973           1        1      2         
optlc_net_7974           1        1      2         
optlc_net_7975           1        1      2         
optlc_net_7976           1        1      2         
optlc_net_7977           1        1      2         
optlc_net_7978           1        1      2         
optlc_net_7979           1        1      2         
optlc_net_798            1        1      2         
optlc_net_7980           1        1      2         
optlc_net_7981           1        1      2         
optlc_net_7982           1        1      2         
optlc_net_7983           1        1      2         
optlc_net_7984           1        1      2         
optlc_net_7985           1        1      2         
optlc_net_7986           1        1      2         
optlc_net_7987           1        1      2         
optlc_net_7988           1        1      2         
optlc_net_7989           1        1      2         
optlc_net_799            1        1      2         
optlc_net_7990           1        1      2         
optlc_net_7991           1        1      2         
optlc_net_7992           1        1      2         
optlc_net_7993           1        1      2         
optlc_net_7994           1        1      2         
optlc_net_7995           1        1      2         
optlc_net_7996           1        1      2         
optlc_net_7997           1        1      2         
optlc_net_7998           1        1      2         
optlc_net_7999           1        1      2         
optlc_net_8              1        1      2         
optlc_net_80             1        1      2         
optlc_net_800            1        1      2         
optlc_net_8000           1        1      2         
optlc_net_8001           1        1      2         
optlc_net_8002           1        1      2         
optlc_net_8003           1        1      2         
optlc_net_8004           1        1      2         
optlc_net_8005           1        1      2         
optlc_net_8006           1        1      2         
optlc_net_8007           1        1      2         
optlc_net_8008           1        1      2         
optlc_net_8009           1        1      2         
optlc_net_801            1        1      2         
optlc_net_8010           1        1      2         
optlc_net_8011           1        1      2         
optlc_net_8012           1        1      2         
optlc_net_8013           1        1      2         
optlc_net_8014           1        1      2         
optlc_net_8015           1        1      2         
optlc_net_8016           1        1      2         
optlc_net_8017           1        1      2         
optlc_net_8018           1        1      2         
optlc_net_8019           1        1      2         
optlc_net_802            1        1      2         
optlc_net_8020           1        1      2         
optlc_net_8021           1        1      2         
optlc_net_8022           1        1      2         
optlc_net_8023           1        1      2         
optlc_net_8024           1        1      2         
optlc_net_8025           1        1      2         
optlc_net_8026           1        1      2         
optlc_net_8027           1        1      2         
optlc_net_8028           1        1      2         
optlc_net_8029           1        1      2         
optlc_net_803            1        1      2         
optlc_net_8030           1        1      2         
optlc_net_8031           1        1      2         
optlc_net_8032           1        1      2         
optlc_net_8033           1        1      2         
optlc_net_8034           1        1      2         
optlc_net_8035           1        1      2         
optlc_net_8036           1        1      2         
optlc_net_8037           1        1      2         
optlc_net_8038           1        1      2         
optlc_net_8039           1        1      2         
optlc_net_804            1        1      2         
optlc_net_8040           1        1      2         
optlc_net_8041           1        1      2         
optlc_net_8042           1        1      2         
optlc_net_8043           1        1      2         
optlc_net_8044           1        1      2         
optlc_net_8045           1        1      2         
optlc_net_8046           1        1      2         
optlc_net_8047           1        1      2         
optlc_net_8048           1        1      2         
optlc_net_8049           1        1      2         
optlc_net_805            1        1      2         
optlc_net_8050           1        1      2         
optlc_net_8051           1        1      2         
optlc_net_8052           1        1      2         
optlc_net_8053           1        1      2         
optlc_net_8054           1        1      2         
optlc_net_8055           1        1      2         
optlc_net_8056           1        1      2         
optlc_net_8057           1        1      2         
optlc_net_8058           1        1      2         
optlc_net_8059           1        1      2         
optlc_net_806            1        1      2         
optlc_net_8060           1        1      2         
optlc_net_8061           1        1      2         
optlc_net_8062           1        1      2         
optlc_net_8063           1        1      2         
optlc_net_8064           1        1      2         
optlc_net_8065           1        1      2         
optlc_net_8066           1        1      2         
optlc_net_8067           1        1      2         
optlc_net_8068           1        1      2         
optlc_net_8069           1        1      2         
optlc_net_807            1        1      2         
optlc_net_8070           1        1      2         
optlc_net_8071           1        1      2         
optlc_net_8072           1        1      2         
optlc_net_8073           1        1      2         
optlc_net_8074           1        1      2         
optlc_net_8075           1        1      2         
optlc_net_8076           1        1      2         
optlc_net_8077           1        1      2         
optlc_net_8078           1        1      2         
optlc_net_8079           1        1      2         
optlc_net_808            1        1      2         
optlc_net_8080           1        1      2         
optlc_net_8081           1        1      2         
optlc_net_8082           1        1      2         
optlc_net_8083           1        1      2         
optlc_net_8084           1        1      2         
optlc_net_8085           1        1      2         
optlc_net_8086           1        1      2         
optlc_net_8087           1        1      2         
optlc_net_8088           1        1      2         
optlc_net_8089           1        1      2         
optlc_net_809            1        1      2         
optlc_net_8090           1        1      2         
optlc_net_8091           1        1      2         
optlc_net_8092           1        1      2         
optlc_net_8093           1        1      2         
optlc_net_8094           1        1      2         
optlc_net_8095           1        1      2         
optlc_net_8096           1        1      2         
optlc_net_8097           1        1      2         
optlc_net_8098           1        1      2         
optlc_net_8099           1        1      2         
optlc_net_81             1        1      2         
optlc_net_810            1        1      2         
optlc_net_8100           1        1      2         
optlc_net_8101           1        1      2         
optlc_net_8102           1        1      2         
optlc_net_8103           1        1      2         
optlc_net_8104           1        1      2         
optlc_net_8105           1        1      2         
optlc_net_8106           1        1      2         
optlc_net_8107           1        1      2         
optlc_net_8108           1        1      2         
optlc_net_8109           1        1      2         
optlc_net_811            1        1      2         
optlc_net_8110           1        1      2         
optlc_net_8111           1        1      2         
optlc_net_8112           1        1      2         
optlc_net_8113           1        1      2         
optlc_net_8114           1        1      2         
optlc_net_8115           1        1      2         
optlc_net_8116           1        1      2         
optlc_net_8117           1        1      2         
optlc_net_8118           1        1      2         
optlc_net_8119           1        1      2         
optlc_net_812            1        1      2         
optlc_net_8120           1        1      2         
optlc_net_8121           1        1      2         
optlc_net_8122           1        1      2         
optlc_net_8123           1        1      2         
optlc_net_8124           1        1      2         
optlc_net_8125           1        1      2         
optlc_net_8126           1        1      2         
optlc_net_8127           1        1      2         
optlc_net_8128           1        1      2         
optlc_net_8129           1        1      2         
optlc_net_813            1        1      2         
optlc_net_8130           1        1      2         
optlc_net_8131           1        1      2         
optlc_net_8132           1        1      2         
optlc_net_8133           1        1      2         
optlc_net_8134           1        1      2         
optlc_net_8135           1        1      2         
optlc_net_8136           1        1      2         
optlc_net_8137           1        1      2         
optlc_net_8138           1        1      2         
optlc_net_8139           1        1      2         
optlc_net_814            1        1      2         
optlc_net_8140           1        1      2         
optlc_net_8141           1        1      2         
optlc_net_8142           1        1      2         
optlc_net_8143           1        1      2         
optlc_net_8144           1        1      2         
optlc_net_8145           1        1      2         
optlc_net_8146           1        1      2         
optlc_net_8147           1        1      2         
optlc_net_8148           1        1      2         
optlc_net_8149           1        1      2         
optlc_net_815            1        1      2         
optlc_net_8150           1        1      2         
optlc_net_8151           1        1      2         
optlc_net_8152           1        1      2         
optlc_net_8153           1        1      2         
optlc_net_8154           1        1      2         
optlc_net_8155           1        1      2         
optlc_net_8156           1        1      2         
optlc_net_8157           1        1      2         
optlc_net_8158           1        1      2         
optlc_net_8159           1        1      2         
optlc_net_816            1        1      2         
optlc_net_8160           1        1      2         
optlc_net_8161           1        1      2         
optlc_net_8162           1        1      2         
optlc_net_8163           1        1      2         
optlc_net_8164           1        1      2         
optlc_net_8165           1        1      2         
optlc_net_8166           1        1      2         
optlc_net_8167           1        1      2         
optlc_net_8168           1        1      2         
optlc_net_8169           1        1      2         
optlc_net_817            1        1      2         
optlc_net_8170           1        1      2         
optlc_net_8171           1        1      2         
optlc_net_8172           1        1      2         
optlc_net_8173           1        1      2         
optlc_net_8174           1        1      2         
optlc_net_8175           1        1      2         
optlc_net_8176           1        1      2         
optlc_net_8177           1        1      2         
optlc_net_8178           1        1      2         
optlc_net_8179           1        1      2         
optlc_net_818            1        1      2         
optlc_net_8180           1        1      2         
optlc_net_8181           1        1      2         
optlc_net_8182           1        1      2         
optlc_net_8183           1        1      2         
optlc_net_8184           1        1      2         
optlc_net_8185           1        1      2         
optlc_net_8186           1        1      2         
optlc_net_8187           1        1      2         
optlc_net_8188           1        1      2         
optlc_net_8189           1        1      2         
optlc_net_819            1        1      2         
optlc_net_8190           1        1      2         
optlc_net_8191           1        1      2         
optlc_net_8192           1        1      2         
optlc_net_8193           1        1      2         
optlc_net_8194           1        1      2         
optlc_net_8195           1        1      2         
optlc_net_8196           1        1      2         
optlc_net_8197           1        1      2         
optlc_net_8198           1        1      2         
optlc_net_8199           1        1      2         
optlc_net_82             1        1      2         
optlc_net_820            1        1      2         
optlc_net_8200           1        1      2         
optlc_net_8201           1        1      2         
optlc_net_8202           1        1      2         
optlc_net_8203           1        1      2         
optlc_net_8204           1        1      2         
optlc_net_8205           1        1      2         
optlc_net_8206           1        1      2         
optlc_net_8207           1        1      2         
optlc_net_8208           1        1      2         
optlc_net_8209           1        1      2         
optlc_net_821            1        1      2         
optlc_net_8210           1        1      2         
optlc_net_8211           1        1      2         
optlc_net_8212           1        1      2         
optlc_net_8213           1        1      2         
optlc_net_8214           1        1      2         
optlc_net_8215           1        1      2         
optlc_net_8216           1        1      2         
optlc_net_8217           1        1      2         
optlc_net_8218           1        1      2         
optlc_net_8219           1        1      2         
optlc_net_822            1        1      2         
optlc_net_8220           1        1      2         
optlc_net_8221           1        1      2         
optlc_net_8222           1        1      2         
optlc_net_8223           1        1      2         
optlc_net_8224           1        1      2         
optlc_net_8225           1        1      2         
optlc_net_8226           1        1      2         
optlc_net_8227           1        1      2         
optlc_net_8228           1        1      2         
optlc_net_8229           1        1      2         
optlc_net_823            1        1      2         
optlc_net_8230           1        1      2         
optlc_net_8231           1        1      2         
optlc_net_8232           1        1      2         
optlc_net_8233           1        1      2         
optlc_net_8234           1        1      2         
optlc_net_8235           1        1      2         
optlc_net_8236           1        1      2         
optlc_net_8237           1        1      2         
optlc_net_8238           1        1      2         
optlc_net_8239           1        1      2         
optlc_net_824            1        1      2         
optlc_net_8240           1        1      2         
optlc_net_8241           1        1      2         
optlc_net_8242           1        1      2         
optlc_net_8243           1        1      2         
optlc_net_8244           1        1      2         
optlc_net_8245           1        1      2         
optlc_net_8246           1        1      2         
optlc_net_8247           1        1      2         
optlc_net_8248           1        1      2         
optlc_net_8249           1        1      2         
optlc_net_825            1        1      2         
optlc_net_8250           1        1      2         
optlc_net_8251           1        1      2         
optlc_net_8252           1        1      2         
optlc_net_8253           1        1      2         
optlc_net_8254           1        1      2         
optlc_net_8255           1        1      2         
optlc_net_8256           1        1      2         
optlc_net_8257           1        1      2         
optlc_net_8258           1        1      2         
optlc_net_8259           1        1      2         
optlc_net_826            1        1      2         
optlc_net_8260           1        1      2         
optlc_net_8261           1        1      2         
optlc_net_8262           1        1      2         
optlc_net_8263           1        1      2         
optlc_net_8264           1        1      2         
optlc_net_8265           1        1      2         
optlc_net_8266           1        1      2         
optlc_net_8267           1        1      2         
optlc_net_8268           1        1      2         
optlc_net_8269           1        1      2         
optlc_net_827            1        1      2         
optlc_net_8270           1        1      2         
optlc_net_8271           1        1      2         
optlc_net_8272           1        1      2         
optlc_net_8273           1        1      2         
optlc_net_8274           1        1      2         
optlc_net_8275           1        1      2         
optlc_net_8276           1        1      2         
optlc_net_8277           1        1      2         
optlc_net_8278           1        1      2         
optlc_net_8279           1        1      2         
optlc_net_828            1        1      2         
optlc_net_8280           1        1      2         
optlc_net_8281           1        1      2         
optlc_net_8282           1        1      2         
optlc_net_8283           1        1      2         
optlc_net_8284           1        1      2         
optlc_net_8285           1        1      2         
optlc_net_8286           1        1      2         
optlc_net_8287           1        1      2         
optlc_net_8288           1        1      2         
optlc_net_8289           1        1      2         
optlc_net_829            1        1      2         
optlc_net_8290           1        1      2         
optlc_net_8291           1        1      2         
optlc_net_8292           1        1      2         
optlc_net_8293           1        1      2         
optlc_net_8294           1        1      2         
optlc_net_8295           1        1      2         
optlc_net_8296           1        1      2         
optlc_net_8297           1        1      2         
optlc_net_8298           1        1      2         
optlc_net_8299           1        1      2         
optlc_net_83             1        1      2         
optlc_net_830            1        1      2         
optlc_net_8300           1        1      2         
optlc_net_8301           1        1      2         
optlc_net_8302           1        1      2         
optlc_net_8303           1        1      2         
optlc_net_8304           1        1      2         
optlc_net_8305           1        1      2         
optlc_net_8306           1        1      2         
optlc_net_8307           1        1      2         
optlc_net_8308           1        1      2         
optlc_net_8309           1        1      2         
optlc_net_831            1        1      2         
optlc_net_8310           1        1      2         
optlc_net_8311           1        1      2         
optlc_net_8312           1        1      2         
optlc_net_8313           1        1      2         
optlc_net_8314           1        1      2         
optlc_net_8315           1        1      2         
optlc_net_8316           1        1      2         
optlc_net_8317           1        1      2         
optlc_net_8318           1        1      2         
optlc_net_8319           1        1      2         
optlc_net_832            1        1      2         
optlc_net_8320           1        1      2         
optlc_net_8321           1        1      2         
optlc_net_8322           1        1      2         
optlc_net_8323           1        1      2         
optlc_net_8324           1        1      2         
optlc_net_8325           1        1      2         
optlc_net_8326           1        1      2         
optlc_net_8327           1        1      2         
optlc_net_8328           1        1      2         
optlc_net_8329           1        1      2         
optlc_net_833            1        1      2         
optlc_net_8330           1        1      2         
optlc_net_8331           1        1      2         
optlc_net_8332           1        1      2         
optlc_net_8333           1        1      2         
optlc_net_8334           1        1      2         
optlc_net_8335           1        1      2         
optlc_net_8336           1        1      2         
optlc_net_8337           1        1      2         
optlc_net_8338           1        1      2         
optlc_net_8339           1        1      2         
optlc_net_834            1        1      2         
optlc_net_8340           1        1      2         
optlc_net_8341           1        1      2         
optlc_net_8342           1        1      2         
optlc_net_8343           1        1      2         
optlc_net_8344           1        1      2         
optlc_net_8345           1        1      2         
optlc_net_8346           1        1      2         
optlc_net_8347           1        1      2         
optlc_net_8348           1        1      2         
optlc_net_8349           1        1      2         
optlc_net_835            1        1      2         
optlc_net_8350           1        1      2         
optlc_net_8351           1        1      2         
optlc_net_8352           1        1      2         
optlc_net_8353           1        1      2         
optlc_net_8354           1        1      2         
optlc_net_8355           1        1      2         
optlc_net_8356           1        1      2         
optlc_net_8357           1        1      2         
optlc_net_8358           1        1      2         
optlc_net_8359           1        1      2         
optlc_net_836            1        1      2         
optlc_net_8360           1        1      2         
optlc_net_8361           1        1      2         
optlc_net_8362           1        1      2         
optlc_net_8363           1        1      2         
optlc_net_8364           1        1      2         
optlc_net_8365           1        1      2         
optlc_net_8366           1        1      2         
optlc_net_8367           1        1      2         
optlc_net_8368           1        1      2         
optlc_net_8369           1        1      2         
optlc_net_837            1        1      2         
optlc_net_8370           1        1      2         
optlc_net_8371           1        1      2         
optlc_net_8372           1        1      2         
optlc_net_8373           1        1      2         
optlc_net_8374           1        1      2         
optlc_net_8375           1        1      2         
optlc_net_8376           1        1      2         
optlc_net_8377           1        1      2         
optlc_net_8378           1        1      2         
optlc_net_8379           1        1      2         
optlc_net_838            1        1      2         
optlc_net_8380           1        1      2         
optlc_net_8381           1        1      2         
optlc_net_8382           1        1      2         
optlc_net_8383           1        1      2         
optlc_net_8384           1        1      2         
optlc_net_8385           1        1      2         
optlc_net_8386           1        1      2         
optlc_net_8387           1        1      2         
optlc_net_8388           1        1      2         
optlc_net_8389           1        1      2         
optlc_net_839            1        1      2         
optlc_net_8390           1        1      2         
optlc_net_8391           1        1      2         
optlc_net_8392           1        1      2         
optlc_net_8393           1        1      2         
optlc_net_8394           1        1      2         
optlc_net_8395           1        1      2         
optlc_net_8396           1        1      2         
optlc_net_8397           1        1      2         
optlc_net_8398           1        1      2         
optlc_net_8399           1        1      2         
optlc_net_84             1        1      2         
optlc_net_840            1        1      2         
optlc_net_8400           1        1      2         
optlc_net_8401           1        1      2         
optlc_net_8402           1        1      2         
optlc_net_8403           1        1      2         
optlc_net_8404           1        1      2         
optlc_net_8405           1        1      2         
optlc_net_8406           1        1      2         
optlc_net_8407           1        1      2         
optlc_net_8408           1        1      2         
optlc_net_8409           1        1      2         
optlc_net_841            1        1      2         
optlc_net_8410           1        1      2         
optlc_net_8411           1        1      2         
optlc_net_8412           1        1      2         
optlc_net_8413           1        1      2         
optlc_net_8414           1        1      2         
optlc_net_8415           1        1      2         
optlc_net_8416           1        1      2         
optlc_net_8417           1        1      2         
optlc_net_8418           1        1      2         
optlc_net_8419           1        1      2         
optlc_net_842            1        1      2         
optlc_net_8420           1        1      2         
optlc_net_8421           1        1      2         
optlc_net_8422           1        1      2         
optlc_net_8423           1        1      2         
optlc_net_8424           1        1      2         
optlc_net_8425           1        1      2         
optlc_net_8426           1        1      2         
optlc_net_8427           1        1      2         
optlc_net_8428           1        1      2         
optlc_net_8429           1        1      2         
optlc_net_843            1        1      2         
optlc_net_8430           1        1      2         
optlc_net_8431           1        1      2         
optlc_net_8432           1        1      2         
optlc_net_8433           1        1      2         
optlc_net_8434           1        1      2         
optlc_net_8435           1        1      2         
optlc_net_8436           1        1      2         
optlc_net_8437           1        1      2         
optlc_net_8438           1        1      2         
optlc_net_8439           1        1      2         
optlc_net_844            1        1      2         
optlc_net_8440           1        1      2         
optlc_net_8441           1        1      2         
optlc_net_8442           1        1      2         
optlc_net_8443           1        1      2         
optlc_net_8444           1        1      2         
optlc_net_8445           1        1      2         
optlc_net_8446           1        1      2         
optlc_net_8447           1        1      2         
optlc_net_8448           1        1      2         
optlc_net_8449           1        1      2         
optlc_net_845            1        1      2         
optlc_net_8450           1        1      2         
optlc_net_8451           1        1      2         
optlc_net_8452           1        1      2         
optlc_net_8453           1        1      2         
optlc_net_8454           1        1      2         
optlc_net_8455           1        1      2         
optlc_net_8456           1        1      2         
optlc_net_8457           1        1      2         
optlc_net_8458           1        1      2         
optlc_net_8459           1        1      2         
optlc_net_846            1        1      2         
optlc_net_8460           1        1      2         
optlc_net_8461           1        1      2         
optlc_net_8462           1        1      2         
optlc_net_8463           1        1      2         
optlc_net_8464           1        1      2         
optlc_net_8465           1        1      2         
optlc_net_8466           1        1      2         
optlc_net_8467           1        1      2         
optlc_net_8468           1        1      2         
optlc_net_8469           1        1      2         
optlc_net_847            1        1      2         
optlc_net_8470           1        1      2         
optlc_net_8471           1        1      2         
optlc_net_8472           1        1      2         
optlc_net_8473           1        1      2         
optlc_net_8474           1        1      2         
optlc_net_8475           1        1      2         
optlc_net_8476           1        1      2         
optlc_net_8477           1        1      2         
optlc_net_8478           1        1      2         
optlc_net_8479           1        1      2         
optlc_net_848            1        1      2         
optlc_net_8480           1        1      2         
optlc_net_8481           1        1      2         
optlc_net_8482           1        1      2         
optlc_net_8483           1        1      2         
optlc_net_8484           1        1      2         
optlc_net_8485           1        1      2         
optlc_net_8486           1        1      2         
optlc_net_8487           1        1      2         
optlc_net_8488           1        1      2         
optlc_net_8489           1        1      2         
optlc_net_849            1        1      2         
optlc_net_8490           1        1      2         
optlc_net_8491           1        1      2         
optlc_net_8492           1        1      2         
optlc_net_8493           1        1      2         
optlc_net_8494           1        1      2         
optlc_net_8495           1        1      2         
optlc_net_8496           1        1      2         
optlc_net_8497           1        1      2         
optlc_net_8498           1        1      2         
optlc_net_8499           1        1      2         
optlc_net_85             1        1      2         
optlc_net_850            1        1      2         
optlc_net_8500           1        1      2         
optlc_net_8501           1        1      2         
optlc_net_8502           1        1      2         
optlc_net_8503           1        1      2         
optlc_net_8504           1        1      2         
optlc_net_8505           1        1      2         
optlc_net_8506           1        1      2         
optlc_net_8507           1        1      2         
optlc_net_8508           1        1      2         
optlc_net_8509           1        1      2         
optlc_net_851            1        1      2         
optlc_net_8510           1        1      2         
optlc_net_8511           1        1      2         
optlc_net_8512           1        1      2         
optlc_net_8513           1        1      2         
optlc_net_8514           1        1      2         
optlc_net_8515           1        1      2         
optlc_net_8516           1        1      2         
optlc_net_8517           1        1      2         
optlc_net_8518           1        1      2         
optlc_net_8519           1        1      2         
optlc_net_852            1        1      2         
optlc_net_8520           1        1      2         
optlc_net_8521           1        1      2         
optlc_net_8522           1        1      2         
optlc_net_8523           1        1      2         
optlc_net_8524           1        1      2         
optlc_net_8525           1        1      2         
optlc_net_8526           1        1      2         
optlc_net_8527           1        1      2         
optlc_net_8528           1        1      2         
optlc_net_8529           1        1      2         
optlc_net_853            1        1      2         
optlc_net_8530           1        1      2         
optlc_net_8531           1        1      2         
optlc_net_8532           1        1      2         
optlc_net_8533           1        1      2         
optlc_net_8534           1        1      2         
optlc_net_8535           1        1      2         
optlc_net_8536           1        1      2         
optlc_net_8537           1        1      2         
optlc_net_8538           1        1      2         
optlc_net_8539           1        1      2         
optlc_net_854            1        1      2         
optlc_net_8540           1        1      2         
optlc_net_8541           1        1      2         
optlc_net_8542           1        1      2         
optlc_net_8543           1        1      2         
optlc_net_8544           1        1      2         
optlc_net_8545           1        1      2         
optlc_net_8546           1        1      2         
optlc_net_8547           1        1      2         
optlc_net_8548           1        1      2         
optlc_net_8549           1        1      2         
optlc_net_855            1        1      2         
optlc_net_8550           1        1      2         
optlc_net_8551           1        1      2         
optlc_net_8552           1        1      2         
optlc_net_8553           1        1      2         
optlc_net_8554           1        1      2         
optlc_net_8555           1        1      2         
optlc_net_8556           1        1      2         
optlc_net_8557           1        1      2         
optlc_net_8558           1        1      2         
optlc_net_8559           1        1      2         
optlc_net_856            1        1      2         
optlc_net_8560           1        1      2         
optlc_net_8561           1        1      2         
optlc_net_8562           1        1      2         
optlc_net_8563           1        1      2         
optlc_net_8564           1        1      2         
optlc_net_8565           1        1      2         
optlc_net_8566           1        1      2         
optlc_net_8567           1        1      2         
optlc_net_8568           1        1      2         
optlc_net_8569           1        1      2         
optlc_net_857            1        1      2         
optlc_net_8570           1        1      2         
optlc_net_8571           1        1      2         
optlc_net_8572           1        1      2         
optlc_net_8573           1        1      2         
optlc_net_8574           1        1      2         
optlc_net_8575           1        1      2         
optlc_net_8576           1        1      2         
optlc_net_8577           1        1      2         
optlc_net_8578           1        1      2         
optlc_net_8579           1        1      2         
optlc_net_858            1        1      2         
optlc_net_8580           1        1      2         
optlc_net_8581           1        1      2         
optlc_net_8582           1        1      2         
optlc_net_8583           1        1      2         
optlc_net_8584           1        1      2         
optlc_net_8585           1        1      2         
optlc_net_8586           1        1      2         
optlc_net_8587           1        1      2         
optlc_net_8588           1        1      2         
optlc_net_8589           1        1      2         
optlc_net_859            1        1      2         
optlc_net_8590           1        1      2         
optlc_net_8591           1        1      2         
optlc_net_8592           1        1      2         
optlc_net_8593           1        1      2         
optlc_net_8594           1        1      2         
optlc_net_8595           1        1      2         
optlc_net_8596           1        1      2         
optlc_net_8597           1        1      2         
optlc_net_8598           1        1      2         
optlc_net_8599           1        1      2         
optlc_net_86             1        1      2         
optlc_net_860            1        1      2         
optlc_net_8600           1        1      2         
optlc_net_8601           1        1      2         
optlc_net_8602           1        1      2         
optlc_net_8603           1        1      2         
optlc_net_8604           1        1      2         
optlc_net_8605           1        1      2         
optlc_net_8606           1        1      2         
optlc_net_8607           1        1      2         
optlc_net_8608           1        1      2         
optlc_net_8609           1        1      2         
optlc_net_8610           1        1      2         
optlc_net_8611           1        1      2         
optlc_net_8612           1        1      2         
optlc_net_8613           1        1      2         
optlc_net_8614           1        1      2         
optlc_net_8615           1        1      2         
optlc_net_8616           1        1      2         
optlc_net_8617           1        1      2         
optlc_net_8618           1        1      2         
optlc_net_8619           1        1      2         
optlc_net_862            1        1      2         
optlc_net_8620           1        1      2         
optlc_net_8621           1        1      2         
optlc_net_8622           1        1      2         
optlc_net_8623           1        1      2         
optlc_net_8624           1        1      2         
optlc_net_8625           1        1      2         
optlc_net_8626           1        1      2         
optlc_net_8627           1        1      2         
optlc_net_8628           1        1      2         
optlc_net_8629           1        1      2         
optlc_net_863            1        1      2         
optlc_net_8630           1        1      2         
optlc_net_8631           1        1      2         
optlc_net_8632           1        1      2         
optlc_net_8633           1        1      2         
optlc_net_8634           1        1      2         
optlc_net_8635           1        1      2         
optlc_net_8636           1        1      2         
optlc_net_8637           1        1      2         
optlc_net_8638           1        1      2         
optlc_net_8639           1        1      2         
optlc_net_864            1        1      2         
optlc_net_8640           1        1      2         
optlc_net_8641           1        1      2         
optlc_net_8642           1        1      2         
optlc_net_8643           1        1      2         
optlc_net_8644           1        1      2         
optlc_net_8645           1        1      2         
optlc_net_8646           1        1      2         
optlc_net_8647           1        1      2         
optlc_net_8648           1        1      2         
optlc_net_8649           1        1      2         
optlc_net_865            1        1      2         
optlc_net_8650           1        1      2         
optlc_net_8651           1        1      2         
optlc_net_8652           1        1      2         
optlc_net_8653           1        1      2         
optlc_net_8654           1        1      2         
optlc_net_8655           1        1      2         
optlc_net_8656           1        1      2         
optlc_net_8657           1        1      2         
optlc_net_8658           1        1      2         
optlc_net_8659           1        1      2         
optlc_net_866            1        1      2         
optlc_net_8660           1        1      2         
optlc_net_8661           1        1      2         
optlc_net_8662           1        1      2         
optlc_net_8663           1        1      2         
optlc_net_8664           1        1      2         
optlc_net_8665           1        1      2         
optlc_net_8666           1        1      2         
optlc_net_8667           1        1      2         
optlc_net_8668           1        1      2         
optlc_net_8669           1        1      2         
optlc_net_867            1        1      2         
optlc_net_8670           1        1      2         
optlc_net_8671           1        1      2         
optlc_net_8672           1        1      2         
optlc_net_8673           1        1      2         
optlc_net_8674           1        1      2         
optlc_net_8675           1        1      2         
optlc_net_8676           1        1      2         
optlc_net_8677           1        1      2         
optlc_net_8678           1        1      2         
optlc_net_8679           1        1      2         
optlc_net_868            1        1      2         
optlc_net_8680           1        1      2         
optlc_net_8681           1        1      2         
optlc_net_8682           1        1      2         
optlc_net_8683           1        1      2         
optlc_net_8684           1        1      2         
optlc_net_8685           1        1      2         
optlc_net_8686           1        1      2         
optlc_net_8687           1        1      2         
optlc_net_8688           1        1      2         
optlc_net_8689           1        1      2         
optlc_net_869            1        1      2         
optlc_net_8690           1        1      2         
optlc_net_8691           1        1      2         
optlc_net_8692           1        1      2         
optlc_net_8693           1        1      2         
optlc_net_8694           1        1      2         
optlc_net_8695           1        1      2         
optlc_net_8696           1        1      2         
optlc_net_8697           1        1      2         
optlc_net_8698           1        1      2         
optlc_net_8699           1        1      2         
optlc_net_87             1        1      2         
optlc_net_870            1        1      2         
optlc_net_8700           1        1      2         
optlc_net_8701           1        1      2         
optlc_net_8702           1        1      2         
optlc_net_8703           1        1      2         
optlc_net_8704           1        1      2         
optlc_net_8705           1        1      2         
optlc_net_8706           1        1      2         
optlc_net_8707           1        1      2         
optlc_net_8708           1        1      2         
optlc_net_8709           1        1      2         
optlc_net_871            1        1      2         
optlc_net_8710           1        1      2         
optlc_net_8711           1        1      2         
optlc_net_8712           1        1      2         
optlc_net_8713           1        1      2         
optlc_net_8714           1        1      2         
optlc_net_8715           1        1      2         
optlc_net_8716           1        1      2         
optlc_net_8717           1        1      2         
optlc_net_8718           1        1      2         
optlc_net_8719           1        1      2         
optlc_net_872            1        1      2         
optlc_net_8720           1        1      2         
optlc_net_8721           1        1      2         
optlc_net_8722           1        1      2         
optlc_net_8723           1        1      2         
optlc_net_8724           1        1      2         
optlc_net_8725           1        1      2         
optlc_net_8726           1        1      2         
optlc_net_8727           1        1      2         
optlc_net_8728           1        1      2         
optlc_net_8729           1        1      2         
optlc_net_873            1        1      2         
optlc_net_8730           1        1      2         
optlc_net_8731           1        1      2         
optlc_net_8732           1        1      2         
optlc_net_8733           1        1      2         
optlc_net_8734           1        1      2         
optlc_net_8735           1        1      2         
optlc_net_8736           1        1      2         
optlc_net_8737           1        1      2         
optlc_net_8738           1        1      2         
optlc_net_8739           1        1      2         
optlc_net_874            1        1      2         
optlc_net_8740           1        1      2         
optlc_net_8741           1        1      2         
optlc_net_8742           1        1      2         
optlc_net_8743           1        1      2         
optlc_net_8744           1        1      2         
optlc_net_8745           1        1      2         
optlc_net_8746           1        1      2         
optlc_net_8747           1        1      2         
optlc_net_8748           1        1      2         
optlc_net_8749           1        1      2         
optlc_net_875            1        1      2         
optlc_net_8750           1        1      2         
optlc_net_8751           1        1      2         
optlc_net_8752           1        1      2         
optlc_net_8753           1        1      2         
optlc_net_8754           1        1      2         
optlc_net_8755           1        1      2         
optlc_net_8756           1        1      2         
optlc_net_8757           1        1      2         
optlc_net_8758           1        1      2         
optlc_net_8759           1        1      2         
optlc_net_876            1        1      2         
optlc_net_8760           1        1      2         
optlc_net_8761           1        1      2         
optlc_net_8762           1        1      2         
optlc_net_8763           1        1      2         
optlc_net_8764           1        1      2         
optlc_net_8765           1        1      2         
optlc_net_8766           1        1      2         
optlc_net_8767           1        1      2         
optlc_net_8768           1        1      2         
optlc_net_8769           1        1      2         
optlc_net_877            1        1      2         
optlc_net_8770           1        1      2         
optlc_net_8771           1        1      2         
optlc_net_8772           1        1      2         
optlc_net_8773           1        1      2         
optlc_net_8774           1        1      2         
optlc_net_8775           1        1      2         
optlc_net_8776           1        1      2         
optlc_net_8777           1        1      2         
optlc_net_8778           1        1      2         
optlc_net_8779           1        1      2         
optlc_net_878            1        1      2         
optlc_net_8780           1        1      2         
optlc_net_8781           1        1      2         
optlc_net_8782           1        1      2         
optlc_net_8783           1        1      2         
optlc_net_8784           1        1      2         
optlc_net_8785           1        1      2         
optlc_net_8786           1        1      2         
optlc_net_8787           1        1      2         
optlc_net_8788           1        1      2         
optlc_net_8789           1        1      2         
optlc_net_879            1        1      2         
optlc_net_8790           1        1      2         
optlc_net_8791           1        1      2         
optlc_net_8792           1        1      2         
optlc_net_8793           1        1      2         
optlc_net_8794           1        1      2         
optlc_net_8795           1        1      2         
optlc_net_8796           1        1      2         
optlc_net_8797           1        1      2         
optlc_net_8798           1        1      2         
optlc_net_8799           1        1      2         
optlc_net_88             1        1      2         
optlc_net_880            1        1      2         
optlc_net_8800           1        1      2         
optlc_net_8801           1        1      2         
optlc_net_8802           1        1      2         
optlc_net_8803           1        1      2         
optlc_net_8804           1        1      2         
optlc_net_8805           1        1      2         
optlc_net_8806           1        1      2         
optlc_net_8807           1        1      2         
optlc_net_8808           1        1      2         
optlc_net_8809           1        1      2         
optlc_net_881            1        1      2         
optlc_net_8810           1        1      2         
optlc_net_8811           1        1      2         
optlc_net_8812           1        1      2         
optlc_net_8813           1        1      2         
optlc_net_8814           1        1      2         
optlc_net_8815           1        1      2         
optlc_net_8816           1        1      2         
optlc_net_8817           1        1      2         
optlc_net_8818           1        1      2         
optlc_net_8819           1        1      2         
optlc_net_882            1        1      2         
optlc_net_8820           1        1      2         
optlc_net_8821           1        1      2         
optlc_net_8822           1        1      2         
optlc_net_8823           1        1      2         
optlc_net_8824           1        1      2         
optlc_net_8825           1        1      2         
optlc_net_8826           1        1      2         
optlc_net_8827           1        1      2         
optlc_net_8828           1        1      2         
optlc_net_8829           1        1      2         
optlc_net_883            1        1      2         
optlc_net_8830           1        1      2         
optlc_net_8831           1        1      2         
optlc_net_8832           1        1      2         
optlc_net_8833           1        1      2         
optlc_net_8834           1        1      2         
optlc_net_8835           1        1      2         
optlc_net_8836           1        1      2         
optlc_net_8837           1        1      2         
optlc_net_8838           1        1      2         
optlc_net_8839           1        1      2         
optlc_net_884            1        1      2         
optlc_net_8840           1        1      2         
optlc_net_8841           1        1      2         
optlc_net_8842           1        1      2         
optlc_net_8843           1        1      2         
optlc_net_8844           1        1      2         
optlc_net_8845           1        1      2         
optlc_net_8846           1        1      2         
optlc_net_8847           1        1      2         
optlc_net_8848           1        1      2         
optlc_net_8849           1        1      2         
optlc_net_885            1        1      2         
optlc_net_8850           1        1      2         
optlc_net_8851           1        1      2         
optlc_net_8852           1        1      2         
optlc_net_8853           1        1      2         
optlc_net_8854           1        1      2         
optlc_net_8855           1        1      2         
optlc_net_8856           1        1      2         
optlc_net_8857           1        1      2         
optlc_net_8858           1        1      2         
optlc_net_8859           1        1      2         
optlc_net_886            1        1      2         
optlc_net_8860           1        1      2         
optlc_net_8861           1        1      2         
optlc_net_8862           1        1      2         
optlc_net_8863           1        1      2         
optlc_net_8864           1        1      2         
optlc_net_8865           1        1      2         
optlc_net_8866           1        1      2         
optlc_net_8867           1        1      2         
optlc_net_8868           1        1      2         
optlc_net_8869           1        1      2         
optlc_net_887            1        1      2         
optlc_net_8870           1        1      2         
optlc_net_8871           1        1      2         
optlc_net_8872           1        1      2         
optlc_net_8873           1        1      2         
optlc_net_8874           1        1      2         
optlc_net_8875           1        1      2         
optlc_net_8876           1        1      2         
optlc_net_8877           1        1      2         
optlc_net_8878           1        1      2         
optlc_net_8879           1        1      2         
optlc_net_888            1        1      2         
optlc_net_8880           1        1      2         
optlc_net_8881           1        1      2         
optlc_net_8882           1        1      2         
optlc_net_8883           1        1      2         
optlc_net_8884           1        1      2         
optlc_net_8885           1        1      2         
optlc_net_8886           1        1      2         
optlc_net_8887           1        1      2         
optlc_net_8888           1        1      2         
optlc_net_8889           1        1      2         
optlc_net_889            1        1      2         
optlc_net_8890           1        1      2         
optlc_net_8891           1        1      2         
optlc_net_8892           1        1      2         
optlc_net_8893           1        1      2         
optlc_net_8894           1        1      2         
optlc_net_8895           1        1      2         
optlc_net_8896           1        1      2         
optlc_net_8897           1        1      2         
optlc_net_8898           1        1      2         
optlc_net_8899           1        1      2         
optlc_net_89             1        1      2         
optlc_net_890            1        1      2         
optlc_net_8900           1        1      2         
optlc_net_8901           1        1      2         
optlc_net_8902           1        1      2         
optlc_net_8903           1        1      2         
optlc_net_8904           1        1      2         
optlc_net_8905           1        1      2         
optlc_net_8906           1        1      2         
optlc_net_8907           1        1      2         
optlc_net_8908           1        1      2         
optlc_net_8909           1        1      2         
optlc_net_891            1        1      2         
optlc_net_8910           1        1      2         
optlc_net_8911           1        1      2         
optlc_net_8912           1        1      2         
optlc_net_8913           1        1      2         
optlc_net_8914           1        1      2         
optlc_net_8915           1        1      2         
optlc_net_8916           1        1      2         
optlc_net_8917           1        1      2         
optlc_net_8918           1        1      2         
optlc_net_8919           1        1      2         
optlc_net_892            1        1      2         
optlc_net_8920           1        1      2         
optlc_net_8921           1        1      2         
optlc_net_8922           1        1      2         
optlc_net_8923           1        1      2         
optlc_net_8924           1        1      2         
optlc_net_8925           1        1      2         
optlc_net_8927           1        1      2         
optlc_net_8928           1        1      2         
optlc_net_8929           1        1      2         
optlc_net_893            1        1      2         
optlc_net_8930           1        1      2         
optlc_net_8931           1        1      2         
optlc_net_8932           1        1      2         
optlc_net_8933           1        1      2         
optlc_net_8934           1        1      2         
optlc_net_8935           1        1      2         
optlc_net_8936           1        1      2         
optlc_net_8937           1        1      2         
optlc_net_8938           1        1      2         
optlc_net_8939           1        1      2         
optlc_net_894            1        1      2         
optlc_net_8940           1        1      2         
optlc_net_8941           1        1      2         
optlc_net_8942           1        1      2         
optlc_net_8943           1        1      2         
optlc_net_8944           1        1      2         
optlc_net_8945           1        1      2         
optlc_net_8946           1        1      2         
optlc_net_8947           1        1      2         
optlc_net_8948           1        1      2         
optlc_net_8949           1        1      2         
optlc_net_895            1        1      2         
optlc_net_8950           1        1      2         
optlc_net_8951           1        1      2         
optlc_net_8952           1        1      2         
optlc_net_8953           1        1      2         
optlc_net_8954           1        1      2         
optlc_net_8955           1        1      2         
optlc_net_8956           1        1      2         
optlc_net_8957           1        1      2         
optlc_net_8958           1        1      2         
optlc_net_8959           1        1      2         
optlc_net_896            1        1      2         
optlc_net_8960           1        1      2         
optlc_net_8961           1        1      2         
optlc_net_8962           1        1      2         
optlc_net_8963           1        1      2         
optlc_net_8964           1        1      2         
optlc_net_8965           1        1      2         
optlc_net_8966           1        1      2         
optlc_net_8967           1        1      2         
optlc_net_8968           1        1      2         
optlc_net_8969           1        1      2         
optlc_net_897            1        1      2         
optlc_net_8970           1        1      2         
optlc_net_8971           1        1      2         
optlc_net_8972           1        1      2         
optlc_net_8973           1        1      2         
optlc_net_8974           1        1      2         
optlc_net_8975           1        1      2         
optlc_net_8976           1        1      2         
optlc_net_8977           1        1      2         
optlc_net_8978           1        1      2         
optlc_net_8979           1        1      2         
optlc_net_898            1        1      2         
optlc_net_8980           1        1      2         
optlc_net_8981           1        1      2         
optlc_net_8982           1        1      2         
optlc_net_8983           1        1      2         
optlc_net_8984           1        1      2         
optlc_net_8985           1        1      2         
optlc_net_8986           1        1      2         
optlc_net_8987           1        1      2         
optlc_net_8988           1        1      2         
optlc_net_8989           1        1      2         
optlc_net_899            1        1      2         
optlc_net_8990           1        1      2         
optlc_net_8991           1        1      2         
optlc_net_8992           1        1      2         
optlc_net_8993           1        1      2         
optlc_net_8994           1        1      2         
optlc_net_8995           1        1      2         
optlc_net_8996           1        1      2         
optlc_net_8997           1        1      2         
optlc_net_8998           1        1      2         
optlc_net_8999           1        1      2         
optlc_net_9              1        1      2         
optlc_net_90             1        1      2         
optlc_net_900            1        1      2         
optlc_net_9000           1        1      2         
optlc_net_9001           1        1      2         
optlc_net_9002           1        1      2         
optlc_net_9003           1        1      2         
optlc_net_9004           1        1      2         
optlc_net_9005           1        1      2         
optlc_net_9006           1        1      2         
optlc_net_9007           1        1      2         
optlc_net_9008           1        1      2         
optlc_net_9009           1        1      2         
optlc_net_901            1        1      2         
optlc_net_9010           1        1      2         
optlc_net_9011           1        1      2         
optlc_net_9012           1        1      2         
optlc_net_9013           1        1      2         
optlc_net_9014           1        1      2         
optlc_net_9015           1        1      2         
optlc_net_9016           1        1      2         
optlc_net_9017           1        1      2         
optlc_net_9018           1        1      2         
optlc_net_9019           1        1      2         
optlc_net_902            1        1      2         
optlc_net_9020           1        1      2         
optlc_net_9021           1        1      2         
optlc_net_9022           1        1      2         
optlc_net_9023           1        1      2         
optlc_net_9024           1        1      2         
optlc_net_9025           1        1      2         
optlc_net_9026           1        1      2         
optlc_net_9027           1        1      2         
optlc_net_9028           1        1      2         
optlc_net_9029           1        1      2         
optlc_net_903            1        1      2         
optlc_net_9030           1        1      2         
optlc_net_9031           1        1      2         
optlc_net_9032           1        1      2         
optlc_net_9033           1        1      2         
optlc_net_9034           1        1      2         
optlc_net_9035           1        1      2         
optlc_net_9036           1        1      2         
optlc_net_9037           1        1      2         
optlc_net_9038           1        1      2         
optlc_net_9039           1        1      2         
optlc_net_904            1        1      2         
optlc_net_9040           1        1      2         
optlc_net_9041           1        1      2         
optlc_net_9042           1        1      2         
optlc_net_9043           1        1      2         
optlc_net_9044           1        1      2         
optlc_net_9045           1        1      2         
optlc_net_9046           1        1      2         
optlc_net_9047           1        1      2         
optlc_net_9048           1        1      2         
optlc_net_9049           1        1      2         
optlc_net_905            1        1      2         
optlc_net_9050           1        1      2         
optlc_net_9051           1        1      2         
optlc_net_9052           1        1      2         
optlc_net_9053           1        1      2         
optlc_net_9054           1        1      2         
optlc_net_9055           1        1      2         
optlc_net_9056           1        1      2         
optlc_net_9057           1        1      2         
optlc_net_9058           1        1      2         
optlc_net_9059           1        1      2         
optlc_net_906            1        1      2         
optlc_net_9060           1        1      2         
optlc_net_9061           1        1      2         
optlc_net_9062           1        1      2         
optlc_net_9063           1        1      2         
optlc_net_9064           1        1      2         
optlc_net_9065           1        1      2         
optlc_net_9066           1        1      2         
optlc_net_9067           1        1      2         
optlc_net_9068           1        1      2         
optlc_net_9069           1        1      2         
optlc_net_907            1        1      2         
optlc_net_9070           1        1      2         
optlc_net_9071           1        1      2         
optlc_net_9072           1        1      2         
optlc_net_9073           1        1      2         
optlc_net_9074           1        1      2         
optlc_net_9075           1        1      2         
optlc_net_9076           1        1      2         
optlc_net_9077           1        1      2         
optlc_net_9078           1        1      2         
optlc_net_9079           1        1      2         
optlc_net_908            1        1      2         
optlc_net_9080           1        1      2         
optlc_net_9081           1        1      2         
optlc_net_9082           1        1      2         
optlc_net_9083           1        1      2         
optlc_net_9084           1        1      2         
optlc_net_9085           1        1      2         
optlc_net_9086           1        1      2         
optlc_net_9087           1        1      2         
optlc_net_9088           1        1      2         
optlc_net_9089           1        1      2         
optlc_net_909            1        1      2         
optlc_net_9090           1        1      2         
optlc_net_9091           1        1      2         
optlc_net_9092           1        1      2         
optlc_net_9093           1        1      2         
optlc_net_9094           1        1      2         
optlc_net_9095           1        1      2         
optlc_net_9096           1        1      2         
optlc_net_9097           1        1      2         
optlc_net_9098           1        1      2         
optlc_net_9099           1        1      2         
optlc_net_91             1        1      2         
optlc_net_910            1        1      2         
optlc_net_9100           1        1      2         
optlc_net_9101           1        1      2         
optlc_net_9102           1        1      2         
optlc_net_9103           1        1      2         
optlc_net_9104           1        1      2         
optlc_net_9105           1        1      2         
optlc_net_9106           1        1      2         
optlc_net_9107           1        1      2         
optlc_net_9108           1        1      2         
optlc_net_9109           1        1      2         
optlc_net_911            1        1      2         
optlc_net_9110           1        1      2         
optlc_net_9111           1        1      2         
optlc_net_9112           1        1      2         
optlc_net_9113           1        1      2         
optlc_net_9114           1        1      2         
optlc_net_9115           1        1      2         
optlc_net_9116           1        1      2         
optlc_net_9117           1        1      2         
optlc_net_9118           1        1      2         
optlc_net_9119           1        1      2         
optlc_net_912            1        1      2         
optlc_net_9120           1        1      2         
optlc_net_9121           1        1      2         
optlc_net_9122           1        1      2         
optlc_net_9123           1        1      2         
optlc_net_9124           1        1      2         
optlc_net_9125           1        1      2         
optlc_net_9126           1        1      2         
optlc_net_9127           1        1      2         
optlc_net_9128           1        1      2         
optlc_net_9129           1        1      2         
optlc_net_913            1        1      2         
optlc_net_9130           1        1      2         
optlc_net_9131           1        1      2         
optlc_net_9132           1        1      2         
optlc_net_9133           1        1      2         
optlc_net_9134           1        1      2         
optlc_net_9135           1        1      2         
optlc_net_9136           1        1      2         
optlc_net_9137           1        1      2         
optlc_net_9138           1        1      2         
optlc_net_9139           1        1      2         
optlc_net_914            1        1      2         
optlc_net_9140           1        1      2         
optlc_net_9141           1        1      2         
optlc_net_9142           1        1      2         
optlc_net_9143           1        1      2         
optlc_net_9144           1        1      2         
optlc_net_9145           1        1      2         
optlc_net_9146           1        1      2         
optlc_net_9147           1        1      2         
optlc_net_9148           1        1      2         
optlc_net_9149           1        1      2         
optlc_net_915            1        1      2         
optlc_net_9150           1        1      2         
optlc_net_9151           1        1      2         
optlc_net_9152           1        1      2         
optlc_net_9153           1        1      2         
optlc_net_9154           1        1      2         
optlc_net_9155           1        1      2         
optlc_net_9156           1        1      2         
optlc_net_9157           1        1      2         
optlc_net_9158           1        1      2         
optlc_net_9159           1        1      2         
optlc_net_916            1        1      2         
optlc_net_9160           1        1      2         
optlc_net_9161           1        1      2         
optlc_net_9162           1        1      2         
optlc_net_9163           1        1      2         
optlc_net_9164           1        1      2         
optlc_net_9165           1        1      2         
optlc_net_9166           1        1      2         
optlc_net_9167           1        1      2         
optlc_net_9168           1        1      2         
optlc_net_9169           1        1      2         
optlc_net_917            1        1      2         
optlc_net_9170           1        1      2         
optlc_net_9171           1        1      2         
optlc_net_9172           1        1      2         
optlc_net_9173           1        1      2         
optlc_net_9174           1        1      2         
optlc_net_9175           1        1      2         
optlc_net_9176           1        1      2         
optlc_net_9177           1        1      2         
optlc_net_9178           1        1      2         
optlc_net_9179           1        1      2         
optlc_net_918            1        1      2         
optlc_net_9180           1        1      2         
optlc_net_9181           1        1      2         
optlc_net_9182           1        1      2         
optlc_net_9183           1        1      2         
optlc_net_9184           1        1      2         
optlc_net_9185           1        1      2         
optlc_net_9186           1        1      2         
optlc_net_9187           1        1      2         
optlc_net_9188           1        1      2         
optlc_net_9189           1        1      2         
optlc_net_919            1        1      2         
optlc_net_9190           1        1      2         
optlc_net_9191           1        1      2         
optlc_net_9192           1        1      2         
optlc_net_9193           1        1      2         
optlc_net_9194           1        1      2         
optlc_net_9195           1        1      2         
optlc_net_9196           1        1      2         
optlc_net_9197           1        1      2         
optlc_net_9198           1        1      2         
optlc_net_9199           1        1      2         
optlc_net_92             1        1      2         
optlc_net_920            1        1      2         
optlc_net_9200           1        1      2         
optlc_net_9201           1        1      2         
optlc_net_9202           1        1      2         
optlc_net_9203           1        1      2         
optlc_net_9204           1        1      2         
optlc_net_9205           1        1      2         
optlc_net_9206           1        1      2         
optlc_net_9207           1        1      2         
optlc_net_9208           1        1      2         
optlc_net_9209           1        1      2         
optlc_net_921            1        1      2         
optlc_net_9210           1        1      2         
optlc_net_9211           1        1      2         
optlc_net_9212           1        1      2         
optlc_net_9213           1        1      2         
optlc_net_9214           1        1      2         
optlc_net_9215           1        1      2         
optlc_net_9216           1        1      2         
optlc_net_9217           1        1      2         
optlc_net_9218           1        1      2         
optlc_net_9219           1        1      2         
optlc_net_922            1        1      2         
optlc_net_9220           1        1      2         
optlc_net_9221           1        1      2         
optlc_net_9222           1        1      2         
optlc_net_9223           1        1      2         
optlc_net_9224           1        1      2         
optlc_net_9225           1        1      2         
optlc_net_9226           1        1      2         
optlc_net_9227           1        1      2         
optlc_net_9228           1        1      2         
optlc_net_9229           1        1      2         
optlc_net_923            1        1      2         
optlc_net_9230           1        1      2         
optlc_net_9231           1        1      2         
optlc_net_9232           1        1      2         
optlc_net_9233           1        1      2         
optlc_net_9234           1        1      2         
optlc_net_9235           1        1      2         
optlc_net_9236           1        1      2         
optlc_net_9237           1        1      2         
optlc_net_9238           1        1      2         
optlc_net_9239           1        1      2         
optlc_net_924            1        1      2         
optlc_net_9240           1        1      2         
optlc_net_9241           1        1      2         
optlc_net_9242           1        1      2         
optlc_net_9243           1        1      2         
optlc_net_9244           1        1      2         
optlc_net_9245           1        1      2         
optlc_net_9246           1        1      2         
optlc_net_9247           1        1      2         
optlc_net_9248           1        1      2         
optlc_net_9249           1        1      2         
optlc_net_925            1        1      2         
optlc_net_9250           1        1      2         
optlc_net_9251           1        1      2         
optlc_net_9252           1        1      2         
optlc_net_9253           1        1      2         
optlc_net_9254           1        1      2         
optlc_net_9255           1        1      2         
optlc_net_9256           1        1      2         
optlc_net_9257           1        1      2         
optlc_net_9258           1        1      2         
optlc_net_9259           1        1      2         
optlc_net_926            1        1      2         
optlc_net_9260           1        1      2         
optlc_net_9261           1        1      2         
optlc_net_9262           1        1      2         
optlc_net_9263           1        1      2         
optlc_net_9264           1        1      2         
optlc_net_9265           1        1      2         
optlc_net_9266           1        1      2         
optlc_net_9267           1        1      2         
optlc_net_9268           1        1      2         
optlc_net_9269           1        1      2         
optlc_net_927            1        1      2         
optlc_net_9270           1        1      2         
optlc_net_9271           1        1      2         
optlc_net_9272           1        1      2         
optlc_net_9273           1        1      2         
optlc_net_9274           1        1      2         
optlc_net_9275           1        1      2         
optlc_net_9276           1        1      2         
optlc_net_9277           1        1      2         
optlc_net_9278           1        1      2         
optlc_net_9279           1        1      2         
optlc_net_928            1        1      2         
optlc_net_9280           1        1      2         
optlc_net_9281           1        1      2         
optlc_net_9282           1        1      2         
optlc_net_9283           1        1      2         
optlc_net_9284           1        1      2         
optlc_net_9285           1        1      2         
optlc_net_9286           1        1      2         
optlc_net_9287           1        1      2         
optlc_net_9288           1        1      2         
optlc_net_9289           1        1      2         
optlc_net_929            1        1      2         
optlc_net_9290           1        1      2         
optlc_net_9291           1        1      2         
optlc_net_9292           1        1      2         
optlc_net_9293           1        1      2         
optlc_net_9294           1        1      2         
optlc_net_9295           1        1      2         
optlc_net_9296           1        1      2         
optlc_net_9297           1        1      2         
optlc_net_9298           1        1      2         
optlc_net_9299           1        1      2         
optlc_net_93             1        1      2         
optlc_net_930            1        1      2         
optlc_net_9300           1        1      2         
optlc_net_9301           1        1      2         
optlc_net_9302           1        1      2         
optlc_net_9303           1        1      2         
optlc_net_9304           1        1      2         
optlc_net_9305           1        1      2         
optlc_net_9306           1        1      2         
optlc_net_9307           1        1      2         
optlc_net_9308           1        1      2         
optlc_net_9309           1        1      2         
optlc_net_931            1        1      2         
optlc_net_9310           1        1      2         
optlc_net_9311           1        1      2         
optlc_net_9312           1        1      2         
optlc_net_9313           1        1      2         
optlc_net_9314           1        1      2         
optlc_net_9315           1        1      2         
optlc_net_9316           1        1      2         
optlc_net_9317           1        1      2         
optlc_net_9318           1        1      2         
optlc_net_9319           1        1      2         
optlc_net_932            1        1      2         
optlc_net_9320           1        1      2         
optlc_net_9321           1        1      2         
optlc_net_9322           1        1      2         
optlc_net_9323           1        1      2         
optlc_net_9324           1        1      2         
optlc_net_9325           1        1      2         
optlc_net_9326           1        1      2         
optlc_net_9327           1        1      2         
optlc_net_9328           1        1      2         
optlc_net_9329           1        1      2         
optlc_net_933            1        1      2         
optlc_net_9330           1        1      2         
optlc_net_9331           1        1      2         
optlc_net_9332           1        1      2         
optlc_net_9333           1        1      2         
optlc_net_9334           1        1      2         
optlc_net_9335           1        1      2         
optlc_net_9336           1        1      2         
optlc_net_9337           1        1      2         
optlc_net_9338           1        1      2         
optlc_net_9339           1        1      2         
optlc_net_934            1        1      2         
optlc_net_9340           1        1      2         
optlc_net_9341           1        1      2         
optlc_net_9342           1        1      2         
optlc_net_9343           1        1      2         
optlc_net_9344           1        1      2         
optlc_net_9345           1        1      2         
optlc_net_9346           1        1      2         
optlc_net_9347           1        1      2         
optlc_net_9348           1        1      2         
optlc_net_9349           1        1      2         
optlc_net_935            1        1      2         
optlc_net_9350           1        1      2         
optlc_net_9351           1        1      2         
optlc_net_9352           1        1      2         
optlc_net_9353           1        1      2         
optlc_net_9354           1        1      2         
optlc_net_9355           1        1      2         
optlc_net_9356           1        1      2         
optlc_net_9357           1        1      2         
optlc_net_9358           1        1      2         
optlc_net_9359           1        1      2         
optlc_net_936            1        1      2         
optlc_net_9360           1        1      2         
optlc_net_9361           1        1      2         
optlc_net_9362           1        1      2         
optlc_net_9363           1        1      2         
optlc_net_9364           1        1      2         
optlc_net_9365           1        1      2         
optlc_net_9366           1        1      2         
optlc_net_9367           1        1      2         
optlc_net_9368           1        1      2         
optlc_net_9369           1        1      2         
optlc_net_937            1        1      2         
optlc_net_9370           1        1      2         
optlc_net_9371           1        1      2         
optlc_net_9372           1        1      2         
optlc_net_9373           1        1      2         
optlc_net_9374           1        1      2         
optlc_net_9375           1        1      2         
optlc_net_9376           1        1      2         
optlc_net_9377           1        1      2         
optlc_net_9378           1        1      2         
optlc_net_9379           1        1      2         
optlc_net_938            1        1      2         
optlc_net_9380           1        1      2         
optlc_net_9381           1        1      2         
optlc_net_9382           1        1      2         
optlc_net_9383           1        1      2         
optlc_net_9384           1        1      2         
optlc_net_9385           1        1      2         
optlc_net_9386           1        1      2         
optlc_net_9387           1        1      2         
optlc_net_9388           1        1      2         
optlc_net_9389           1        1      2         
optlc_net_939            1        1      2         
optlc_net_9390           1        1      2         
optlc_net_9391           1        1      2         
optlc_net_9392           1        1      2         
optlc_net_9393           1        1      2         
optlc_net_9394           1        1      2         
optlc_net_9395           1        1      2         
optlc_net_9396           1        1      2         
optlc_net_9397           1        1      2         
optlc_net_9398           1        1      2         
optlc_net_9399           1        1      2         
optlc_net_94             1        1      2         
optlc_net_940            1        1      2         
optlc_net_9400           1        1      2         
optlc_net_9401           1        1      2         
optlc_net_9402           1        1      2         
optlc_net_9403           1        1      2         
optlc_net_9404           1        1      2         
optlc_net_9405           1        1      2         
optlc_net_9406           1        1      2         
optlc_net_9407           1        1      2         
optlc_net_9408           1        1      2         
optlc_net_9409           1        1      2         
optlc_net_941            1        1      2         
optlc_net_9410           1        1      2         
optlc_net_9411           1        1      2         
optlc_net_9412           1        1      2         
optlc_net_9413           1        1      2         
optlc_net_9414           1        1      2         
optlc_net_9415           1        1      2         
optlc_net_9416           1        1      2         
optlc_net_9417           1        1      2         
optlc_net_9418           1        1      2         
optlc_net_9419           1        1      2         
optlc_net_942            1        1      2         
optlc_net_9420           1        1      2         
optlc_net_9421           1        1      2         
optlc_net_9422           1        1      2         
optlc_net_9423           1        1      2         
optlc_net_9424           1        1      2         
optlc_net_9425           1        1      2         
optlc_net_9426           1        1      2         
optlc_net_9427           1        1      2         
optlc_net_9428           1        1      2         
optlc_net_9429           1        1      2         
optlc_net_943            1        1      2         
optlc_net_9430           1        1      2         
optlc_net_9431           1        1      2         
optlc_net_9432           1        1      2         
optlc_net_9433           1        1      2         
optlc_net_9434           1        1      2         
optlc_net_9435           1        1      2         
optlc_net_9436           1        1      2         
optlc_net_9437           1        1      2         
optlc_net_9438           1        1      2         
optlc_net_9439           1        1      2         
optlc_net_944            1        1      2         
optlc_net_9440           1        1      2         
optlc_net_9441           1        1      2         
optlc_net_9442           1        1      2         
optlc_net_9443           1        1      2         
optlc_net_9444           1        1      2         
optlc_net_9445           1        1      2         
optlc_net_9446           1        1      2         
optlc_net_9447           1        1      2         
optlc_net_9448           1        1      2         
optlc_net_9449           1        1      2         
optlc_net_945            1        1      2         
optlc_net_9450           1        1      2         
optlc_net_9451           1        1      2         
optlc_net_9452           1        1      2         
optlc_net_9453           1        1      2         
optlc_net_9454           1        1      2         
optlc_net_9455           1        1      2         
optlc_net_9456           1        1      2         
optlc_net_9457           1        1      2         
optlc_net_9458           1        1      2         
optlc_net_9459           1        1      2         
optlc_net_946            1        1      2         
optlc_net_9460           1        1      2         
optlc_net_9461           1        1      2         
optlc_net_9462           1        1      2         
optlc_net_9463           1        1      2         
optlc_net_9464           1        1      2         
optlc_net_9465           1        1      2         
optlc_net_9466           1        1      2         
optlc_net_9467           1        1      2         
optlc_net_9468           1        1      2         
optlc_net_9469           1        1      2         
optlc_net_947            1        1      2         
optlc_net_9470           1        1      2         
optlc_net_9471           1        1      2         
optlc_net_9472           1        1      2         
optlc_net_9473           1        1      2         
optlc_net_9474           1        1      2         
optlc_net_9475           1        1      2         
optlc_net_9476           1        1      2         
optlc_net_9477           1        1      2         
optlc_net_9478           1        1      2         
optlc_net_9479           1        1      2         
optlc_net_948            1        1      2         
optlc_net_9480           1        1      2         
optlc_net_9481           1        1      2         
optlc_net_9482           1        1      2         
optlc_net_9483           1        1      2         
optlc_net_9484           1        1      2         
optlc_net_9485           1        1      2         
optlc_net_9486           1        1      2         
optlc_net_9487           1        1      2         
optlc_net_9488           1        1      2         
optlc_net_9489           1        1      2         
optlc_net_949            1        1      2         
optlc_net_9490           1        1      2         
optlc_net_9491           1        1      2         
optlc_net_9492           1        1      2         
optlc_net_9493           1        1      2         
optlc_net_9494           1        1      2         
optlc_net_9495           1        1      2         
optlc_net_9496           1        1      2         
optlc_net_9497           1        1      2         
optlc_net_9498           1        1      2         
optlc_net_9499           1        1      2         
optlc_net_95             1        1      2         
optlc_net_950            1        1      2         
optlc_net_9500           1        1      2         
optlc_net_9501           1        1      2         
optlc_net_9502           1        1      2         
optlc_net_9503           1        1      2         
optlc_net_9504           1        1      2         
optlc_net_9505           1        1      2         
optlc_net_9506           1        1      2         
optlc_net_9507           1        1      2         
optlc_net_9508           1        1      2         
optlc_net_9509           1        1      2         
optlc_net_951            1        1      2         
optlc_net_9510           1        1      2         
optlc_net_9511           1        1      2         
optlc_net_9512           1        1      2         
optlc_net_9513           1        1      2         
optlc_net_9514           1        1      2         
optlc_net_9515           1        1      2         
optlc_net_9516           1        1      2         
optlc_net_9517           1        1      2         
optlc_net_9518           1        1      2         
optlc_net_9519           1        1      2         
optlc_net_952            1        1      2         
optlc_net_9520           1        1      2         
optlc_net_9521           1        1      2         
optlc_net_9522           1        1      2         
optlc_net_9523           1        1      2         
optlc_net_9524           1        1      2         
optlc_net_9525           1        1      2         
optlc_net_9526           1        1      2         
optlc_net_9527           1        1      2         
optlc_net_9528           1        1      2         
optlc_net_9529           1        1      2         
optlc_net_953            1        1      2         
optlc_net_9530           1        1      2         
optlc_net_9531           1        1      2         
optlc_net_9532           1        1      2         
optlc_net_9533           1        1      2         
optlc_net_9534           1        1      2         
optlc_net_9535           1        1      2         
optlc_net_9536           1        1      2         
optlc_net_9537           1        1      2         
optlc_net_9538           1        1      2         
optlc_net_9539           1        1      2         
optlc_net_954            1        1      2         
optlc_net_9540           1        1      2         
optlc_net_9541           1        1      2         
optlc_net_9542           1        1      2         
optlc_net_9543           1        1      2         
optlc_net_9544           1        1      2         
optlc_net_9545           1        1      2         
optlc_net_9546           1        1      2         
optlc_net_9547           1        1      2         
optlc_net_9548           1        1      2         
optlc_net_9549           1        1      2         
optlc_net_955            1        1      2         
optlc_net_9550           1        1      2         
optlc_net_9551           1        1      2         
optlc_net_9552           1        1      2         
optlc_net_9553           1        1      2         
optlc_net_9554           1        1      2         
optlc_net_9555           1        1      2         
optlc_net_9556           1        1      2         
optlc_net_9557           1        1      2         
optlc_net_9558           1        1      2         
optlc_net_9559           1        1      2         
optlc_net_956            1        1      2         
optlc_net_9560           1        1      2         
optlc_net_9561           1        1      2         
optlc_net_9562           1        1      2         
optlc_net_9563           1        1      2         
optlc_net_9564           1        1      2         
optlc_net_9565           1        1      2         
optlc_net_9566           1        1      2         
optlc_net_9567           1        1      2         
optlc_net_9568           1        1      2         
optlc_net_9569           1        1      2         
optlc_net_957            1        1      2         
optlc_net_9570           1        1      2         
optlc_net_9571           1        1      2         
optlc_net_9572           1        1      2         
optlc_net_9573           1        1      2         
optlc_net_9574           1        1      2         
optlc_net_9575           1        1      2         
optlc_net_9576           1        1      2         
optlc_net_9577           1        1      2         
optlc_net_9578           1        1      2         
optlc_net_9579           1        1      2         
optlc_net_958            1        1      2         
optlc_net_9580           1        1      2         
optlc_net_9581           1        1      2         
optlc_net_9582           1        1      2         
optlc_net_9583           1        1      2         
optlc_net_9584           1        1      2         
optlc_net_9585           1        1      2         
optlc_net_9586           1        1      2         
optlc_net_9587           1        1      2         
optlc_net_9588           1        1      2         
optlc_net_9589           1        1      2         
optlc_net_959            1        1      2         
optlc_net_9590           1        1      2         
optlc_net_9591           1        1      2         
optlc_net_9592           1        1      2         
optlc_net_9593           1        1      2         
optlc_net_9594           1        1      2         
optlc_net_9595           1        1      2         
optlc_net_9596           1        1      2         
optlc_net_9597           1        1      2         
optlc_net_9598           1        1      2         
optlc_net_9599           1        1      2         
optlc_net_96             1        1      2         
optlc_net_960            1        1      2         
optlc_net_9600           1        1      2         
optlc_net_9601           1        1      2         
optlc_net_9602           1        1      2         
optlc_net_9603           1        1      2         
optlc_net_9604           1        1      2         
optlc_net_9605           1        1      2         
optlc_net_9606           1        1      2         
optlc_net_9607           1        1      2         
optlc_net_9608           1        1      2         
optlc_net_9609           1        1      2         
optlc_net_961            1        1      2         
optlc_net_9610           1        1      2         
optlc_net_9611           1        1      2         
optlc_net_9612           1        1      2         
optlc_net_9613           1        1      2         
optlc_net_9614           1        1      2         
optlc_net_9615           1        1      2         
optlc_net_9616           1        1      2         
optlc_net_9617           1        1      2         
optlc_net_9618           1        1      2         
optlc_net_9619           1        1      2         
optlc_net_962            1        1      2         
optlc_net_9620           1        1      2         
optlc_net_9621           1        1      2         
optlc_net_9622           1        1      2         
optlc_net_9623           1        1      2         
optlc_net_9624           1        1      2         
optlc_net_9625           1        1      2         
optlc_net_9626           1        1      2         
optlc_net_9627           1        1      2         
optlc_net_9628           1        1      2         
optlc_net_9629           1        1      2         
optlc_net_963            1        1      2         
optlc_net_9630           1        1      2         
optlc_net_9631           1        1      2         
optlc_net_9632           1        1      2         
optlc_net_9633           1        1      2         
optlc_net_9634           1        1      2         
optlc_net_9635           1        1      2         
optlc_net_9636           1        1      2         
optlc_net_9637           1        1      2         
optlc_net_9638           1        1      2         
optlc_net_9639           1        1      2         
optlc_net_964            1        1      2         
optlc_net_9640           1        1      2         
optlc_net_9641           1        1      2         
optlc_net_9642           1        1      2         
optlc_net_9643           1        1      2         
optlc_net_9644           1        1      2         
optlc_net_9645           1        1      2         
optlc_net_9646           1        1      2         
optlc_net_9647           1        1      2         
optlc_net_9648           1        1      2         
optlc_net_9649           1        1      2         
optlc_net_965            1        1      2         
optlc_net_9650           1        1      2         
optlc_net_9651           1        1      2         
optlc_net_9652           1        1      2         
optlc_net_9653           1        1      2         
optlc_net_9654           1        1      2         
optlc_net_9655           1        1      2         
optlc_net_9656           1        1      2         
optlc_net_9657           1        1      2         
optlc_net_9658           1        1      2         
optlc_net_9659           1        1      2         
optlc_net_966            1        1      2         
optlc_net_9660           1        1      2         
optlc_net_9661           1        1      2         
optlc_net_9662           1        1      2         
optlc_net_9663           1        1      2         
optlc_net_9664           1        1      2         
optlc_net_9665           1        1      2         
optlc_net_9666           1        1      2         
optlc_net_9667           1        1      2         
optlc_net_9668           1        1      2         
optlc_net_9669           1        1      2         
optlc_net_967            1        1      2         
optlc_net_9670           1        1      2         
optlc_net_9671           1        1      2         
optlc_net_9672           1        1      2         
optlc_net_9673           1        1      2         
optlc_net_9674           1        1      2         
optlc_net_9675           1        1      2         
optlc_net_9676           1        1      2         
optlc_net_9677           1        1      2         
optlc_net_9678           1        1      2         
optlc_net_9679           1        1      2         
optlc_net_968            1        1      2         
optlc_net_9680           1        1      2         
optlc_net_9681           1        1      2         
optlc_net_9682           1        1      2         
optlc_net_9683           1        1      2         
optlc_net_9684           1        1      2         
optlc_net_9685           1        1      2         
optlc_net_9686           1        1      2         
optlc_net_9687           1        1      2         
optlc_net_9688           1        1      2         
optlc_net_9689           1        1      2         
optlc_net_969            1        1      2         
optlc_net_9690           1        1      2         
optlc_net_9691           1        1      2         
optlc_net_9692           1        1      2         
optlc_net_9693           1        1      2         
optlc_net_9694           1        1      2         
optlc_net_9695           1        1      2         
optlc_net_9696           1        1      2         
optlc_net_9697           1        1      2         
optlc_net_9698           1        1      2         
optlc_net_9699           1        1      2         
optlc_net_97             1        1      2         
optlc_net_970            1        1      2         
optlc_net_9700           1        1      2         
optlc_net_9701           1        1      2         
optlc_net_9702           1        1      2         
optlc_net_9703           1        1      2         
optlc_net_9704           1        1      2         
optlc_net_9705           1        1      2         
optlc_net_9706           1        1      2         
optlc_net_9707           1        1      2         
optlc_net_9708           1        1      2         
optlc_net_9709           1        1      2         
optlc_net_971            1        1      2         
optlc_net_9710           1        1      2         
optlc_net_9711           1        1      2         
optlc_net_9712           1        1      2         
optlc_net_9713           1        1      2         
optlc_net_9714           1        1      2         
optlc_net_9715           1        1      2         
optlc_net_9716           1        1      2         
optlc_net_9717           1        1      2         
optlc_net_9718           1        1      2         
optlc_net_9719           1        1      2         
optlc_net_972            1        1      2         
optlc_net_9720           1        1      2         
optlc_net_9721           1        1      2         
optlc_net_9722           1        1      2         
optlc_net_9723           1        1      2         
optlc_net_9724           1        1      2         
optlc_net_9725           1        1      2         
optlc_net_9726           1        1      2         
optlc_net_9727           1        1      2         
optlc_net_9728           1        1      2         
optlc_net_9729           1        1      2         
optlc_net_973            1        1      2         
optlc_net_9730           1        1      2         
optlc_net_9731           1        1      2         
optlc_net_9732           1        1      2         
optlc_net_9733           1        1      2         
optlc_net_9734           1        1      2         
optlc_net_9735           1        1      2         
optlc_net_9736           1        1      2         
optlc_net_9737           1        1      2         
optlc_net_9738           1        1      2         
optlc_net_9739           1        1      2         
optlc_net_974            1        1      2         
optlc_net_9740           1        1      2         
optlc_net_9741           1        1      2         
optlc_net_9742           1        1      2         
optlc_net_9743           1        1      2         
optlc_net_9744           1        1      2         
optlc_net_9745           1        1      2         
optlc_net_9746           1        1      2         
optlc_net_9747           1        1      2         
optlc_net_9748           1        1      2         
optlc_net_9749           1        1      2         
optlc_net_975            1        1      2         
optlc_net_9750           1        1      2         
optlc_net_9751           1        1      2         
optlc_net_9752           1        1      2         
optlc_net_9753           1        1      2         
optlc_net_9754           1        1      2         
optlc_net_9755           1        1      2         
optlc_net_9756           1        1      2         
optlc_net_9757           1        1      2         
optlc_net_9758           1        1      2         
optlc_net_9759           1        1      2         
optlc_net_976            1        1      2         
optlc_net_9760           1        1      2         
optlc_net_9761           1        1      2         
optlc_net_9762           1        1      2         
optlc_net_9763           1        1      2         
optlc_net_9764           1        1      2         
optlc_net_9765           1        1      2         
optlc_net_9766           1        1      2         
optlc_net_9767           1        1      2         
optlc_net_9768           1        1      2         
optlc_net_9769           1        1      2         
optlc_net_977            1        1      2         
optlc_net_9770           1        1      2         
optlc_net_9771           1        1      2         
optlc_net_9772           1        1      2         
optlc_net_9773           1        1      2         
optlc_net_9774           1        1      2         
optlc_net_9775           1        1      2         
optlc_net_9776           1        1      2         
optlc_net_9777           1        1      2         
optlc_net_9778           1        1      2         
optlc_net_9779           1        1      2         
optlc_net_978            1        1      2         
optlc_net_9780           1        1      2         
optlc_net_9781           1        1      2         
optlc_net_9782           1        1      2         
optlc_net_9783           1        1      2         
optlc_net_9784           1        1      2         
optlc_net_9785           1        1      2         
optlc_net_9786           1        1      2         
optlc_net_9787           1        1      2         
optlc_net_9788           1        1      2         
optlc_net_9789           1        1      2         
optlc_net_979            1        1      2         
optlc_net_9790           1        1      2         
optlc_net_9791           1        1      2         
optlc_net_9792           1        1      2         
optlc_net_9793           1        1      2         
optlc_net_9794           1        1      2         
optlc_net_9795           1        1      2         
optlc_net_9796           1        1      2         
optlc_net_9797           1        1      2         
optlc_net_9798           1        1      2         
optlc_net_9799           1        1      2         
optlc_net_98             1        1      2         
optlc_net_980            1        1      2         
optlc_net_9800           1        1      2         
optlc_net_9801           1        1      2         
optlc_net_9802           1        1      2         
optlc_net_9803           1        1      2         
optlc_net_9804           1        1      2         
optlc_net_9805           1        1      2         
optlc_net_9806           1        1      2         
optlc_net_9807           1        1      2         
optlc_net_9808           1        1      2         
optlc_net_9809           1        1      2         
optlc_net_981            1        1      2         
optlc_net_9810           1        1      2         
optlc_net_9811           1        1      2         
optlc_net_9812           1        1      2         
optlc_net_9813           1        1      2         
optlc_net_9814           1        1      2         
optlc_net_9815           1        1      2         
optlc_net_9816           1        1      2         
optlc_net_9817           1        1      2         
optlc_net_9818           1        1      2         
optlc_net_9819           1        1      2         
optlc_net_982            1        1      2         
optlc_net_9820           1        1      2         
optlc_net_9821           1        1      2         
optlc_net_9822           1        1      2         
optlc_net_9823           1        1      2         
optlc_net_9824           1        1      2         
optlc_net_9825           1        1      2         
optlc_net_9826           1        1      2         
optlc_net_9827           1        1      2         
optlc_net_9828           1        1      2         
optlc_net_9829           1        1      2         
optlc_net_983            1        1      2         
optlc_net_9830           1        1      2         
optlc_net_9831           1        1      2         
optlc_net_9832           1        1      2         
optlc_net_9833           1        1      2         
optlc_net_9834           1        1      2         
optlc_net_9835           1        1      2         
optlc_net_9836           1        1      2         
optlc_net_9837           1        1      2         
optlc_net_9838           1        1      2         
optlc_net_9839           1        1      2         
optlc_net_984            1        1      2         
optlc_net_9840           1        1      2         
optlc_net_9841           1        1      2         
optlc_net_9842           1        1      2         
optlc_net_9843           1        1      2         
optlc_net_9844           1        1      2         
optlc_net_9845           1        1      2         
optlc_net_9846           1        1      2         
optlc_net_9847           1        1      2         
optlc_net_9848           1        1      2         
optlc_net_9849           1        1      2         
optlc_net_985            1        1      2         
optlc_net_9850           1        1      2         
optlc_net_9851           1        1      2         
optlc_net_9852           1        1      2         
optlc_net_9853           1        1      2         
optlc_net_9854           1        1      2         
optlc_net_9855           1        1      2         
optlc_net_9856           1        1      2         
optlc_net_9857           1        1      2         
optlc_net_9858           1        1      2         
optlc_net_9859           1        1      2         
optlc_net_986            1        1      2         
optlc_net_9860           1        1      2         
optlc_net_9861           1        1      2         
optlc_net_9862           1        1      2         
optlc_net_9863           1        1      2         
optlc_net_9864           1        1      2         
optlc_net_9865           1        1      2         
optlc_net_9866           1        1      2         
optlc_net_9867           1        1      2         
optlc_net_9868           1        1      2         
optlc_net_9869           1        1      2         
optlc_net_987            1        1      2         
optlc_net_9870           1        1      2         
optlc_net_9871           1        1      2         
optlc_net_9872           1        1      2         
optlc_net_9873           1        1      2         
optlc_net_9874           1        1      2         
optlc_net_9875           1        1      2         
optlc_net_9876           1        1      2         
optlc_net_9877           1        1      2         
optlc_net_9878           1        1      2         
optlc_net_9879           1        1      2         
optlc_net_988            1        1      2         
optlc_net_9880           1        1      2         
optlc_net_9881           1        1      2         
optlc_net_9882           1        1      2         
optlc_net_9883           1        1      2         
optlc_net_9884           1        1      2         
optlc_net_9885           1        1      2         
optlc_net_9886           1        1      2         
optlc_net_9887           1        1      2         
optlc_net_9888           1        1      2         
optlc_net_9889           1        1      2         
optlc_net_989            1        1      2         
optlc_net_9890           1        1      2         
optlc_net_9891           1        1      2         
optlc_net_9892           1        1      2         
optlc_net_9893           1        1      2         
optlc_net_9894           1        1      2         
optlc_net_9895           1        1      2         
optlc_net_9896           1        1      2         
optlc_net_9897           1        1      2         
optlc_net_9898           1        1      2         
optlc_net_9899           1        1      2         
optlc_net_99             1        1      2         
optlc_net_990            1        1      2         
optlc_net_9900           1        1      2         
optlc_net_9901           1        1      2         
optlc_net_9902           1        1      2         
optlc_net_9903           1        1      2         
optlc_net_9904           1        1      2         
optlc_net_9905           1        1      2         
optlc_net_9906           1        1      2         
optlc_net_9907           1        1      2         
optlc_net_9908           1        1      2         
optlc_net_9909           1        1      2         
optlc_net_991            1        1      2         
optlc_net_9910           1        1      2         
optlc_net_9911           1        1      2         
optlc_net_9912           1        1      2         
optlc_net_9913           1        1      2         
optlc_net_9914           1        1      2         
optlc_net_9915           1        1      2         
optlc_net_9916           1        1      2         
optlc_net_9917           1        1      2         
optlc_net_9918           1        1      2         
optlc_net_9919           1        1      2         
optlc_net_992            1        1      2         
optlc_net_9920           1        1      2         
optlc_net_9921           1        1      2         
optlc_net_9922           1        1      2         
optlc_net_9923           1        1      2         
optlc_net_9924           1        1      2         
optlc_net_9925           1        1      2         
optlc_net_9926           1        1      2         
optlc_net_9927           1        1      2         
optlc_net_9928           1        1      2         
optlc_net_9929           1        1      2         
optlc_net_993            1        1      2         
optlc_net_9930           1        1      2         
optlc_net_9931           1        1      2         
optlc_net_9932           1        1      2         
optlc_net_9933           1        1      2         
optlc_net_9934           1        1      2         
optlc_net_9935           1        1      2         
optlc_net_9936           1        1      2         
optlc_net_9937           1        1      2         
optlc_net_9938           1        1      2         
optlc_net_9939           1        1      2         
optlc_net_994            1        1      2         
optlc_net_9940           1        1      2         
optlc_net_9941           1        1      2         
optlc_net_9942           1        1      2         
optlc_net_9943           1        1      2         
optlc_net_9944           1        1      2         
optlc_net_9945           1        1      2         
optlc_net_9946           1        1      2         
optlc_net_9947           1        1      2         
optlc_net_9948           1        1      2         
optlc_net_9949           1        1      2         
optlc_net_995            1        1      2         
optlc_net_9950           1        1      2         
optlc_net_9951           1        1      2         
optlc_net_9952           1        1      2         
optlc_net_9953           1        1      2         
optlc_net_9954           1        1      2         
optlc_net_9955           1        1      2         
optlc_net_9956           1        1      2         
optlc_net_9957           1        1      2         
optlc_net_9958           1        1      2         
optlc_net_9959           1        1      2         
optlc_net_996            1        1      2         
optlc_net_9960           1        1      2         
optlc_net_9961           1        1      2         
optlc_net_9962           1        1      2         
optlc_net_9963           1        1      2         
optlc_net_9964           1        1      2         
optlc_net_9965           1        1      2         
optlc_net_9966           1        1      2         
optlc_net_9967           1        1      2         
optlc_net_9968           1        1      2         
optlc_net_9969           1        1      2         
optlc_net_997            1        1      2         
optlc_net_9970           1        1      2         
optlc_net_9971           1        1      2         
optlc_net_9972           1        1      2         
optlc_net_9973           1        1      2         
optlc_net_9974           1        1      2         
optlc_net_9975           1        1      2         
optlc_net_9976           1        1      2         
optlc_net_9977           1        1      2         
optlc_net_9978           1        1      2         
optlc_net_9979           1        1      2         
optlc_net_998            1        1      2         
optlc_net_9980           1        1      2         
optlc_net_9981           1        1      2         
optlc_net_9982           1        1      2         
optlc_net_9983           1        1      2         
optlc_net_9984           1        1      2         
optlc_net_9985           1        1      2         
optlc_net_9986           1        1      2         
optlc_net_9987           1        1      2         
optlc_net_9988           1        1      2         
optlc_net_9989           1        1      2         
optlc_net_999            1        1      2         
optlc_net_9990           1        1      2         
optlc_net_9991           1        1      2         
optlc_net_9992           1        1      2         
optlc_net_9993           1        1      2         
optlc_net_9994           1        1      2         
optlc_net_9995           1        1      2         
optlc_net_9996           1        1      2         
optlc_net_9997           1        1      2         
optlc_net_9998           1        1      2         
optlc_net_9999           1        1      2         
pc_next[0]               1        1      2         
pc_next[10]              1        1      2         
pc_next[11]              1        1      2         
pc_next[12]              1        1      2         
pc_next[14]              1        1      2         
pc_next[15]              1        1      2         
pc_next[1]               1        1      2         
pc_next[2]               1        1      2         
pc_next[3]               1        1      2         
pc_next[4]               1        1      2         
pc_next[5]               1        1      2         
pc_next[6]               1        1      2         
pc_next[7]               1        1      2         
pc_next[8]               1        1      2         
pc_next[9]               1        1      2         
pc_out[0]                1        1      2         
pc_out[10]               1        1      2         
pc_out[11]               1        1      2         
pc_out[12]               1        1      2         
pc_out[13]               1        1      2         
pc_out[14]               1        1      2         
pc_out[15]               1        1      2         
pc_out[1]                1        1      2         
pc_out[2]                1        1      2         
pc_out[3]                1        1      2         
pc_out[4]                1        1      2         
pc_out[5]                1        1      2         
pc_out[6]                1        1      2         
pc_out[7]                1        1      2         
pc_out[8]                1        1      2         
pc_out[9]                1        1      2         
reg_write_data[10]       8        1      9         
reg_write_data[11]       8        1      9         
reg_write_data[12]       8        1      9         
reg_write_data[13]       8        1      9         
reg_write_data[14]       8        1      9         
reg_write_data[15]       8        1      9         
reg_write_data[1]        8        1      9         
reg_write_data[2]        8        1      9         
reg_write_data[3]        8        1      9         
reg_write_data[4]        8        1      9         
reg_write_data[5]        8        1      9         
reg_write_data[6]        8        1      9         
reg_write_data[7]        8        1      9         
reg_write_data[8]        8        1      9         
reg_write_data[9]        8        1      9         
reset                    1        1      2         
scan_clk                 1        1      2         
scan_reset               1        1      2         
test_mode                2        1      3         

Attributes
    d - user dont_touch
    D - derived dont_touch

--------------------------------------------------------------------------------
Total 12950 nets     17348    12947   30295
Maximum               4240        1   4241
Average               1.34     1.00   2.34
1
